<?xml version="1.0" encoding="UTF-8"?>
<kml xmlns="http://www.opengis.net/kml/2.2">
  <Document>
    <name>Sugarscape Model - Sanford to St. Andrews</name>
    <description>Results from a 150-tick Sugarscape simulation.</description>
    <Style id="sugarStyle_0"><PolyStyle><color>a096c8f0</color><outline>0</outline></PolyStyle></Style>
    <Style id="sugarStyle_1"><PolyStyle><color>a0a5d7ff</color><outline>0</outline></PolyStyle></Style>
    <Style id="sugarStyle_2"><PolyStyle><color>0b4e610e</color><outline>0</outline></PolyStyle></Style>
    <Style id="sugarStyle_3"><PolyStyle><color>0c3f511d</color><outline>0</outline></PolyStyle></Style>
    <Style id="sugarStyle_4"><PolyStyle><color>d210412c</color><outline>0</outline></PolyStyle></Style>
    <Style id="agentStyle"><IconStyle><color>ff0000ff</color><scale>0.6</scale><Icon><href>http://maps.google.com/mapfiles/kml/paddle/grn-circle.png</href></Icon></IconStyle></Style>
    <Folder><name>Sugarscape</name>
      <Placemark><name>Patch (0,0)</name><styleUrl>#sugarStyle_0</styleUrl><Polygon><outerBoundaryIs><LinearRing><coordinates>-97.43480000000001,49.7674,0 -97.4252,49.7674,0 -97.4252,49.772600000000004,0 -97.43480000000001,49.772600000000004,0 -97.43480000000001,49.7674,0</coordinates></LinearRing></outerBoundaryIs></Polygon></Placemark>
      <Placemark><name>Patch (1,0)</name><styleUrl>#sugarStyle_0</styleUrl><Polygon><outerBoundaryIs><LinearRing><coordinates>-97.4252,49.7674,0 -97.41560000000001,49.7674,0 -97.41560000000001,49.772600000000004,0 -97.4252,49.772600000000004,0 -97.4252,49.7674,0</coordinates></LinearRing></outerBoundaryIs></Polygon></Placemark>
      <Placemark><name>Patch (2,0)</name><styleUrl>#sugarStyle_0</styleUrl><Polygon><outerBoundaryIs><LinearRing><coordinates>-97.41560000000001,49.7674,0 -97.406,49.7674,0 -97.406,49.772600000000004,0 -97.41560000000001,49.772600000000004,0 -97.41560000000001,49.7674,0</coordinates></LinearRing></outerBoundaryIs></Polygon></Placemark>
      <Placemark><name>Patch (3,0)</name><styleUrl>#sugarStyle_0</styleUrl><Polygon><outerBoundaryIs><LinearRing><coordinates>-97.406,49.7674,0 -97.3964,49.7674,0 -97.3964,49.772600000000004,0 -97.406,49.772600000000004,0 -97.406,49.7674,0</coordinates></LinearRing></outerBoundaryIs></Polygon></Placemark>
      <Placemark><name>Patch (4,0)</name><styleUrl>#sugarStyle_0</styleUrl><Polygon><outerBoundaryIs><LinearRing><coordinates>-97.3964,49.7674,0 -97.38680000000001,49.7674,0 -97.38680000000001,49.772600000000004,0 -97.3964,49.772600000000004,0 -97.3964,49.7674,0</coordinates></LinearRing></outerBoundaryIs></Polygon></Placemark>
      <Placemark><name>Patch (5,0)</name><styleUrl>#sugarStyle_0</styleUrl><Polygon><outerBoundaryIs><LinearRing><coordinates>-97.38680000000001,49.7674,0 -97.3772,49.7674,0 -97.3772,49.772600000000004,0 -97.38680000000001,49.772600000000004,0 -97.38680000000001,49.7674,0</coordinates></LinearRing></outerBoundaryIs></Polygon></Placemark>
      <Placemark><name>Patch (6,0)</name><styleUrl>#sugarStyle_0</styleUrl><Polygon><outerBoundaryIs><LinearRing><coordinates>-97.3772,49.7674,0 -97.36760000000001,49.7674,0 -97.36760000000001,49.772600000000004,0 -97.3772,49.772600000000004,0 -97.3772,49.7674,0</coordinates></LinearRing></outerBoundaryIs></Polygon></Placemark>
      <Placemark><name>Patch (7,0)</name><styleUrl>#sugarStyle_0</styleUrl><Polygon><outerBoundaryIs><LinearRing><coordinates>-97.36760000000001,49.7674,0 -97.358,49.7674,0 -97.358,49.772600000000004,0 -97.36760000000001,49.772600000000004,0 -97.36760000000001,49.7674,0</coordinates></LinearRing></outerBoundaryIs></Polygon></Placemark>
      <Placemark><name>Patch (8,0)</name><styleUrl>#sugarStyle_0</styleUrl><Polygon><outerBoundaryIs><LinearRing><coordinates>-97.358,49.7674,0 -97.34840000000001,49.7674,0 -97.34840000000001,49.772600000000004,0 -97.358,49.772600000000004,0 -97.358,49.7674,0</coordinates></LinearRing></outerBoundaryIs></Polygon></Placemark>
      <Placemark><name>Patch (9,0)</name><styleUrl>#sugarStyle_0</styleUrl><Polygon><outerBoundaryIs><LinearRing><coordinates>-97.34840000000001,49.7674,0 -97.3388,49.7674,0 -97.3388,49.772600000000004,0 -97.34840000000001,49.772600000000004,0 -97.34840000000001,49.7674,0</coordinates></LinearRing></outerBoundaryIs></Polygon></Placemark>
      <Placemark><name>Patch (10,0)</name><styleUrl>#sugarStyle_0</styleUrl><Polygon><outerBoundaryIs><LinearRing><coordinates>-97.3388,49.7674,0 -97.3292,49.7674,0 -97.3292,49.772600000000004,0 -97.3388,49.772600000000004,0 -97.3388,49.7674,0</coordinates></LinearRing></outerBoundaryIs></Polygon></Placemark>
      <Placemark><name>Patch (11,0)</name><styleUrl>#sugarStyle_0</styleUrl><Polygon><outerBoundaryIs><LinearRing><coordinates>-97.3292,49.7674,0 -97.31960000000001,49.7674,0 -97.31960000000001,49.772600000000004,0 -97.3292,49.772600000000004,0 -97.3292,49.7674,0</coordinates></LinearRing></outerBoundaryIs></Polygon></Placemark>
      <Placemark><name>Patch (12,0)</name><styleUrl>#sugarStyle_0</styleUrl><Polygon><outerBoundaryIs><LinearRing><coordinates>-97.31960000000001,49.7674,0 -97.31,49.7674,0 -97.31,49.772600000000004,0 -97.31960000000001,49.772600000000004,0 -97.31960000000001,49.7674,0</coordinates></LinearRing></outerBoundaryIs></Polygon></Placemark>
      <Placemark><name>Patch (13,0)</name><styleUrl>#sugarStyle_0</styleUrl><Polygon><outerBoundaryIs><LinearRing><coordinates>-97.31,49.7674,0 -97.30040000000001,49.7674,0 -97.30040000000001,49.772600000000004,0 -97.31,49.772600000000004,0 -97.31,49.7674,0</coordinates></LinearRing></outerBoundaryIs></Polygon></Placemark>
      <Placemark><name>Patch (14,0)</name><styleUrl>#sugarStyle_0</styleUrl><Polygon><outerBoundaryIs><LinearRing><coordinates>-97.30040000000001,49.7674,0 -97.2908,49.7674,0 -97.2908,49.772600000000004,0 -97.30040000000001,49.772600000000004,0 -97.30040000000001,49.7674,0</coordinates></LinearRing></outerBoundaryIs></Polygon></Placemark>
      <Placemark><name>Patch (15,0)</name><styleUrl>#sugarStyle_0</styleUrl><Polygon><outerBoundaryIs><LinearRing><coordinates>-97.2908,49.7674,0 -97.28120000000001,49.7674,0 -97.28120000000001,49.772600000000004,0 -97.2908,49.772600000000004,0 -97.2908,49.7674,0</coordinates></LinearRing></outerBoundaryIs></Polygon></Placemark>
      <Placemark><name>Patch (16,0)</name><styleUrl>#sugarStyle_0</styleUrl><Polygon><outerBoundaryIs><LinearRing><coordinates>-97.28120000000001,49.7674,0 -97.2716,49.7674,0 -97.2716,49.772600000000004,0 -97.28120000000001,49.772600000000004,0 -97.28120000000001,49.7674,0</coordinates></LinearRing></outerBoundaryIs></Polygon></Placemark>
      <Placemark><name>Patch (17,0)</name><styleUrl>#sugarStyle_0</styleUrl><Polygon><outerBoundaryIs><LinearRing><coordinates>-97.2716,49.7674,0 -97.262,49.7674,0 -97.262,49.772600000000004,0 -97.2716,49.772600000000004,0 -97.2716,49.7674,0</coordinates></LinearRing></outerBoundaryIs></Polygon></Placemark>
      <Placemark><name>Patch (18,0)</name><styleUrl>#sugarStyle_0</styleUrl><Polygon><outerBoundaryIs><LinearRing><coordinates>-97.262,49.7674,0 -97.25240000000001,49.7674,0 -97.25240000000001,49.772600000000004,0 -97.262,49.772600000000004,0 -97.262,49.7674,0</coordinates></LinearRing></outerBoundaryIs></Polygon></Placemark>
      <Placemark><name>Patch (19,0)</name><styleUrl>#sugarStyle_0</styleUrl><Polygon><outerBoundaryIs><LinearRing><coordinates>-97.25240000000001,49.7674,0 -97.2428,49.7674,0 -97.2428,49.772600000000004,0 -97.25240000000001,49.772600000000004,0 -97.25240000000001,49.7674,0</coordinates></LinearRing></outerBoundaryIs></Polygon></Placemark>
      <Placemark><name>Patch (20,0)</name><styleUrl>#sugarStyle_0</styleUrl><Polygon><outerBoundaryIs><LinearRing><coordinates>-97.2428,49.7674,0 -97.23320000000001,49.7674,0 -97.23320000000001,49.772600000000004,0 -97.2428,49.772600000000004,0 -97.2428,49.7674,0</coordinates></LinearRing></outerBoundaryIs></Polygon></Placemark>
      <Placemark><name>Patch (21,0)</name><styleUrl>#sugarStyle_0</styleUrl><Polygon><outerBoundaryIs><LinearRing><coordinates>-97.23320000000001,49.7674,0 -97.2236,49.7674,0 -97.2236,49.772600000000004,0 -97.23320000000001,49.772600000000004,0 -97.23320000000001,49.7674,0</coordinates></LinearRing></outerBoundaryIs></Polygon></Placemark>
      <Placemark><name>Patch (22,0)</name><styleUrl>#sugarStyle_0</styleUrl><Polygon><outerBoundaryIs><LinearRing><coordinates>-97.2236,49.7674,0 -97.214,49.7674,0 -97.214,49.772600000000004,0 -97.2236,49.772600000000004,0 -97.2236,49.7674,0</coordinates></LinearRing></outerBoundaryIs></Polygon></Placemark>
      <Placemark><name>Patch (23,0)</name><styleUrl>#sugarStyle_0</styleUrl><Polygon><outerBoundaryIs><LinearRing><coordinates>-97.214,49.7674,0 -97.2044,49.7674,0 -97.2044,49.772600000000004,0 -97.214,49.772600000000004,0 -97.214,49.7674,0</coordinates></LinearRing></outerBoundaryIs></Polygon></Placemark>
      <Placemark><name>Patch (24,0)</name><styleUrl>#sugarStyle_0</styleUrl><Polygon><outerBoundaryIs><LinearRing><coordinates>-97.2044,49.7674,0 -97.1948,49.7674,0 -97.1948,49.772600000000004,0 -97.2044,49.772600000000004,0 -97.2044,49.7674,0</coordinates></LinearRing></outerBoundaryIs></Polygon></Placemark>
      <Placemark><name>Patch (25,0)</name><styleUrl>#sugarStyle_0</styleUrl><Polygon><outerBoundaryIs><LinearRing><coordinates>-97.1948,49.7674,0 -97.18520000000001,49.7674,0 -97.18520000000001,49.772600000000004,0 -97.1948,49.772600000000004,0 -97.1948,49.7674,0</coordinates></LinearRing></outerBoundaryIs></Polygon></Placemark>
      <Placemark><name>Patch (26,0)</name><styleUrl>#sugarStyle_0</styleUrl><Polygon><outerBoundaryIs><LinearRing><coordinates>-97.18520000000001,49.7674,0 -97.1756,49.7674,0 -97.1756,49.772600000000004,0 -97.18520000000001,49.772600000000004,0 -97.18520000000001,49.7674,0</coordinates></LinearRing></outerBoundaryIs></Polygon></Placemark>
      <Placemark><name>Patch (27,0)</name><styleUrl>#sugarStyle_0</styleUrl><Polygon><outerBoundaryIs><LinearRing><coordinates>-97.1756,49.7674,0 -97.16600000000001,49.7674,0 -97.16600000000001,49.772600000000004,0 -97.1756,49.772600000000004,0 -97.1756,49.7674,0</coordinates></LinearRing></outerBoundaryIs></Polygon></Placemark>
      <Placemark><name>Patch (28,0)</name><styleUrl>#sugarStyle_0</styleUrl><Polygon><outerBoundaryIs><LinearRing><coordinates>-97.16600000000001,49.7674,0 -97.1564,49.7674,0 -97.1564,49.772600000000004,0 -97.16600000000001,49.772600000000004,0 -97.16600000000001,49.7674,0</coordinates></LinearRing></outerBoundaryIs></Polygon></Placemark>
      <Placemark><name>Patch (29,0)</name><styleUrl>#sugarStyle_0</styleUrl><Polygon><outerBoundaryIs><LinearRing><coordinates>-97.1564,49.7674,0 -97.1468,49.7674,0 -97.1468,49.772600000000004,0 -97.1564,49.772600000000004,0 -97.1564,49.7674,0</coordinates></LinearRing></outerBoundaryIs></Polygon></Placemark>
      <Placemark><name>Patch (30,0)</name><styleUrl>#sugarStyle_0</styleUrl><Polygon><outerBoundaryIs><LinearRing><coordinates>-97.1468,49.7674,0 -97.1372,49.7674,0 -97.1372,49.772600000000004,0 -97.1468,49.772600000000004,0 -97.1468,49.7674,0</coordinates></LinearRing></outerBoundaryIs></Polygon></Placemark>
      <Placemark><name>Patch (31,0)</name><styleUrl>#sugarStyle_0</styleUrl><Polygon><outerBoundaryIs><LinearRing><coordinates>-97.1372,49.7674,0 -97.1276,49.7674,0 -97.1276,49.772600000000004,0 -97.1372,49.772600000000004,0 -97.1372,49.7674,0</coordinates></LinearRing></outerBoundaryIs></Polygon></Placemark>
      <Placemark><name>Patch (32,0)</name><styleUrl>#sugarStyle_0</styleUrl><Polygon><outerBoundaryIs><LinearRing><coordinates>-97.1276,49.7674,0 -97.11800000000001,49.7674,0 -97.11800000000001,49.772600000000004,0 -97.1276,49.772600000000004,0 -97.1276,49.7674,0</coordinates></LinearRing></outerBoundaryIs></Polygon></Placemark>
      <Placemark><name>Patch (33,0)</name><styleUrl>#sugarStyle_0</styleUrl><Polygon><outerBoundaryIs><LinearRing><coordinates>-97.11800000000001,49.7674,0 -97.1084,49.7674,0 -97.1084,49.772600000000004,0 -97.11800000000001,49.772600000000004,0 -97.11800000000001,49.7674,0</coordinates></LinearRing></outerBoundaryIs></Polygon></Placemark>
      <Placemark><name>Patch (34,0)</name><styleUrl>#sugarStyle_0</styleUrl><Polygon><outerBoundaryIs><LinearRing><coordinates>-97.1084,49.7674,0 -97.0988,49.7674,0 -97.0988,49.772600000000004,0 -97.1084,49.772600000000004,0 -97.1084,49.7674,0</coordinates></LinearRing></outerBoundaryIs></Polygon></Placemark>
      <Placemark><name>Patch (35,0)</name><styleUrl>#sugarStyle_0</styleUrl><Polygon><outerBoundaryIs><LinearRing><coordinates>-97.0988,49.7674,0 -97.0892,49.7674,0 -97.0892,49.772600000000004,0 -97.0988,49.772600000000004,0 -97.0988,49.7674,0</coordinates></LinearRing></outerBoundaryIs></Polygon></Placemark>
      <Placemark><name>Patch (36,0)</name><styleUrl>#sugarStyle_0</styleUrl><Polygon><outerBoundaryIs><LinearRing><coordinates>-97.0892,49.7674,0 -97.0796,49.7674,0 -97.0796,49.772600000000004,0 -97.0892,49.772600000000004,0 -97.0892,49.7674,0</coordinates></LinearRing></outerBoundaryIs></Polygon></Placemark>
      <Placemark><name>Patch (37,0)</name><styleUrl>#sugarStyle_0</styleUrl><Polygon><outerBoundaryIs><LinearRing><coordinates>-97.0796,49.7674,0 -97.07000000000001,49.7674,0 -97.07000000000001,49.772600000000004,0 -97.0796,49.772600000000004,0 -97.0796,49.7674,0</coordinates></LinearRing></outerBoundaryIs></Polygon></Placemark>
      <Placemark><name>Patch (38,0)</name><styleUrl>#sugarStyle_0</styleUrl><Polygon><outerBoundaryIs><LinearRing><coordinates>-97.07000000000001,49.7674,0 -97.0604,49.7674,0 -97.0604,49.772600000000004,0 -97.07000000000001,49.772600000000004,0 -97.07000000000001,49.7674,0</coordinates></LinearRing></outerBoundaryIs></Polygon></Placemark>
      <Placemark><name>Patch (39,0)</name><styleUrl>#sugarStyle_0</styleUrl><Polygon><outerBoundaryIs><LinearRing><coordinates>-97.0604,49.7674,0 -97.05080000000001,49.7674,0 -97.05080000000001,49.772600000000004,0 -97.0604,49.772600000000004,0 -97.0604,49.7674,0</coordinates></LinearRing></outerBoundaryIs></Polygon></Placemark>
      <Placemark><name>Patch (40,0)</name><styleUrl>#sugarStyle_0</styleUrl><Polygon><outerBoundaryIs><LinearRing><coordinates>-97.05080000000001,49.7674,0 -97.0412,49.7674,0 -97.0412,49.772600000000004,0 -97.05080000000001,49.772600000000004,0 -97.05080000000001,49.7674,0</coordinates></LinearRing></outerBoundaryIs></Polygon></Placemark>
      <Placemark><name>Patch (41,0)</name><styleUrl>#sugarStyle_0</styleUrl><Polygon><outerBoundaryIs><LinearRing><coordinates>-97.0412,49.7674,0 -97.0316,49.7674,0 -97.0316,49.772600000000004,0 -97.0412,49.772600000000004,0 -97.0412,49.7674,0</coordinates></LinearRing></outerBoundaryIs></Polygon></Placemark>
      <Placemark><name>Patch (42,0)</name><styleUrl>#sugarStyle_0</styleUrl><Polygon><outerBoundaryIs><LinearRing><coordinates>-97.0316,49.7674,0 -97.022,49.7674,0 -97.022,49.772600000000004,0 -97.0316,49.772600000000004,0 -97.0316,49.7674,0</coordinates></LinearRing></outerBoundaryIs></Polygon></Placemark>
      <Placemark><name>Patch (43,0)</name><styleUrl>#sugarStyle_0</styleUrl><Polygon><outerBoundaryIs><LinearRing><coordinates>-97.022,49.7674,0 -97.0124,49.7674,0 -97.0124,49.772600000000004,0 -97.022,49.772600000000004,0 -97.022,49.7674,0</coordinates></LinearRing></outerBoundaryIs></Polygon></Placemark>
      <Placemark><name>Patch (44,0)</name><styleUrl>#sugarStyle_0</styleUrl><Polygon><outerBoundaryIs><LinearRing><coordinates>-97.0124,49.7674,0 -97.00280000000001,49.7674,0 -97.00280000000001,49.772600000000004,0 -97.0124,49.772600000000004,0 -97.0124,49.7674,0</coordinates></LinearRing></outerBoundaryIs></Polygon></Placemark>
      <Placemark><name>Patch (45,0)</name><styleUrl>#sugarStyle_0</styleUrl><Polygon><outerBoundaryIs><LinearRing><coordinates>-97.00280000000001,49.7674,0 -96.9932,49.7674,0 -96.9932,49.772600000000004,0 -97.00280000000001,49.772600000000004,0 -97.00280000000001,49.7674,0</coordinates></LinearRing></outerBoundaryIs></Polygon></Placemark>
      <Placemark><name>Patch (46,0)</name><styleUrl>#sugarStyle_0</styleUrl><Polygon><outerBoundaryIs><LinearRing><coordinates>-96.9932,49.7674,0 -96.98360000000001,49.7674,0 -96.98360000000001,49.772600000000004,0 -96.9932,49.772600000000004,0 -96.9932,49.7674,0</coordinates></LinearRing></outerBoundaryIs></Polygon></Placemark>
      <Placemark><name>Patch (47,0)</name><styleUrl>#sugarStyle_0</styleUrl><Polygon><outerBoundaryIs><LinearRing><coordinates>-96.98360000000001,49.7674,0 -96.974,49.7674,0 -96.974,49.772600000000004,0 -96.98360000000001,49.772600000000004,0 -96.98360000000001,49.7674,0</coordinates></LinearRing></outerBoundaryIs></Polygon></Placemark>
      <Placemark><name>Patch (48,0)</name><styleUrl>#sugarStyle_0</styleUrl><Polygon><outerBoundaryIs><LinearRing><coordinates>-96.974,49.7674,0 -96.9644,49.7674,0 -96.9644,49.772600000000004,0 -96.974,49.772600000000004,0 -96.974,49.7674,0</coordinates></LinearRing></outerBoundaryIs></Polygon></Placemark>
      <Placemark><name>Patch (49,0)</name><styleUrl>#sugarStyle_0</styleUrl><Polygon><outerBoundaryIs><LinearRing><coordinates>-96.9644,49.7674,0 -96.9548,49.7674,0 -96.9548,49.772600000000004,0 -96.9644,49.772600000000004,0 -96.9644,49.7674,0</coordinates></LinearRing></outerBoundaryIs></Polygon></Placemark>
      <Placemark><name>Patch (50,0)</name><styleUrl>#sugarStyle_0</styleUrl><Polygon><outerBoundaryIs><LinearRing><coordinates>-96.9548,49.7674,0 -96.9452,49.7674,0 -96.9452,49.772600000000004,0 -96.9548,49.772600000000004,0 -96.9548,49.7674,0</coordinates></LinearRing></outerBoundaryIs></Polygon></Placemark>
      <Placemark><name>Patch (0,1)</name><styleUrl>#sugarStyle_0</styleUrl><Polygon><outerBoundaryIs><LinearRing><coordinates>-97.43480000000001,49.772600000000004,0 -97.4252,49.772600000000004,0 -97.4252,49.777800000000006,0 -97.43480000000001,49.777800000000006,0 -97.43480000000001,49.772600000000004,0</coordinates></LinearRing></outerBoundaryIs></Polygon></Placemark>
      <Placemark><name>Patch (1,1)</name><styleUrl>#sugarStyle_0</styleUrl><Polygon><outerBoundaryIs><LinearRing><coordinates>-97.4252,49.772600000000004,0 -97.41560000000001,49.772600000000004,0 -97.41560000000001,49.777800000000006,0 -97.4252,49.777800000000006,0 -97.4252,49.772600000000004,0</coordinates></LinearRing></outerBoundaryIs></Polygon></Placemark>
      <Placemark><name>Patch (2,1)</name><styleUrl>#sugarStyle_0</styleUrl><Polygon><outerBoundaryIs><LinearRing><coordinates>-97.41560000000001,49.772600000000004,0 -97.406,49.772600000000004,0 -97.406,49.777800000000006,0 -97.41560000000001,49.777800000000006,0 -97.41560000000001,49.772600000000004,0</coordinates></LinearRing></outerBoundaryIs></Polygon></Placemark>
      <Placemark><name>Patch (3,1)</name><styleUrl>#sugarStyle_0</styleUrl><Polygon><outerBoundaryIs><LinearRing><coordinates>-97.406,49.772600000000004,0 -97.3964,49.772600000000004,0 -97.3964,49.777800000000006,0 -97.406,49.777800000000006,0 -97.406,49.772600000000004,0</coordinates></LinearRing></outerBoundaryIs></Polygon></Placemark>
      <Placemark><name>Patch (4,1)</name><styleUrl>#sugarStyle_0</styleUrl><Polygon><outerBoundaryIs><LinearRing><coordinates>-97.3964,49.772600000000004,0 -97.38680000000001,49.772600000000004,0 -97.38680000000001,49.777800000000006,0 -97.3964,49.777800000000006,0 -97.3964,49.772600000000004,0</coordinates></LinearRing></outerBoundaryIs></Polygon></Placemark>
      <Placemark><name>Patch (5,1)</name><styleUrl>#sugarStyle_0</styleUrl><Polygon><outerBoundaryIs><LinearRing><coordinates>-97.38680000000001,49.772600000000004,0 -97.3772,49.772600000000004,0 -97.3772,49.777800000000006,0 -97.38680000000001,49.777800000000006,0 -97.38680000000001,49.772600000000004,0</coordinates></LinearRing></outerBoundaryIs></Polygon></Placemark>
      <Placemark><name>Patch (6,1)</name><styleUrl>#sugarStyle_0</styleUrl><Polygon><outerBoundaryIs><LinearRing><coordinates>-97.3772,49.772600000000004,0 -97.36760000000001,49.772600000000004,0 -97.36760000000001,49.777800000000006,0 -97.3772,49.777800000000006,0 -97.3772,49.772600000000004,0</coordinates></LinearRing></outerBoundaryIs></Polygon></Placemark>
      <Placemark><name>Patch (7,1)</name><styleUrl>#sugarStyle_0</styleUrl><Polygon><outerBoundaryIs><LinearRing><coordinates>-97.36760000000001,49.772600000000004,0 -97.358,49.772600000000004,0 -97.358,49.777800000000006,0 -97.36760000000001,49.777800000000006,0 -97.36760000000001,49.772600000000004,0</coordinates></LinearRing></outerBoundaryIs></Polygon></Placemark>
      <Placemark><name>Patch (8,1)</name><styleUrl>#sugarStyle_0</styleUrl><Polygon><outerBoundaryIs><LinearRing><coordinates>-97.358,49.772600000000004,0 -97.34840000000001,49.772600000000004,0 -97.34840000000001,49.777800000000006,0 -97.358,49.777800000000006,0 -97.358,49.772600000000004,0</coordinates></LinearRing></outerBoundaryIs></Polygon></Placemark>
      <Placemark><name>Patch (9,1)</name><styleUrl>#sugarStyle_0</styleUrl><Polygon><outerBoundaryIs><LinearRing><coordinates>-97.34840000000001,49.772600000000004,0 -97.3388,49.772600000000004,0 -97.3388,49.777800000000006,0 -97.34840000000001,49.777800000000006,0 -97.34840000000001,49.772600000000004,0</coordinates></LinearRing></outerBoundaryIs></Polygon></Placemark>
      <Placemark><name>Patch (10,1)</name><styleUrl>#sugarStyle_0</styleUrl><Polygon><outerBoundaryIs><LinearRing><coordinates>-97.3388,49.772600000000004,0 -97.3292,49.772600000000004,0 -97.3292,49.777800000000006,0 -97.3388,49.777800000000006,0 -97.3388,49.772600000000004,0</coordinates></LinearRing></outerBoundaryIs></Polygon></Placemark>
      <Placemark><name>Patch (11,1)</name><styleUrl>#sugarStyle_0</styleUrl><Polygon><outerBoundaryIs><LinearRing><coordinates>-97.3292,49.772600000000004,0 -97.31960000000001,49.772600000000004,0 -97.31960000000001,49.777800000000006,0 -97.3292,49.777800000000006,0 -97.3292,49.772600000000004,0</coordinates></LinearRing></outerBoundaryIs></Polygon></Placemark>
      <Placemark><name>Patch (12,1)</name><styleUrl>#sugarStyle_0</styleUrl><Polygon><outerBoundaryIs><LinearRing><coordinates>-97.31960000000001,49.772600000000004,0 -97.31,49.772600000000004,0 -97.31,49.777800000000006,0 -97.31960000000001,49.777800000000006,0 -97.31960000000001,49.772600000000004,0</coordinates></LinearRing></outerBoundaryIs></Polygon></Placemark>
      <Placemark><name>Patch (13,1)</name><styleUrl>#sugarStyle_0</styleUrl><Polygon><outerBoundaryIs><LinearRing><coordinates>-97.31,49.772600000000004,0 -97.30040000000001,49.772600000000004,0 -97.30040000000001,49.777800000000006,0 -97.31,49.777800000000006,0 -97.31,49.772600000000004,0</coordinates></LinearRing></outerBoundaryIs></Polygon></Placemark>
      <Placemark><name>Patch (14,1)</name><styleUrl>#sugarStyle_0</styleUrl><Polygon><outerBoundaryIs><LinearRing><coordinates>-97.30040000000001,49.772600000000004,0 -97.2908,49.772600000000004,0 -97.2908,49.777800000000006,0 -97.30040000000001,49.777800000000006,0 -97.30040000000001,49.772600000000004,0</coordinates></LinearRing></outerBoundaryIs></Polygon></Placemark>
      <Placemark><name>Patch (15,1)</name><styleUrl>#sugarStyle_0</styleUrl><Polygon><outerBoundaryIs><LinearRing><coordinates>-97.2908,49.772600000000004,0 -97.28120000000001,49.772600000000004,0 -97.28120000000001,49.777800000000006,0 -97.2908,49.777800000000006,0 -97.2908,49.772600000000004,0</coordinates></LinearRing></outerBoundaryIs></Polygon></Placemark>
      <Placemark><name>Patch (16,1)</name><styleUrl>#sugarStyle_0</styleUrl><Polygon><outerBoundaryIs><LinearRing><coordinates>-97.28120000000001,49.772600000000004,0 -97.2716,49.772600000000004,0 -97.2716,49.777800000000006,0 -97.28120000000001,49.777800000000006,0 -97.28120000000001,49.772600000000004,0</coordinates></LinearRing></outerBoundaryIs></Polygon></Placemark>
      <Placemark><name>Patch (17,1)</name><styleUrl>#sugarStyle_0</styleUrl><Polygon><outerBoundaryIs><LinearRing><coordinates>-97.2716,49.772600000000004,0 -97.262,49.772600000000004,0 -97.262,49.777800000000006,0 -97.2716,49.777800000000006,0 -97.2716,49.772600000000004,0</coordinates></LinearRing></outerBoundaryIs></Polygon></Placemark>
      <Placemark><name>Patch (18,1)</name><styleUrl>#sugarStyle_0</styleUrl><Polygon><outerBoundaryIs><LinearRing><coordinates>-97.262,49.772600000000004,0 -97.25240000000001,49.772600000000004,0 -97.25240000000001,49.777800000000006,0 -97.262,49.777800000000006,0 -97.262,49.772600000000004,0</coordinates></LinearRing></outerBoundaryIs></Polygon></Placemark>
      <Placemark><name>Patch (19,1)</name><styleUrl>#sugarStyle_0</styleUrl><Polygon><outerBoundaryIs><LinearRing><coordinates>-97.25240000000001,49.772600000000004,0 -97.2428,49.772600000000004,0 -97.2428,49.777800000000006,0 -97.25240000000001,49.777800000000006,0 -97.25240000000001,49.772600000000004,0</coordinates></LinearRing></outerBoundaryIs></Polygon></Placemark>
      <Placemark><name>Patch (20,1)</name><styleUrl>#sugarStyle_0</styleUrl><Polygon><outerBoundaryIs><LinearRing><coordinates>-97.2428,49.772600000000004,0 -97.23320000000001,49.772600000000004,0 -97.23320000000001,49.777800000000006,0 -97.2428,49.777800000000006,0 -97.2428,49.772600000000004,0</coordinates></LinearRing></outerBoundaryIs></Polygon></Placemark>
      <Placemark><name>Patch (21,1)</name><styleUrl>#sugarStyle_0</styleUrl><Polygon><outerBoundaryIs><LinearRing><coordinates>-97.23320000000001,49.772600000000004,0 -97.2236,49.772600000000004,0 -97.2236,49.777800000000006,0 -97.23320000000001,49.777800000000006,0 -97.23320000000001,49.772600000000004,0</coordinates></LinearRing></outerBoundaryIs></Polygon></Placemark>
      <Placemark><name>Patch (22,1)</name><styleUrl>#sugarStyle_0</styleUrl><Polygon><outerBoundaryIs><LinearRing><coordinates>-97.2236,49.772600000000004,0 -97.214,49.772600000000004,0 -97.214,49.777800000000006,0 -97.2236,49.777800000000006,0 -97.2236,49.772600000000004,0</coordinates></LinearRing></outerBoundaryIs></Polygon></Placemark>
      <Placemark><name>Patch (23,1)</name><styleUrl>#sugarStyle_0</styleUrl><Polygon><outerBoundaryIs><LinearRing><coordinates>-97.214,49.772600000000004,0 -97.2044,49.772600000000004,0 -97.2044,49.777800000000006,0 -97.214,49.777800000000006,0 -97.214,49.772600000000004,0</coordinates></LinearRing></outerBoundaryIs></Polygon></Placemark>
      <Placemark><name>Patch (24,1)</name><styleUrl>#sugarStyle_0</styleUrl><Polygon><outerBoundaryIs><LinearRing><coordinates>-97.2044,49.772600000000004,0 -97.1948,49.772600000000004,0 -97.1948,49.777800000000006,0 -97.2044,49.777800000000006,0 -97.2044,49.772600000000004,0</coordinates></LinearRing></outerBoundaryIs></Polygon></Placemark>
      <Placemark><name>Patch (25,1)</name><styleUrl>#sugarStyle_0</styleUrl><Polygon><outerBoundaryIs><LinearRing><coordinates>-97.1948,49.772600000000004,0 -97.18520000000001,49.772600000000004,0 -97.18520000000001,49.777800000000006,0 -97.1948,49.777800000000006,0 -97.1948,49.772600000000004,0</coordinates></LinearRing></outerBoundaryIs></Polygon></Placemark>
      <Placemark><name>Patch (26,1)</name><styleUrl>#sugarStyle_0</styleUrl><Polygon><outerBoundaryIs><LinearRing><coordinates>-97.18520000000001,49.772600000000004,0 -97.1756,49.772600000000004,0 -97.1756,49.777800000000006,0 -97.18520000000001,49.777800000000006,0 -97.18520000000001,49.772600000000004,0</coordinates></LinearRing></outerBoundaryIs></Polygon></Placemark>
      <Placemark><name>Patch (27,1)</name><styleUrl>#sugarStyle_0</styleUrl><Polygon><outerBoundaryIs><LinearRing><coordinates>-97.1756,49.772600000000004,0 -97.16600000000001,49.772600000000004,0 -97.16600000000001,49.777800000000006,0 -97.1756,49.777800000000006,0 -97.1756,49.772600000000004,0</coordinates></LinearRing></outerBoundaryIs></Polygon></Placemark>
      <Placemark><name>Patch (28,1)</name><styleUrl>#sugarStyle_0</styleUrl><Polygon><outerBoundaryIs><LinearRing><coordinates>-97.16600000000001,49.772600000000004,0 -97.1564,49.772600000000004,0 -97.1564,49.777800000000006,0 -97.16600000000001,49.777800000000006,0 -97.16600000000001,49.772600000000004,0</coordinates></LinearRing></outerBoundaryIs></Polygon></Placemark>
      <Placemark><name>Patch (29,1)</name><styleUrl>#sugarStyle_0</styleUrl><Polygon><outerBoundaryIs><LinearRing><coordinates>-97.1564,49.772600000000004,0 -97.1468,49.772600000000004,0 -97.1468,49.777800000000006,0 -97.1564,49.777800000000006,0 -97.1564,49.772600000000004,0</coordinates></LinearRing></outerBoundaryIs></Polygon></Placemark>
      <Placemark><name>Patch (30,1)</name><styleUrl>#sugarStyle_0</styleUrl><Polygon><outerBoundaryIs><LinearRing><coordinates>-97.1468,49.772600000000004,0 -97.1372,49.772600000000004,0 -97.1372,49.777800000000006,0 -97.1468,49.777800000000006,0 -97.1468,49.772600000000004,0</coordinates></LinearRing></outerBoundaryIs></Polygon></Placemark>
      <Placemark><name>Patch (31,1)</name><styleUrl>#sugarStyle_0</styleUrl><Polygon><outerBoundaryIs><LinearRing><coordinates>-97.1372,49.772600000000004,0 -97.1276,49.772600000000004,0 -97.1276,49.777800000000006,0 -97.1372,49.777800000000006,0 -97.1372,49.772600000000004,0</coordinates></LinearRing></outerBoundaryIs></Polygon></Placemark>
      <Placemark><name>Patch (32,1)</name><styleUrl>#sugarStyle_0</styleUrl><Polygon><outerBoundaryIs><LinearRing><coordinates>-97.1276,49.772600000000004,0 -97.11800000000001,49.772600000000004,0 -97.11800000000001,49.777800000000006,0 -97.1276,49.777800000000006,0 -97.1276,49.772600000000004,0</coordinates></LinearRing></outerBoundaryIs></Polygon></Placemark>
      <Placemark><name>Patch (33,1)</name><styleUrl>#sugarStyle_0</styleUrl><Polygon><outerBoundaryIs><LinearRing><coordinates>-97.11800000000001,49.772600000000004,0 -97.1084,49.772600000000004,0 -97.1084,49.777800000000006,0 -97.11800000000001,49.777800000000006,0 -97.11800000000001,49.772600000000004,0</coordinates></LinearRing></outerBoundaryIs></Polygon></Placemark>
      <Placemark><name>Patch (34,1)</name><styleUrl>#sugarStyle_0</styleUrl><Polygon><outerBoundaryIs><LinearRing><coordinates>-97.1084,49.772600000000004,0 -97.0988,49.772600000000004,0 -97.0988,49.777800000000006,0 -97.1084,49.777800000000006,0 -97.1084,49.772600000000004,0</coordinates></LinearRing></outerBoundaryIs></Polygon></Placemark>
      <Placemark><name>Patch (35,1)</name><styleUrl>#sugarStyle_0</styleUrl><Polygon><outerBoundaryIs><LinearRing><coordinates>-97.0988,49.772600000000004,0 -97.0892,49.772600000000004,0 -97.0892,49.777800000000006,0 -97.0988,49.777800000000006,0 -97.0988,49.772600000000004,0</coordinates></LinearRing></outerBoundaryIs></Polygon></Placemark>
      <Placemark><name>Patch (36,1)</name><styleUrl>#sugarStyle_0</styleUrl><Polygon><outerBoundaryIs><LinearRing><coordinates>-97.0892,49.772600000000004,0 -97.0796,49.772600000000004,0 -97.0796,49.777800000000006,0 -97.0892,49.777800000000006,0 -97.0892,49.772600000000004,0</coordinates></LinearRing></outerBoundaryIs></Polygon></Placemark>
      <Placemark><name>Patch (37,1)</name><styleUrl>#sugarStyle_0</styleUrl><Polygon><outerBoundaryIs><LinearRing><coordinates>-97.0796,49.772600000000004,0 -97.07000000000001,49.772600000000004,0 -97.07000000000001,49.777800000000006,0 -97.0796,49.777800000000006,0 -97.0796,49.772600000000004,0</coordinates></LinearRing></outerBoundaryIs></Polygon></Placemark>
      <Placemark><name>Patch (38,1)</name><styleUrl>#sugarStyle_0</styleUrl><Polygon><outerBoundaryIs><LinearRing><coordinates>-97.07000000000001,49.772600000000004,0 -97.0604,49.772600000000004,0 -97.0604,49.777800000000006,0 -97.07000000000001,49.777800000000006,0 -97.07000000000001,49.772600000000004,0</coordinates></LinearRing></outerBoundaryIs></Polygon></Placemark>
      <Placemark><name>Patch (39,1)</name><styleUrl>#sugarStyle_0</styleUrl><Polygon><outerBoundaryIs><LinearRing><coordinates>-97.0604,49.772600000000004,0 -97.05080000000001,49.772600000000004,0 -97.05080000000001,49.777800000000006,0 -97.0604,49.777800000000006,0 -97.0604,49.772600000000004,0</coordinates></LinearRing></outerBoundaryIs></Polygon></Placemark>
      <Placemark><name>Patch (40,1)</name><styleUrl>#sugarStyle_0</styleUrl><Polygon><outerBoundaryIs><LinearRing><coordinates>-97.05080000000001,49.772600000000004,0 -97.0412,49.772600000000004,0 -97.0412,49.777800000000006,0 -97.05080000000001,49.777800000000006,0 -97.05080000000001,49.772600000000004,0</coordinates></LinearRing></outerBoundaryIs></Polygon></Placemark>
      <Placemark><name>Patch (41,1)</name><styleUrl>#sugarStyle_0</styleUrl><Polygon><outerBoundaryIs><LinearRing><coordinates>-97.0412,49.772600000000004,0 -97.0316,49.772600000000004,0 -97.0316,49.777800000000006,0 -97.0412,49.777800000000006,0 -97.0412,49.772600000000004,0</coordinates></LinearRing></outerBoundaryIs></Polygon></Placemark>
      <Placemark><name>Patch (42,1)</name><styleUrl>#sugarStyle_0</styleUrl><Polygon><outerBoundaryIs><LinearRing><coordinates>-97.0316,49.772600000000004,0 -97.022,49.772600000000004,0 -97.022,49.777800000000006,0 -97.0316,49.777800000000006,0 -97.0316,49.772600000000004,0</coordinates></LinearRing></outerBoundaryIs></Polygon></Placemark>
      <Placemark><name>Patch (43,1)</name><styleUrl>#sugarStyle_0</styleUrl><Polygon><outerBoundaryIs><LinearRing><coordinates>-97.022,49.772600000000004,0 -97.0124,49.772600000000004,0 -97.0124,49.777800000000006,0 -97.022,49.777800000000006,0 -97.022,49.772600000000004,0</coordinates></LinearRing></outerBoundaryIs></Polygon></Placemark>
      <Placemark><name>Patch (44,1)</name><styleUrl>#sugarStyle_0</styleUrl><Polygon><outerBoundaryIs><LinearRing><coordinates>-97.0124,49.772600000000004,0 -97.00280000000001,49.772600000000004,0 -97.00280000000001,49.777800000000006,0 -97.0124,49.777800000000006,0 -97.0124,49.772600000000004,0</coordinates></LinearRing></outerBoundaryIs></Polygon></Placemark>
      <Placemark><name>Patch (45,1)</name><styleUrl>#sugarStyle_0</styleUrl><Polygon><outerBoundaryIs><LinearRing><coordinates>-97.00280000000001,49.772600000000004,0 -96.9932,49.772600000000004,0 -96.9932,49.777800000000006,0 -97.00280000000001,49.777800000000006,0 -97.00280000000001,49.772600000000004,0</coordinates></LinearRing></outerBoundaryIs></Polygon></Placemark>
      <Placemark><name>Patch (46,1)</name><styleUrl>#sugarStyle_0</styleUrl><Polygon><outerBoundaryIs><LinearRing><coordinates>-96.9932,49.772600000000004,0 -96.98360000000001,49.772600000000004,0 -96.98360000000001,49.777800000000006,0 -96.9932,49.777800000000006,0 -96.9932,49.772600000000004,0</coordinates></LinearRing></outerBoundaryIs></Polygon></Placemark>
      <Placemark><name>Patch (47,1)</name><styleUrl>#sugarStyle_0</styleUrl><Polygon><outerBoundaryIs><LinearRing><coordinates>-96.98360000000001,49.772600000000004,0 -96.974,49.772600000000004,0 -96.974,49.777800000000006,0 -96.98360000000001,49.777800000000006,0 -96.98360000000001,49.772600000000004,0</coordinates></LinearRing></outerBoundaryIs></Polygon></Placemark>
      <Placemark><name>Patch (48,1)</name><styleUrl>#sugarStyle_0</styleUrl><Polygon><outerBoundaryIs><LinearRing><coordinates>-96.974,49.772600000000004,0 -96.9644,49.772600000000004,0 -96.9644,49.777800000000006,0 -96.974,49.777800000000006,0 -96.974,49.772600000000004,0</coordinates></LinearRing></outerBoundaryIs></Polygon></Placemark>
      <Placemark><name>Patch (49,1)</name><styleUrl>#sugarStyle_0</styleUrl><Polygon><outerBoundaryIs><LinearRing><coordinates>-96.9644,49.772600000000004,0 -96.9548,49.772600000000004,0 -96.9548,49.777800000000006,0 -96.9644,49.777800000000006,0 -96.9644,49.772600000000004,0</coordinates></LinearRing></outerBoundaryIs></Polygon></Placemark>
      <Placemark><name>Patch (50,1)</name><styleUrl>#sugarStyle_0</styleUrl><Polygon><outerBoundaryIs><LinearRing><coordinates>-96.9548,49.772600000000004,0 -96.9452,49.772600000000004,0 -96.9452,49.777800000000006,0 -96.9548,49.777800000000006,0 -96.9548,49.772600000000004,0</coordinates></LinearRing></outerBoundaryIs></Polygon></Placemark>
      <Placemark><name>Patch (0,2)</name><styleUrl>#sugarStyle_0</styleUrl><Polygon><outerBoundaryIs><LinearRing><coordinates>-97.43480000000001,49.777800000000006,0 -97.4252,49.777800000000006,0 -97.4252,49.783,0 -97.43480000000001,49.783,0 -97.43480000000001,49.777800000000006,0</coordinates></LinearRing></outerBoundaryIs></Polygon></Placemark>
      <Placemark><name>Patch (1,2)</name><styleUrl>#sugarStyle_0</styleUrl><Polygon><outerBoundaryIs><LinearRing><coordinates>-97.4252,49.777800000000006,0 -97.41560000000001,49.777800000000006,0 -97.41560000000001,49.783,0 -97.4252,49.783,0 -97.4252,49.777800000000006,0</coordinates></LinearRing></outerBoundaryIs></Polygon></Placemark>
      <Placemark><name>Patch (2,2)</name><styleUrl>#sugarStyle_0</styleUrl><Polygon><outerBoundaryIs><LinearRing><coordinates>-97.41560000000001,49.777800000000006,0 -97.406,49.777800000000006,0 -97.406,49.783,0 -97.41560000000001,49.783,0 -97.41560000000001,49.777800000000006,0</coordinates></LinearRing></outerBoundaryIs></Polygon></Placemark>
      <Placemark><name>Patch (3,2)</name><styleUrl>#sugarStyle_0</styleUrl><Polygon><outerBoundaryIs><LinearRing><coordinates>-97.406,49.777800000000006,0 -97.3964,49.777800000000006,0 -97.3964,49.783,0 -97.406,49.783,0 -97.406,49.777800000000006,0</coordinates></LinearRing></outerBoundaryIs></Polygon></Placemark>
      <Placemark><name>Patch (4,2)</name><styleUrl>#sugarStyle_0</styleUrl><Polygon><outerBoundaryIs><LinearRing><coordinates>-97.3964,49.777800000000006,0 -97.38680000000001,49.777800000000006,0 -97.38680000000001,49.783,0 -97.3964,49.783,0 -97.3964,49.777800000000006,0</coordinates></LinearRing></outerBoundaryIs></Polygon></Placemark>
      <Placemark><name>Patch (5,2)</name><styleUrl>#sugarStyle_0</styleUrl><Polygon><outerBoundaryIs><LinearRing><coordinates>-97.38680000000001,49.777800000000006,0 -97.3772,49.777800000000006,0 -97.3772,49.783,0 -97.38680000000001,49.783,0 -97.38680000000001,49.777800000000006,0</coordinates></LinearRing></outerBoundaryIs></Polygon></Placemark>
      <Placemark><name>Patch (6,2)</name><styleUrl>#sugarStyle_0</styleUrl><Polygon><outerBoundaryIs><LinearRing><coordinates>-97.3772,49.777800000000006,0 -97.36760000000001,49.777800000000006,0 -97.36760000000001,49.783,0 -97.3772,49.783,0 -97.3772,49.777800000000006,0</coordinates></LinearRing></outerBoundaryIs></Polygon></Placemark>
      <Placemark><name>Patch (7,2)</name><styleUrl>#sugarStyle_0</styleUrl><Polygon><outerBoundaryIs><LinearRing><coordinates>-97.36760000000001,49.777800000000006,0 -97.358,49.777800000000006,0 -97.358,49.783,0 -97.36760000000001,49.783,0 -97.36760000000001,49.777800000000006,0</coordinates></LinearRing></outerBoundaryIs></Polygon></Placemark>
      <Placemark><name>Patch (8,2)</name><styleUrl>#sugarStyle_0</styleUrl><Polygon><outerBoundaryIs><LinearRing><coordinates>-97.358,49.777800000000006,0 -97.34840000000001,49.777800000000006,0 -97.34840000000001,49.783,0 -97.358,49.783,0 -97.358,49.777800000000006,0</coordinates></LinearRing></outerBoundaryIs></Polygon></Placemark>
      <Placemark><name>Patch (9,2)</name><styleUrl>#sugarStyle_0</styleUrl><Polygon><outerBoundaryIs><LinearRing><coordinates>-97.34840000000001,49.777800000000006,0 -97.3388,49.777800000000006,0 -97.3388,49.783,0 -97.34840000000001,49.783,0 -97.34840000000001,49.777800000000006,0</coordinates></LinearRing></outerBoundaryIs></Polygon></Placemark>
      <Placemark><name>Patch (10,2)</name><styleUrl>#sugarStyle_0</styleUrl><Polygon><outerBoundaryIs><LinearRing><coordinates>-97.3388,49.777800000000006,0 -97.3292,49.777800000000006,0 -97.3292,49.783,0 -97.3388,49.783,0 -97.3388,49.777800000000006,0</coordinates></LinearRing></outerBoundaryIs></Polygon></Placemark>
      <Placemark><name>Patch (11,2)</name><styleUrl>#sugarStyle_0</styleUrl><Polygon><outerBoundaryIs><LinearRing><coordinates>-97.3292,49.777800000000006,0 -97.31960000000001,49.777800000000006,0 -97.31960000000001,49.783,0 -97.3292,49.783,0 -97.3292,49.777800000000006,0</coordinates></LinearRing></outerBoundaryIs></Polygon></Placemark>
      <Placemark><name>Patch (12,2)</name><styleUrl>#sugarStyle_0</styleUrl><Polygon><outerBoundaryIs><LinearRing><coordinates>-97.31960000000001,49.777800000000006,0 -97.31,49.777800000000006,0 -97.31,49.783,0 -97.31960000000001,49.783,0 -97.31960000000001,49.777800000000006,0</coordinates></LinearRing></outerBoundaryIs></Polygon></Placemark>
      <Placemark><name>Patch (13,2)</name><styleUrl>#sugarStyle_0</styleUrl><Polygon><outerBoundaryIs><LinearRing><coordinates>-97.31,49.777800000000006,0 -97.30040000000001,49.777800000000006,0 -97.30040000000001,49.783,0 -97.31,49.783,0 -97.31,49.777800000000006,0</coordinates></LinearRing></outerBoundaryIs></Polygon></Placemark>
      <Placemark><name>Patch (14,2)</name><styleUrl>#sugarStyle_0</styleUrl><Polygon><outerBoundaryIs><LinearRing><coordinates>-97.30040000000001,49.777800000000006,0 -97.2908,49.777800000000006,0 -97.2908,49.783,0 -97.30040000000001,49.783,0 -97.30040000000001,49.777800000000006,0</coordinates></LinearRing></outerBoundaryIs></Polygon></Placemark>
      <Placemark><name>Patch (15,2)</name><styleUrl>#sugarStyle_0</styleUrl><Polygon><outerBoundaryIs><LinearRing><coordinates>-97.2908,49.777800000000006,0 -97.28120000000001,49.777800000000006,0 -97.28120000000001,49.783,0 -97.2908,49.783,0 -97.2908,49.777800000000006,0</coordinates></LinearRing></outerBoundaryIs></Polygon></Placemark>
      <Placemark><name>Patch (16,2)</name><styleUrl>#sugarStyle_0</styleUrl><Polygon><outerBoundaryIs><LinearRing><coordinates>-97.28120000000001,49.777800000000006,0 -97.2716,49.777800000000006,0 -97.2716,49.783,0 -97.28120000000001,49.783,0 -97.28120000000001,49.777800000000006,0</coordinates></LinearRing></outerBoundaryIs></Polygon></Placemark>
      <Placemark><name>Patch (17,2)</name><styleUrl>#sugarStyle_0</styleUrl><Polygon><outerBoundaryIs><LinearRing><coordinates>-97.2716,49.777800000000006,0 -97.262,49.777800000000006,0 -97.262,49.783,0 -97.2716,49.783,0 -97.2716,49.777800000000006,0</coordinates></LinearRing></outerBoundaryIs></Polygon></Placemark>
      <Placemark><name>Patch (18,2)</name><styleUrl>#sugarStyle_0</styleUrl><Polygon><outerBoundaryIs><LinearRing><coordinates>-97.262,49.777800000000006,0 -97.25240000000001,49.777800000000006,0 -97.25240000000001,49.783,0 -97.262,49.783,0 -97.262,49.777800000000006,0</coordinates></LinearRing></outerBoundaryIs></Polygon></Placemark>
      <Placemark><name>Patch (19,2)</name><styleUrl>#sugarStyle_0</styleUrl><Polygon><outerBoundaryIs><LinearRing><coordinates>-97.25240000000001,49.777800000000006,0 -97.2428,49.777800000000006,0 -97.2428,49.783,0 -97.25240000000001,49.783,0 -97.25240000000001,49.777800000000006,0</coordinates></LinearRing></outerBoundaryIs></Polygon></Placemark>
      <Placemark><name>Patch (20,2)</name><styleUrl>#sugarStyle_0</styleUrl><Polygon><outerBoundaryIs><LinearRing><coordinates>-97.2428,49.777800000000006,0 -97.23320000000001,49.777800000000006,0 -97.23320000000001,49.783,0 -97.2428,49.783,0 -97.2428,49.777800000000006,0</coordinates></LinearRing></outerBoundaryIs></Polygon></Placemark>
      <Placemark><name>Patch (21,2)</name><styleUrl>#sugarStyle_0</styleUrl><Polygon><outerBoundaryIs><LinearRing><coordinates>-97.23320000000001,49.777800000000006,0 -97.2236,49.777800000000006,0 -97.2236,49.783,0 -97.23320000000001,49.783,0 -97.23320000000001,49.777800000000006,0</coordinates></LinearRing></outerBoundaryIs></Polygon></Placemark>
      <Placemark><name>Patch (22,2)</name><styleUrl>#sugarStyle_0</styleUrl><Polygon><outerBoundaryIs><LinearRing><coordinates>-97.2236,49.777800000000006,0 -97.214,49.777800000000006,0 -97.214,49.783,0 -97.2236,49.783,0 -97.2236,49.777800000000006,0</coordinates></LinearRing></outerBoundaryIs></Polygon></Placemark>
      <Placemark><name>Patch (23,2)</name><styleUrl>#sugarStyle_0</styleUrl><Polygon><outerBoundaryIs><LinearRing><coordinates>-97.214,49.777800000000006,0 -97.2044,49.777800000000006,0 -97.2044,49.783,0 -97.214,49.783,0 -97.214,49.777800000000006,0</coordinates></LinearRing></outerBoundaryIs></Polygon></Placemark>
      <Placemark><name>Patch (24,2)</name><styleUrl>#sugarStyle_0</styleUrl><Polygon><outerBoundaryIs><LinearRing><coordinates>-97.2044,49.777800000000006,0 -97.1948,49.777800000000006,0 -97.1948,49.783,0 -97.2044,49.783,0 -97.2044,49.777800000000006,0</coordinates></LinearRing></outerBoundaryIs></Polygon></Placemark>
      <Placemark><name>Patch (25,2)</name><styleUrl>#sugarStyle_0</styleUrl><Polygon><outerBoundaryIs><LinearRing><coordinates>-97.1948,49.777800000000006,0 -97.18520000000001,49.777800000000006,0 -97.18520000000001,49.783,0 -97.1948,49.783,0 -97.1948,49.777800000000006,0</coordinates></LinearRing></outerBoundaryIs></Polygon></Placemark>
      <Placemark><name>Patch (26,2)</name><styleUrl>#sugarStyle_0</styleUrl><Polygon><outerBoundaryIs><LinearRing><coordinates>-97.18520000000001,49.777800000000006,0 -97.1756,49.777800000000006,0 -97.1756,49.783,0 -97.18520000000001,49.783,0 -97.18520000000001,49.777800000000006,0</coordinates></LinearRing></outerBoundaryIs></Polygon></Placemark>
      <Placemark><name>Patch (27,2)</name><styleUrl>#sugarStyle_0</styleUrl><Polygon><outerBoundaryIs><LinearRing><coordinates>-97.1756,49.777800000000006,0 -97.16600000000001,49.777800000000006,0 -97.16600000000001,49.783,0 -97.1756,49.783,0 -97.1756,49.777800000000006,0</coordinates></LinearRing></outerBoundaryIs></Polygon></Placemark>
      <Placemark><name>Patch (28,2)</name><styleUrl>#sugarStyle_0</styleUrl><Polygon><outerBoundaryIs><LinearRing><coordinates>-97.16600000000001,49.777800000000006,0 -97.1564,49.777800000000006,0 -97.1564,49.783,0 -97.16600000000001,49.783,0 -97.16600000000001,49.777800000000006,0</coordinates></LinearRing></outerBoundaryIs></Polygon></Placemark>
      <Placemark><name>Patch (29,2)</name><styleUrl>#sugarStyle_0</styleUrl><Polygon><outerBoundaryIs><LinearRing><coordinates>-97.1564,49.777800000000006,0 -97.1468,49.777800000000006,0 -97.1468,49.783,0 -97.1564,49.783,0 -97.1564,49.777800000000006,0</coordinates></LinearRing></outerBoundaryIs></Polygon></Placemark>
      <Placemark><name>Patch (30,2)</name><styleUrl>#sugarStyle_0</styleUrl><Polygon><outerBoundaryIs><LinearRing><coordinates>-97.1468,49.777800000000006,0 -97.1372,49.777800000000006,0 -97.1372,49.783,0 -97.1468,49.783,0 -97.1468,49.777800000000006,0</coordinates></LinearRing></outerBoundaryIs></Polygon></Placemark>
      <Placemark><name>Patch (31,2)</name><styleUrl>#sugarStyle_0</styleUrl><Polygon><outerBoundaryIs><LinearRing><coordinates>-97.1372,49.777800000000006,0 -97.1276,49.777800000000006,0 -97.1276,49.783,0 -97.1372,49.783,0 -97.1372,49.777800000000006,0</coordinates></LinearRing></outerBoundaryIs></Polygon></Placemark>
      <Placemark><name>Patch (32,2)</name><styleUrl>#sugarStyle_0</styleUrl><Polygon><outerBoundaryIs><LinearRing><coordinates>-97.1276,49.777800000000006,0 -97.11800000000001,49.777800000000006,0 -97.11800000000001,49.783,0 -97.1276,49.783,0 -97.1276,49.777800000000006,0</coordinates></LinearRing></outerBoundaryIs></Polygon></Placemark>
      <Placemark><name>Patch (33,2)</name><styleUrl>#sugarStyle_0</styleUrl><Polygon><outerBoundaryIs><LinearRing><coordinates>-97.11800000000001,49.777800000000006,0 -97.1084,49.777800000000006,0 -97.1084,49.783,0 -97.11800000000001,49.783,0 -97.11800000000001,49.777800000000006,0</coordinates></LinearRing></outerBoundaryIs></Polygon></Placemark>
      <Placemark><name>Patch (34,2)</name><styleUrl>#sugarStyle_0</styleUrl><Polygon><outerBoundaryIs><LinearRing><coordinates>-97.1084,49.777800000000006,0 -97.0988,49.777800000000006,0 -97.0988,49.783,0 -97.1084,49.783,0 -97.1084,49.777800000000006,0</coordinates></LinearRing></outerBoundaryIs></Polygon></Placemark>
      <Placemark><name>Patch (35,2)</name><styleUrl>#sugarStyle_0</styleUrl><Polygon><outerBoundaryIs><LinearRing><coordinates>-97.0988,49.777800000000006,0 -97.0892,49.777800000000006,0 -97.0892,49.783,0 -97.0988,49.783,0 -97.0988,49.777800000000006,0</coordinates></LinearRing></outerBoundaryIs></Polygon></Placemark>
      <Placemark><name>Patch (36,2)</name><styleUrl>#sugarStyle_0</styleUrl><Polygon><outerBoundaryIs><LinearRing><coordinates>-97.0892,49.777800000000006,0 -97.0796,49.777800000000006,0 -97.0796,49.783,0 -97.0892,49.783,0 -97.0892,49.777800000000006,0</coordinates></LinearRing></outerBoundaryIs></Polygon></Placemark>
      <Placemark><name>Patch (37,2)</name><styleUrl>#sugarStyle_0</styleUrl><Polygon><outerBoundaryIs><LinearRing><coordinates>-97.0796,49.777800000000006,0 -97.07000000000001,49.777800000000006,0 -97.07000000000001,49.783,0 -97.0796,49.783,0 -97.0796,49.777800000000006,0</coordinates></LinearRing></outerBoundaryIs></Polygon></Placemark>
      <Placemark><name>Patch (38,2)</name><styleUrl>#sugarStyle_0</styleUrl><Polygon><outerBoundaryIs><LinearRing><coordinates>-97.07000000000001,49.777800000000006,0 -97.0604,49.777800000000006,0 -97.0604,49.783,0 -97.07000000000001,49.783,0 -97.07000000000001,49.777800000000006,0</coordinates></LinearRing></outerBoundaryIs></Polygon></Placemark>
      <Placemark><name>Patch (39,2)</name><styleUrl>#sugarStyle_0</styleUrl><Polygon><outerBoundaryIs><LinearRing><coordinates>-97.0604,49.777800000000006,0 -97.05080000000001,49.777800000000006,0 -97.05080000000001,49.783,0 -97.0604,49.783,0 -97.0604,49.777800000000006,0</coordinates></LinearRing></outerBoundaryIs></Polygon></Placemark>
      <Placemark><name>Patch (40,2)</name><styleUrl>#sugarStyle_0</styleUrl><Polygon><outerBoundaryIs><LinearRing><coordinates>-97.05080000000001,49.777800000000006,0 -97.0412,49.777800000000006,0 -97.0412,49.783,0 -97.05080000000001,49.783,0 -97.05080000000001,49.777800000000006,0</coordinates></LinearRing></outerBoundaryIs></Polygon></Placemark>
      <Placemark><name>Patch (41,2)</name><styleUrl>#sugarStyle_0</styleUrl><Polygon><outerBoundaryIs><LinearRing><coordinates>-97.0412,49.777800000000006,0 -97.0316,49.777800000000006,0 -97.0316,49.783,0 -97.0412,49.783,0 -97.0412,49.777800000000006,0</coordinates></LinearRing></outerBoundaryIs></Polygon></Placemark>
      <Placemark><name>Patch (42,2)</name><styleUrl>#sugarStyle_0</styleUrl><Polygon><outerBoundaryIs><LinearRing><coordinates>-97.0316,49.777800000000006,0 -97.022,49.777800000000006,0 -97.022,49.783,0 -97.0316,49.783,0 -97.0316,49.777800000000006,0</coordinates></LinearRing></outerBoundaryIs></Polygon></Placemark>
      <Placemark><name>Patch (43,2)</name><styleUrl>#sugarStyle_0</styleUrl><Polygon><outerBoundaryIs><LinearRing><coordinates>-97.022,49.777800000000006,0 -97.0124,49.777800000000006,0 -97.0124,49.783,0 -97.022,49.783,0 -97.022,49.777800000000006,0</coordinates></LinearRing></outerBoundaryIs></Polygon></Placemark>
      <Placemark><name>Patch (44,2)</name><styleUrl>#sugarStyle_0</styleUrl><Polygon><outerBoundaryIs><LinearRing><coordinates>-97.0124,49.777800000000006,0 -97.00280000000001,49.777800000000006,0 -97.00280000000001,49.783,0 -97.0124,49.783,0 -97.0124,49.777800000000006,0</coordinates></LinearRing></outerBoundaryIs></Polygon></Placemark>
      <Placemark><name>Patch (45,2)</name><styleUrl>#sugarStyle_0</styleUrl><Polygon><outerBoundaryIs><LinearRing><coordinates>-97.00280000000001,49.777800000000006,0 -96.9932,49.777800000000006,0 -96.9932,49.783,0 -97.00280000000001,49.783,0 -97.00280000000001,49.777800000000006,0</coordinates></LinearRing></outerBoundaryIs></Polygon></Placemark>
      <Placemark><name>Patch (46,2)</name><styleUrl>#sugarStyle_0</styleUrl><Polygon><outerBoundaryIs><LinearRing><coordinates>-96.9932,49.777800000000006,0 -96.98360000000001,49.777800000000006,0 -96.98360000000001,49.783,0 -96.9932,49.783,0 -96.9932,49.777800000000006,0</coordinates></LinearRing></outerBoundaryIs></Polygon></Placemark>
      <Placemark><name>Patch (47,2)</name><styleUrl>#sugarStyle_0</styleUrl><Polygon><outerBoundaryIs><LinearRing><coordinates>-96.98360000000001,49.777800000000006,0 -96.974,49.777800000000006,0 -96.974,49.783,0 -96.98360000000001,49.783,0 -96.98360000000001,49.777800000000006,0</coordinates></LinearRing></outerBoundaryIs></Polygon></Placemark>
      <Placemark><name>Patch (48,2)</name><styleUrl>#sugarStyle_0</styleUrl><Polygon><outerBoundaryIs><LinearRing><coordinates>-96.974,49.777800000000006,0 -96.9644,49.777800000000006,0 -96.9644,49.783,0 -96.974,49.783,0 -96.974,49.777800000000006,0</coordinates></LinearRing></outerBoundaryIs></Polygon></Placemark>
      <Placemark><name>Patch (49,2)</name><styleUrl>#sugarStyle_0</styleUrl><Polygon><outerBoundaryIs><LinearRing><coordinates>-96.9644,49.777800000000006,0 -96.9548,49.777800000000006,0 -96.9548,49.783,0 -96.9644,49.783,0 -96.9644,49.777800000000006,0</coordinates></LinearRing></outerBoundaryIs></Polygon></Placemark>
      <Placemark><name>Patch (50,2)</name><styleUrl>#sugarStyle_0</styleUrl><Polygon><outerBoundaryIs><LinearRing><coordinates>-96.9548,49.777800000000006,0 -96.9452,49.777800000000006,0 -96.9452,49.783,0 -96.9548,49.783,0 -96.9548,49.777800000000006,0</coordinates></LinearRing></outerBoundaryIs></Polygon></Placemark>
      <Placemark><name>Patch (0,3)</name><styleUrl>#sugarStyle_0</styleUrl><Polygon><outerBoundaryIs><LinearRing><coordinates>-97.43480000000001,49.783,0 -97.4252,49.783,0 -97.4252,49.7882,0 -97.43480000000001,49.7882,0 -97.43480000000001,49.783,0</coordinates></LinearRing></outerBoundaryIs></Polygon></Placemark>
      <Placemark><name>Patch (1,3)</name><styleUrl>#sugarStyle_0</styleUrl><Polygon><outerBoundaryIs><LinearRing><coordinates>-97.4252,49.783,0 -97.41560000000001,49.783,0 -97.41560000000001,49.7882,0 -97.4252,49.7882,0 -97.4252,49.783,0</coordinates></LinearRing></outerBoundaryIs></Polygon></Placemark>
      <Placemark><name>Patch (2,3)</name><styleUrl>#sugarStyle_0</styleUrl><Polygon><outerBoundaryIs><LinearRing><coordinates>-97.41560000000001,49.783,0 -97.406,49.783,0 -97.406,49.7882,0 -97.41560000000001,49.7882,0 -97.41560000000001,49.783,0</coordinates></LinearRing></outerBoundaryIs></Polygon></Placemark>
      <Placemark><name>Patch (3,3)</name><styleUrl>#sugarStyle_0</styleUrl><Polygon><outerBoundaryIs><LinearRing><coordinates>-97.406,49.783,0 -97.3964,49.783,0 -97.3964,49.7882,0 -97.406,49.7882,0 -97.406,49.783,0</coordinates></LinearRing></outerBoundaryIs></Polygon></Placemark>
      <Placemark><name>Patch (4,3)</name><styleUrl>#sugarStyle_0</styleUrl><Polygon><outerBoundaryIs><LinearRing><coordinates>-97.3964,49.783,0 -97.38680000000001,49.783,0 -97.38680000000001,49.7882,0 -97.3964,49.7882,0 -97.3964,49.783,0</coordinates></LinearRing></outerBoundaryIs></Polygon></Placemark>
      <Placemark><name>Patch (5,3)</name><styleUrl>#sugarStyle_0</styleUrl><Polygon><outerBoundaryIs><LinearRing><coordinates>-97.38680000000001,49.783,0 -97.3772,49.783,0 -97.3772,49.7882,0 -97.38680000000001,49.7882,0 -97.38680000000001,49.783,0</coordinates></LinearRing></outerBoundaryIs></Polygon></Placemark>
      <Placemark><name>Patch (6,3)</name><styleUrl>#sugarStyle_0</styleUrl><Polygon><outerBoundaryIs><LinearRing><coordinates>-97.3772,49.783,0 -97.36760000000001,49.783,0 -97.36760000000001,49.7882,0 -97.3772,49.7882,0 -97.3772,49.783,0</coordinates></LinearRing></outerBoundaryIs></Polygon></Placemark>
      <Placemark><name>Patch (7,3)</name><styleUrl>#sugarStyle_0</styleUrl><Polygon><outerBoundaryIs><LinearRing><coordinates>-97.36760000000001,49.783,0 -97.358,49.783,0 -97.358,49.7882,0 -97.36760000000001,49.7882,0 -97.36760000000001,49.783,0</coordinates></LinearRing></outerBoundaryIs></Polygon></Placemark>
      <Placemark><name>Patch (8,3)</name><styleUrl>#sugarStyle_0</styleUrl><Polygon><outerBoundaryIs><LinearRing><coordinates>-97.358,49.783,0 -97.34840000000001,49.783,0 -97.34840000000001,49.7882,0 -97.358,49.7882,0 -97.358,49.783,0</coordinates></LinearRing></outerBoundaryIs></Polygon></Placemark>
      <Placemark><name>Patch (9,3)</name><styleUrl>#sugarStyle_0</styleUrl><Polygon><outerBoundaryIs><LinearRing><coordinates>-97.34840000000001,49.783,0 -97.3388,49.783,0 -97.3388,49.7882,0 -97.34840000000001,49.7882,0 -97.34840000000001,49.783,0</coordinates></LinearRing></outerBoundaryIs></Polygon></Placemark>
      <Placemark><name>Patch (10,3)</name><styleUrl>#sugarStyle_0</styleUrl><Polygon><outerBoundaryIs><LinearRing><coordinates>-97.3388,49.783,0 -97.3292,49.783,0 -97.3292,49.7882,0 -97.3388,49.7882,0 -97.3388,49.783,0</coordinates></LinearRing></outerBoundaryIs></Polygon></Placemark>
      <Placemark><name>Patch (11,3)</name><styleUrl>#sugarStyle_0</styleUrl><Polygon><outerBoundaryIs><LinearRing><coordinates>-97.3292,49.783,0 -97.31960000000001,49.783,0 -97.31960000000001,49.7882,0 -97.3292,49.7882,0 -97.3292,49.783,0</coordinates></LinearRing></outerBoundaryIs></Polygon></Placemark>
      <Placemark><name>Patch (12,3)</name><styleUrl>#sugarStyle_0</styleUrl><Polygon><outerBoundaryIs><LinearRing><coordinates>-97.31960000000001,49.783,0 -97.31,49.783,0 -97.31,49.7882,0 -97.31960000000001,49.7882,0 -97.31960000000001,49.783,0</coordinates></LinearRing></outerBoundaryIs></Polygon></Placemark>
      <Placemark><name>Patch (13,3)</name><styleUrl>#sugarStyle_0</styleUrl><Polygon><outerBoundaryIs><LinearRing><coordinates>-97.31,49.783,0 -97.30040000000001,49.783,0 -97.30040000000001,49.7882,0 -97.31,49.7882,0 -97.31,49.783,0</coordinates></LinearRing></outerBoundaryIs></Polygon></Placemark>
      <Placemark><name>Patch (14,3)</name><styleUrl>#sugarStyle_0</styleUrl><Polygon><outerBoundaryIs><LinearRing><coordinates>-97.30040000000001,49.783,0 -97.2908,49.783,0 -97.2908,49.7882,0 -97.30040000000001,49.7882,0 -97.30040000000001,49.783,0</coordinates></LinearRing></outerBoundaryIs></Polygon></Placemark>
      <Placemark><name>Patch (15,3)</name><styleUrl>#sugarStyle_0</styleUrl><Polygon><outerBoundaryIs><LinearRing><coordinates>-97.2908,49.783,0 -97.28120000000001,49.783,0 -97.28120000000001,49.7882,0 -97.2908,49.7882,0 -97.2908,49.783,0</coordinates></LinearRing></outerBoundaryIs></Polygon></Placemark>
      <Placemark><name>Patch (16,3)</name><styleUrl>#sugarStyle_0</styleUrl><Polygon><outerBoundaryIs><LinearRing><coordinates>-97.28120000000001,49.783,0 -97.2716,49.783,0 -97.2716,49.7882,0 -97.28120000000001,49.7882,0 -97.28120000000001,49.783,0</coordinates></LinearRing></outerBoundaryIs></Polygon></Placemark>
      <Placemark><name>Patch (17,3)</name><styleUrl>#sugarStyle_0</styleUrl><Polygon><outerBoundaryIs><LinearRing><coordinates>-97.2716,49.783,0 -97.262,49.783,0 -97.262,49.7882,0 -97.2716,49.7882,0 -97.2716,49.783,0</coordinates></LinearRing></outerBoundaryIs></Polygon></Placemark>
      <Placemark><name>Patch (18,3)</name><styleUrl>#sugarStyle_0</styleUrl><Polygon><outerBoundaryIs><LinearRing><coordinates>-97.262,49.783,0 -97.25240000000001,49.783,0 -97.25240000000001,49.7882,0 -97.262,49.7882,0 -97.262,49.783,0</coordinates></LinearRing></outerBoundaryIs></Polygon></Placemark>
      <Placemark><name>Patch (19,3)</name><styleUrl>#sugarStyle_0</styleUrl><Polygon><outerBoundaryIs><LinearRing><coordinates>-97.25240000000001,49.783,0 -97.2428,49.783,0 -97.2428,49.7882,0 -97.25240000000001,49.7882,0 -97.25240000000001,49.783,0</coordinates></LinearRing></outerBoundaryIs></Polygon></Placemark>
      <Placemark><name>Patch (20,3)</name><styleUrl>#sugarStyle_0</styleUrl><Polygon><outerBoundaryIs><LinearRing><coordinates>-97.2428,49.783,0 -97.23320000000001,49.783,0 -97.23320000000001,49.7882,0 -97.2428,49.7882,0 -97.2428,49.783,0</coordinates></LinearRing></outerBoundaryIs></Polygon></Placemark>
      <Placemark><name>Patch (21,3)</name><styleUrl>#sugarStyle_0</styleUrl><Polygon><outerBoundaryIs><LinearRing><coordinates>-97.23320000000001,49.783,0 -97.2236,49.783,0 -97.2236,49.7882,0 -97.23320000000001,49.7882,0 -97.23320000000001,49.783,0</coordinates></LinearRing></outerBoundaryIs></Polygon></Placemark>
      <Placemark><name>Patch (22,3)</name><styleUrl>#sugarStyle_0</styleUrl><Polygon><outerBoundaryIs><LinearRing><coordinates>-97.2236,49.783,0 -97.214,49.783,0 -97.214,49.7882,0 -97.2236,49.7882,0 -97.2236,49.783,0</coordinates></LinearRing></outerBoundaryIs></Polygon></Placemark>
      <Placemark><name>Patch (23,3)</name><styleUrl>#sugarStyle_0</styleUrl><Polygon><outerBoundaryIs><LinearRing><coordinates>-97.214,49.783,0 -97.2044,49.783,0 -97.2044,49.7882,0 -97.214,49.7882,0 -97.214,49.783,0</coordinates></LinearRing></outerBoundaryIs></Polygon></Placemark>
      <Placemark><name>Patch (24,3)</name><styleUrl>#sugarStyle_0</styleUrl><Polygon><outerBoundaryIs><LinearRing><coordinates>-97.2044,49.783,0 -97.1948,49.783,0 -97.1948,49.7882,0 -97.2044,49.7882,0 -97.2044,49.783,0</coordinates></LinearRing></outerBoundaryIs></Polygon></Placemark>
      <Placemark><name>Patch (25,3)</name><styleUrl>#sugarStyle_0</styleUrl><Polygon><outerBoundaryIs><LinearRing><coordinates>-97.1948,49.783,0 -97.18520000000001,49.783,0 -97.18520000000001,49.7882,0 -97.1948,49.7882,0 -97.1948,49.783,0</coordinates></LinearRing></outerBoundaryIs></Polygon></Placemark>
      <Placemark><name>Patch (26,3)</name><styleUrl>#sugarStyle_0</styleUrl><Polygon><outerBoundaryIs><LinearRing><coordinates>-97.18520000000001,49.783,0 -97.1756,49.783,0 -97.1756,49.7882,0 -97.18520000000001,49.7882,0 -97.18520000000001,49.783,0</coordinates></LinearRing></outerBoundaryIs></Polygon></Placemark>
      <Placemark><name>Patch (27,3)</name><styleUrl>#sugarStyle_0</styleUrl><Polygon><outerBoundaryIs><LinearRing><coordinates>-97.1756,49.783,0 -97.16600000000001,49.783,0 -97.16600000000001,49.7882,0 -97.1756,49.7882,0 -97.1756,49.783,0</coordinates></LinearRing></outerBoundaryIs></Polygon></Placemark>
      <Placemark><name>Patch (28,3)</name><styleUrl>#sugarStyle_0</styleUrl><Polygon><outerBoundaryIs><LinearRing><coordinates>-97.16600000000001,49.783,0 -97.1564,49.783,0 -97.1564,49.7882,0 -97.16600000000001,49.7882,0 -97.16600000000001,49.783,0</coordinates></LinearRing></outerBoundaryIs></Polygon></Placemark>
      <Placemark><name>Patch (29,3)</name><styleUrl>#sugarStyle_0</styleUrl><Polygon><outerBoundaryIs><LinearRing><coordinates>-97.1564,49.783,0 -97.1468,49.783,0 -97.1468,49.7882,0 -97.1564,49.7882,0 -97.1564,49.783,0</coordinates></LinearRing></outerBoundaryIs></Polygon></Placemark>
      <Placemark><name>Patch (30,3)</name><styleUrl>#sugarStyle_0</styleUrl><Polygon><outerBoundaryIs><LinearRing><coordinates>-97.1468,49.783,0 -97.1372,49.783,0 -97.1372,49.7882,0 -97.1468,49.7882,0 -97.1468,49.783,0</coordinates></LinearRing></outerBoundaryIs></Polygon></Placemark>
      <Placemark><name>Patch (31,3)</name><styleUrl>#sugarStyle_0</styleUrl><Polygon><outerBoundaryIs><LinearRing><coordinates>-97.1372,49.783,0 -97.1276,49.783,0 -97.1276,49.7882,0 -97.1372,49.7882,0 -97.1372,49.783,0</coordinates></LinearRing></outerBoundaryIs></Polygon></Placemark>
      <Placemark><name>Patch (32,3)</name><styleUrl>#sugarStyle_0</styleUrl><Polygon><outerBoundaryIs><LinearRing><coordinates>-97.1276,49.783,0 -97.11800000000001,49.783,0 -97.11800000000001,49.7882,0 -97.1276,49.7882,0 -97.1276,49.783,0</coordinates></LinearRing></outerBoundaryIs></Polygon></Placemark>
      <Placemark><name>Patch (33,3)</name><styleUrl>#sugarStyle_0</styleUrl><Polygon><outerBoundaryIs><LinearRing><coordinates>-97.11800000000001,49.783,0 -97.1084,49.783,0 -97.1084,49.7882,0 -97.11800000000001,49.7882,0 -97.11800000000001,49.783,0</coordinates></LinearRing></outerBoundaryIs></Polygon></Placemark>
      <Placemark><name>Patch (34,3)</name><styleUrl>#sugarStyle_0</styleUrl><Polygon><outerBoundaryIs><LinearRing><coordinates>-97.1084,49.783,0 -97.0988,49.783,0 -97.0988,49.7882,0 -97.1084,49.7882,0 -97.1084,49.783,0</coordinates></LinearRing></outerBoundaryIs></Polygon></Placemark>
      <Placemark><name>Patch (35,3)</name><styleUrl>#sugarStyle_0</styleUrl><Polygon><outerBoundaryIs><LinearRing><coordinates>-97.0988,49.783,0 -97.0892,49.783,0 -97.0892,49.7882,0 -97.0988,49.7882,0 -97.0988,49.783,0</coordinates></LinearRing></outerBoundaryIs></Polygon></Placemark>
      <Placemark><name>Patch (36,3)</name><styleUrl>#sugarStyle_0</styleUrl><Polygon><outerBoundaryIs><LinearRing><coordinates>-97.0892,49.783,0 -97.0796,49.783,0 -97.0796,49.7882,0 -97.0892,49.7882,0 -97.0892,49.783,0</coordinates></LinearRing></outerBoundaryIs></Polygon></Placemark>
      <Placemark><name>Patch (37,3)</name><styleUrl>#sugarStyle_0</styleUrl><Polygon><outerBoundaryIs><LinearRing><coordinates>-97.0796,49.783,0 -97.07000000000001,49.783,0 -97.07000000000001,49.7882,0 -97.0796,49.7882,0 -97.0796,49.783,0</coordinates></LinearRing></outerBoundaryIs></Polygon></Placemark>
      <Placemark><name>Patch (38,3)</name><styleUrl>#sugarStyle_0</styleUrl><Polygon><outerBoundaryIs><LinearRing><coordinates>-97.07000000000001,49.783,0 -97.0604,49.783,0 -97.0604,49.7882,0 -97.07000000000001,49.7882,0 -97.07000000000001,49.783,0</coordinates></LinearRing></outerBoundaryIs></Polygon></Placemark>
      <Placemark><name>Patch (39,3)</name><styleUrl>#sugarStyle_0</styleUrl><Polygon><outerBoundaryIs><LinearRing><coordinates>-97.0604,49.783,0 -97.05080000000001,49.783,0 -97.05080000000001,49.7882,0 -97.0604,49.7882,0 -97.0604,49.783,0</coordinates></LinearRing></outerBoundaryIs></Polygon></Placemark>
      <Placemark><name>Patch (40,3)</name><styleUrl>#sugarStyle_0</styleUrl><Polygon><outerBoundaryIs><LinearRing><coordinates>-97.05080000000001,49.783,0 -97.0412,49.783,0 -97.0412,49.7882,0 -97.05080000000001,49.7882,0 -97.05080000000001,49.783,0</coordinates></LinearRing></outerBoundaryIs></Polygon></Placemark>
      <Placemark><name>Patch (41,3)</name><styleUrl>#sugarStyle_0</styleUrl><Polygon><outerBoundaryIs><LinearRing><coordinates>-97.0412,49.783,0 -97.0316,49.783,0 -97.0316,49.7882,0 -97.0412,49.7882,0 -97.0412,49.783,0</coordinates></LinearRing></outerBoundaryIs></Polygon></Placemark>
      <Placemark><name>Patch (42,3)</name><styleUrl>#sugarStyle_0</styleUrl><Polygon><outerBoundaryIs><LinearRing><coordinates>-97.0316,49.783,0 -97.022,49.783,0 -97.022,49.7882,0 -97.0316,49.7882,0 -97.0316,49.783,0</coordinates></LinearRing></outerBoundaryIs></Polygon></Placemark>
      <Placemark><name>Patch (43,3)</name><styleUrl>#sugarStyle_0</styleUrl><Polygon><outerBoundaryIs><LinearRing><coordinates>-97.022,49.783,0 -97.0124,49.783,0 -97.0124,49.7882,0 -97.022,49.7882,0 -97.022,49.783,0</coordinates></LinearRing></outerBoundaryIs></Polygon></Placemark>
      <Placemark><name>Patch (44,3)</name><styleUrl>#sugarStyle_0</styleUrl><Polygon><outerBoundaryIs><LinearRing><coordinates>-97.0124,49.783,0 -97.00280000000001,49.783,0 -97.00280000000001,49.7882,0 -97.0124,49.7882,0 -97.0124,49.783,0</coordinates></LinearRing></outerBoundaryIs></Polygon></Placemark>
      <Placemark><name>Patch (45,3)</name><styleUrl>#sugarStyle_0</styleUrl><Polygon><outerBoundaryIs><LinearRing><coordinates>-97.00280000000001,49.783,0 -96.9932,49.783,0 -96.9932,49.7882,0 -97.00280000000001,49.7882,0 -97.00280000000001,49.783,0</coordinates></LinearRing></outerBoundaryIs></Polygon></Placemark>
      <Placemark><name>Patch (46,3)</name><styleUrl>#sugarStyle_0</styleUrl><Polygon><outerBoundaryIs><LinearRing><coordinates>-96.9932,49.783,0 -96.98360000000001,49.783,0 -96.98360000000001,49.7882,0 -96.9932,49.7882,0 -96.9932,49.783,0</coordinates></LinearRing></outerBoundaryIs></Polygon></Placemark>
      <Placemark><name>Patch (47,3)</name><styleUrl>#sugarStyle_0</styleUrl><Polygon><outerBoundaryIs><LinearRing><coordinates>-96.98360000000001,49.783,0 -96.974,49.783,0 -96.974,49.7882,0 -96.98360000000001,49.7882,0 -96.98360000000001,49.783,0</coordinates></LinearRing></outerBoundaryIs></Polygon></Placemark>
      <Placemark><name>Patch (48,3)</name><styleUrl>#sugarStyle_0</styleUrl><Polygon><outerBoundaryIs><LinearRing><coordinates>-96.974,49.783,0 -96.9644,49.783,0 -96.9644,49.7882,0 -96.974,49.7882,0 -96.974,49.783,0</coordinates></LinearRing></outerBoundaryIs></Polygon></Placemark>
      <Placemark><name>Patch (49,3)</name><styleUrl>#sugarStyle_0</styleUrl><Polygon><outerBoundaryIs><LinearRing><coordinates>-96.9644,49.783,0 -96.9548,49.783,0 -96.9548,49.7882,0 -96.9644,49.7882,0 -96.9644,49.783,0</coordinates></LinearRing></outerBoundaryIs></Polygon></Placemark>
      <Placemark><name>Patch (50,3)</name><styleUrl>#sugarStyle_0</styleUrl><Polygon><outerBoundaryIs><LinearRing><coordinates>-96.9548,49.783,0 -96.9452,49.783,0 -96.9452,49.7882,0 -96.9548,49.7882,0 -96.9548,49.783,0</coordinates></LinearRing></outerBoundaryIs></Polygon></Placemark>
      <Placemark><name>Patch (0,4)</name><styleUrl>#sugarStyle_0</styleUrl><Polygon><outerBoundaryIs><LinearRing><coordinates>-97.43480000000001,49.7882,0 -97.4252,49.7882,0 -97.4252,49.793400000000005,0 -97.43480000000001,49.793400000000005,0 -97.43480000000001,49.7882,0</coordinates></LinearRing></outerBoundaryIs></Polygon></Placemark>
      <Placemark><name>Patch (1,4)</name><styleUrl>#sugarStyle_0</styleUrl><Polygon><outerBoundaryIs><LinearRing><coordinates>-97.4252,49.7882,0 -97.41560000000001,49.7882,0 -97.41560000000001,49.793400000000005,0 -97.4252,49.793400000000005,0 -97.4252,49.7882,0</coordinates></LinearRing></outerBoundaryIs></Polygon></Placemark>
      <Placemark><name>Patch (2,4)</name><styleUrl>#sugarStyle_0</styleUrl><Polygon><outerBoundaryIs><LinearRing><coordinates>-97.41560000000001,49.7882,0 -97.406,49.7882,0 -97.406,49.793400000000005,0 -97.41560000000001,49.793400000000005,0 -97.41560000000001,49.7882,0</coordinates></LinearRing></outerBoundaryIs></Polygon></Placemark>
      <Placemark><name>Patch (3,4)</name><styleUrl>#sugarStyle_0</styleUrl><Polygon><outerBoundaryIs><LinearRing><coordinates>-97.406,49.7882,0 -97.3964,49.7882,0 -97.3964,49.793400000000005,0 -97.406,49.793400000000005,0 -97.406,49.7882,0</coordinates></LinearRing></outerBoundaryIs></Polygon></Placemark>
      <Placemark><name>Patch (4,4)</name><styleUrl>#sugarStyle_0</styleUrl><Polygon><outerBoundaryIs><LinearRing><coordinates>-97.3964,49.7882,0 -97.38680000000001,49.7882,0 -97.38680000000001,49.793400000000005,0 -97.3964,49.793400000000005,0 -97.3964,49.7882,0</coordinates></LinearRing></outerBoundaryIs></Polygon></Placemark>
      <Placemark><name>Patch (5,4)</name><styleUrl>#sugarStyle_0</styleUrl><Polygon><outerBoundaryIs><LinearRing><coordinates>-97.38680000000001,49.7882,0 -97.3772,49.7882,0 -97.3772,49.793400000000005,0 -97.38680000000001,49.793400000000005,0 -97.38680000000001,49.7882,0</coordinates></LinearRing></outerBoundaryIs></Polygon></Placemark>
      <Placemark><name>Patch (6,4)</name><styleUrl>#sugarStyle_0</styleUrl><Polygon><outerBoundaryIs><LinearRing><coordinates>-97.3772,49.7882,0 -97.36760000000001,49.7882,0 -97.36760000000001,49.793400000000005,0 -97.3772,49.793400000000005,0 -97.3772,49.7882,0</coordinates></LinearRing></outerBoundaryIs></Polygon></Placemark>
      <Placemark><name>Patch (7,4)</name><styleUrl>#sugarStyle_0</styleUrl><Polygon><outerBoundaryIs><LinearRing><coordinates>-97.36760000000001,49.7882,0 -97.358,49.7882,0 -97.358,49.793400000000005,0 -97.36760000000001,49.793400000000005,0 -97.36760000000001,49.7882,0</coordinates></LinearRing></outerBoundaryIs></Polygon></Placemark>
      <Placemark><name>Patch (8,4)</name><styleUrl>#sugarStyle_0</styleUrl><Polygon><outerBoundaryIs><LinearRing><coordinates>-97.358,49.7882,0 -97.34840000000001,49.7882,0 -97.34840000000001,49.793400000000005,0 -97.358,49.793400000000005,0 -97.358,49.7882,0</coordinates></LinearRing></outerBoundaryIs></Polygon></Placemark>
      <Placemark><name>Patch (9,4)</name><styleUrl>#sugarStyle_0</styleUrl><Polygon><outerBoundaryIs><LinearRing><coordinates>-97.34840000000001,49.7882,0 -97.3388,49.7882,0 -97.3388,49.793400000000005,0 -97.34840000000001,49.793400000000005,0 -97.34840000000001,49.7882,0</coordinates></LinearRing></outerBoundaryIs></Polygon></Placemark>
      <Placemark><name>Patch (10,4)</name><styleUrl>#sugarStyle_0</styleUrl><Polygon><outerBoundaryIs><LinearRing><coordinates>-97.3388,49.7882,0 -97.3292,49.7882,0 -97.3292,49.793400000000005,0 -97.3388,49.793400000000005,0 -97.3388,49.7882,0</coordinates></LinearRing></outerBoundaryIs></Polygon></Placemark>
      <Placemark><name>Patch (11,4)</name><styleUrl>#sugarStyle_0</styleUrl><Polygon><outerBoundaryIs><LinearRing><coordinates>-97.3292,49.7882,0 -97.31960000000001,49.7882,0 -97.31960000000001,49.793400000000005,0 -97.3292,49.793400000000005,0 -97.3292,49.7882,0</coordinates></LinearRing></outerBoundaryIs></Polygon></Placemark>
      <Placemark><name>Patch (12,4)</name><styleUrl>#sugarStyle_0</styleUrl><Polygon><outerBoundaryIs><LinearRing><coordinates>-97.31960000000001,49.7882,0 -97.31,49.7882,0 -97.31,49.793400000000005,0 -97.31960000000001,49.793400000000005,0 -97.31960000000001,49.7882,0</coordinates></LinearRing></outerBoundaryIs></Polygon></Placemark>
      <Placemark><name>Patch (13,4)</name><styleUrl>#sugarStyle_0</styleUrl><Polygon><outerBoundaryIs><LinearRing><coordinates>-97.31,49.7882,0 -97.30040000000001,49.7882,0 -97.30040000000001,49.793400000000005,0 -97.31,49.793400000000005,0 -97.31,49.7882,0</coordinates></LinearRing></outerBoundaryIs></Polygon></Placemark>
      <Placemark><name>Patch (14,4)</name><styleUrl>#sugarStyle_0</styleUrl><Polygon><outerBoundaryIs><LinearRing><coordinates>-97.30040000000001,49.7882,0 -97.2908,49.7882,0 -97.2908,49.793400000000005,0 -97.30040000000001,49.793400000000005,0 -97.30040000000001,49.7882,0</coordinates></LinearRing></outerBoundaryIs></Polygon></Placemark>
      <Placemark><name>Patch (15,4)</name><styleUrl>#sugarStyle_0</styleUrl><Polygon><outerBoundaryIs><LinearRing><coordinates>-97.2908,49.7882,0 -97.28120000000001,49.7882,0 -97.28120000000001,49.793400000000005,0 -97.2908,49.793400000000005,0 -97.2908,49.7882,0</coordinates></LinearRing></outerBoundaryIs></Polygon></Placemark>
      <Placemark><name>Patch (16,4)</name><styleUrl>#sugarStyle_0</styleUrl><Polygon><outerBoundaryIs><LinearRing><coordinates>-97.28120000000001,49.7882,0 -97.2716,49.7882,0 -97.2716,49.793400000000005,0 -97.28120000000001,49.793400000000005,0 -97.28120000000001,49.7882,0</coordinates></LinearRing></outerBoundaryIs></Polygon></Placemark>
      <Placemark><name>Patch (17,4)</name><styleUrl>#sugarStyle_0</styleUrl><Polygon><outerBoundaryIs><LinearRing><coordinates>-97.2716,49.7882,0 -97.262,49.7882,0 -97.262,49.793400000000005,0 -97.2716,49.793400000000005,0 -97.2716,49.7882,0</coordinates></LinearRing></outerBoundaryIs></Polygon></Placemark>
      <Placemark><name>Patch (18,4)</name><styleUrl>#sugarStyle_0</styleUrl><Polygon><outerBoundaryIs><LinearRing><coordinates>-97.262,49.7882,0 -97.25240000000001,49.7882,0 -97.25240000000001,49.793400000000005,0 -97.262,49.793400000000005,0 -97.262,49.7882,0</coordinates></LinearRing></outerBoundaryIs></Polygon></Placemark>
      <Placemark><name>Patch (19,4)</name><styleUrl>#sugarStyle_0</styleUrl><Polygon><outerBoundaryIs><LinearRing><coordinates>-97.25240000000001,49.7882,0 -97.2428,49.7882,0 -97.2428,49.793400000000005,0 -97.25240000000001,49.793400000000005,0 -97.25240000000001,49.7882,0</coordinates></LinearRing></outerBoundaryIs></Polygon></Placemark>
      <Placemark><name>Patch (20,4)</name><styleUrl>#sugarStyle_0</styleUrl><Polygon><outerBoundaryIs><LinearRing><coordinates>-97.2428,49.7882,0 -97.23320000000001,49.7882,0 -97.23320000000001,49.793400000000005,0 -97.2428,49.793400000000005,0 -97.2428,49.7882,0</coordinates></LinearRing></outerBoundaryIs></Polygon></Placemark>
      <Placemark><name>Patch (21,4)</name><styleUrl>#sugarStyle_0</styleUrl><Polygon><outerBoundaryIs><LinearRing><coordinates>-97.23320000000001,49.7882,0 -97.2236,49.7882,0 -97.2236,49.793400000000005,0 -97.23320000000001,49.793400000000005,0 -97.23320000000001,49.7882,0</coordinates></LinearRing></outerBoundaryIs></Polygon></Placemark>
      <Placemark><name>Patch (22,4)</name><styleUrl>#sugarStyle_0</styleUrl><Polygon><outerBoundaryIs><LinearRing><coordinates>-97.2236,49.7882,0 -97.214,49.7882,0 -97.214,49.793400000000005,0 -97.2236,49.793400000000005,0 -97.2236,49.7882,0</coordinates></LinearRing></outerBoundaryIs></Polygon></Placemark>
      <Placemark><name>Patch (23,4)</name><styleUrl>#sugarStyle_0</styleUrl><Polygon><outerBoundaryIs><LinearRing><coordinates>-97.214,49.7882,0 -97.2044,49.7882,0 -97.2044,49.793400000000005,0 -97.214,49.793400000000005,0 -97.214,49.7882,0</coordinates></LinearRing></outerBoundaryIs></Polygon></Placemark>
      <Placemark><name>Patch (24,4)</name><styleUrl>#sugarStyle_0</styleUrl><Polygon><outerBoundaryIs><LinearRing><coordinates>-97.2044,49.7882,0 -97.1948,49.7882,0 -97.1948,49.793400000000005,0 -97.2044,49.793400000000005,0 -97.2044,49.7882,0</coordinates></LinearRing></outerBoundaryIs></Polygon></Placemark>
      <Placemark><name>Patch (25,4)</name><styleUrl>#sugarStyle_0</styleUrl><Polygon><outerBoundaryIs><LinearRing><coordinates>-97.1948,49.7882,0 -97.18520000000001,49.7882,0 -97.18520000000001,49.793400000000005,0 -97.1948,49.793400000000005,0 -97.1948,49.7882,0</coordinates></LinearRing></outerBoundaryIs></Polygon></Placemark>
      <Placemark><name>Patch (26,4)</name><styleUrl>#sugarStyle_0</styleUrl><Polygon><outerBoundaryIs><LinearRing><coordinates>-97.18520000000001,49.7882,0 -97.1756,49.7882,0 -97.1756,49.793400000000005,0 -97.18520000000001,49.793400000000005,0 -97.18520000000001,49.7882,0</coordinates></LinearRing></outerBoundaryIs></Polygon></Placemark>
      <Placemark><name>Patch (27,4)</name><styleUrl>#sugarStyle_0</styleUrl><Polygon><outerBoundaryIs><LinearRing><coordinates>-97.1756,49.7882,0 -97.16600000000001,49.7882,0 -97.16600000000001,49.793400000000005,0 -97.1756,49.793400000000005,0 -97.1756,49.7882,0</coordinates></LinearRing></outerBoundaryIs></Polygon></Placemark>
      <Placemark><name>Patch (28,4)</name><styleUrl>#sugarStyle_0</styleUrl><Polygon><outerBoundaryIs><LinearRing><coordinates>-97.16600000000001,49.7882,0 -97.1564,49.7882,0 -97.1564,49.793400000000005,0 -97.16600000000001,49.793400000000005,0 -97.16600000000001,49.7882,0</coordinates></LinearRing></outerBoundaryIs></Polygon></Placemark>
      <Placemark><name>Patch (29,4)</name><styleUrl>#sugarStyle_0</styleUrl><Polygon><outerBoundaryIs><LinearRing><coordinates>-97.1564,49.7882,0 -97.1468,49.7882,0 -97.1468,49.793400000000005,0 -97.1564,49.793400000000005,0 -97.1564,49.7882,0</coordinates></LinearRing></outerBoundaryIs></Polygon></Placemark>
      <Placemark><name>Patch (30,4)</name><styleUrl>#sugarStyle_0</styleUrl><Polygon><outerBoundaryIs><LinearRing><coordinates>-97.1468,49.7882,0 -97.1372,49.7882,0 -97.1372,49.793400000000005,0 -97.1468,49.793400000000005,0 -97.1468,49.7882,0</coordinates></LinearRing></outerBoundaryIs></Polygon></Placemark>
      <Placemark><name>Patch (31,4)</name><styleUrl>#sugarStyle_0</styleUrl><Polygon><outerBoundaryIs><LinearRing><coordinates>-97.1372,49.7882,0 -97.1276,49.7882,0 -97.1276,49.793400000000005,0 -97.1372,49.793400000000005,0 -97.1372,49.7882,0</coordinates></LinearRing></outerBoundaryIs></Polygon></Placemark>
      <Placemark><name>Patch (32,4)</name><styleUrl>#sugarStyle_0</styleUrl><Polygon><outerBoundaryIs><LinearRing><coordinates>-97.1276,49.7882,0 -97.11800000000001,49.7882,0 -97.11800000000001,49.793400000000005,0 -97.1276,49.793400000000005,0 -97.1276,49.7882,0</coordinates></LinearRing></outerBoundaryIs></Polygon></Placemark>
      <Placemark><name>Patch (33,4)</name><styleUrl>#sugarStyle_0</styleUrl><Polygon><outerBoundaryIs><LinearRing><coordinates>-97.11800000000001,49.7882,0 -97.1084,49.7882,0 -97.1084,49.793400000000005,0 -97.11800000000001,49.793400000000005,0 -97.11800000000001,49.7882,0</coordinates></LinearRing></outerBoundaryIs></Polygon></Placemark>
      <Placemark><name>Patch (34,4)</name><styleUrl>#sugarStyle_0</styleUrl><Polygon><outerBoundaryIs><LinearRing><coordinates>-97.1084,49.7882,0 -97.0988,49.7882,0 -97.0988,49.793400000000005,0 -97.1084,49.793400000000005,0 -97.1084,49.7882,0</coordinates></LinearRing></outerBoundaryIs></Polygon></Placemark>
      <Placemark><name>Patch (35,4)</name><styleUrl>#sugarStyle_0</styleUrl><Polygon><outerBoundaryIs><LinearRing><coordinates>-97.0988,49.7882,0 -97.0892,49.7882,0 -97.0892,49.793400000000005,0 -97.0988,49.793400000000005,0 -97.0988,49.7882,0</coordinates></LinearRing></outerBoundaryIs></Polygon></Placemark>
      <Placemark><name>Patch (36,4)</name><styleUrl>#sugarStyle_0</styleUrl><Polygon><outerBoundaryIs><LinearRing><coordinates>-97.0892,49.7882,0 -97.0796,49.7882,0 -97.0796,49.793400000000005,0 -97.0892,49.793400000000005,0 -97.0892,49.7882,0</coordinates></LinearRing></outerBoundaryIs></Polygon></Placemark>
      <Placemark><name>Patch (37,4)</name><styleUrl>#sugarStyle_0</styleUrl><Polygon><outerBoundaryIs><LinearRing><coordinates>-97.0796,49.7882,0 -97.07000000000001,49.7882,0 -97.07000000000001,49.793400000000005,0 -97.0796,49.793400000000005,0 -97.0796,49.7882,0</coordinates></LinearRing></outerBoundaryIs></Polygon></Placemark>
      <Placemark><name>Patch (38,4)</name><styleUrl>#sugarStyle_0</styleUrl><Polygon><outerBoundaryIs><LinearRing><coordinates>-97.07000000000001,49.7882,0 -97.0604,49.7882,0 -97.0604,49.793400000000005,0 -97.07000000000001,49.793400000000005,0 -97.07000000000001,49.7882,0</coordinates></LinearRing></outerBoundaryIs></Polygon></Placemark>
      <Placemark><name>Patch (39,4)</name><styleUrl>#sugarStyle_0</styleUrl><Polygon><outerBoundaryIs><LinearRing><coordinates>-97.0604,49.7882,0 -97.05080000000001,49.7882,0 -97.05080000000001,49.793400000000005,0 -97.0604,49.793400000000005,0 -97.0604,49.7882,0</coordinates></LinearRing></outerBoundaryIs></Polygon></Placemark>
      <Placemark><name>Patch (40,4)</name><styleUrl>#sugarStyle_0</styleUrl><Polygon><outerBoundaryIs><LinearRing><coordinates>-97.05080000000001,49.7882,0 -97.0412,49.7882,0 -97.0412,49.793400000000005,0 -97.05080000000001,49.793400000000005,0 -97.05080000000001,49.7882,0</coordinates></LinearRing></outerBoundaryIs></Polygon></Placemark>
      <Placemark><name>Patch (41,4)</name><styleUrl>#sugarStyle_0</styleUrl><Polygon><outerBoundaryIs><LinearRing><coordinates>-97.0412,49.7882,0 -97.0316,49.7882,0 -97.0316,49.793400000000005,0 -97.0412,49.793400000000005,0 -97.0412,49.7882,0</coordinates></LinearRing></outerBoundaryIs></Polygon></Placemark>
      <Placemark><name>Patch (42,4)</name><styleUrl>#sugarStyle_0</styleUrl><Polygon><outerBoundaryIs><LinearRing><coordinates>-97.0316,49.7882,0 -97.022,49.7882,0 -97.022,49.793400000000005,0 -97.0316,49.793400000000005,0 -97.0316,49.7882,0</coordinates></LinearRing></outerBoundaryIs></Polygon></Placemark>
      <Placemark><name>Patch (43,4)</name><styleUrl>#sugarStyle_0</styleUrl><Polygon><outerBoundaryIs><LinearRing><coordinates>-97.022,49.7882,0 -97.0124,49.7882,0 -97.0124,49.793400000000005,0 -97.022,49.793400000000005,0 -97.022,49.7882,0</coordinates></LinearRing></outerBoundaryIs></Polygon></Placemark>
      <Placemark><name>Patch (44,4)</name><styleUrl>#sugarStyle_0</styleUrl><Polygon><outerBoundaryIs><LinearRing><coordinates>-97.0124,49.7882,0 -97.00280000000001,49.7882,0 -97.00280000000001,49.793400000000005,0 -97.0124,49.793400000000005,0 -97.0124,49.7882,0</coordinates></LinearRing></outerBoundaryIs></Polygon></Placemark>
      <Placemark><name>Patch (45,4)</name><styleUrl>#sugarStyle_0</styleUrl><Polygon><outerBoundaryIs><LinearRing><coordinates>-97.00280000000001,49.7882,0 -96.9932,49.7882,0 -96.9932,49.793400000000005,0 -97.00280000000001,49.793400000000005,0 -97.00280000000001,49.7882,0</coordinates></LinearRing></outerBoundaryIs></Polygon></Placemark>
      <Placemark><name>Patch (46,4)</name><styleUrl>#sugarStyle_0</styleUrl><Polygon><outerBoundaryIs><LinearRing><coordinates>-96.9932,49.7882,0 -96.98360000000001,49.7882,0 -96.98360000000001,49.793400000000005,0 -96.9932,49.793400000000005,0 -96.9932,49.7882,0</coordinates></LinearRing></outerBoundaryIs></Polygon></Placemark>
      <Placemark><name>Patch (47,4)</name><styleUrl>#sugarStyle_0</styleUrl><Polygon><outerBoundaryIs><LinearRing><coordinates>-96.98360000000001,49.7882,0 -96.974,49.7882,0 -96.974,49.793400000000005,0 -96.98360000000001,49.793400000000005,0 -96.98360000000001,49.7882,0</coordinates></LinearRing></outerBoundaryIs></Polygon></Placemark>
      <Placemark><name>Patch (48,4)</name><styleUrl>#sugarStyle_0</styleUrl><Polygon><outerBoundaryIs><LinearRing><coordinates>-96.974,49.7882,0 -96.9644,49.7882,0 -96.9644,49.793400000000005,0 -96.974,49.793400000000005,0 -96.974,49.7882,0</coordinates></LinearRing></outerBoundaryIs></Polygon></Placemark>
      <Placemark><name>Patch (49,4)</name><styleUrl>#sugarStyle_0</styleUrl><Polygon><outerBoundaryIs><LinearRing><coordinates>-96.9644,49.7882,0 -96.9548,49.7882,0 -96.9548,49.793400000000005,0 -96.9644,49.793400000000005,0 -96.9644,49.7882,0</coordinates></LinearRing></outerBoundaryIs></Polygon></Placemark>
      <Placemark><name>Patch (50,4)</name><styleUrl>#sugarStyle_0</styleUrl><Polygon><outerBoundaryIs><LinearRing><coordinates>-96.9548,49.7882,0 -96.9452,49.7882,0 -96.9452,49.793400000000005,0 -96.9548,49.793400000000005,0 -96.9548,49.7882,0</coordinates></LinearRing></outerBoundaryIs></Polygon></Placemark>
      <Placemark><name>Patch (0,5)</name><styleUrl>#sugarStyle_0</styleUrl><Polygon><outerBoundaryIs><LinearRing><coordinates>-97.43480000000001,49.793400000000005,0 -97.4252,49.793400000000005,0 -97.4252,49.7986,0 -97.43480000000001,49.7986,0 -97.43480000000001,49.793400000000005,0</coordinates></LinearRing></outerBoundaryIs></Polygon></Placemark>
      <Placemark><name>Patch (1,5)</name><styleUrl>#sugarStyle_0</styleUrl><Polygon><outerBoundaryIs><LinearRing><coordinates>-97.4252,49.793400000000005,0 -97.41560000000001,49.793400000000005,0 -97.41560000000001,49.7986,0 -97.4252,49.7986,0 -97.4252,49.793400000000005,0</coordinates></LinearRing></outerBoundaryIs></Polygon></Placemark>
      <Placemark><name>Patch (2,5)</name><styleUrl>#sugarStyle_0</styleUrl><Polygon><outerBoundaryIs><LinearRing><coordinates>-97.41560000000001,49.793400000000005,0 -97.406,49.793400000000005,0 -97.406,49.7986,0 -97.41560000000001,49.7986,0 -97.41560000000001,49.793400000000005,0</coordinates></LinearRing></outerBoundaryIs></Polygon></Placemark>
      <Placemark><name>Patch (3,5)</name><styleUrl>#sugarStyle_0</styleUrl><Polygon><outerBoundaryIs><LinearRing><coordinates>-97.406,49.793400000000005,0 -97.3964,49.793400000000005,0 -97.3964,49.7986,0 -97.406,49.7986,0 -97.406,49.793400000000005,0</coordinates></LinearRing></outerBoundaryIs></Polygon></Placemark>
      <Placemark><name>Patch (4,5)</name><styleUrl>#sugarStyle_0</styleUrl><Polygon><outerBoundaryIs><LinearRing><coordinates>-97.3964,49.793400000000005,0 -97.38680000000001,49.793400000000005,0 -97.38680000000001,49.7986,0 -97.3964,49.7986,0 -97.3964,49.793400000000005,0</coordinates></LinearRing></outerBoundaryIs></Polygon></Placemark>
      <Placemark><name>Patch (5,5)</name><styleUrl>#sugarStyle_0</styleUrl><Polygon><outerBoundaryIs><LinearRing><coordinates>-97.38680000000001,49.793400000000005,0 -97.3772,49.793400000000005,0 -97.3772,49.7986,0 -97.38680000000001,49.7986,0 -97.38680000000001,49.793400000000005,0</coordinates></LinearRing></outerBoundaryIs></Polygon></Placemark>
      <Placemark><name>Patch (6,5)</name><styleUrl>#sugarStyle_0</styleUrl><Polygon><outerBoundaryIs><LinearRing><coordinates>-97.3772,49.793400000000005,0 -97.36760000000001,49.793400000000005,0 -97.36760000000001,49.7986,0 -97.3772,49.7986,0 -97.3772,49.793400000000005,0</coordinates></LinearRing></outerBoundaryIs></Polygon></Placemark>
      <Placemark><name>Patch (7,5)</name><styleUrl>#sugarStyle_0</styleUrl><Polygon><outerBoundaryIs><LinearRing><coordinates>-97.36760000000001,49.793400000000005,0 -97.358,49.793400000000005,0 -97.358,49.7986,0 -97.36760000000001,49.7986,0 -97.36760000000001,49.793400000000005,0</coordinates></LinearRing></outerBoundaryIs></Polygon></Placemark>
      <Placemark><name>Patch (8,5)</name><styleUrl>#sugarStyle_0</styleUrl><Polygon><outerBoundaryIs><LinearRing><coordinates>-97.358,49.793400000000005,0 -97.34840000000001,49.793400000000005,0 -97.34840000000001,49.7986,0 -97.358,49.7986,0 -97.358,49.793400000000005,0</coordinates></LinearRing></outerBoundaryIs></Polygon></Placemark>
      <Placemark><name>Patch (9,5)</name><styleUrl>#sugarStyle_0</styleUrl><Polygon><outerBoundaryIs><LinearRing><coordinates>-97.34840000000001,49.793400000000005,0 -97.3388,49.793400000000005,0 -97.3388,49.7986,0 -97.34840000000001,49.7986,0 -97.34840000000001,49.793400000000005,0</coordinates></LinearRing></outerBoundaryIs></Polygon></Placemark>
      <Placemark><name>Patch (10,5)</name><styleUrl>#sugarStyle_0</styleUrl><Polygon><outerBoundaryIs><LinearRing><coordinates>-97.3388,49.793400000000005,0 -97.3292,49.793400000000005,0 -97.3292,49.7986,0 -97.3388,49.7986,0 -97.3388,49.793400000000005,0</coordinates></LinearRing></outerBoundaryIs></Polygon></Placemark>
      <Placemark><name>Patch (11,5)</name><styleUrl>#sugarStyle_0</styleUrl><Polygon><outerBoundaryIs><LinearRing><coordinates>-97.3292,49.793400000000005,0 -97.31960000000001,49.793400000000005,0 -97.31960000000001,49.7986,0 -97.3292,49.7986,0 -97.3292,49.793400000000005,0</coordinates></LinearRing></outerBoundaryIs></Polygon></Placemark>
      <Placemark><name>Patch (12,5)</name><styleUrl>#sugarStyle_0</styleUrl><Polygon><outerBoundaryIs><LinearRing><coordinates>-97.31960000000001,49.793400000000005,0 -97.31,49.793400000000005,0 -97.31,49.7986,0 -97.31960000000001,49.7986,0 -97.31960000000001,49.793400000000005,0</coordinates></LinearRing></outerBoundaryIs></Polygon></Placemark>
      <Placemark><name>Patch (13,5)</name><styleUrl>#sugarStyle_0</styleUrl><Polygon><outerBoundaryIs><LinearRing><coordinates>-97.31,49.793400000000005,0 -97.30040000000001,49.793400000000005,0 -97.30040000000001,49.7986,0 -97.31,49.7986,0 -97.31,49.793400000000005,0</coordinates></LinearRing></outerBoundaryIs></Polygon></Placemark>
      <Placemark><name>Patch (14,5)</name><styleUrl>#sugarStyle_0</styleUrl><Polygon><outerBoundaryIs><LinearRing><coordinates>-97.30040000000001,49.793400000000005,0 -97.2908,49.793400000000005,0 -97.2908,49.7986,0 -97.30040000000001,49.7986,0 -97.30040000000001,49.793400000000005,0</coordinates></LinearRing></outerBoundaryIs></Polygon></Placemark>
      <Placemark><name>Patch (15,5)</name><styleUrl>#sugarStyle_0</styleUrl><Polygon><outerBoundaryIs><LinearRing><coordinates>-97.2908,49.793400000000005,0 -97.28120000000001,49.793400000000005,0 -97.28120000000001,49.7986,0 -97.2908,49.7986,0 -97.2908,49.793400000000005,0</coordinates></LinearRing></outerBoundaryIs></Polygon></Placemark>
      <Placemark><name>Patch (16,5)</name><styleUrl>#sugarStyle_0</styleUrl><Polygon><outerBoundaryIs><LinearRing><coordinates>-97.28120000000001,49.793400000000005,0 -97.2716,49.793400000000005,0 -97.2716,49.7986,0 -97.28120000000001,49.7986,0 -97.28120000000001,49.793400000000005,0</coordinates></LinearRing></outerBoundaryIs></Polygon></Placemark>
      <Placemark><name>Patch (17,5)</name><styleUrl>#sugarStyle_0</styleUrl><Polygon><outerBoundaryIs><LinearRing><coordinates>-97.2716,49.793400000000005,0 -97.262,49.793400000000005,0 -97.262,49.7986,0 -97.2716,49.7986,0 -97.2716,49.793400000000005,0</coordinates></LinearRing></outerBoundaryIs></Polygon></Placemark>
      <Placemark><name>Patch (18,5)</name><styleUrl>#sugarStyle_0</styleUrl><Polygon><outerBoundaryIs><LinearRing><coordinates>-97.262,49.793400000000005,0 -97.25240000000001,49.793400000000005,0 -97.25240000000001,49.7986,0 -97.262,49.7986,0 -97.262,49.793400000000005,0</coordinates></LinearRing></outerBoundaryIs></Polygon></Placemark>
      <Placemark><name>Patch (19,5)</name><styleUrl>#sugarStyle_0</styleUrl><Polygon><outerBoundaryIs><LinearRing><coordinates>-97.25240000000001,49.793400000000005,0 -97.2428,49.793400000000005,0 -97.2428,49.7986,0 -97.25240000000001,49.7986,0 -97.25240000000001,49.793400000000005,0</coordinates></LinearRing></outerBoundaryIs></Polygon></Placemark>
      <Placemark><name>Patch (20,5)</name><styleUrl>#sugarStyle_0</styleUrl><Polygon><outerBoundaryIs><LinearRing><coordinates>-97.2428,49.793400000000005,0 -97.23320000000001,49.793400000000005,0 -97.23320000000001,49.7986,0 -97.2428,49.7986,0 -97.2428,49.793400000000005,0</coordinates></LinearRing></outerBoundaryIs></Polygon></Placemark>
      <Placemark><name>Patch (21,5)</name><styleUrl>#sugarStyle_0</styleUrl><Polygon><outerBoundaryIs><LinearRing><coordinates>-97.23320000000001,49.793400000000005,0 -97.2236,49.793400000000005,0 -97.2236,49.7986,0 -97.23320000000001,49.7986,0 -97.23320000000001,49.793400000000005,0</coordinates></LinearRing></outerBoundaryIs></Polygon></Placemark>
      <Placemark><name>Patch (22,5)</name><styleUrl>#sugarStyle_0</styleUrl><Polygon><outerBoundaryIs><LinearRing><coordinates>-97.2236,49.793400000000005,0 -97.214,49.793400000000005,0 -97.214,49.7986,0 -97.2236,49.7986,0 -97.2236,49.793400000000005,0</coordinates></LinearRing></outerBoundaryIs></Polygon></Placemark>
      <Placemark><name>Patch (23,5)</name><styleUrl>#sugarStyle_0</styleUrl><Polygon><outerBoundaryIs><LinearRing><coordinates>-97.214,49.793400000000005,0 -97.2044,49.793400000000005,0 -97.2044,49.7986,0 -97.214,49.7986,0 -97.214,49.793400000000005,0</coordinates></LinearRing></outerBoundaryIs></Polygon></Placemark>
      <Placemark><name>Patch (24,5)</name><styleUrl>#sugarStyle_0</styleUrl><Polygon><outerBoundaryIs><LinearRing><coordinates>-97.2044,49.793400000000005,0 -97.1948,49.793400000000005,0 -97.1948,49.7986,0 -97.2044,49.7986,0 -97.2044,49.793400000000005,0</coordinates></LinearRing></outerBoundaryIs></Polygon></Placemark>
      <Placemark><name>Patch (25,5)</name><styleUrl>#sugarStyle_0</styleUrl><Polygon><outerBoundaryIs><LinearRing><coordinates>-97.1948,49.793400000000005,0 -97.18520000000001,49.793400000000005,0 -97.18520000000001,49.7986,0 -97.1948,49.7986,0 -97.1948,49.793400000000005,0</coordinates></LinearRing></outerBoundaryIs></Polygon></Placemark>
      <Placemark><name>Patch (26,5)</name><styleUrl>#sugarStyle_0</styleUrl><Polygon><outerBoundaryIs><LinearRing><coordinates>-97.18520000000001,49.793400000000005,0 -97.1756,49.793400000000005,0 -97.1756,49.7986,0 -97.18520000000001,49.7986,0 -97.18520000000001,49.793400000000005,0</coordinates></LinearRing></outerBoundaryIs></Polygon></Placemark>
      <Placemark><name>Patch (27,5)</name><styleUrl>#sugarStyle_0</styleUrl><Polygon><outerBoundaryIs><LinearRing><coordinates>-97.1756,49.793400000000005,0 -97.16600000000001,49.793400000000005,0 -97.16600000000001,49.7986,0 -97.1756,49.7986,0 -97.1756,49.793400000000005,0</coordinates></LinearRing></outerBoundaryIs></Polygon></Placemark>
      <Placemark><name>Patch (28,5)</name><styleUrl>#sugarStyle_0</styleUrl><Polygon><outerBoundaryIs><LinearRing><coordinates>-97.16600000000001,49.793400000000005,0 -97.1564,49.793400000000005,0 -97.1564,49.7986,0 -97.16600000000001,49.7986,0 -97.16600000000001,49.793400000000005,0</coordinates></LinearRing></outerBoundaryIs></Polygon></Placemark>
      <Placemark><name>Patch (29,5)</name><styleUrl>#sugarStyle_0</styleUrl><Polygon><outerBoundaryIs><LinearRing><coordinates>-97.1564,49.793400000000005,0 -97.1468,49.793400000000005,0 -97.1468,49.7986,0 -97.1564,49.7986,0 -97.1564,49.793400000000005,0</coordinates></LinearRing></outerBoundaryIs></Polygon></Placemark>
      <Placemark><name>Patch (30,5)</name><styleUrl>#sugarStyle_0</styleUrl><Polygon><outerBoundaryIs><LinearRing><coordinates>-97.1468,49.793400000000005,0 -97.1372,49.793400000000005,0 -97.1372,49.7986,0 -97.1468,49.7986,0 -97.1468,49.793400000000005,0</coordinates></LinearRing></outerBoundaryIs></Polygon></Placemark>
      <Placemark><name>Patch (31,5)</name><styleUrl>#sugarStyle_0</styleUrl><Polygon><outerBoundaryIs><LinearRing><coordinates>-97.1372,49.793400000000005,0 -97.1276,49.793400000000005,0 -97.1276,49.7986,0 -97.1372,49.7986,0 -97.1372,49.793400000000005,0</coordinates></LinearRing></outerBoundaryIs></Polygon></Placemark>
      <Placemark><name>Patch (32,5)</name><styleUrl>#sugarStyle_0</styleUrl><Polygon><outerBoundaryIs><LinearRing><coordinates>-97.1276,49.793400000000005,0 -97.11800000000001,49.793400000000005,0 -97.11800000000001,49.7986,0 -97.1276,49.7986,0 -97.1276,49.793400000000005,0</coordinates></LinearRing></outerBoundaryIs></Polygon></Placemark>
      <Placemark><name>Patch (33,5)</name><styleUrl>#sugarStyle_0</styleUrl><Polygon><outerBoundaryIs><LinearRing><coordinates>-97.11800000000001,49.793400000000005,0 -97.1084,49.793400000000005,0 -97.1084,49.7986,0 -97.11800000000001,49.7986,0 -97.11800000000001,49.793400000000005,0</coordinates></LinearRing></outerBoundaryIs></Polygon></Placemark>
      <Placemark><name>Patch (34,5)</name><styleUrl>#sugarStyle_0</styleUrl><Polygon><outerBoundaryIs><LinearRing><coordinates>-97.1084,49.793400000000005,0 -97.0988,49.793400000000005,0 -97.0988,49.7986,0 -97.1084,49.7986,0 -97.1084,49.793400000000005,0</coordinates></LinearRing></outerBoundaryIs></Polygon></Placemark>
      <Placemark><name>Patch (35,5)</name><styleUrl>#sugarStyle_0</styleUrl><Polygon><outerBoundaryIs><LinearRing><coordinates>-97.0988,49.793400000000005,0 -97.0892,49.793400000000005,0 -97.0892,49.7986,0 -97.0988,49.7986,0 -97.0988,49.793400000000005,0</coordinates></LinearRing></outerBoundaryIs></Polygon></Placemark>
      <Placemark><name>Patch (36,5)</name><styleUrl>#sugarStyle_0</styleUrl><Polygon><outerBoundaryIs><LinearRing><coordinates>-97.0892,49.793400000000005,0 -97.0796,49.793400000000005,0 -97.0796,49.7986,0 -97.0892,49.7986,0 -97.0892,49.793400000000005,0</coordinates></LinearRing></outerBoundaryIs></Polygon></Placemark>
      <Placemark><name>Patch (37,5)</name><styleUrl>#sugarStyle_0</styleUrl><Polygon><outerBoundaryIs><LinearRing><coordinates>-97.0796,49.793400000000005,0 -97.07000000000001,49.793400000000005,0 -97.07000000000001,49.7986,0 -97.0796,49.7986,0 -97.0796,49.793400000000005,0</coordinates></LinearRing></outerBoundaryIs></Polygon></Placemark>
      <Placemark><name>Patch (38,5)</name><styleUrl>#sugarStyle_0</styleUrl><Polygon><outerBoundaryIs><LinearRing><coordinates>-97.07000000000001,49.793400000000005,0 -97.0604,49.793400000000005,0 -97.0604,49.7986,0 -97.07000000000001,49.7986,0 -97.07000000000001,49.793400000000005,0</coordinates></LinearRing></outerBoundaryIs></Polygon></Placemark>
      <Placemark><name>Patch (39,5)</name><styleUrl>#sugarStyle_0</styleUrl><Polygon><outerBoundaryIs><LinearRing><coordinates>-97.0604,49.793400000000005,0 -97.05080000000001,49.793400000000005,0 -97.05080000000001,49.7986,0 -97.0604,49.7986,0 -97.0604,49.793400000000005,0</coordinates></LinearRing></outerBoundaryIs></Polygon></Placemark>
      <Placemark><name>Patch (40,5)</name><styleUrl>#sugarStyle_0</styleUrl><Polygon><outerBoundaryIs><LinearRing><coordinates>-97.05080000000001,49.793400000000005,0 -97.0412,49.793400000000005,0 -97.0412,49.7986,0 -97.05080000000001,49.7986,0 -97.05080000000001,49.793400000000005,0</coordinates></LinearRing></outerBoundaryIs></Polygon></Placemark>
      <Placemark><name>Patch (41,5)</name><styleUrl>#sugarStyle_0</styleUrl><Polygon><outerBoundaryIs><LinearRing><coordinates>-97.0412,49.793400000000005,0 -97.0316,49.793400000000005,0 -97.0316,49.7986,0 -97.0412,49.7986,0 -97.0412,49.793400000000005,0</coordinates></LinearRing></outerBoundaryIs></Polygon></Placemark>
      <Placemark><name>Patch (42,5)</name><styleUrl>#sugarStyle_0</styleUrl><Polygon><outerBoundaryIs><LinearRing><coordinates>-97.0316,49.793400000000005,0 -97.022,49.793400000000005,0 -97.022,49.7986,0 -97.0316,49.7986,0 -97.0316,49.793400000000005,0</coordinates></LinearRing></outerBoundaryIs></Polygon></Placemark>
      <Placemark><name>Patch (43,5)</name><styleUrl>#sugarStyle_0</styleUrl><Polygon><outerBoundaryIs><LinearRing><coordinates>-97.022,49.793400000000005,0 -97.0124,49.793400000000005,0 -97.0124,49.7986,0 -97.022,49.7986,0 -97.022,49.793400000000005,0</coordinates></LinearRing></outerBoundaryIs></Polygon></Placemark>
      <Placemark><name>Patch (44,5)</name><styleUrl>#sugarStyle_0</styleUrl><Polygon><outerBoundaryIs><LinearRing><coordinates>-97.0124,49.793400000000005,0 -97.00280000000001,49.793400000000005,0 -97.00280000000001,49.7986,0 -97.0124,49.7986,0 -97.0124,49.793400000000005,0</coordinates></LinearRing></outerBoundaryIs></Polygon></Placemark>
      <Placemark><name>Patch (45,5)</name><styleUrl>#sugarStyle_0</styleUrl><Polygon><outerBoundaryIs><LinearRing><coordinates>-97.00280000000001,49.793400000000005,0 -96.9932,49.793400000000005,0 -96.9932,49.7986,0 -97.00280000000001,49.7986,0 -97.00280000000001,49.793400000000005,0</coordinates></LinearRing></outerBoundaryIs></Polygon></Placemark>
      <Placemark><name>Patch (46,5)</name><styleUrl>#sugarStyle_0</styleUrl><Polygon><outerBoundaryIs><LinearRing><coordinates>-96.9932,49.793400000000005,0 -96.98360000000001,49.793400000000005,0 -96.98360000000001,49.7986,0 -96.9932,49.7986,0 -96.9932,49.793400000000005,0</coordinates></LinearRing></outerBoundaryIs></Polygon></Placemark>
      <Placemark><name>Patch (47,5)</name><styleUrl>#sugarStyle_0</styleUrl><Polygon><outerBoundaryIs><LinearRing><coordinates>-96.98360000000001,49.793400000000005,0 -96.974,49.793400000000005,0 -96.974,49.7986,0 -96.98360000000001,49.7986,0 -96.98360000000001,49.793400000000005,0</coordinates></LinearRing></outerBoundaryIs></Polygon></Placemark>
      <Placemark><name>Patch (48,5)</name><styleUrl>#sugarStyle_0</styleUrl><Polygon><outerBoundaryIs><LinearRing><coordinates>-96.974,49.793400000000005,0 -96.9644,49.793400000000005,0 -96.9644,49.7986,0 -96.974,49.7986,0 -96.974,49.793400000000005,0</coordinates></LinearRing></outerBoundaryIs></Polygon></Placemark>
      <Placemark><name>Patch (49,5)</name><styleUrl>#sugarStyle_0</styleUrl><Polygon><outerBoundaryIs><LinearRing><coordinates>-96.9644,49.793400000000005,0 -96.9548,49.793400000000005,0 -96.9548,49.7986,0 -96.9644,49.7986,0 -96.9644,49.793400000000005,0</coordinates></LinearRing></outerBoundaryIs></Polygon></Placemark>
      <Placemark><name>Patch (50,5)</name><styleUrl>#sugarStyle_0</styleUrl><Polygon><outerBoundaryIs><LinearRing><coordinates>-96.9548,49.793400000000005,0 -96.9452,49.793400000000005,0 -96.9452,49.7986,0 -96.9548,49.7986,0 -96.9548,49.793400000000005,0</coordinates></LinearRing></outerBoundaryIs></Polygon></Placemark>
      <Placemark><name>Patch (0,6)</name><styleUrl>#sugarStyle_0</styleUrl><Polygon><outerBoundaryIs><LinearRing><coordinates>-97.43480000000001,49.7986,0 -97.4252,49.7986,0 -97.4252,49.8038,0 -97.43480000000001,49.8038,0 -97.43480000000001,49.7986,0</coordinates></LinearRing></outerBoundaryIs></Polygon></Placemark>
      <Placemark><name>Patch (1,6)</name><styleUrl>#sugarStyle_0</styleUrl><Polygon><outerBoundaryIs><LinearRing><coordinates>-97.4252,49.7986,0 -97.41560000000001,49.7986,0 -97.41560000000001,49.8038,0 -97.4252,49.8038,0 -97.4252,49.7986,0</coordinates></LinearRing></outerBoundaryIs></Polygon></Placemark>
      <Placemark><name>Patch (2,6)</name><styleUrl>#sugarStyle_0</styleUrl><Polygon><outerBoundaryIs><LinearRing><coordinates>-97.41560000000001,49.7986,0 -97.406,49.7986,0 -97.406,49.8038,0 -97.41560000000001,49.8038,0 -97.41560000000001,49.7986,0</coordinates></LinearRing></outerBoundaryIs></Polygon></Placemark>
      <Placemark><name>Patch (3,6)</name><styleUrl>#sugarStyle_0</styleUrl><Polygon><outerBoundaryIs><LinearRing><coordinates>-97.406,49.7986,0 -97.3964,49.7986,0 -97.3964,49.8038,0 -97.406,49.8038,0 -97.406,49.7986,0</coordinates></LinearRing></outerBoundaryIs></Polygon></Placemark>
      <Placemark><name>Patch (4,6)</name><styleUrl>#sugarStyle_0</styleUrl><Polygon><outerBoundaryIs><LinearRing><coordinates>-97.3964,49.7986,0 -97.38680000000001,49.7986,0 -97.38680000000001,49.8038,0 -97.3964,49.8038,0 -97.3964,49.7986,0</coordinates></LinearRing></outerBoundaryIs></Polygon></Placemark>
      <Placemark><name>Patch (5,6)</name><styleUrl>#sugarStyle_0</styleUrl><Polygon><outerBoundaryIs><LinearRing><coordinates>-97.38680000000001,49.7986,0 -97.3772,49.7986,0 -97.3772,49.8038,0 -97.38680000000001,49.8038,0 -97.38680000000001,49.7986,0</coordinates></LinearRing></outerBoundaryIs></Polygon></Placemark>
      <Placemark><name>Patch (6,6)</name><styleUrl>#sugarStyle_0</styleUrl><Polygon><outerBoundaryIs><LinearRing><coordinates>-97.3772,49.7986,0 -97.36760000000001,49.7986,0 -97.36760000000001,49.8038,0 -97.3772,49.8038,0 -97.3772,49.7986,0</coordinates></LinearRing></outerBoundaryIs></Polygon></Placemark>
      <Placemark><name>Patch (7,6)</name><styleUrl>#sugarStyle_0</styleUrl><Polygon><outerBoundaryIs><LinearRing><coordinates>-97.36760000000001,49.7986,0 -97.358,49.7986,0 -97.358,49.8038,0 -97.36760000000001,49.8038,0 -97.36760000000001,49.7986,0</coordinates></LinearRing></outerBoundaryIs></Polygon></Placemark>
      <Placemark><name>Patch (8,6)</name><styleUrl>#sugarStyle_0</styleUrl><Polygon><outerBoundaryIs><LinearRing><coordinates>-97.358,49.7986,0 -97.34840000000001,49.7986,0 -97.34840000000001,49.8038,0 -97.358,49.8038,0 -97.358,49.7986,0</coordinates></LinearRing></outerBoundaryIs></Polygon></Placemark>
      <Placemark><name>Patch (9,6)</name><styleUrl>#sugarStyle_0</styleUrl><Polygon><outerBoundaryIs><LinearRing><coordinates>-97.34840000000001,49.7986,0 -97.3388,49.7986,0 -97.3388,49.8038,0 -97.34840000000001,49.8038,0 -97.34840000000001,49.7986,0</coordinates></LinearRing></outerBoundaryIs></Polygon></Placemark>
      <Placemark><name>Patch (10,6)</name><styleUrl>#sugarStyle_0</styleUrl><Polygon><outerBoundaryIs><LinearRing><coordinates>-97.3388,49.7986,0 -97.3292,49.7986,0 -97.3292,49.8038,0 -97.3388,49.8038,0 -97.3388,49.7986,0</coordinates></LinearRing></outerBoundaryIs></Polygon></Placemark>
      <Placemark><name>Patch (11,6)</name><styleUrl>#sugarStyle_0</styleUrl><Polygon><outerBoundaryIs><LinearRing><coordinates>-97.3292,49.7986,0 -97.31960000000001,49.7986,0 -97.31960000000001,49.8038,0 -97.3292,49.8038,0 -97.3292,49.7986,0</coordinates></LinearRing></outerBoundaryIs></Polygon></Placemark>
      <Placemark><name>Patch (12,6)</name><styleUrl>#sugarStyle_0</styleUrl><Polygon><outerBoundaryIs><LinearRing><coordinates>-97.31960000000001,49.7986,0 -97.31,49.7986,0 -97.31,49.8038,0 -97.31960000000001,49.8038,0 -97.31960000000001,49.7986,0</coordinates></LinearRing></outerBoundaryIs></Polygon></Placemark>
      <Placemark><name>Patch (13,6)</name><styleUrl>#sugarStyle_0</styleUrl><Polygon><outerBoundaryIs><LinearRing><coordinates>-97.31,49.7986,0 -97.30040000000001,49.7986,0 -97.30040000000001,49.8038,0 -97.31,49.8038,0 -97.31,49.7986,0</coordinates></LinearRing></outerBoundaryIs></Polygon></Placemark>
      <Placemark><name>Patch (14,6)</name><styleUrl>#sugarStyle_0</styleUrl><Polygon><outerBoundaryIs><LinearRing><coordinates>-97.30040000000001,49.7986,0 -97.2908,49.7986,0 -97.2908,49.8038,0 -97.30040000000001,49.8038,0 -97.30040000000001,49.7986,0</coordinates></LinearRing></outerBoundaryIs></Polygon></Placemark>
      <Placemark><name>Patch (15,6)</name><styleUrl>#sugarStyle_0</styleUrl><Polygon><outerBoundaryIs><LinearRing><coordinates>-97.2908,49.7986,0 -97.28120000000001,49.7986,0 -97.28120000000001,49.8038,0 -97.2908,49.8038,0 -97.2908,49.7986,0</coordinates></LinearRing></outerBoundaryIs></Polygon></Placemark>
      <Placemark><name>Patch (16,6)</name><styleUrl>#sugarStyle_0</styleUrl><Polygon><outerBoundaryIs><LinearRing><coordinates>-97.28120000000001,49.7986,0 -97.2716,49.7986,0 -97.2716,49.8038,0 -97.28120000000001,49.8038,0 -97.28120000000001,49.7986,0</coordinates></LinearRing></outerBoundaryIs></Polygon></Placemark>
      <Placemark><name>Patch (17,6)</name><styleUrl>#sugarStyle_0</styleUrl><Polygon><outerBoundaryIs><LinearRing><coordinates>-97.2716,49.7986,0 -97.262,49.7986,0 -97.262,49.8038,0 -97.2716,49.8038,0 -97.2716,49.7986,0</coordinates></LinearRing></outerBoundaryIs></Polygon></Placemark>
      <Placemark><name>Patch (18,6)</name><styleUrl>#sugarStyle_0</styleUrl><Polygon><outerBoundaryIs><LinearRing><coordinates>-97.262,49.7986,0 -97.25240000000001,49.7986,0 -97.25240000000001,49.8038,0 -97.262,49.8038,0 -97.262,49.7986,0</coordinates></LinearRing></outerBoundaryIs></Polygon></Placemark>
      <Placemark><name>Patch (19,6)</name><styleUrl>#sugarStyle_0</styleUrl><Polygon><outerBoundaryIs><LinearRing><coordinates>-97.25240000000001,49.7986,0 -97.2428,49.7986,0 -97.2428,49.8038,0 -97.25240000000001,49.8038,0 -97.25240000000001,49.7986,0</coordinates></LinearRing></outerBoundaryIs></Polygon></Placemark>
      <Placemark><name>Patch (20,6)</name><styleUrl>#sugarStyle_0</styleUrl><Polygon><outerBoundaryIs><LinearRing><coordinates>-97.2428,49.7986,0 -97.23320000000001,49.7986,0 -97.23320000000001,49.8038,0 -97.2428,49.8038,0 -97.2428,49.7986,0</coordinates></LinearRing></outerBoundaryIs></Polygon></Placemark>
      <Placemark><name>Patch (21,6)</name><styleUrl>#sugarStyle_0</styleUrl><Polygon><outerBoundaryIs><LinearRing><coordinates>-97.23320000000001,49.7986,0 -97.2236,49.7986,0 -97.2236,49.8038,0 -97.23320000000001,49.8038,0 -97.23320000000001,49.7986,0</coordinates></LinearRing></outerBoundaryIs></Polygon></Placemark>
      <Placemark><name>Patch (22,6)</name><styleUrl>#sugarStyle_0</styleUrl><Polygon><outerBoundaryIs><LinearRing><coordinates>-97.2236,49.7986,0 -97.214,49.7986,0 -97.214,49.8038,0 -97.2236,49.8038,0 -97.2236,49.7986,0</coordinates></LinearRing></outerBoundaryIs></Polygon></Placemark>
      <Placemark><name>Patch (23,6)</name><styleUrl>#sugarStyle_0</styleUrl><Polygon><outerBoundaryIs><LinearRing><coordinates>-97.214,49.7986,0 -97.2044,49.7986,0 -97.2044,49.8038,0 -97.214,49.8038,0 -97.214,49.7986,0</coordinates></LinearRing></outerBoundaryIs></Polygon></Placemark>
      <Placemark><name>Patch (24,6)</name><styleUrl>#sugarStyle_0</styleUrl><Polygon><outerBoundaryIs><LinearRing><coordinates>-97.2044,49.7986,0 -97.1948,49.7986,0 -97.1948,49.8038,0 -97.2044,49.8038,0 -97.2044,49.7986,0</coordinates></LinearRing></outerBoundaryIs></Polygon></Placemark>
      <Placemark><name>Patch (25,6)</name><styleUrl>#sugarStyle_0</styleUrl><Polygon><outerBoundaryIs><LinearRing><coordinates>-97.1948,49.7986,0 -97.18520000000001,49.7986,0 -97.18520000000001,49.8038,0 -97.1948,49.8038,0 -97.1948,49.7986,0</coordinates></LinearRing></outerBoundaryIs></Polygon></Placemark>
      <Placemark><name>Patch (26,6)</name><styleUrl>#sugarStyle_0</styleUrl><Polygon><outerBoundaryIs><LinearRing><coordinates>-97.18520000000001,49.7986,0 -97.1756,49.7986,0 -97.1756,49.8038,0 -97.18520000000001,49.8038,0 -97.18520000000001,49.7986,0</coordinates></LinearRing></outerBoundaryIs></Polygon></Placemark>
      <Placemark><name>Patch (27,6)</name><styleUrl>#sugarStyle_0</styleUrl><Polygon><outerBoundaryIs><LinearRing><coordinates>-97.1756,49.7986,0 -97.16600000000001,49.7986,0 -97.16600000000001,49.8038,0 -97.1756,49.8038,0 -97.1756,49.7986,0</coordinates></LinearRing></outerBoundaryIs></Polygon></Placemark>
      <Placemark><name>Patch (28,6)</name><styleUrl>#sugarStyle_0</styleUrl><Polygon><outerBoundaryIs><LinearRing><coordinates>-97.16600000000001,49.7986,0 -97.1564,49.7986,0 -97.1564,49.8038,0 -97.16600000000001,49.8038,0 -97.16600000000001,49.7986,0</coordinates></LinearRing></outerBoundaryIs></Polygon></Placemark>
      <Placemark><name>Patch (29,6)</name><styleUrl>#sugarStyle_0</styleUrl><Polygon><outerBoundaryIs><LinearRing><coordinates>-97.1564,49.7986,0 -97.1468,49.7986,0 -97.1468,49.8038,0 -97.1564,49.8038,0 -97.1564,49.7986,0</coordinates></LinearRing></outerBoundaryIs></Polygon></Placemark>
      <Placemark><name>Patch (30,6)</name><styleUrl>#sugarStyle_0</styleUrl><Polygon><outerBoundaryIs><LinearRing><coordinates>-97.1468,49.7986,0 -97.1372,49.7986,0 -97.1372,49.8038,0 -97.1468,49.8038,0 -97.1468,49.7986,0</coordinates></LinearRing></outerBoundaryIs></Polygon></Placemark>
      <Placemark><name>Patch (31,6)</name><styleUrl>#sugarStyle_0</styleUrl><Polygon><outerBoundaryIs><LinearRing><coordinates>-97.1372,49.7986,0 -97.1276,49.7986,0 -97.1276,49.8038,0 -97.1372,49.8038,0 -97.1372,49.7986,0</coordinates></LinearRing></outerBoundaryIs></Polygon></Placemark>
      <Placemark><name>Patch (32,6)</name><styleUrl>#sugarStyle_0</styleUrl><Polygon><outerBoundaryIs><LinearRing><coordinates>-97.1276,49.7986,0 -97.11800000000001,49.7986,0 -97.11800000000001,49.8038,0 -97.1276,49.8038,0 -97.1276,49.7986,0</coordinates></LinearRing></outerBoundaryIs></Polygon></Placemark>
      <Placemark><name>Patch (33,6)</name><styleUrl>#sugarStyle_0</styleUrl><Polygon><outerBoundaryIs><LinearRing><coordinates>-97.11800000000001,49.7986,0 -97.1084,49.7986,0 -97.1084,49.8038,0 -97.11800000000001,49.8038,0 -97.11800000000001,49.7986,0</coordinates></LinearRing></outerBoundaryIs></Polygon></Placemark>
      <Placemark><name>Patch (34,6)</name><styleUrl>#sugarStyle_0</styleUrl><Polygon><outerBoundaryIs><LinearRing><coordinates>-97.1084,49.7986,0 -97.0988,49.7986,0 -97.0988,49.8038,0 -97.1084,49.8038,0 -97.1084,49.7986,0</coordinates></LinearRing></outerBoundaryIs></Polygon></Placemark>
      <Placemark><name>Patch (35,6)</name><styleUrl>#sugarStyle_0</styleUrl><Polygon><outerBoundaryIs><LinearRing><coordinates>-97.0988,49.7986,0 -97.0892,49.7986,0 -97.0892,49.8038,0 -97.0988,49.8038,0 -97.0988,49.7986,0</coordinates></LinearRing></outerBoundaryIs></Polygon></Placemark>
      <Placemark><name>Patch (36,6)</name><styleUrl>#sugarStyle_0</styleUrl><Polygon><outerBoundaryIs><LinearRing><coordinates>-97.0892,49.7986,0 -97.0796,49.7986,0 -97.0796,49.8038,0 -97.0892,49.8038,0 -97.0892,49.7986,0</coordinates></LinearRing></outerBoundaryIs></Polygon></Placemark>
      <Placemark><name>Patch (37,6)</name><styleUrl>#sugarStyle_0</styleUrl><Polygon><outerBoundaryIs><LinearRing><coordinates>-97.0796,49.7986,0 -97.07000000000001,49.7986,0 -97.07000000000001,49.8038,0 -97.0796,49.8038,0 -97.0796,49.7986,0</coordinates></LinearRing></outerBoundaryIs></Polygon></Placemark>
      <Placemark><name>Patch (38,6)</name><styleUrl>#sugarStyle_0</styleUrl><Polygon><outerBoundaryIs><LinearRing><coordinates>-97.07000000000001,49.7986,0 -97.0604,49.7986,0 -97.0604,49.8038,0 -97.07000000000001,49.8038,0 -97.07000000000001,49.7986,0</coordinates></LinearRing></outerBoundaryIs></Polygon></Placemark>
      <Placemark><name>Patch (39,6)</name><styleUrl>#sugarStyle_0</styleUrl><Polygon><outerBoundaryIs><LinearRing><coordinates>-97.0604,49.7986,0 -97.05080000000001,49.7986,0 -97.05080000000001,49.8038,0 -97.0604,49.8038,0 -97.0604,49.7986,0</coordinates></LinearRing></outerBoundaryIs></Polygon></Placemark>
      <Placemark><name>Patch (40,6)</name><styleUrl>#sugarStyle_0</styleUrl><Polygon><outerBoundaryIs><LinearRing><coordinates>-97.05080000000001,49.7986,0 -97.0412,49.7986,0 -97.0412,49.8038,0 -97.05080000000001,49.8038,0 -97.05080000000001,49.7986,0</coordinates></LinearRing></outerBoundaryIs></Polygon></Placemark>
      <Placemark><name>Patch (41,6)</name><styleUrl>#sugarStyle_0</styleUrl><Polygon><outerBoundaryIs><LinearRing><coordinates>-97.0412,49.7986,0 -97.0316,49.7986,0 -97.0316,49.8038,0 -97.0412,49.8038,0 -97.0412,49.7986,0</coordinates></LinearRing></outerBoundaryIs></Polygon></Placemark>
      <Placemark><name>Patch (42,6)</name><styleUrl>#sugarStyle_0</styleUrl><Polygon><outerBoundaryIs><LinearRing><coordinates>-97.0316,49.7986,0 -97.022,49.7986,0 -97.022,49.8038,0 -97.0316,49.8038,0 -97.0316,49.7986,0</coordinates></LinearRing></outerBoundaryIs></Polygon></Placemark>
      <Placemark><name>Patch (43,6)</name><styleUrl>#sugarStyle_0</styleUrl><Polygon><outerBoundaryIs><LinearRing><coordinates>-97.022,49.7986,0 -97.0124,49.7986,0 -97.0124,49.8038,0 -97.022,49.8038,0 -97.022,49.7986,0</coordinates></LinearRing></outerBoundaryIs></Polygon></Placemark>
      <Placemark><name>Patch (44,6)</name><styleUrl>#sugarStyle_0</styleUrl><Polygon><outerBoundaryIs><LinearRing><coordinates>-97.0124,49.7986,0 -97.00280000000001,49.7986,0 -97.00280000000001,49.8038,0 -97.0124,49.8038,0 -97.0124,49.7986,0</coordinates></LinearRing></outerBoundaryIs></Polygon></Placemark>
      <Placemark><name>Patch (45,6)</name><styleUrl>#sugarStyle_0</styleUrl><Polygon><outerBoundaryIs><LinearRing><coordinates>-97.00280000000001,49.7986,0 -96.9932,49.7986,0 -96.9932,49.8038,0 -97.00280000000001,49.8038,0 -97.00280000000001,49.7986,0</coordinates></LinearRing></outerBoundaryIs></Polygon></Placemark>
      <Placemark><name>Patch (46,6)</name><styleUrl>#sugarStyle_0</styleUrl><Polygon><outerBoundaryIs><LinearRing><coordinates>-96.9932,49.7986,0 -96.98360000000001,49.7986,0 -96.98360000000001,49.8038,0 -96.9932,49.8038,0 -96.9932,49.7986,0</coordinates></LinearRing></outerBoundaryIs></Polygon></Placemark>
      <Placemark><name>Patch (47,6)</name><styleUrl>#sugarStyle_0</styleUrl><Polygon><outerBoundaryIs><LinearRing><coordinates>-96.98360000000001,49.7986,0 -96.974,49.7986,0 -96.974,49.8038,0 -96.98360000000001,49.8038,0 -96.98360000000001,49.7986,0</coordinates></LinearRing></outerBoundaryIs></Polygon></Placemark>
      <Placemark><name>Patch (48,6)</name><styleUrl>#sugarStyle_0</styleUrl><Polygon><outerBoundaryIs><LinearRing><coordinates>-96.974,49.7986,0 -96.9644,49.7986,0 -96.9644,49.8038,0 -96.974,49.8038,0 -96.974,49.7986,0</coordinates></LinearRing></outerBoundaryIs></Polygon></Placemark>
      <Placemark><name>Patch (49,6)</name><styleUrl>#sugarStyle_0</styleUrl><Polygon><outerBoundaryIs><LinearRing><coordinates>-96.9644,49.7986,0 -96.9548,49.7986,0 -96.9548,49.8038,0 -96.9644,49.8038,0 -96.9644,49.7986,0</coordinates></LinearRing></outerBoundaryIs></Polygon></Placemark>
      <Placemark><name>Patch (50,6)</name><styleUrl>#sugarStyle_0</styleUrl><Polygon><outerBoundaryIs><LinearRing><coordinates>-96.9548,49.7986,0 -96.9452,49.7986,0 -96.9452,49.8038,0 -96.9548,49.8038,0 -96.9548,49.7986,0</coordinates></LinearRing></outerBoundaryIs></Polygon></Placemark>
      <Placemark><name>Patch (0,7)</name><styleUrl>#sugarStyle_0</styleUrl><Polygon><outerBoundaryIs><LinearRing><coordinates>-97.43480000000001,49.8038,0 -97.4252,49.8038,0 -97.4252,49.809000000000005,0 -97.43480000000001,49.809000000000005,0 -97.43480000000001,49.8038,0</coordinates></LinearRing></outerBoundaryIs></Polygon></Placemark>
      <Placemark><name>Patch (1,7)</name><styleUrl>#sugarStyle_0</styleUrl><Polygon><outerBoundaryIs><LinearRing><coordinates>-97.4252,49.8038,0 -97.41560000000001,49.8038,0 -97.41560000000001,49.809000000000005,0 -97.4252,49.809000000000005,0 -97.4252,49.8038,0</coordinates></LinearRing></outerBoundaryIs></Polygon></Placemark>
      <Placemark><name>Patch (2,7)</name><styleUrl>#sugarStyle_0</styleUrl><Polygon><outerBoundaryIs><LinearRing><coordinates>-97.41560000000001,49.8038,0 -97.406,49.8038,0 -97.406,49.809000000000005,0 -97.41560000000001,49.809000000000005,0 -97.41560000000001,49.8038,0</coordinates></LinearRing></outerBoundaryIs></Polygon></Placemark>
      <Placemark><name>Patch (3,7)</name><styleUrl>#sugarStyle_0</styleUrl><Polygon><outerBoundaryIs><LinearRing><coordinates>-97.406,49.8038,0 -97.3964,49.8038,0 -97.3964,49.809000000000005,0 -97.406,49.809000000000005,0 -97.406,49.8038,0</coordinates></LinearRing></outerBoundaryIs></Polygon></Placemark>
      <Placemark><name>Patch (4,7)</name><styleUrl>#sugarStyle_0</styleUrl><Polygon><outerBoundaryIs><LinearRing><coordinates>-97.3964,49.8038,0 -97.38680000000001,49.8038,0 -97.38680000000001,49.809000000000005,0 -97.3964,49.809000000000005,0 -97.3964,49.8038,0</coordinates></LinearRing></outerBoundaryIs></Polygon></Placemark>
      <Placemark><name>Patch (5,7)</name><styleUrl>#sugarStyle_0</styleUrl><Polygon><outerBoundaryIs><LinearRing><coordinates>-97.38680000000001,49.8038,0 -97.3772,49.8038,0 -97.3772,49.809000000000005,0 -97.38680000000001,49.809000000000005,0 -97.38680000000001,49.8038,0</coordinates></LinearRing></outerBoundaryIs></Polygon></Placemark>
      <Placemark><name>Patch (6,7)</name><styleUrl>#sugarStyle_0</styleUrl><Polygon><outerBoundaryIs><LinearRing><coordinates>-97.3772,49.8038,0 -97.36760000000001,49.8038,0 -97.36760000000001,49.809000000000005,0 -97.3772,49.809000000000005,0 -97.3772,49.8038,0</coordinates></LinearRing></outerBoundaryIs></Polygon></Placemark>
      <Placemark><name>Patch (7,7)</name><styleUrl>#sugarStyle_0</styleUrl><Polygon><outerBoundaryIs><LinearRing><coordinates>-97.36760000000001,49.8038,0 -97.358,49.8038,0 -97.358,49.809000000000005,0 -97.36760000000001,49.809000000000005,0 -97.36760000000001,49.8038,0</coordinates></LinearRing></outerBoundaryIs></Polygon></Placemark>
      <Placemark><name>Patch (8,7)</name><styleUrl>#sugarStyle_0</styleUrl><Polygon><outerBoundaryIs><LinearRing><coordinates>-97.358,49.8038,0 -97.34840000000001,49.8038,0 -97.34840000000001,49.809000000000005,0 -97.358,49.809000000000005,0 -97.358,49.8038,0</coordinates></LinearRing></outerBoundaryIs></Polygon></Placemark>
      <Placemark><name>Patch (9,7)</name><styleUrl>#sugarStyle_0</styleUrl><Polygon><outerBoundaryIs><LinearRing><coordinates>-97.34840000000001,49.8038,0 -97.3388,49.8038,0 -97.3388,49.809000000000005,0 -97.34840000000001,49.809000000000005,0 -97.34840000000001,49.8038,0</coordinates></LinearRing></outerBoundaryIs></Polygon></Placemark>
      <Placemark><name>Patch (10,7)</name><styleUrl>#sugarStyle_0</styleUrl><Polygon><outerBoundaryIs><LinearRing><coordinates>-97.3388,49.8038,0 -97.3292,49.8038,0 -97.3292,49.809000000000005,0 -97.3388,49.809000000000005,0 -97.3388,49.8038,0</coordinates></LinearRing></outerBoundaryIs></Polygon></Placemark>
      <Placemark><name>Patch (11,7)</name><styleUrl>#sugarStyle_0</styleUrl><Polygon><outerBoundaryIs><LinearRing><coordinates>-97.3292,49.8038,0 -97.31960000000001,49.8038,0 -97.31960000000001,49.809000000000005,0 -97.3292,49.809000000000005,0 -97.3292,49.8038,0</coordinates></LinearRing></outerBoundaryIs></Polygon></Placemark>
      <Placemark><name>Patch (12,7)</name><styleUrl>#sugarStyle_0</styleUrl><Polygon><outerBoundaryIs><LinearRing><coordinates>-97.31960000000001,49.8038,0 -97.31,49.8038,0 -97.31,49.809000000000005,0 -97.31960000000001,49.809000000000005,0 -97.31960000000001,49.8038,0</coordinates></LinearRing></outerBoundaryIs></Polygon></Placemark>
      <Placemark><name>Patch (13,7)</name><styleUrl>#sugarStyle_0</styleUrl><Polygon><outerBoundaryIs><LinearRing><coordinates>-97.31,49.8038,0 -97.30040000000001,49.8038,0 -97.30040000000001,49.809000000000005,0 -97.31,49.809000000000005,0 -97.31,49.8038,0</coordinates></LinearRing></outerBoundaryIs></Polygon></Placemark>
      <Placemark><name>Patch (14,7)</name><styleUrl>#sugarStyle_0</styleUrl><Polygon><outerBoundaryIs><LinearRing><coordinates>-97.30040000000001,49.8038,0 -97.2908,49.8038,0 -97.2908,49.809000000000005,0 -97.30040000000001,49.809000000000005,0 -97.30040000000001,49.8038,0</coordinates></LinearRing></outerBoundaryIs></Polygon></Placemark>
      <Placemark><name>Patch (15,7)</name><styleUrl>#sugarStyle_0</styleUrl><Polygon><outerBoundaryIs><LinearRing><coordinates>-97.2908,49.8038,0 -97.28120000000001,49.8038,0 -97.28120000000001,49.809000000000005,0 -97.2908,49.809000000000005,0 -97.2908,49.8038,0</coordinates></LinearRing></outerBoundaryIs></Polygon></Placemark>
      <Placemark><name>Patch (16,7)</name><styleUrl>#sugarStyle_0</styleUrl><Polygon><outerBoundaryIs><LinearRing><coordinates>-97.28120000000001,49.8038,0 -97.2716,49.8038,0 -97.2716,49.809000000000005,0 -97.28120000000001,49.809000000000005,0 -97.28120000000001,49.8038,0</coordinates></LinearRing></outerBoundaryIs></Polygon></Placemark>
      <Placemark><name>Patch (17,7)</name><styleUrl>#sugarStyle_0</styleUrl><Polygon><outerBoundaryIs><LinearRing><coordinates>-97.2716,49.8038,0 -97.262,49.8038,0 -97.262,49.809000000000005,0 -97.2716,49.809000000000005,0 -97.2716,49.8038,0</coordinates></LinearRing></outerBoundaryIs></Polygon></Placemark>
      <Placemark><name>Patch (18,7)</name><styleUrl>#sugarStyle_0</styleUrl><Polygon><outerBoundaryIs><LinearRing><coordinates>-97.262,49.8038,0 -97.25240000000001,49.8038,0 -97.25240000000001,49.809000000000005,0 -97.262,49.809000000000005,0 -97.262,49.8038,0</coordinates></LinearRing></outerBoundaryIs></Polygon></Placemark>
      <Placemark><name>Patch (19,7)</name><styleUrl>#sugarStyle_0</styleUrl><Polygon><outerBoundaryIs><LinearRing><coordinates>-97.25240000000001,49.8038,0 -97.2428,49.8038,0 -97.2428,49.809000000000005,0 -97.25240000000001,49.809000000000005,0 -97.25240000000001,49.8038,0</coordinates></LinearRing></outerBoundaryIs></Polygon></Placemark>
      <Placemark><name>Patch (20,7)</name><styleUrl>#sugarStyle_0</styleUrl><Polygon><outerBoundaryIs><LinearRing><coordinates>-97.2428,49.8038,0 -97.23320000000001,49.8038,0 -97.23320000000001,49.809000000000005,0 -97.2428,49.809000000000005,0 -97.2428,49.8038,0</coordinates></LinearRing></outerBoundaryIs></Polygon></Placemark>
      <Placemark><name>Patch (21,7)</name><styleUrl>#sugarStyle_0</styleUrl><Polygon><outerBoundaryIs><LinearRing><coordinates>-97.23320000000001,49.8038,0 -97.2236,49.8038,0 -97.2236,49.809000000000005,0 -97.23320000000001,49.809000000000005,0 -97.23320000000001,49.8038,0</coordinates></LinearRing></outerBoundaryIs></Polygon></Placemark>
      <Placemark><name>Patch (22,7)</name><styleUrl>#sugarStyle_0</styleUrl><Polygon><outerBoundaryIs><LinearRing><coordinates>-97.2236,49.8038,0 -97.214,49.8038,0 -97.214,49.809000000000005,0 -97.2236,49.809000000000005,0 -97.2236,49.8038,0</coordinates></LinearRing></outerBoundaryIs></Polygon></Placemark>
      <Placemark><name>Patch (23,7)</name><styleUrl>#sugarStyle_0</styleUrl><Polygon><outerBoundaryIs><LinearRing><coordinates>-97.214,49.8038,0 -97.2044,49.8038,0 -97.2044,49.809000000000005,0 -97.214,49.809000000000005,0 -97.214,49.8038,0</coordinates></LinearRing></outerBoundaryIs></Polygon></Placemark>
      <Placemark><name>Patch (24,7)</name><styleUrl>#sugarStyle_0</styleUrl><Polygon><outerBoundaryIs><LinearRing><coordinates>-97.2044,49.8038,0 -97.1948,49.8038,0 -97.1948,49.809000000000005,0 -97.2044,49.809000000000005,0 -97.2044,49.8038,0</coordinates></LinearRing></outerBoundaryIs></Polygon></Placemark>
      <Placemark><name>Patch (25,7)</name><styleUrl>#sugarStyle_0</styleUrl><Polygon><outerBoundaryIs><LinearRing><coordinates>-97.1948,49.8038,0 -97.18520000000001,49.8038,0 -97.18520000000001,49.809000000000005,0 -97.1948,49.809000000000005,0 -97.1948,49.8038,0</coordinates></LinearRing></outerBoundaryIs></Polygon></Placemark>
      <Placemark><name>Patch (26,7)</name><styleUrl>#sugarStyle_0</styleUrl><Polygon><outerBoundaryIs><LinearRing><coordinates>-97.18520000000001,49.8038,0 -97.1756,49.8038,0 -97.1756,49.809000000000005,0 -97.18520000000001,49.809000000000005,0 -97.18520000000001,49.8038,0</coordinates></LinearRing></outerBoundaryIs></Polygon></Placemark>
      <Placemark><name>Patch (27,7)</name><styleUrl>#sugarStyle_0</styleUrl><Polygon><outerBoundaryIs><LinearRing><coordinates>-97.1756,49.8038,0 -97.16600000000001,49.8038,0 -97.16600000000001,49.809000000000005,0 -97.1756,49.809000000000005,0 -97.1756,49.8038,0</coordinates></LinearRing></outerBoundaryIs></Polygon></Placemark>
      <Placemark><name>Patch (28,7)</name><styleUrl>#sugarStyle_0</styleUrl><Polygon><outerBoundaryIs><LinearRing><coordinates>-97.16600000000001,49.8038,0 -97.1564,49.8038,0 -97.1564,49.809000000000005,0 -97.16600000000001,49.809000000000005,0 -97.16600000000001,49.8038,0</coordinates></LinearRing></outerBoundaryIs></Polygon></Placemark>
      <Placemark><name>Patch (29,7)</name><styleUrl>#sugarStyle_0</styleUrl><Polygon><outerBoundaryIs><LinearRing><coordinates>-97.1564,49.8038,0 -97.1468,49.8038,0 -97.1468,49.809000000000005,0 -97.1564,49.809000000000005,0 -97.1564,49.8038,0</coordinates></LinearRing></outerBoundaryIs></Polygon></Placemark>
      <Placemark><name>Patch (30,7)</name><styleUrl>#sugarStyle_0</styleUrl><Polygon><outerBoundaryIs><LinearRing><coordinates>-97.1468,49.8038,0 -97.1372,49.8038,0 -97.1372,49.809000000000005,0 -97.1468,49.809000000000005,0 -97.1468,49.8038,0</coordinates></LinearRing></outerBoundaryIs></Polygon></Placemark>
      <Placemark><name>Patch (31,7)</name><styleUrl>#sugarStyle_0</styleUrl><Polygon><outerBoundaryIs><LinearRing><coordinates>-97.1372,49.8038,0 -97.1276,49.8038,0 -97.1276,49.809000000000005,0 -97.1372,49.809000000000005,0 -97.1372,49.8038,0</coordinates></LinearRing></outerBoundaryIs></Polygon></Placemark>
      <Placemark><name>Patch (32,7)</name><styleUrl>#sugarStyle_0</styleUrl><Polygon><outerBoundaryIs><LinearRing><coordinates>-97.1276,49.8038,0 -97.11800000000001,49.8038,0 -97.11800000000001,49.809000000000005,0 -97.1276,49.809000000000005,0 -97.1276,49.8038,0</coordinates></LinearRing></outerBoundaryIs></Polygon></Placemark>
      <Placemark><name>Patch (33,7)</name><styleUrl>#sugarStyle_0</styleUrl><Polygon><outerBoundaryIs><LinearRing><coordinates>-97.11800000000001,49.8038,0 -97.1084,49.8038,0 -97.1084,49.809000000000005,0 -97.11800000000001,49.809000000000005,0 -97.11800000000001,49.8038,0</coordinates></LinearRing></outerBoundaryIs></Polygon></Placemark>
      <Placemark><name>Patch (34,7)</name><styleUrl>#sugarStyle_0</styleUrl><Polygon><outerBoundaryIs><LinearRing><coordinates>-97.1084,49.8038,0 -97.0988,49.8038,0 -97.0988,49.809000000000005,0 -97.1084,49.809000000000005,0 -97.1084,49.8038,0</coordinates></LinearRing></outerBoundaryIs></Polygon></Placemark>
      <Placemark><name>Patch (35,7)</name><styleUrl>#sugarStyle_0</styleUrl><Polygon><outerBoundaryIs><LinearRing><coordinates>-97.0988,49.8038,0 -97.0892,49.8038,0 -97.0892,49.809000000000005,0 -97.0988,49.809000000000005,0 -97.0988,49.8038,0</coordinates></LinearRing></outerBoundaryIs></Polygon></Placemark>
      <Placemark><name>Patch (36,7)</name><styleUrl>#sugarStyle_0</styleUrl><Polygon><outerBoundaryIs><LinearRing><coordinates>-97.0892,49.8038,0 -97.0796,49.8038,0 -97.0796,49.809000000000005,0 -97.0892,49.809000000000005,0 -97.0892,49.8038,0</coordinates></LinearRing></outerBoundaryIs></Polygon></Placemark>
      <Placemark><name>Patch (37,7)</name><styleUrl>#sugarStyle_0</styleUrl><Polygon><outerBoundaryIs><LinearRing><coordinates>-97.0796,49.8038,0 -97.07000000000001,49.8038,0 -97.07000000000001,49.809000000000005,0 -97.0796,49.809000000000005,0 -97.0796,49.8038,0</coordinates></LinearRing></outerBoundaryIs></Polygon></Placemark>
      <Placemark><name>Patch (38,7)</name><styleUrl>#sugarStyle_0</styleUrl><Polygon><outerBoundaryIs><LinearRing><coordinates>-97.07000000000001,49.8038,0 -97.0604,49.8038,0 -97.0604,49.809000000000005,0 -97.07000000000001,49.809000000000005,0 -97.07000000000001,49.8038,0</coordinates></LinearRing></outerBoundaryIs></Polygon></Placemark>
      <Placemark><name>Patch (39,7)</name><styleUrl>#sugarStyle_0</styleUrl><Polygon><outerBoundaryIs><LinearRing><coordinates>-97.0604,49.8038,0 -97.05080000000001,49.8038,0 -97.05080000000001,49.809000000000005,0 -97.0604,49.809000000000005,0 -97.0604,49.8038,0</coordinates></LinearRing></outerBoundaryIs></Polygon></Placemark>
      <Placemark><name>Patch (40,7)</name><styleUrl>#sugarStyle_0</styleUrl><Polygon><outerBoundaryIs><LinearRing><coordinates>-97.05080000000001,49.8038,0 -97.0412,49.8038,0 -97.0412,49.809000000000005,0 -97.05080000000001,49.809000000000005,0 -97.05080000000001,49.8038,0</coordinates></LinearRing></outerBoundaryIs></Polygon></Placemark>
      <Placemark><name>Patch (41,7)</name><styleUrl>#sugarStyle_0</styleUrl><Polygon><outerBoundaryIs><LinearRing><coordinates>-97.0412,49.8038,0 -97.0316,49.8038,0 -97.0316,49.809000000000005,0 -97.0412,49.809000000000005,0 -97.0412,49.8038,0</coordinates></LinearRing></outerBoundaryIs></Polygon></Placemark>
      <Placemark><name>Patch (42,7)</name><styleUrl>#sugarStyle_0</styleUrl><Polygon><outerBoundaryIs><LinearRing><coordinates>-97.0316,49.8038,0 -97.022,49.8038,0 -97.022,49.809000000000005,0 -97.0316,49.809000000000005,0 -97.0316,49.8038,0</coordinates></LinearRing></outerBoundaryIs></Polygon></Placemark>
      <Placemark><name>Patch (43,7)</name><styleUrl>#sugarStyle_0</styleUrl><Polygon><outerBoundaryIs><LinearRing><coordinates>-97.022,49.8038,0 -97.0124,49.8038,0 -97.0124,49.809000000000005,0 -97.022,49.809000000000005,0 -97.022,49.8038,0</coordinates></LinearRing></outerBoundaryIs></Polygon></Placemark>
      <Placemark><name>Patch (44,7)</name><styleUrl>#sugarStyle_0</styleUrl><Polygon><outerBoundaryIs><LinearRing><coordinates>-97.0124,49.8038,0 -97.00280000000001,49.8038,0 -97.00280000000001,49.809000000000005,0 -97.0124,49.809000000000005,0 -97.0124,49.8038,0</coordinates></LinearRing></outerBoundaryIs></Polygon></Placemark>
      <Placemark><name>Patch (45,7)</name><styleUrl>#sugarStyle_0</styleUrl><Polygon><outerBoundaryIs><LinearRing><coordinates>-97.00280000000001,49.8038,0 -96.9932,49.8038,0 -96.9932,49.809000000000005,0 -97.00280000000001,49.809000000000005,0 -97.00280000000001,49.8038,0</coordinates></LinearRing></outerBoundaryIs></Polygon></Placemark>
      <Placemark><name>Patch (46,7)</name><styleUrl>#sugarStyle_0</styleUrl><Polygon><outerBoundaryIs><LinearRing><coordinates>-96.9932,49.8038,0 -96.98360000000001,49.8038,0 -96.98360000000001,49.809000000000005,0 -96.9932,49.809000000000005,0 -96.9932,49.8038,0</coordinates></LinearRing></outerBoundaryIs></Polygon></Placemark>
      <Placemark><name>Patch (47,7)</name><styleUrl>#sugarStyle_0</styleUrl><Polygon><outerBoundaryIs><LinearRing><coordinates>-96.98360000000001,49.8038,0 -96.974,49.8038,0 -96.974,49.809000000000005,0 -96.98360000000001,49.809000000000005,0 -96.98360000000001,49.8038,0</coordinates></LinearRing></outerBoundaryIs></Polygon></Placemark>
      <Placemark><name>Patch (48,7)</name><styleUrl>#sugarStyle_0</styleUrl><Polygon><outerBoundaryIs><LinearRing><coordinates>-96.974,49.8038,0 -96.9644,49.8038,0 -96.9644,49.809000000000005,0 -96.974,49.809000000000005,0 -96.974,49.8038,0</coordinates></LinearRing></outerBoundaryIs></Polygon></Placemark>
      <Placemark><name>Patch (49,7)</name><styleUrl>#sugarStyle_0</styleUrl><Polygon><outerBoundaryIs><LinearRing><coordinates>-96.9644,49.8038,0 -96.9548,49.8038,0 -96.9548,49.809000000000005,0 -96.9644,49.809000000000005,0 -96.9644,49.8038,0</coordinates></LinearRing></outerBoundaryIs></Polygon></Placemark>
      <Placemark><name>Patch (50,7)</name><styleUrl>#sugarStyle_0</styleUrl><Polygon><outerBoundaryIs><LinearRing><coordinates>-96.9548,49.8038,0 -96.9452,49.8038,0 -96.9452,49.809000000000005,0 -96.9548,49.809000000000005,0 -96.9548,49.8038,0</coordinates></LinearRing></outerBoundaryIs></Polygon></Placemark>
      <Placemark><name>Patch (0,8)</name><styleUrl>#sugarStyle_0</styleUrl><Polygon><outerBoundaryIs><LinearRing><coordinates>-97.43480000000001,49.809000000000005,0 -97.4252,49.809000000000005,0 -97.4252,49.8142,0 -97.43480000000001,49.8142,0 -97.43480000000001,49.809000000000005,0</coordinates></LinearRing></outerBoundaryIs></Polygon></Placemark>
      <Placemark><name>Patch (1,8)</name><styleUrl>#sugarStyle_0</styleUrl><Polygon><outerBoundaryIs><LinearRing><coordinates>-97.4252,49.809000000000005,0 -97.41560000000001,49.809000000000005,0 -97.41560000000001,49.8142,0 -97.4252,49.8142,0 -97.4252,49.809000000000005,0</coordinates></LinearRing></outerBoundaryIs></Polygon></Placemark>
      <Placemark><name>Patch (2,8)</name><styleUrl>#sugarStyle_0</styleUrl><Polygon><outerBoundaryIs><LinearRing><coordinates>-97.41560000000001,49.809000000000005,0 -97.406,49.809000000000005,0 -97.406,49.8142,0 -97.41560000000001,49.8142,0 -97.41560000000001,49.809000000000005,0</coordinates></LinearRing></outerBoundaryIs></Polygon></Placemark>
      <Placemark><name>Patch (3,8)</name><styleUrl>#sugarStyle_0</styleUrl><Polygon><outerBoundaryIs><LinearRing><coordinates>-97.406,49.809000000000005,0 -97.3964,49.809000000000005,0 -97.3964,49.8142,0 -97.406,49.8142,0 -97.406,49.809000000000005,0</coordinates></LinearRing></outerBoundaryIs></Polygon></Placemark>
      <Placemark><name>Patch (4,8)</name><styleUrl>#sugarStyle_0</styleUrl><Polygon><outerBoundaryIs><LinearRing><coordinates>-97.3964,49.809000000000005,0 -97.38680000000001,49.809000000000005,0 -97.38680000000001,49.8142,0 -97.3964,49.8142,0 -97.3964,49.809000000000005,0</coordinates></LinearRing></outerBoundaryIs></Polygon></Placemark>
      <Placemark><name>Patch (5,8)</name><styleUrl>#sugarStyle_0</styleUrl><Polygon><outerBoundaryIs><LinearRing><coordinates>-97.38680000000001,49.809000000000005,0 -97.3772,49.809000000000005,0 -97.3772,49.8142,0 -97.38680000000001,49.8142,0 -97.38680000000001,49.809000000000005,0</coordinates></LinearRing></outerBoundaryIs></Polygon></Placemark>
      <Placemark><name>Patch (6,8)</name><styleUrl>#sugarStyle_0</styleUrl><Polygon><outerBoundaryIs><LinearRing><coordinates>-97.3772,49.809000000000005,0 -97.36760000000001,49.809000000000005,0 -97.36760000000001,49.8142,0 -97.3772,49.8142,0 -97.3772,49.809000000000005,0</coordinates></LinearRing></outerBoundaryIs></Polygon></Placemark>
      <Placemark><name>Patch (7,8)</name><styleUrl>#sugarStyle_0</styleUrl><Polygon><outerBoundaryIs><LinearRing><coordinates>-97.36760000000001,49.809000000000005,0 -97.358,49.809000000000005,0 -97.358,49.8142,0 -97.36760000000001,49.8142,0 -97.36760000000001,49.809000000000005,0</coordinates></LinearRing></outerBoundaryIs></Polygon></Placemark>
      <Placemark><name>Patch (8,8)</name><styleUrl>#sugarStyle_0</styleUrl><Polygon><outerBoundaryIs><LinearRing><coordinates>-97.358,49.809000000000005,0 -97.34840000000001,49.809000000000005,0 -97.34840000000001,49.8142,0 -97.358,49.8142,0 -97.358,49.809000000000005,0</coordinates></LinearRing></outerBoundaryIs></Polygon></Placemark>
      <Placemark><name>Patch (9,8)</name><styleUrl>#sugarStyle_0</styleUrl><Polygon><outerBoundaryIs><LinearRing><coordinates>-97.34840000000001,49.809000000000005,0 -97.3388,49.809000000000005,0 -97.3388,49.8142,0 -97.34840000000001,49.8142,0 -97.34840000000001,49.809000000000005,0</coordinates></LinearRing></outerBoundaryIs></Polygon></Placemark>
      <Placemark><name>Patch (10,8)</name><styleUrl>#sugarStyle_0</styleUrl><Polygon><outerBoundaryIs><LinearRing><coordinates>-97.3388,49.809000000000005,0 -97.3292,49.809000000000005,0 -97.3292,49.8142,0 -97.3388,49.8142,0 -97.3388,49.809000000000005,0</coordinates></LinearRing></outerBoundaryIs></Polygon></Placemark>
      <Placemark><name>Patch (11,8)</name><styleUrl>#sugarStyle_0</styleUrl><Polygon><outerBoundaryIs><LinearRing><coordinates>-97.3292,49.809000000000005,0 -97.31960000000001,49.809000000000005,0 -97.31960000000001,49.8142,0 -97.3292,49.8142,0 -97.3292,49.809000000000005,0</coordinates></LinearRing></outerBoundaryIs></Polygon></Placemark>
      <Placemark><name>Patch (12,8)</name><styleUrl>#sugarStyle_0</styleUrl><Polygon><outerBoundaryIs><LinearRing><coordinates>-97.31960000000001,49.809000000000005,0 -97.31,49.809000000000005,0 -97.31,49.8142,0 -97.31960000000001,49.8142,0 -97.31960000000001,49.809000000000005,0</coordinates></LinearRing></outerBoundaryIs></Polygon></Placemark>
      <Placemark><name>Patch (13,8)</name><styleUrl>#sugarStyle_0</styleUrl><Polygon><outerBoundaryIs><LinearRing><coordinates>-97.31,49.809000000000005,0 -97.30040000000001,49.809000000000005,0 -97.30040000000001,49.8142,0 -97.31,49.8142,0 -97.31,49.809000000000005,0</coordinates></LinearRing></outerBoundaryIs></Polygon></Placemark>
      <Placemark><name>Patch (14,8)</name><styleUrl>#sugarStyle_0</styleUrl><Polygon><outerBoundaryIs><LinearRing><coordinates>-97.30040000000001,49.809000000000005,0 -97.2908,49.809000000000005,0 -97.2908,49.8142,0 -97.30040000000001,49.8142,0 -97.30040000000001,49.809000000000005,0</coordinates></LinearRing></outerBoundaryIs></Polygon></Placemark>
      <Placemark><name>Patch (15,8)</name><styleUrl>#sugarStyle_0</styleUrl><Polygon><outerBoundaryIs><LinearRing><coordinates>-97.2908,49.809000000000005,0 -97.28120000000001,49.809000000000005,0 -97.28120000000001,49.8142,0 -97.2908,49.8142,0 -97.2908,49.809000000000005,0</coordinates></LinearRing></outerBoundaryIs></Polygon></Placemark>
      <Placemark><name>Patch (16,8)</name><styleUrl>#sugarStyle_0</styleUrl><Polygon><outerBoundaryIs><LinearRing><coordinates>-97.28120000000001,49.809000000000005,0 -97.2716,49.809000000000005,0 -97.2716,49.8142,0 -97.28120000000001,49.8142,0 -97.28120000000001,49.809000000000005,0</coordinates></LinearRing></outerBoundaryIs></Polygon></Placemark>
      <Placemark><name>Patch (17,8)</name><styleUrl>#sugarStyle_0</styleUrl><Polygon><outerBoundaryIs><LinearRing><coordinates>-97.2716,49.809000000000005,0 -97.262,49.809000000000005,0 -97.262,49.8142,0 -97.2716,49.8142,0 -97.2716,49.809000000000005,0</coordinates></LinearRing></outerBoundaryIs></Polygon></Placemark>
      <Placemark><name>Patch (18,8)</name><styleUrl>#sugarStyle_0</styleUrl><Polygon><outerBoundaryIs><LinearRing><coordinates>-97.262,49.809000000000005,0 -97.25240000000001,49.809000000000005,0 -97.25240000000001,49.8142,0 -97.262,49.8142,0 -97.262,49.809000000000005,0</coordinates></LinearRing></outerBoundaryIs></Polygon></Placemark>
      <Placemark><name>Patch (19,8)</name><styleUrl>#sugarStyle_0</styleUrl><Polygon><outerBoundaryIs><LinearRing><coordinates>-97.25240000000001,49.809000000000005,0 -97.2428,49.809000000000005,0 -97.2428,49.8142,0 -97.25240000000001,49.8142,0 -97.25240000000001,49.809000000000005,0</coordinates></LinearRing></outerBoundaryIs></Polygon></Placemark>
      <Placemark><name>Patch (20,8)</name><styleUrl>#sugarStyle_0</styleUrl><Polygon><outerBoundaryIs><LinearRing><coordinates>-97.2428,49.809000000000005,0 -97.23320000000001,49.809000000000005,0 -97.23320000000001,49.8142,0 -97.2428,49.8142,0 -97.2428,49.809000000000005,0</coordinates></LinearRing></outerBoundaryIs></Polygon></Placemark>
      <Placemark><name>Patch (21,8)</name><styleUrl>#sugarStyle_0</styleUrl><Polygon><outerBoundaryIs><LinearRing><coordinates>-97.23320000000001,49.809000000000005,0 -97.2236,49.809000000000005,0 -97.2236,49.8142,0 -97.23320000000001,49.8142,0 -97.23320000000001,49.809000000000005,0</coordinates></LinearRing></outerBoundaryIs></Polygon></Placemark>
      <Placemark><name>Patch (22,8)</name><styleUrl>#sugarStyle_0</styleUrl><Polygon><outerBoundaryIs><LinearRing><coordinates>-97.2236,49.809000000000005,0 -97.214,49.809000000000005,0 -97.214,49.8142,0 -97.2236,49.8142,0 -97.2236,49.809000000000005,0</coordinates></LinearRing></outerBoundaryIs></Polygon></Placemark>
      <Placemark><name>Patch (23,8)</name><styleUrl>#sugarStyle_0</styleUrl><Polygon><outerBoundaryIs><LinearRing><coordinates>-97.214,49.809000000000005,0 -97.2044,49.809000000000005,0 -97.2044,49.8142,0 -97.214,49.8142,0 -97.214,49.809000000000005,0</coordinates></LinearRing></outerBoundaryIs></Polygon></Placemark>
      <Placemark><name>Patch (24,8)</name><styleUrl>#sugarStyle_0</styleUrl><Polygon><outerBoundaryIs><LinearRing><coordinates>-97.2044,49.809000000000005,0 -97.1948,49.809000000000005,0 -97.1948,49.8142,0 -97.2044,49.8142,0 -97.2044,49.809000000000005,0</coordinates></LinearRing></outerBoundaryIs></Polygon></Placemark>
      <Placemark><name>Patch (25,8)</name><styleUrl>#sugarStyle_0</styleUrl><Polygon><outerBoundaryIs><LinearRing><coordinates>-97.1948,49.809000000000005,0 -97.18520000000001,49.809000000000005,0 -97.18520000000001,49.8142,0 -97.1948,49.8142,0 -97.1948,49.809000000000005,0</coordinates></LinearRing></outerBoundaryIs></Polygon></Placemark>
      <Placemark><name>Patch (26,8)</name><styleUrl>#sugarStyle_0</styleUrl><Polygon><outerBoundaryIs><LinearRing><coordinates>-97.18520000000001,49.809000000000005,0 -97.1756,49.809000000000005,0 -97.1756,49.8142,0 -97.18520000000001,49.8142,0 -97.18520000000001,49.809000000000005,0</coordinates></LinearRing></outerBoundaryIs></Polygon></Placemark>
      <Placemark><name>Patch (27,8)</name><styleUrl>#sugarStyle_0</styleUrl><Polygon><outerBoundaryIs><LinearRing><coordinates>-97.1756,49.809000000000005,0 -97.16600000000001,49.809000000000005,0 -97.16600000000001,49.8142,0 -97.1756,49.8142,0 -97.1756,49.809000000000005,0</coordinates></LinearRing></outerBoundaryIs></Polygon></Placemark>
      <Placemark><name>Patch (28,8)</name><styleUrl>#sugarStyle_0</styleUrl><Polygon><outerBoundaryIs><LinearRing><coordinates>-97.16600000000001,49.809000000000005,0 -97.1564,49.809000000000005,0 -97.1564,49.8142,0 -97.16600000000001,49.8142,0 -97.16600000000001,49.809000000000005,0</coordinates></LinearRing></outerBoundaryIs></Polygon></Placemark>
      <Placemark><name>Patch (29,8)</name><styleUrl>#sugarStyle_0</styleUrl><Polygon><outerBoundaryIs><LinearRing><coordinates>-97.1564,49.809000000000005,0 -97.1468,49.809000000000005,0 -97.1468,49.8142,0 -97.1564,49.8142,0 -97.1564,49.809000000000005,0</coordinates></LinearRing></outerBoundaryIs></Polygon></Placemark>
      <Placemark><name>Patch (30,8)</name><styleUrl>#sugarStyle_0</styleUrl><Polygon><outerBoundaryIs><LinearRing><coordinates>-97.1468,49.809000000000005,0 -97.1372,49.809000000000005,0 -97.1372,49.8142,0 -97.1468,49.8142,0 -97.1468,49.809000000000005,0</coordinates></LinearRing></outerBoundaryIs></Polygon></Placemark>
      <Placemark><name>Patch (31,8)</name><styleUrl>#sugarStyle_0</styleUrl><Polygon><outerBoundaryIs><LinearRing><coordinates>-97.1372,49.809000000000005,0 -97.1276,49.809000000000005,0 -97.1276,49.8142,0 -97.1372,49.8142,0 -97.1372,49.809000000000005,0</coordinates></LinearRing></outerBoundaryIs></Polygon></Placemark>
      <Placemark><name>Patch (32,8)</name><styleUrl>#sugarStyle_0</styleUrl><Polygon><outerBoundaryIs><LinearRing><coordinates>-97.1276,49.809000000000005,0 -97.11800000000001,49.809000000000005,0 -97.11800000000001,49.8142,0 -97.1276,49.8142,0 -97.1276,49.809000000000005,0</coordinates></LinearRing></outerBoundaryIs></Polygon></Placemark>
      <Placemark><name>Patch (33,8)</name><styleUrl>#sugarStyle_0</styleUrl><Polygon><outerBoundaryIs><LinearRing><coordinates>-97.11800000000001,49.809000000000005,0 -97.1084,49.809000000000005,0 -97.1084,49.8142,0 -97.11800000000001,49.8142,0 -97.11800000000001,49.809000000000005,0</coordinates></LinearRing></outerBoundaryIs></Polygon></Placemark>
      <Placemark><name>Patch (34,8)</name><styleUrl>#sugarStyle_0</styleUrl><Polygon><outerBoundaryIs><LinearRing><coordinates>-97.1084,49.809000000000005,0 -97.0988,49.809000000000005,0 -97.0988,49.8142,0 -97.1084,49.8142,0 -97.1084,49.809000000000005,0</coordinates></LinearRing></outerBoundaryIs></Polygon></Placemark>
      <Placemark><name>Patch (35,8)</name><styleUrl>#sugarStyle_0</styleUrl><Polygon><outerBoundaryIs><LinearRing><coordinates>-97.0988,49.809000000000005,0 -97.0892,49.809000000000005,0 -97.0892,49.8142,0 -97.0988,49.8142,0 -97.0988,49.809000000000005,0</coordinates></LinearRing></outerBoundaryIs></Polygon></Placemark>
      <Placemark><name>Patch (36,8)</name><styleUrl>#sugarStyle_0</styleUrl><Polygon><outerBoundaryIs><LinearRing><coordinates>-97.0892,49.809000000000005,0 -97.0796,49.809000000000005,0 -97.0796,49.8142,0 -97.0892,49.8142,0 -97.0892,49.809000000000005,0</coordinates></LinearRing></outerBoundaryIs></Polygon></Placemark>
      <Placemark><name>Patch (37,8)</name><styleUrl>#sugarStyle_0</styleUrl><Polygon><outerBoundaryIs><LinearRing><coordinates>-97.0796,49.809000000000005,0 -97.07000000000001,49.809000000000005,0 -97.07000000000001,49.8142,0 -97.0796,49.8142,0 -97.0796,49.809000000000005,0</coordinates></LinearRing></outerBoundaryIs></Polygon></Placemark>
      <Placemark><name>Patch (38,8)</name><styleUrl>#sugarStyle_0</styleUrl><Polygon><outerBoundaryIs><LinearRing><coordinates>-97.07000000000001,49.809000000000005,0 -97.0604,49.809000000000005,0 -97.0604,49.8142,0 -97.07000000000001,49.8142,0 -97.07000000000001,49.809000000000005,0</coordinates></LinearRing></outerBoundaryIs></Polygon></Placemark>
      <Placemark><name>Patch (39,8)</name><styleUrl>#sugarStyle_0</styleUrl><Polygon><outerBoundaryIs><LinearRing><coordinates>-97.0604,49.809000000000005,0 -97.05080000000001,49.809000000000005,0 -97.05080000000001,49.8142,0 -97.0604,49.8142,0 -97.0604,49.809000000000005,0</coordinates></LinearRing></outerBoundaryIs></Polygon></Placemark>
      <Placemark><name>Patch (40,8)</name><styleUrl>#sugarStyle_0</styleUrl><Polygon><outerBoundaryIs><LinearRing><coordinates>-97.05080000000001,49.809000000000005,0 -97.0412,49.809000000000005,0 -97.0412,49.8142,0 -97.05080000000001,49.8142,0 -97.05080000000001,49.809000000000005,0</coordinates></LinearRing></outerBoundaryIs></Polygon></Placemark>
      <Placemark><name>Patch (41,8)</name><styleUrl>#sugarStyle_0</styleUrl><Polygon><outerBoundaryIs><LinearRing><coordinates>-97.0412,49.809000000000005,0 -97.0316,49.809000000000005,0 -97.0316,49.8142,0 -97.0412,49.8142,0 -97.0412,49.809000000000005,0</coordinates></LinearRing></outerBoundaryIs></Polygon></Placemark>
      <Placemark><name>Patch (42,8)</name><styleUrl>#sugarStyle_0</styleUrl><Polygon><outerBoundaryIs><LinearRing><coordinates>-97.0316,49.809000000000005,0 -97.022,49.809000000000005,0 -97.022,49.8142,0 -97.0316,49.8142,0 -97.0316,49.809000000000005,0</coordinates></LinearRing></outerBoundaryIs></Polygon></Placemark>
      <Placemark><name>Patch (43,8)</name><styleUrl>#sugarStyle_0</styleUrl><Polygon><outerBoundaryIs><LinearRing><coordinates>-97.022,49.809000000000005,0 -97.0124,49.809000000000005,0 -97.0124,49.8142,0 -97.022,49.8142,0 -97.022,49.809000000000005,0</coordinates></LinearRing></outerBoundaryIs></Polygon></Placemark>
      <Placemark><name>Patch (44,8)</name><styleUrl>#sugarStyle_0</styleUrl><Polygon><outerBoundaryIs><LinearRing><coordinates>-97.0124,49.809000000000005,0 -97.00280000000001,49.809000000000005,0 -97.00280000000001,49.8142,0 -97.0124,49.8142,0 -97.0124,49.809000000000005,0</coordinates></LinearRing></outerBoundaryIs></Polygon></Placemark>
      <Placemark><name>Patch (45,8)</name><styleUrl>#sugarStyle_0</styleUrl><Polygon><outerBoundaryIs><LinearRing><coordinates>-97.00280000000001,49.809000000000005,0 -96.9932,49.809000000000005,0 -96.9932,49.8142,0 -97.00280000000001,49.8142,0 -97.00280000000001,49.809000000000005,0</coordinates></LinearRing></outerBoundaryIs></Polygon></Placemark>
      <Placemark><name>Patch (46,8)</name><styleUrl>#sugarStyle_0</styleUrl><Polygon><outerBoundaryIs><LinearRing><coordinates>-96.9932,49.809000000000005,0 -96.98360000000001,49.809000000000005,0 -96.98360000000001,49.8142,0 -96.9932,49.8142,0 -96.9932,49.809000000000005,0</coordinates></LinearRing></outerBoundaryIs></Polygon></Placemark>
      <Placemark><name>Patch (47,8)</name><styleUrl>#sugarStyle_0</styleUrl><Polygon><outerBoundaryIs><LinearRing><coordinates>-96.98360000000001,49.809000000000005,0 -96.974,49.809000000000005,0 -96.974,49.8142,0 -96.98360000000001,49.8142,0 -96.98360000000001,49.809000000000005,0</coordinates></LinearRing></outerBoundaryIs></Polygon></Placemark>
      <Placemark><name>Patch (48,8)</name><styleUrl>#sugarStyle_0</styleUrl><Polygon><outerBoundaryIs><LinearRing><coordinates>-96.974,49.809000000000005,0 -96.9644,49.809000000000005,0 -96.9644,49.8142,0 -96.974,49.8142,0 -96.974,49.809000000000005,0</coordinates></LinearRing></outerBoundaryIs></Polygon></Placemark>
      <Placemark><name>Patch (49,8)</name><styleUrl>#sugarStyle_0</styleUrl><Polygon><outerBoundaryIs><LinearRing><coordinates>-96.9644,49.809000000000005,0 -96.9548,49.809000000000005,0 -96.9548,49.8142,0 -96.9644,49.8142,0 -96.9644,49.809000000000005,0</coordinates></LinearRing></outerBoundaryIs></Polygon></Placemark>
      <Placemark><name>Patch (50,8)</name><styleUrl>#sugarStyle_0</styleUrl><Polygon><outerBoundaryIs><LinearRing><coordinates>-96.9548,49.809000000000005,0 -96.9452,49.809000000000005,0 -96.9452,49.8142,0 -96.9548,49.8142,0 -96.9548,49.809000000000005,0</coordinates></LinearRing></outerBoundaryIs></Polygon></Placemark>
      <Placemark><name>Patch (0,9)</name><styleUrl>#sugarStyle_0</styleUrl><Polygon><outerBoundaryIs><LinearRing><coordinates>-97.43480000000001,49.8142,0 -97.4252,49.8142,0 -97.4252,49.8194,0 -97.43480000000001,49.8194,0 -97.43480000000001,49.8142,0</coordinates></LinearRing></outerBoundaryIs></Polygon></Placemark>
      <Placemark><name>Patch (1,9)</name><styleUrl>#sugarStyle_0</styleUrl><Polygon><outerBoundaryIs><LinearRing><coordinates>-97.4252,49.8142,0 -97.41560000000001,49.8142,0 -97.41560000000001,49.8194,0 -97.4252,49.8194,0 -97.4252,49.8142,0</coordinates></LinearRing></outerBoundaryIs></Polygon></Placemark>
      <Placemark><name>Patch (2,9)</name><styleUrl>#sugarStyle_0</styleUrl><Polygon><outerBoundaryIs><LinearRing><coordinates>-97.41560000000001,49.8142,0 -97.406,49.8142,0 -97.406,49.8194,0 -97.41560000000001,49.8194,0 -97.41560000000001,49.8142,0</coordinates></LinearRing></outerBoundaryIs></Polygon></Placemark>
      <Placemark><name>Patch (3,9)</name><styleUrl>#sugarStyle_0</styleUrl><Polygon><outerBoundaryIs><LinearRing><coordinates>-97.406,49.8142,0 -97.3964,49.8142,0 -97.3964,49.8194,0 -97.406,49.8194,0 -97.406,49.8142,0</coordinates></LinearRing></outerBoundaryIs></Polygon></Placemark>
      <Placemark><name>Patch (4,9)</name><styleUrl>#sugarStyle_0</styleUrl><Polygon><outerBoundaryIs><LinearRing><coordinates>-97.3964,49.8142,0 -97.38680000000001,49.8142,0 -97.38680000000001,49.8194,0 -97.3964,49.8194,0 -97.3964,49.8142,0</coordinates></LinearRing></outerBoundaryIs></Polygon></Placemark>
      <Placemark><name>Patch (5,9)</name><styleUrl>#sugarStyle_0</styleUrl><Polygon><outerBoundaryIs><LinearRing><coordinates>-97.38680000000001,49.8142,0 -97.3772,49.8142,0 -97.3772,49.8194,0 -97.38680000000001,49.8194,0 -97.38680000000001,49.8142,0</coordinates></LinearRing></outerBoundaryIs></Polygon></Placemark>
      <Placemark><name>Patch (6,9)</name><styleUrl>#sugarStyle_0</styleUrl><Polygon><outerBoundaryIs><LinearRing><coordinates>-97.3772,49.8142,0 -97.36760000000001,49.8142,0 -97.36760000000001,49.8194,0 -97.3772,49.8194,0 -97.3772,49.8142,0</coordinates></LinearRing></outerBoundaryIs></Polygon></Placemark>
      <Placemark><name>Patch (7,9)</name><styleUrl>#sugarStyle_0</styleUrl><Polygon><outerBoundaryIs><LinearRing><coordinates>-97.36760000000001,49.8142,0 -97.358,49.8142,0 -97.358,49.8194,0 -97.36760000000001,49.8194,0 -97.36760000000001,49.8142,0</coordinates></LinearRing></outerBoundaryIs></Polygon></Placemark>
      <Placemark><name>Patch (8,9)</name><styleUrl>#sugarStyle_0</styleUrl><Polygon><outerBoundaryIs><LinearRing><coordinates>-97.358,49.8142,0 -97.34840000000001,49.8142,0 -97.34840000000001,49.8194,0 -97.358,49.8194,0 -97.358,49.8142,0</coordinates></LinearRing></outerBoundaryIs></Polygon></Placemark>
      <Placemark><name>Patch (9,9)</name><styleUrl>#sugarStyle_0</styleUrl><Polygon><outerBoundaryIs><LinearRing><coordinates>-97.34840000000001,49.8142,0 -97.3388,49.8142,0 -97.3388,49.8194,0 -97.34840000000001,49.8194,0 -97.34840000000001,49.8142,0</coordinates></LinearRing></outerBoundaryIs></Polygon></Placemark>
      <Placemark><name>Patch (10,9)</name><styleUrl>#sugarStyle_0</styleUrl><Polygon><outerBoundaryIs><LinearRing><coordinates>-97.3388,49.8142,0 -97.3292,49.8142,0 -97.3292,49.8194,0 -97.3388,49.8194,0 -97.3388,49.8142,0</coordinates></LinearRing></outerBoundaryIs></Polygon></Placemark>
      <Placemark><name>Patch (11,9)</name><styleUrl>#sugarStyle_0</styleUrl><Polygon><outerBoundaryIs><LinearRing><coordinates>-97.3292,49.8142,0 -97.31960000000001,49.8142,0 -97.31960000000001,49.8194,0 -97.3292,49.8194,0 -97.3292,49.8142,0</coordinates></LinearRing></outerBoundaryIs></Polygon></Placemark>
      <Placemark><name>Patch (12,9)</name><styleUrl>#sugarStyle_0</styleUrl><Polygon><outerBoundaryIs><LinearRing><coordinates>-97.31960000000001,49.8142,0 -97.31,49.8142,0 -97.31,49.8194,0 -97.31960000000001,49.8194,0 -97.31960000000001,49.8142,0</coordinates></LinearRing></outerBoundaryIs></Polygon></Placemark>
      <Placemark><name>Patch (13,9)</name><styleUrl>#sugarStyle_0</styleUrl><Polygon><outerBoundaryIs><LinearRing><coordinates>-97.31,49.8142,0 -97.30040000000001,49.8142,0 -97.30040000000001,49.8194,0 -97.31,49.8194,0 -97.31,49.8142,0</coordinates></LinearRing></outerBoundaryIs></Polygon></Placemark>
      <Placemark><name>Patch (14,9)</name><styleUrl>#sugarStyle_0</styleUrl><Polygon><outerBoundaryIs><LinearRing><coordinates>-97.30040000000001,49.8142,0 -97.2908,49.8142,0 -97.2908,49.8194,0 -97.30040000000001,49.8194,0 -97.30040000000001,49.8142,0</coordinates></LinearRing></outerBoundaryIs></Polygon></Placemark>
      <Placemark><name>Patch (15,9)</name><styleUrl>#sugarStyle_0</styleUrl><Polygon><outerBoundaryIs><LinearRing><coordinates>-97.2908,49.8142,0 -97.28120000000001,49.8142,0 -97.28120000000001,49.8194,0 -97.2908,49.8194,0 -97.2908,49.8142,0</coordinates></LinearRing></outerBoundaryIs></Polygon></Placemark>
      <Placemark><name>Patch (16,9)</name><styleUrl>#sugarStyle_0</styleUrl><Polygon><outerBoundaryIs><LinearRing><coordinates>-97.28120000000001,49.8142,0 -97.2716,49.8142,0 -97.2716,49.8194,0 -97.28120000000001,49.8194,0 -97.28120000000001,49.8142,0</coordinates></LinearRing></outerBoundaryIs></Polygon></Placemark>
      <Placemark><name>Patch (17,9)</name><styleUrl>#sugarStyle_0</styleUrl><Polygon><outerBoundaryIs><LinearRing><coordinates>-97.2716,49.8142,0 -97.262,49.8142,0 -97.262,49.8194,0 -97.2716,49.8194,0 -97.2716,49.8142,0</coordinates></LinearRing></outerBoundaryIs></Polygon></Placemark>
      <Placemark><name>Patch (18,9)</name><styleUrl>#sugarStyle_0</styleUrl><Polygon><outerBoundaryIs><LinearRing><coordinates>-97.262,49.8142,0 -97.25240000000001,49.8142,0 -97.25240000000001,49.8194,0 -97.262,49.8194,0 -97.262,49.8142,0</coordinates></LinearRing></outerBoundaryIs></Polygon></Placemark>
      <Placemark><name>Patch (19,9)</name><styleUrl>#sugarStyle_0</styleUrl><Polygon><outerBoundaryIs><LinearRing><coordinates>-97.25240000000001,49.8142,0 -97.2428,49.8142,0 -97.2428,49.8194,0 -97.25240000000001,49.8194,0 -97.25240000000001,49.8142,0</coordinates></LinearRing></outerBoundaryIs></Polygon></Placemark>
      <Placemark><name>Patch (20,9)</name><styleUrl>#sugarStyle_0</styleUrl><Polygon><outerBoundaryIs><LinearRing><coordinates>-97.2428,49.8142,0 -97.23320000000001,49.8142,0 -97.23320000000001,49.8194,0 -97.2428,49.8194,0 -97.2428,49.8142,0</coordinates></LinearRing></outerBoundaryIs></Polygon></Placemark>
      <Placemark><name>Patch (21,9)</name><styleUrl>#sugarStyle_0</styleUrl><Polygon><outerBoundaryIs><LinearRing><coordinates>-97.23320000000001,49.8142,0 -97.2236,49.8142,0 -97.2236,49.8194,0 -97.23320000000001,49.8194,0 -97.23320000000001,49.8142,0</coordinates></LinearRing></outerBoundaryIs></Polygon></Placemark>
      <Placemark><name>Patch (22,9)</name><styleUrl>#sugarStyle_0</styleUrl><Polygon><outerBoundaryIs><LinearRing><coordinates>-97.2236,49.8142,0 -97.214,49.8142,0 -97.214,49.8194,0 -97.2236,49.8194,0 -97.2236,49.8142,0</coordinates></LinearRing></outerBoundaryIs></Polygon></Placemark>
      <Placemark><name>Patch (23,9)</name><styleUrl>#sugarStyle_0</styleUrl><Polygon><outerBoundaryIs><LinearRing><coordinates>-97.214,49.8142,0 -97.2044,49.8142,0 -97.2044,49.8194,0 -97.214,49.8194,0 -97.214,49.8142,0</coordinates></LinearRing></outerBoundaryIs></Polygon></Placemark>
      <Placemark><name>Patch (24,9)</name><styleUrl>#sugarStyle_0</styleUrl><Polygon><outerBoundaryIs><LinearRing><coordinates>-97.2044,49.8142,0 -97.1948,49.8142,0 -97.1948,49.8194,0 -97.2044,49.8194,0 -97.2044,49.8142,0</coordinates></LinearRing></outerBoundaryIs></Polygon></Placemark>
      <Placemark><name>Patch (25,9)</name><styleUrl>#sugarStyle_0</styleUrl><Polygon><outerBoundaryIs><LinearRing><coordinates>-97.1948,49.8142,0 -97.18520000000001,49.8142,0 -97.18520000000001,49.8194,0 -97.1948,49.8194,0 -97.1948,49.8142,0</coordinates></LinearRing></outerBoundaryIs></Polygon></Placemark>
      <Placemark><name>Patch (26,9)</name><styleUrl>#sugarStyle_0</styleUrl><Polygon><outerBoundaryIs><LinearRing><coordinates>-97.18520000000001,49.8142,0 -97.1756,49.8142,0 -97.1756,49.8194,0 -97.18520000000001,49.8194,0 -97.18520000000001,49.8142,0</coordinates></LinearRing></outerBoundaryIs></Polygon></Placemark>
      <Placemark><name>Patch (27,9)</name><styleUrl>#sugarStyle_0</styleUrl><Polygon><outerBoundaryIs><LinearRing><coordinates>-97.1756,49.8142,0 -97.16600000000001,49.8142,0 -97.16600000000001,49.8194,0 -97.1756,49.8194,0 -97.1756,49.8142,0</coordinates></LinearRing></outerBoundaryIs></Polygon></Placemark>
      <Placemark><name>Patch (28,9)</name><styleUrl>#sugarStyle_0</styleUrl><Polygon><outerBoundaryIs><LinearRing><coordinates>-97.16600000000001,49.8142,0 -97.1564,49.8142,0 -97.1564,49.8194,0 -97.16600000000001,49.8194,0 -97.16600000000001,49.8142,0</coordinates></LinearRing></outerBoundaryIs></Polygon></Placemark>
      <Placemark><name>Patch (29,9)</name><styleUrl>#sugarStyle_0</styleUrl><Polygon><outerBoundaryIs><LinearRing><coordinates>-97.1564,49.8142,0 -97.1468,49.8142,0 -97.1468,49.8194,0 -97.1564,49.8194,0 -97.1564,49.8142,0</coordinates></LinearRing></outerBoundaryIs></Polygon></Placemark>
      <Placemark><name>Patch (30,9)</name><styleUrl>#sugarStyle_0</styleUrl><Polygon><outerBoundaryIs><LinearRing><coordinates>-97.1468,49.8142,0 -97.1372,49.8142,0 -97.1372,49.8194,0 -97.1468,49.8194,0 -97.1468,49.8142,0</coordinates></LinearRing></outerBoundaryIs></Polygon></Placemark>
      <Placemark><name>Patch (31,9)</name><styleUrl>#sugarStyle_0</styleUrl><Polygon><outerBoundaryIs><LinearRing><coordinates>-97.1372,49.8142,0 -97.1276,49.8142,0 -97.1276,49.8194,0 -97.1372,49.8194,0 -97.1372,49.8142,0</coordinates></LinearRing></outerBoundaryIs></Polygon></Placemark>
      <Placemark><name>Patch (32,9)</name><styleUrl>#sugarStyle_0</styleUrl><Polygon><outerBoundaryIs><LinearRing><coordinates>-97.1276,49.8142,0 -97.11800000000001,49.8142,0 -97.11800000000001,49.8194,0 -97.1276,49.8194,0 -97.1276,49.8142,0</coordinates></LinearRing></outerBoundaryIs></Polygon></Placemark>
      <Placemark><name>Patch (33,9)</name><styleUrl>#sugarStyle_0</styleUrl><Polygon><outerBoundaryIs><LinearRing><coordinates>-97.11800000000001,49.8142,0 -97.1084,49.8142,0 -97.1084,49.8194,0 -97.11800000000001,49.8194,0 -97.11800000000001,49.8142,0</coordinates></LinearRing></outerBoundaryIs></Polygon></Placemark>
      <Placemark><name>Patch (34,9)</name><styleUrl>#sugarStyle_0</styleUrl><Polygon><outerBoundaryIs><LinearRing><coordinates>-97.1084,49.8142,0 -97.0988,49.8142,0 -97.0988,49.8194,0 -97.1084,49.8194,0 -97.1084,49.8142,0</coordinates></LinearRing></outerBoundaryIs></Polygon></Placemark>
      <Placemark><name>Patch (35,9)</name><styleUrl>#sugarStyle_0</styleUrl><Polygon><outerBoundaryIs><LinearRing><coordinates>-97.0988,49.8142,0 -97.0892,49.8142,0 -97.0892,49.8194,0 -97.0988,49.8194,0 -97.0988,49.8142,0</coordinates></LinearRing></outerBoundaryIs></Polygon></Placemark>
      <Placemark><name>Patch (36,9)</name><styleUrl>#sugarStyle_0</styleUrl><Polygon><outerBoundaryIs><LinearRing><coordinates>-97.0892,49.8142,0 -97.0796,49.8142,0 -97.0796,49.8194,0 -97.0892,49.8194,0 -97.0892,49.8142,0</coordinates></LinearRing></outerBoundaryIs></Polygon></Placemark>
      <Placemark><name>Patch (37,9)</name><styleUrl>#sugarStyle_0</styleUrl><Polygon><outerBoundaryIs><LinearRing><coordinates>-97.0796,49.8142,0 -97.07000000000001,49.8142,0 -97.07000000000001,49.8194,0 -97.0796,49.8194,0 -97.0796,49.8142,0</coordinates></LinearRing></outerBoundaryIs></Polygon></Placemark>
      <Placemark><name>Patch (38,9)</name><styleUrl>#sugarStyle_0</styleUrl><Polygon><outerBoundaryIs><LinearRing><coordinates>-97.07000000000001,49.8142,0 -97.0604,49.8142,0 -97.0604,49.8194,0 -97.07000000000001,49.8194,0 -97.07000000000001,49.8142,0</coordinates></LinearRing></outerBoundaryIs></Polygon></Placemark>
      <Placemark><name>Patch (39,9)</name><styleUrl>#sugarStyle_0</styleUrl><Polygon><outerBoundaryIs><LinearRing><coordinates>-97.0604,49.8142,0 -97.05080000000001,49.8142,0 -97.05080000000001,49.8194,0 -97.0604,49.8194,0 -97.0604,49.8142,0</coordinates></LinearRing></outerBoundaryIs></Polygon></Placemark>
      <Placemark><name>Patch (40,9)</name><styleUrl>#sugarStyle_0</styleUrl><Polygon><outerBoundaryIs><LinearRing><coordinates>-97.05080000000001,49.8142,0 -97.0412,49.8142,0 -97.0412,49.8194,0 -97.05080000000001,49.8194,0 -97.05080000000001,49.8142,0</coordinates></LinearRing></outerBoundaryIs></Polygon></Placemark>
      <Placemark><name>Patch (41,9)</name><styleUrl>#sugarStyle_0</styleUrl><Polygon><outerBoundaryIs><LinearRing><coordinates>-97.0412,49.8142,0 -97.0316,49.8142,0 -97.0316,49.8194,0 -97.0412,49.8194,0 -97.0412,49.8142,0</coordinates></LinearRing></outerBoundaryIs></Polygon></Placemark>
      <Placemark><name>Patch (42,9)</name><styleUrl>#sugarStyle_0</styleUrl><Polygon><outerBoundaryIs><LinearRing><coordinates>-97.0316,49.8142,0 -97.022,49.8142,0 -97.022,49.8194,0 -97.0316,49.8194,0 -97.0316,49.8142,0</coordinates></LinearRing></outerBoundaryIs></Polygon></Placemark>
      <Placemark><name>Patch (43,9)</name><styleUrl>#sugarStyle_0</styleUrl><Polygon><outerBoundaryIs><LinearRing><coordinates>-97.022,49.8142,0 -97.0124,49.8142,0 -97.0124,49.8194,0 -97.022,49.8194,0 -97.022,49.8142,0</coordinates></LinearRing></outerBoundaryIs></Polygon></Placemark>
      <Placemark><name>Patch (44,9)</name><styleUrl>#sugarStyle_0</styleUrl><Polygon><outerBoundaryIs><LinearRing><coordinates>-97.0124,49.8142,0 -97.00280000000001,49.8142,0 -97.00280000000001,49.8194,0 -97.0124,49.8194,0 -97.0124,49.8142,0</coordinates></LinearRing></outerBoundaryIs></Polygon></Placemark>
      <Placemark><name>Patch (45,9)</name><styleUrl>#sugarStyle_0</styleUrl><Polygon><outerBoundaryIs><LinearRing><coordinates>-97.00280000000001,49.8142,0 -96.9932,49.8142,0 -96.9932,49.8194,0 -97.00280000000001,49.8194,0 -97.00280000000001,49.8142,0</coordinates></LinearRing></outerBoundaryIs></Polygon></Placemark>
      <Placemark><name>Patch (46,9)</name><styleUrl>#sugarStyle_0</styleUrl><Polygon><outerBoundaryIs><LinearRing><coordinates>-96.9932,49.8142,0 -96.98360000000001,49.8142,0 -96.98360000000001,49.8194,0 -96.9932,49.8194,0 -96.9932,49.8142,0</coordinates></LinearRing></outerBoundaryIs></Polygon></Placemark>
      <Placemark><name>Patch (47,9)</name><styleUrl>#sugarStyle_0</styleUrl><Polygon><outerBoundaryIs><LinearRing><coordinates>-96.98360000000001,49.8142,0 -96.974,49.8142,0 -96.974,49.8194,0 -96.98360000000001,49.8194,0 -96.98360000000001,49.8142,0</coordinates></LinearRing></outerBoundaryIs></Polygon></Placemark>
      <Placemark><name>Patch (48,9)</name><styleUrl>#sugarStyle_0</styleUrl><Polygon><outerBoundaryIs><LinearRing><coordinates>-96.974,49.8142,0 -96.9644,49.8142,0 -96.9644,49.8194,0 -96.974,49.8194,0 -96.974,49.8142,0</coordinates></LinearRing></outerBoundaryIs></Polygon></Placemark>
      <Placemark><name>Patch (49,9)</name><styleUrl>#sugarStyle_0</styleUrl><Polygon><outerBoundaryIs><LinearRing><coordinates>-96.9644,49.8142,0 -96.9548,49.8142,0 -96.9548,49.8194,0 -96.9644,49.8194,0 -96.9644,49.8142,0</coordinates></LinearRing></outerBoundaryIs></Polygon></Placemark>
      <Placemark><name>Patch (50,9)</name><styleUrl>#sugarStyle_0</styleUrl><Polygon><outerBoundaryIs><LinearRing><coordinates>-96.9548,49.8142,0 -96.9452,49.8142,0 -96.9452,49.8194,0 -96.9548,49.8194,0 -96.9548,49.8142,0</coordinates></LinearRing></outerBoundaryIs></Polygon></Placemark>
      <Placemark><name>Patch (0,10)</name><styleUrl>#sugarStyle_0</styleUrl><Polygon><outerBoundaryIs><LinearRing><coordinates>-97.43480000000001,49.8194,0 -97.4252,49.8194,0 -97.4252,49.824600000000004,0 -97.43480000000001,49.824600000000004,0 -97.43480000000001,49.8194,0</coordinates></LinearRing></outerBoundaryIs></Polygon></Placemark>
      <Placemark><name>Patch (1,10)</name><styleUrl>#sugarStyle_0</styleUrl><Polygon><outerBoundaryIs><LinearRing><coordinates>-97.4252,49.8194,0 -97.41560000000001,49.8194,0 -97.41560000000001,49.824600000000004,0 -97.4252,49.824600000000004,0 -97.4252,49.8194,0</coordinates></LinearRing></outerBoundaryIs></Polygon></Placemark>
      <Placemark><name>Patch (2,10)</name><styleUrl>#sugarStyle_0</styleUrl><Polygon><outerBoundaryIs><LinearRing><coordinates>-97.41560000000001,49.8194,0 -97.406,49.8194,0 -97.406,49.824600000000004,0 -97.41560000000001,49.824600000000004,0 -97.41560000000001,49.8194,0</coordinates></LinearRing></outerBoundaryIs></Polygon></Placemark>
      <Placemark><name>Patch (3,10)</name><styleUrl>#sugarStyle_0</styleUrl><Polygon><outerBoundaryIs><LinearRing><coordinates>-97.406,49.8194,0 -97.3964,49.8194,0 -97.3964,49.824600000000004,0 -97.406,49.824600000000004,0 -97.406,49.8194,0</coordinates></LinearRing></outerBoundaryIs></Polygon></Placemark>
      <Placemark><name>Patch (4,10)</name><styleUrl>#sugarStyle_0</styleUrl><Polygon><outerBoundaryIs><LinearRing><coordinates>-97.3964,49.8194,0 -97.38680000000001,49.8194,0 -97.38680000000001,49.824600000000004,0 -97.3964,49.824600000000004,0 -97.3964,49.8194,0</coordinates></LinearRing></outerBoundaryIs></Polygon></Placemark>
      <Placemark><name>Patch (5,10)</name><styleUrl>#sugarStyle_0</styleUrl><Polygon><outerBoundaryIs><LinearRing><coordinates>-97.38680000000001,49.8194,0 -97.3772,49.8194,0 -97.3772,49.824600000000004,0 -97.38680000000001,49.824600000000004,0 -97.38680000000001,49.8194,0</coordinates></LinearRing></outerBoundaryIs></Polygon></Placemark>
      <Placemark><name>Patch (6,10)</name><styleUrl>#sugarStyle_0</styleUrl><Polygon><outerBoundaryIs><LinearRing><coordinates>-97.3772,49.8194,0 -97.36760000000001,49.8194,0 -97.36760000000001,49.824600000000004,0 -97.3772,49.824600000000004,0 -97.3772,49.8194,0</coordinates></LinearRing></outerBoundaryIs></Polygon></Placemark>
      <Placemark><name>Patch (7,10)</name><styleUrl>#sugarStyle_0</styleUrl><Polygon><outerBoundaryIs><LinearRing><coordinates>-97.36760000000001,49.8194,0 -97.358,49.8194,0 -97.358,49.824600000000004,0 -97.36760000000001,49.824600000000004,0 -97.36760000000001,49.8194,0</coordinates></LinearRing></outerBoundaryIs></Polygon></Placemark>
      <Placemark><name>Patch (8,10)</name><styleUrl>#sugarStyle_0</styleUrl><Polygon><outerBoundaryIs><LinearRing><coordinates>-97.358,49.8194,0 -97.34840000000001,49.8194,0 -97.34840000000001,49.824600000000004,0 -97.358,49.824600000000004,0 -97.358,49.8194,0</coordinates></LinearRing></outerBoundaryIs></Polygon></Placemark>
      <Placemark><name>Patch (9,10)</name><styleUrl>#sugarStyle_0</styleUrl><Polygon><outerBoundaryIs><LinearRing><coordinates>-97.34840000000001,49.8194,0 -97.3388,49.8194,0 -97.3388,49.824600000000004,0 -97.34840000000001,49.824600000000004,0 -97.34840000000001,49.8194,0</coordinates></LinearRing></outerBoundaryIs></Polygon></Placemark>
      <Placemark><name>Patch (10,10)</name><styleUrl>#sugarStyle_0</styleUrl><Polygon><outerBoundaryIs><LinearRing><coordinates>-97.3388,49.8194,0 -97.3292,49.8194,0 -97.3292,49.824600000000004,0 -97.3388,49.824600000000004,0 -97.3388,49.8194,0</coordinates></LinearRing></outerBoundaryIs></Polygon></Placemark>
      <Placemark><name>Patch (11,10)</name><styleUrl>#sugarStyle_0</styleUrl><Polygon><outerBoundaryIs><LinearRing><coordinates>-97.3292,49.8194,0 -97.31960000000001,49.8194,0 -97.31960000000001,49.824600000000004,0 -97.3292,49.824600000000004,0 -97.3292,49.8194,0</coordinates></LinearRing></outerBoundaryIs></Polygon></Placemark>
      <Placemark><name>Patch (12,10)</name><styleUrl>#sugarStyle_0</styleUrl><Polygon><outerBoundaryIs><LinearRing><coordinates>-97.31960000000001,49.8194,0 -97.31,49.8194,0 -97.31,49.824600000000004,0 -97.31960000000001,49.824600000000004,0 -97.31960000000001,49.8194,0</coordinates></LinearRing></outerBoundaryIs></Polygon></Placemark>
      <Placemark><name>Patch (13,10)</name><styleUrl>#sugarStyle_0</styleUrl><Polygon><outerBoundaryIs><LinearRing><coordinates>-97.31,49.8194,0 -97.30040000000001,49.8194,0 -97.30040000000001,49.824600000000004,0 -97.31,49.824600000000004,0 -97.31,49.8194,0</coordinates></LinearRing></outerBoundaryIs></Polygon></Placemark>
      <Placemark><name>Patch (14,10)</name><styleUrl>#sugarStyle_0</styleUrl><Polygon><outerBoundaryIs><LinearRing><coordinates>-97.30040000000001,49.8194,0 -97.2908,49.8194,0 -97.2908,49.824600000000004,0 -97.30040000000001,49.824600000000004,0 -97.30040000000001,49.8194,0</coordinates></LinearRing></outerBoundaryIs></Polygon></Placemark>
      <Placemark><name>Patch (15,10)</name><styleUrl>#sugarStyle_0</styleUrl><Polygon><outerBoundaryIs><LinearRing><coordinates>-97.2908,49.8194,0 -97.28120000000001,49.8194,0 -97.28120000000001,49.824600000000004,0 -97.2908,49.824600000000004,0 -97.2908,49.8194,0</coordinates></LinearRing></outerBoundaryIs></Polygon></Placemark>
      <Placemark><name>Patch (16,10)</name><styleUrl>#sugarStyle_0</styleUrl><Polygon><outerBoundaryIs><LinearRing><coordinates>-97.28120000000001,49.8194,0 -97.2716,49.8194,0 -97.2716,49.824600000000004,0 -97.28120000000001,49.824600000000004,0 -97.28120000000001,49.8194,0</coordinates></LinearRing></outerBoundaryIs></Polygon></Placemark>
      <Placemark><name>Patch (17,10)</name><styleUrl>#sugarStyle_0</styleUrl><Polygon><outerBoundaryIs><LinearRing><coordinates>-97.2716,49.8194,0 -97.262,49.8194,0 -97.262,49.824600000000004,0 -97.2716,49.824600000000004,0 -97.2716,49.8194,0</coordinates></LinearRing></outerBoundaryIs></Polygon></Placemark>
      <Placemark><name>Patch (18,10)</name><styleUrl>#sugarStyle_0</styleUrl><Polygon><outerBoundaryIs><LinearRing><coordinates>-97.262,49.8194,0 -97.25240000000001,49.8194,0 -97.25240000000001,49.824600000000004,0 -97.262,49.824600000000004,0 -97.262,49.8194,0</coordinates></LinearRing></outerBoundaryIs></Polygon></Placemark>
      <Placemark><name>Patch (19,10)</name><styleUrl>#sugarStyle_0</styleUrl><Polygon><outerBoundaryIs><LinearRing><coordinates>-97.25240000000001,49.8194,0 -97.2428,49.8194,0 -97.2428,49.824600000000004,0 -97.25240000000001,49.824600000000004,0 -97.25240000000001,49.8194,0</coordinates></LinearRing></outerBoundaryIs></Polygon></Placemark>
      <Placemark><name>Patch (20,10)</name><styleUrl>#sugarStyle_0</styleUrl><Polygon><outerBoundaryIs><LinearRing><coordinates>-97.2428,49.8194,0 -97.23320000000001,49.8194,0 -97.23320000000001,49.824600000000004,0 -97.2428,49.824600000000004,0 -97.2428,49.8194,0</coordinates></LinearRing></outerBoundaryIs></Polygon></Placemark>
      <Placemark><name>Patch (21,10)</name><styleUrl>#sugarStyle_0</styleUrl><Polygon><outerBoundaryIs><LinearRing><coordinates>-97.23320000000001,49.8194,0 -97.2236,49.8194,0 -97.2236,49.824600000000004,0 -97.23320000000001,49.824600000000004,0 -97.23320000000001,49.8194,0</coordinates></LinearRing></outerBoundaryIs></Polygon></Placemark>
      <Placemark><name>Patch (22,10)</name><styleUrl>#sugarStyle_0</styleUrl><Polygon><outerBoundaryIs><LinearRing><coordinates>-97.2236,49.8194,0 -97.214,49.8194,0 -97.214,49.824600000000004,0 -97.2236,49.824600000000004,0 -97.2236,49.8194,0</coordinates></LinearRing></outerBoundaryIs></Polygon></Placemark>
      <Placemark><name>Patch (23,10)</name><styleUrl>#sugarStyle_0</styleUrl><Polygon><outerBoundaryIs><LinearRing><coordinates>-97.214,49.8194,0 -97.2044,49.8194,0 -97.2044,49.824600000000004,0 -97.214,49.824600000000004,0 -97.214,49.8194,0</coordinates></LinearRing></outerBoundaryIs></Polygon></Placemark>
      <Placemark><name>Patch (24,10)</name><styleUrl>#sugarStyle_0</styleUrl><Polygon><outerBoundaryIs><LinearRing><coordinates>-97.2044,49.8194,0 -97.1948,49.8194,0 -97.1948,49.824600000000004,0 -97.2044,49.824600000000004,0 -97.2044,49.8194,0</coordinates></LinearRing></outerBoundaryIs></Polygon></Placemark>
      <Placemark><name>Patch (25,10)</name><styleUrl>#sugarStyle_0</styleUrl><Polygon><outerBoundaryIs><LinearRing><coordinates>-97.1948,49.8194,0 -97.18520000000001,49.8194,0 -97.18520000000001,49.824600000000004,0 -97.1948,49.824600000000004,0 -97.1948,49.8194,0</coordinates></LinearRing></outerBoundaryIs></Polygon></Placemark>
      <Placemark><name>Patch (26,10)</name><styleUrl>#sugarStyle_0</styleUrl><Polygon><outerBoundaryIs><LinearRing><coordinates>-97.18520000000001,49.8194,0 -97.1756,49.8194,0 -97.1756,49.824600000000004,0 -97.18520000000001,49.824600000000004,0 -97.18520000000001,49.8194,0</coordinates></LinearRing></outerBoundaryIs></Polygon></Placemark>
      <Placemark><name>Patch (27,10)</name><styleUrl>#sugarStyle_0</styleUrl><Polygon><outerBoundaryIs><LinearRing><coordinates>-97.1756,49.8194,0 -97.16600000000001,49.8194,0 -97.16600000000001,49.824600000000004,0 -97.1756,49.824600000000004,0 -97.1756,49.8194,0</coordinates></LinearRing></outerBoundaryIs></Polygon></Placemark>
      <Placemark><name>Patch (28,10)</name><styleUrl>#sugarStyle_1</styleUrl><Polygon><outerBoundaryIs><LinearRing><coordinates>-97.16600000000001,49.8194,0 -97.1564,49.8194,0 -97.1564,49.824600000000004,0 -97.16600000000001,49.824600000000004,0 -97.16600000000001,49.8194,0</coordinates></LinearRing></outerBoundaryIs></Polygon></Placemark>
      <Placemark><name>Patch (29,10)</name><styleUrl>#sugarStyle_1</styleUrl><Polygon><outerBoundaryIs><LinearRing><coordinates>-97.1564,49.8194,0 -97.1468,49.8194,0 -97.1468,49.824600000000004,0 -97.1564,49.824600000000004,0 -97.1564,49.8194,0</coordinates></LinearRing></outerBoundaryIs></Polygon></Placemark>
      <Placemark><name>Patch (30,10)</name><styleUrl>#sugarStyle_1</styleUrl><Polygon><outerBoundaryIs><LinearRing><coordinates>-97.1468,49.8194,0 -97.1372,49.8194,0 -97.1372,49.824600000000004,0 -97.1468,49.824600000000004,0 -97.1468,49.8194,0</coordinates></LinearRing></outerBoundaryIs></Polygon></Placemark>
      <Placemark><name>Patch (31,10)</name><styleUrl>#sugarStyle_1</styleUrl><Polygon><outerBoundaryIs><LinearRing><coordinates>-97.1372,49.8194,0 -97.1276,49.8194,0 -97.1276,49.824600000000004,0 -97.1372,49.824600000000004,0 -97.1372,49.8194,0</coordinates></LinearRing></outerBoundaryIs></Polygon></Placemark>
      <Placemark><name>Patch (32,10)</name><styleUrl>#sugarStyle_1</styleUrl><Polygon><outerBoundaryIs><LinearRing><coordinates>-97.1276,49.8194,0 -97.11800000000001,49.8194,0 -97.11800000000001,49.824600000000004,0 -97.1276,49.824600000000004,0 -97.1276,49.8194,0</coordinates></LinearRing></outerBoundaryIs></Polygon></Placemark>
      <Placemark><name>Patch (33,10)</name><styleUrl>#sugarStyle_0</styleUrl><Polygon><outerBoundaryIs><LinearRing><coordinates>-97.11800000000001,49.8194,0 -97.1084,49.8194,0 -97.1084,49.824600000000004,0 -97.11800000000001,49.824600000000004,0 -97.11800000000001,49.8194,0</coordinates></LinearRing></outerBoundaryIs></Polygon></Placemark>
      <Placemark><name>Patch (34,10)</name><styleUrl>#sugarStyle_1</styleUrl><Polygon><outerBoundaryIs><LinearRing><coordinates>-97.1084,49.8194,0 -97.0988,49.8194,0 -97.0988,49.824600000000004,0 -97.1084,49.824600000000004,0 -97.1084,49.8194,0</coordinates></LinearRing></outerBoundaryIs></Polygon></Placemark>
      <Placemark><name>Patch (35,10)</name><styleUrl>#sugarStyle_1</styleUrl><Polygon><outerBoundaryIs><LinearRing><coordinates>-97.0988,49.8194,0 -97.0892,49.8194,0 -97.0892,49.824600000000004,0 -97.0988,49.824600000000004,0 -97.0988,49.8194,0</coordinates></LinearRing></outerBoundaryIs></Polygon></Placemark>
      <Placemark><name>Patch (36,10)</name><styleUrl>#sugarStyle_0</styleUrl><Polygon><outerBoundaryIs><LinearRing><coordinates>-97.0892,49.8194,0 -97.0796,49.8194,0 -97.0796,49.824600000000004,0 -97.0892,49.824600000000004,0 -97.0892,49.8194,0</coordinates></LinearRing></outerBoundaryIs></Polygon></Placemark>
      <Placemark><name>Patch (37,10)</name><styleUrl>#sugarStyle_0</styleUrl><Polygon><outerBoundaryIs><LinearRing><coordinates>-97.0796,49.8194,0 -97.07000000000001,49.8194,0 -97.07000000000001,49.824600000000004,0 -97.0796,49.824600000000004,0 -97.0796,49.8194,0</coordinates></LinearRing></outerBoundaryIs></Polygon></Placemark>
      <Placemark><name>Patch (38,10)</name><styleUrl>#sugarStyle_0</styleUrl><Polygon><outerBoundaryIs><LinearRing><coordinates>-97.07000000000001,49.8194,0 -97.0604,49.8194,0 -97.0604,49.824600000000004,0 -97.07000000000001,49.824600000000004,0 -97.07000000000001,49.8194,0</coordinates></LinearRing></outerBoundaryIs></Polygon></Placemark>
      <Placemark><name>Patch (39,10)</name><styleUrl>#sugarStyle_0</styleUrl><Polygon><outerBoundaryIs><LinearRing><coordinates>-97.0604,49.8194,0 -97.05080000000001,49.8194,0 -97.05080000000001,49.824600000000004,0 -97.0604,49.824600000000004,0 -97.0604,49.8194,0</coordinates></LinearRing></outerBoundaryIs></Polygon></Placemark>
      <Placemark><name>Patch (40,10)</name><styleUrl>#sugarStyle_0</styleUrl><Polygon><outerBoundaryIs><LinearRing><coordinates>-97.05080000000001,49.8194,0 -97.0412,49.8194,0 -97.0412,49.824600000000004,0 -97.05080000000001,49.824600000000004,0 -97.05080000000001,49.8194,0</coordinates></LinearRing></outerBoundaryIs></Polygon></Placemark>
      <Placemark><name>Patch (41,10)</name><styleUrl>#sugarStyle_0</styleUrl><Polygon><outerBoundaryIs><LinearRing><coordinates>-97.0412,49.8194,0 -97.0316,49.8194,0 -97.0316,49.824600000000004,0 -97.0412,49.824600000000004,0 -97.0412,49.8194,0</coordinates></LinearRing></outerBoundaryIs></Polygon></Placemark>
      <Placemark><name>Patch (42,10)</name><styleUrl>#sugarStyle_0</styleUrl><Polygon><outerBoundaryIs><LinearRing><coordinates>-97.0316,49.8194,0 -97.022,49.8194,0 -97.022,49.824600000000004,0 -97.0316,49.824600000000004,0 -97.0316,49.8194,0</coordinates></LinearRing></outerBoundaryIs></Polygon></Placemark>
      <Placemark><name>Patch (43,10)</name><styleUrl>#sugarStyle_0</styleUrl><Polygon><outerBoundaryIs><LinearRing><coordinates>-97.022,49.8194,0 -97.0124,49.8194,0 -97.0124,49.824600000000004,0 -97.022,49.824600000000004,0 -97.022,49.8194,0</coordinates></LinearRing></outerBoundaryIs></Polygon></Placemark>
      <Placemark><name>Patch (44,10)</name><styleUrl>#sugarStyle_0</styleUrl><Polygon><outerBoundaryIs><LinearRing><coordinates>-97.0124,49.8194,0 -97.00280000000001,49.8194,0 -97.00280000000001,49.824600000000004,0 -97.0124,49.824600000000004,0 -97.0124,49.8194,0</coordinates></LinearRing></outerBoundaryIs></Polygon></Placemark>
      <Placemark><name>Patch (45,10)</name><styleUrl>#sugarStyle_0</styleUrl><Polygon><outerBoundaryIs><LinearRing><coordinates>-97.00280000000001,49.8194,0 -96.9932,49.8194,0 -96.9932,49.824600000000004,0 -97.00280000000001,49.824600000000004,0 -97.00280000000001,49.8194,0</coordinates></LinearRing></outerBoundaryIs></Polygon></Placemark>
      <Placemark><name>Patch (46,10)</name><styleUrl>#sugarStyle_0</styleUrl><Polygon><outerBoundaryIs><LinearRing><coordinates>-96.9932,49.8194,0 -96.98360000000001,49.8194,0 -96.98360000000001,49.824600000000004,0 -96.9932,49.824600000000004,0 -96.9932,49.8194,0</coordinates></LinearRing></outerBoundaryIs></Polygon></Placemark>
      <Placemark><name>Patch (47,10)</name><styleUrl>#sugarStyle_0</styleUrl><Polygon><outerBoundaryIs><LinearRing><coordinates>-96.98360000000001,49.8194,0 -96.974,49.8194,0 -96.974,49.824600000000004,0 -96.98360000000001,49.824600000000004,0 -96.98360000000001,49.8194,0</coordinates></LinearRing></outerBoundaryIs></Polygon></Placemark>
      <Placemark><name>Patch (48,10)</name><styleUrl>#sugarStyle_0</styleUrl><Polygon><outerBoundaryIs><LinearRing><coordinates>-96.974,49.8194,0 -96.9644,49.8194,0 -96.9644,49.824600000000004,0 -96.974,49.824600000000004,0 -96.974,49.8194,0</coordinates></LinearRing></outerBoundaryIs></Polygon></Placemark>
      <Placemark><name>Patch (49,10)</name><styleUrl>#sugarStyle_0</styleUrl><Polygon><outerBoundaryIs><LinearRing><coordinates>-96.9644,49.8194,0 -96.9548,49.8194,0 -96.9548,49.824600000000004,0 -96.9644,49.824600000000004,0 -96.9644,49.8194,0</coordinates></LinearRing></outerBoundaryIs></Polygon></Placemark>
      <Placemark><name>Patch (50,10)</name><styleUrl>#sugarStyle_0</styleUrl><Polygon><outerBoundaryIs><LinearRing><coordinates>-96.9548,49.8194,0 -96.9452,49.8194,0 -96.9452,49.824600000000004,0 -96.9548,49.824600000000004,0 -96.9548,49.8194,0</coordinates></LinearRing></outerBoundaryIs></Polygon></Placemark>
      <Placemark><name>Patch (0,11)</name><styleUrl>#sugarStyle_0</styleUrl><Polygon><outerBoundaryIs><LinearRing><coordinates>-97.43480000000001,49.824600000000004,0 -97.4252,49.824600000000004,0 -97.4252,49.829800000000006,0 -97.43480000000001,49.829800000000006,0 -97.43480000000001,49.824600000000004,0</coordinates></LinearRing></outerBoundaryIs></Polygon></Placemark>
      <Placemark><name>Patch (1,11)</name><styleUrl>#sugarStyle_0</styleUrl><Polygon><outerBoundaryIs><LinearRing><coordinates>-97.4252,49.824600000000004,0 -97.41560000000001,49.824600000000004,0 -97.41560000000001,49.829800000000006,0 -97.4252,49.829800000000006,0 -97.4252,49.824600000000004,0</coordinates></LinearRing></outerBoundaryIs></Polygon></Placemark>
      <Placemark><name>Patch (2,11)</name><styleUrl>#sugarStyle_0</styleUrl><Polygon><outerBoundaryIs><LinearRing><coordinates>-97.41560000000001,49.824600000000004,0 -97.406,49.824600000000004,0 -97.406,49.829800000000006,0 -97.41560000000001,49.829800000000006,0 -97.41560000000001,49.824600000000004,0</coordinates></LinearRing></outerBoundaryIs></Polygon></Placemark>
      <Placemark><name>Patch (3,11)</name><styleUrl>#sugarStyle_0</styleUrl><Polygon><outerBoundaryIs><LinearRing><coordinates>-97.406,49.824600000000004,0 -97.3964,49.824600000000004,0 -97.3964,49.829800000000006,0 -97.406,49.829800000000006,0 -97.406,49.824600000000004,0</coordinates></LinearRing></outerBoundaryIs></Polygon></Placemark>
      <Placemark><name>Patch (4,11)</name><styleUrl>#sugarStyle_0</styleUrl><Polygon><outerBoundaryIs><LinearRing><coordinates>-97.3964,49.824600000000004,0 -97.38680000000001,49.824600000000004,0 -97.38680000000001,49.829800000000006,0 -97.3964,49.829800000000006,0 -97.3964,49.824600000000004,0</coordinates></LinearRing></outerBoundaryIs></Polygon></Placemark>
      <Placemark><name>Patch (5,11)</name><styleUrl>#sugarStyle_0</styleUrl><Polygon><outerBoundaryIs><LinearRing><coordinates>-97.38680000000001,49.824600000000004,0 -97.3772,49.824600000000004,0 -97.3772,49.829800000000006,0 -97.38680000000001,49.829800000000006,0 -97.38680000000001,49.824600000000004,0</coordinates></LinearRing></outerBoundaryIs></Polygon></Placemark>
      <Placemark><name>Patch (6,11)</name><styleUrl>#sugarStyle_0</styleUrl><Polygon><outerBoundaryIs><LinearRing><coordinates>-97.3772,49.824600000000004,0 -97.36760000000001,49.824600000000004,0 -97.36760000000001,49.829800000000006,0 -97.3772,49.829800000000006,0 -97.3772,49.824600000000004,0</coordinates></LinearRing></outerBoundaryIs></Polygon></Placemark>
      <Placemark><name>Patch (7,11)</name><styleUrl>#sugarStyle_0</styleUrl><Polygon><outerBoundaryIs><LinearRing><coordinates>-97.36760000000001,49.824600000000004,0 -97.358,49.824600000000004,0 -97.358,49.829800000000006,0 -97.36760000000001,49.829800000000006,0 -97.36760000000001,49.824600000000004,0</coordinates></LinearRing></outerBoundaryIs></Polygon></Placemark>
      <Placemark><name>Patch (8,11)</name><styleUrl>#sugarStyle_0</styleUrl><Polygon><outerBoundaryIs><LinearRing><coordinates>-97.358,49.824600000000004,0 -97.34840000000001,49.824600000000004,0 -97.34840000000001,49.829800000000006,0 -97.358,49.829800000000006,0 -97.358,49.824600000000004,0</coordinates></LinearRing></outerBoundaryIs></Polygon></Placemark>
      <Placemark><name>Patch (9,11)</name><styleUrl>#sugarStyle_0</styleUrl><Polygon><outerBoundaryIs><LinearRing><coordinates>-97.34840000000001,49.824600000000004,0 -97.3388,49.824600000000004,0 -97.3388,49.829800000000006,0 -97.34840000000001,49.829800000000006,0 -97.34840000000001,49.824600000000004,0</coordinates></LinearRing></outerBoundaryIs></Polygon></Placemark>
      <Placemark><name>Patch (10,11)</name><styleUrl>#sugarStyle_0</styleUrl><Polygon><outerBoundaryIs><LinearRing><coordinates>-97.3388,49.824600000000004,0 -97.3292,49.824600000000004,0 -97.3292,49.829800000000006,0 -97.3388,49.829800000000006,0 -97.3388,49.824600000000004,0</coordinates></LinearRing></outerBoundaryIs></Polygon></Placemark>
      <Placemark><name>Patch (11,11)</name><styleUrl>#sugarStyle_0</styleUrl><Polygon><outerBoundaryIs><LinearRing><coordinates>-97.3292,49.824600000000004,0 -97.31960000000001,49.824600000000004,0 -97.31960000000001,49.829800000000006,0 -97.3292,49.829800000000006,0 -97.3292,49.824600000000004,0</coordinates></LinearRing></outerBoundaryIs></Polygon></Placemark>
      <Placemark><name>Patch (12,11)</name><styleUrl>#sugarStyle_0</styleUrl><Polygon><outerBoundaryIs><LinearRing><coordinates>-97.31960000000001,49.824600000000004,0 -97.31,49.824600000000004,0 -97.31,49.829800000000006,0 -97.31960000000001,49.829800000000006,0 -97.31960000000001,49.824600000000004,0</coordinates></LinearRing></outerBoundaryIs></Polygon></Placemark>
      <Placemark><name>Patch (13,11)</name><styleUrl>#sugarStyle_0</styleUrl><Polygon><outerBoundaryIs><LinearRing><coordinates>-97.31,49.824600000000004,0 -97.30040000000001,49.824600000000004,0 -97.30040000000001,49.829800000000006,0 -97.31,49.829800000000006,0 -97.31,49.824600000000004,0</coordinates></LinearRing></outerBoundaryIs></Polygon></Placemark>
      <Placemark><name>Patch (14,11)</name><styleUrl>#sugarStyle_0</styleUrl><Polygon><outerBoundaryIs><LinearRing><coordinates>-97.30040000000001,49.824600000000004,0 -97.2908,49.824600000000004,0 -97.2908,49.829800000000006,0 -97.30040000000001,49.829800000000006,0 -97.30040000000001,49.824600000000004,0</coordinates></LinearRing></outerBoundaryIs></Polygon></Placemark>
      <Placemark><name>Patch (15,11)</name><styleUrl>#sugarStyle_0</styleUrl><Polygon><outerBoundaryIs><LinearRing><coordinates>-97.2908,49.824600000000004,0 -97.28120000000001,49.824600000000004,0 -97.28120000000001,49.829800000000006,0 -97.2908,49.829800000000006,0 -97.2908,49.824600000000004,0</coordinates></LinearRing></outerBoundaryIs></Polygon></Placemark>
      <Placemark><name>Patch (16,11)</name><styleUrl>#sugarStyle_0</styleUrl><Polygon><outerBoundaryIs><LinearRing><coordinates>-97.28120000000001,49.824600000000004,0 -97.2716,49.824600000000004,0 -97.2716,49.829800000000006,0 -97.28120000000001,49.829800000000006,0 -97.28120000000001,49.824600000000004,0</coordinates></LinearRing></outerBoundaryIs></Polygon></Placemark>
      <Placemark><name>Patch (17,11)</name><styleUrl>#sugarStyle_0</styleUrl><Polygon><outerBoundaryIs><LinearRing><coordinates>-97.2716,49.824600000000004,0 -97.262,49.824600000000004,0 -97.262,49.829800000000006,0 -97.2716,49.829800000000006,0 -97.2716,49.824600000000004,0</coordinates></LinearRing></outerBoundaryIs></Polygon></Placemark>
      <Placemark><name>Patch (18,11)</name><styleUrl>#sugarStyle_0</styleUrl><Polygon><outerBoundaryIs><LinearRing><coordinates>-97.262,49.824600000000004,0 -97.25240000000001,49.824600000000004,0 -97.25240000000001,49.829800000000006,0 -97.262,49.829800000000006,0 -97.262,49.824600000000004,0</coordinates></LinearRing></outerBoundaryIs></Polygon></Placemark>
      <Placemark><name>Patch (19,11)</name><styleUrl>#sugarStyle_0</styleUrl><Polygon><outerBoundaryIs><LinearRing><coordinates>-97.25240000000001,49.824600000000004,0 -97.2428,49.824600000000004,0 -97.2428,49.829800000000006,0 -97.25240000000001,49.829800000000006,0 -97.25240000000001,49.824600000000004,0</coordinates></LinearRing></outerBoundaryIs></Polygon></Placemark>
      <Placemark><name>Patch (20,11)</name><styleUrl>#sugarStyle_0</styleUrl><Polygon><outerBoundaryIs><LinearRing><coordinates>-97.2428,49.824600000000004,0 -97.23320000000001,49.824600000000004,0 -97.23320000000001,49.829800000000006,0 -97.2428,49.829800000000006,0 -97.2428,49.824600000000004,0</coordinates></LinearRing></outerBoundaryIs></Polygon></Placemark>
      <Placemark><name>Patch (21,11)</name><styleUrl>#sugarStyle_0</styleUrl><Polygon><outerBoundaryIs><LinearRing><coordinates>-97.23320000000001,49.824600000000004,0 -97.2236,49.824600000000004,0 -97.2236,49.829800000000006,0 -97.23320000000001,49.829800000000006,0 -97.23320000000001,49.824600000000004,0</coordinates></LinearRing></outerBoundaryIs></Polygon></Placemark>
      <Placemark><name>Patch (22,11)</name><styleUrl>#sugarStyle_0</styleUrl><Polygon><outerBoundaryIs><LinearRing><coordinates>-97.2236,49.824600000000004,0 -97.214,49.824600000000004,0 -97.214,49.829800000000006,0 -97.2236,49.829800000000006,0 -97.2236,49.824600000000004,0</coordinates></LinearRing></outerBoundaryIs></Polygon></Placemark>
      <Placemark><name>Patch (23,11)</name><styleUrl>#sugarStyle_0</styleUrl><Polygon><outerBoundaryIs><LinearRing><coordinates>-97.214,49.824600000000004,0 -97.2044,49.824600000000004,0 -97.2044,49.829800000000006,0 -97.214,49.829800000000006,0 -97.214,49.824600000000004,0</coordinates></LinearRing></outerBoundaryIs></Polygon></Placemark>
      <Placemark><name>Patch (24,11)</name><styleUrl>#sugarStyle_0</styleUrl><Polygon><outerBoundaryIs><LinearRing><coordinates>-97.2044,49.824600000000004,0 -97.1948,49.824600000000004,0 -97.1948,49.829800000000006,0 -97.2044,49.829800000000006,0 -97.2044,49.824600000000004,0</coordinates></LinearRing></outerBoundaryIs></Polygon></Placemark>
      <Placemark><name>Patch (25,11)</name><styleUrl>#sugarStyle_0</styleUrl><Polygon><outerBoundaryIs><LinearRing><coordinates>-97.1948,49.824600000000004,0 -97.18520000000001,49.824600000000004,0 -97.18520000000001,49.829800000000006,0 -97.1948,49.829800000000006,0 -97.1948,49.824600000000004,0</coordinates></LinearRing></outerBoundaryIs></Polygon></Placemark>
      <Placemark><name>Patch (26,11)</name><styleUrl>#sugarStyle_1</styleUrl><Polygon><outerBoundaryIs><LinearRing><coordinates>-97.18520000000001,49.824600000000004,0 -97.1756,49.824600000000004,0 -97.1756,49.829800000000006,0 -97.18520000000001,49.829800000000006,0 -97.18520000000001,49.824600000000004,0</coordinates></LinearRing></outerBoundaryIs></Polygon></Placemark>
      <Placemark><name>Patch (27,11)</name><styleUrl>#sugarStyle_1</styleUrl><Polygon><outerBoundaryIs><LinearRing><coordinates>-97.1756,49.824600000000004,0 -97.16600000000001,49.824600000000004,0 -97.16600000000001,49.829800000000006,0 -97.1756,49.829800000000006,0 -97.1756,49.824600000000004,0</coordinates></LinearRing></outerBoundaryIs></Polygon></Placemark>
      <Placemark><name>Patch (28,11)</name><styleUrl>#sugarStyle_1</styleUrl><Polygon><outerBoundaryIs><LinearRing><coordinates>-97.16600000000001,49.824600000000004,0 -97.1564,49.824600000000004,0 -97.1564,49.829800000000006,0 -97.16600000000001,49.829800000000006,0 -97.16600000000001,49.824600000000004,0</coordinates></LinearRing></outerBoundaryIs></Polygon></Placemark>
      <Placemark><name>Patch (29,11)</name><styleUrl>#sugarStyle_1</styleUrl><Polygon><outerBoundaryIs><LinearRing><coordinates>-97.1564,49.824600000000004,0 -97.1468,49.824600000000004,0 -97.1468,49.829800000000006,0 -97.1564,49.829800000000006,0 -97.1564,49.824600000000004,0</coordinates></LinearRing></outerBoundaryIs></Polygon></Placemark>
      <Placemark><name>Patch (30,11)</name><styleUrl>#sugarStyle_1</styleUrl><Polygon><outerBoundaryIs><LinearRing><coordinates>-97.1468,49.824600000000004,0 -97.1372,49.824600000000004,0 -97.1372,49.829800000000006,0 -97.1468,49.829800000000006,0 -97.1468,49.824600000000004,0</coordinates></LinearRing></outerBoundaryIs></Polygon></Placemark>
      <Placemark><name>Patch (31,11)</name><styleUrl>#sugarStyle_1</styleUrl><Polygon><outerBoundaryIs><LinearRing><coordinates>-97.1372,49.824600000000004,0 -97.1276,49.824600000000004,0 -97.1276,49.829800000000006,0 -97.1372,49.829800000000006,0 -97.1372,49.824600000000004,0</coordinates></LinearRing></outerBoundaryIs></Polygon></Placemark>
      <Placemark><name>Patch (32,11)</name><styleUrl>#sugarStyle_1</styleUrl><Polygon><outerBoundaryIs><LinearRing><coordinates>-97.1276,49.824600000000004,0 -97.11800000000001,49.824600000000004,0 -97.11800000000001,49.829800000000006,0 -97.1276,49.829800000000006,0 -97.1276,49.824600000000004,0</coordinates></LinearRing></outerBoundaryIs></Polygon></Placemark>
      <Placemark><name>Patch (33,11)</name><styleUrl>#sugarStyle_1</styleUrl><Polygon><outerBoundaryIs><LinearRing><coordinates>-97.11800000000001,49.824600000000004,0 -97.1084,49.824600000000004,0 -97.1084,49.829800000000006,0 -97.11800000000001,49.829800000000006,0 -97.11800000000001,49.824600000000004,0</coordinates></LinearRing></outerBoundaryIs></Polygon></Placemark>
      <Placemark><name>Patch (34,11)</name><styleUrl>#sugarStyle_1</styleUrl><Polygon><outerBoundaryIs><LinearRing><coordinates>-97.1084,49.824600000000004,0 -97.0988,49.824600000000004,0 -97.0988,49.829800000000006,0 -97.1084,49.829800000000006,0 -97.1084,49.824600000000004,0</coordinates></LinearRing></outerBoundaryIs></Polygon></Placemark>
      <Placemark><name>Patch (35,11)</name><styleUrl>#sugarStyle_1</styleUrl><Polygon><outerBoundaryIs><LinearRing><coordinates>-97.0988,49.824600000000004,0 -97.0892,49.824600000000004,0 -97.0892,49.829800000000006,0 -97.0988,49.829800000000006,0 -97.0988,49.824600000000004,0</coordinates></LinearRing></outerBoundaryIs></Polygon></Placemark>
      <Placemark><name>Patch (36,11)</name><styleUrl>#sugarStyle_1</styleUrl><Polygon><outerBoundaryIs><LinearRing><coordinates>-97.0892,49.824600000000004,0 -97.0796,49.824600000000004,0 -97.0796,49.829800000000006,0 -97.0892,49.829800000000006,0 -97.0892,49.824600000000004,0</coordinates></LinearRing></outerBoundaryIs></Polygon></Placemark>
      <Placemark><name>Patch (37,11)</name><styleUrl>#sugarStyle_0</styleUrl><Polygon><outerBoundaryIs><LinearRing><coordinates>-97.0796,49.824600000000004,0 -97.07000000000001,49.824600000000004,0 -97.07000000000001,49.829800000000006,0 -97.0796,49.829800000000006,0 -97.0796,49.824600000000004,0</coordinates></LinearRing></outerBoundaryIs></Polygon></Placemark>
      <Placemark><name>Patch (38,11)</name><styleUrl>#sugarStyle_0</styleUrl><Polygon><outerBoundaryIs><LinearRing><coordinates>-97.07000000000001,49.824600000000004,0 -97.0604,49.824600000000004,0 -97.0604,49.829800000000006,0 -97.07000000000001,49.829800000000006,0 -97.07000000000001,49.824600000000004,0</coordinates></LinearRing></outerBoundaryIs></Polygon></Placemark>
      <Placemark><name>Patch (39,11)</name><styleUrl>#sugarStyle_0</styleUrl><Polygon><outerBoundaryIs><LinearRing><coordinates>-97.0604,49.824600000000004,0 -97.05080000000001,49.824600000000004,0 -97.05080000000001,49.829800000000006,0 -97.0604,49.829800000000006,0 -97.0604,49.824600000000004,0</coordinates></LinearRing></outerBoundaryIs></Polygon></Placemark>
      <Placemark><name>Patch (40,11)</name><styleUrl>#sugarStyle_0</styleUrl><Polygon><outerBoundaryIs><LinearRing><coordinates>-97.05080000000001,49.824600000000004,0 -97.0412,49.824600000000004,0 -97.0412,49.829800000000006,0 -97.05080000000001,49.829800000000006,0 -97.05080000000001,49.824600000000004,0</coordinates></LinearRing></outerBoundaryIs></Polygon></Placemark>
      <Placemark><name>Patch (41,11)</name><styleUrl>#sugarStyle_0</styleUrl><Polygon><outerBoundaryIs><LinearRing><coordinates>-97.0412,49.824600000000004,0 -97.0316,49.824600000000004,0 -97.0316,49.829800000000006,0 -97.0412,49.829800000000006,0 -97.0412,49.824600000000004,0</coordinates></LinearRing></outerBoundaryIs></Polygon></Placemark>
      <Placemark><name>Patch (42,11)</name><styleUrl>#sugarStyle_0</styleUrl><Polygon><outerBoundaryIs><LinearRing><coordinates>-97.0316,49.824600000000004,0 -97.022,49.824600000000004,0 -97.022,49.829800000000006,0 -97.0316,49.829800000000006,0 -97.0316,49.824600000000004,0</coordinates></LinearRing></outerBoundaryIs></Polygon></Placemark>
      <Placemark><name>Patch (43,11)</name><styleUrl>#sugarStyle_0</styleUrl><Polygon><outerBoundaryIs><LinearRing><coordinates>-97.022,49.824600000000004,0 -97.0124,49.824600000000004,0 -97.0124,49.829800000000006,0 -97.022,49.829800000000006,0 -97.022,49.824600000000004,0</coordinates></LinearRing></outerBoundaryIs></Polygon></Placemark>
      <Placemark><name>Patch (44,11)</name><styleUrl>#sugarStyle_0</styleUrl><Polygon><outerBoundaryIs><LinearRing><coordinates>-97.0124,49.824600000000004,0 -97.00280000000001,49.824600000000004,0 -97.00280000000001,49.829800000000006,0 -97.0124,49.829800000000006,0 -97.0124,49.824600000000004,0</coordinates></LinearRing></outerBoundaryIs></Polygon></Placemark>
      <Placemark><name>Patch (45,11)</name><styleUrl>#sugarStyle_0</styleUrl><Polygon><outerBoundaryIs><LinearRing><coordinates>-97.00280000000001,49.824600000000004,0 -96.9932,49.824600000000004,0 -96.9932,49.829800000000006,0 -97.00280000000001,49.829800000000006,0 -97.00280000000001,49.824600000000004,0</coordinates></LinearRing></outerBoundaryIs></Polygon></Placemark>
      <Placemark><name>Patch (46,11)</name><styleUrl>#sugarStyle_0</styleUrl><Polygon><outerBoundaryIs><LinearRing><coordinates>-96.9932,49.824600000000004,0 -96.98360000000001,49.824600000000004,0 -96.98360000000001,49.829800000000006,0 -96.9932,49.829800000000006,0 -96.9932,49.824600000000004,0</coordinates></LinearRing></outerBoundaryIs></Polygon></Placemark>
      <Placemark><name>Patch (47,11)</name><styleUrl>#sugarStyle_0</styleUrl><Polygon><outerBoundaryIs><LinearRing><coordinates>-96.98360000000001,49.824600000000004,0 -96.974,49.824600000000004,0 -96.974,49.829800000000006,0 -96.98360000000001,49.829800000000006,0 -96.98360000000001,49.824600000000004,0</coordinates></LinearRing></outerBoundaryIs></Polygon></Placemark>
      <Placemark><name>Patch (48,11)</name><styleUrl>#sugarStyle_0</styleUrl><Polygon><outerBoundaryIs><LinearRing><coordinates>-96.974,49.824600000000004,0 -96.9644,49.824600000000004,0 -96.9644,49.829800000000006,0 -96.974,49.829800000000006,0 -96.974,49.824600000000004,0</coordinates></LinearRing></outerBoundaryIs></Polygon></Placemark>
      <Placemark><name>Patch (49,11)</name><styleUrl>#sugarStyle_0</styleUrl><Polygon><outerBoundaryIs><LinearRing><coordinates>-96.9644,49.824600000000004,0 -96.9548,49.824600000000004,0 -96.9548,49.829800000000006,0 -96.9644,49.829800000000006,0 -96.9644,49.824600000000004,0</coordinates></LinearRing></outerBoundaryIs></Polygon></Placemark>
      <Placemark><name>Patch (50,11)</name><styleUrl>#sugarStyle_0</styleUrl><Polygon><outerBoundaryIs><LinearRing><coordinates>-96.9548,49.824600000000004,0 -96.9452,49.824600000000004,0 -96.9452,49.829800000000006,0 -96.9548,49.829800000000006,0 -96.9548,49.824600000000004,0</coordinates></LinearRing></outerBoundaryIs></Polygon></Placemark>
      <Placemark><name>Patch (0,12)</name><styleUrl>#sugarStyle_0</styleUrl><Polygon><outerBoundaryIs><LinearRing><coordinates>-97.43480000000001,49.829800000000006,0 -97.4252,49.829800000000006,0 -97.4252,49.835,0 -97.43480000000001,49.835,0 -97.43480000000001,49.829800000000006,0</coordinates></LinearRing></outerBoundaryIs></Polygon></Placemark>
      <Placemark><name>Patch (1,12)</name><styleUrl>#sugarStyle_0</styleUrl><Polygon><outerBoundaryIs><LinearRing><coordinates>-97.4252,49.829800000000006,0 -97.41560000000001,49.829800000000006,0 -97.41560000000001,49.835,0 -97.4252,49.835,0 -97.4252,49.829800000000006,0</coordinates></LinearRing></outerBoundaryIs></Polygon></Placemark>
      <Placemark><name>Patch (2,12)</name><styleUrl>#sugarStyle_0</styleUrl><Polygon><outerBoundaryIs><LinearRing><coordinates>-97.41560000000001,49.829800000000006,0 -97.406,49.829800000000006,0 -97.406,49.835,0 -97.41560000000001,49.835,0 -97.41560000000001,49.829800000000006,0</coordinates></LinearRing></outerBoundaryIs></Polygon></Placemark>
      <Placemark><name>Patch (3,12)</name><styleUrl>#sugarStyle_0</styleUrl><Polygon><outerBoundaryIs><LinearRing><coordinates>-97.406,49.829800000000006,0 -97.3964,49.829800000000006,0 -97.3964,49.835,0 -97.406,49.835,0 -97.406,49.829800000000006,0</coordinates></LinearRing></outerBoundaryIs></Polygon></Placemark>
      <Placemark><name>Patch (4,12)</name><styleUrl>#sugarStyle_0</styleUrl><Polygon><outerBoundaryIs><LinearRing><coordinates>-97.3964,49.829800000000006,0 -97.38680000000001,49.829800000000006,0 -97.38680000000001,49.835,0 -97.3964,49.835,0 -97.3964,49.829800000000006,0</coordinates></LinearRing></outerBoundaryIs></Polygon></Placemark>
      <Placemark><name>Patch (5,12)</name><styleUrl>#sugarStyle_0</styleUrl><Polygon><outerBoundaryIs><LinearRing><coordinates>-97.38680000000001,49.829800000000006,0 -97.3772,49.829800000000006,0 -97.3772,49.835,0 -97.38680000000001,49.835,0 -97.38680000000001,49.829800000000006,0</coordinates></LinearRing></outerBoundaryIs></Polygon></Placemark>
      <Placemark><name>Patch (6,12)</name><styleUrl>#sugarStyle_0</styleUrl><Polygon><outerBoundaryIs><LinearRing><coordinates>-97.3772,49.829800000000006,0 -97.36760000000001,49.829800000000006,0 -97.36760000000001,49.835,0 -97.3772,49.835,0 -97.3772,49.829800000000006,0</coordinates></LinearRing></outerBoundaryIs></Polygon></Placemark>
      <Placemark><name>Patch (7,12)</name><styleUrl>#sugarStyle_0</styleUrl><Polygon><outerBoundaryIs><LinearRing><coordinates>-97.36760000000001,49.829800000000006,0 -97.358,49.829800000000006,0 -97.358,49.835,0 -97.36760000000001,49.835,0 -97.36760000000001,49.829800000000006,0</coordinates></LinearRing></outerBoundaryIs></Polygon></Placemark>
      <Placemark><name>Patch (8,12)</name><styleUrl>#sugarStyle_0</styleUrl><Polygon><outerBoundaryIs><LinearRing><coordinates>-97.358,49.829800000000006,0 -97.34840000000001,49.829800000000006,0 -97.34840000000001,49.835,0 -97.358,49.835,0 -97.358,49.829800000000006,0</coordinates></LinearRing></outerBoundaryIs></Polygon></Placemark>
      <Placemark><name>Patch (9,12)</name><styleUrl>#sugarStyle_0</styleUrl><Polygon><outerBoundaryIs><LinearRing><coordinates>-97.34840000000001,49.829800000000006,0 -97.3388,49.829800000000006,0 -97.3388,49.835,0 -97.34840000000001,49.835,0 -97.34840000000001,49.829800000000006,0</coordinates></LinearRing></outerBoundaryIs></Polygon></Placemark>
      <Placemark><name>Patch (10,12)</name><styleUrl>#sugarStyle_0</styleUrl><Polygon><outerBoundaryIs><LinearRing><coordinates>-97.3388,49.829800000000006,0 -97.3292,49.829800000000006,0 -97.3292,49.835,0 -97.3388,49.835,0 -97.3388,49.829800000000006,0</coordinates></LinearRing></outerBoundaryIs></Polygon></Placemark>
      <Placemark><name>Patch (11,12)</name><styleUrl>#sugarStyle_0</styleUrl><Polygon><outerBoundaryIs><LinearRing><coordinates>-97.3292,49.829800000000006,0 -97.31960000000001,49.829800000000006,0 -97.31960000000001,49.835,0 -97.3292,49.835,0 -97.3292,49.829800000000006,0</coordinates></LinearRing></outerBoundaryIs></Polygon></Placemark>
      <Placemark><name>Patch (12,12)</name><styleUrl>#sugarStyle_0</styleUrl><Polygon><outerBoundaryIs><LinearRing><coordinates>-97.31960000000001,49.829800000000006,0 -97.31,49.829800000000006,0 -97.31,49.835,0 -97.31960000000001,49.835,0 -97.31960000000001,49.829800000000006,0</coordinates></LinearRing></outerBoundaryIs></Polygon></Placemark>
      <Placemark><name>Patch (13,12)</name><styleUrl>#sugarStyle_0</styleUrl><Polygon><outerBoundaryIs><LinearRing><coordinates>-97.31,49.829800000000006,0 -97.30040000000001,49.829800000000006,0 -97.30040000000001,49.835,0 -97.31,49.835,0 -97.31,49.829800000000006,0</coordinates></LinearRing></outerBoundaryIs></Polygon></Placemark>
      <Placemark><name>Patch (14,12)</name><styleUrl>#sugarStyle_0</styleUrl><Polygon><outerBoundaryIs><LinearRing><coordinates>-97.30040000000001,49.829800000000006,0 -97.2908,49.829800000000006,0 -97.2908,49.835,0 -97.30040000000001,49.835,0 -97.30040000000001,49.829800000000006,0</coordinates></LinearRing></outerBoundaryIs></Polygon></Placemark>
      <Placemark><name>Patch (15,12)</name><styleUrl>#sugarStyle_0</styleUrl><Polygon><outerBoundaryIs><LinearRing><coordinates>-97.2908,49.829800000000006,0 -97.28120000000001,49.829800000000006,0 -97.28120000000001,49.835,0 -97.2908,49.835,0 -97.2908,49.829800000000006,0</coordinates></LinearRing></outerBoundaryIs></Polygon></Placemark>
      <Placemark><name>Patch (16,12)</name><styleUrl>#sugarStyle_0</styleUrl><Polygon><outerBoundaryIs><LinearRing><coordinates>-97.28120000000001,49.829800000000006,0 -97.2716,49.829800000000006,0 -97.2716,49.835,0 -97.28120000000001,49.835,0 -97.28120000000001,49.829800000000006,0</coordinates></LinearRing></outerBoundaryIs></Polygon></Placemark>
      <Placemark><name>Patch (17,12)</name><styleUrl>#sugarStyle_0</styleUrl><Polygon><outerBoundaryIs><LinearRing><coordinates>-97.2716,49.829800000000006,0 -97.262,49.829800000000006,0 -97.262,49.835,0 -97.2716,49.835,0 -97.2716,49.829800000000006,0</coordinates></LinearRing></outerBoundaryIs></Polygon></Placemark>
      <Placemark><name>Patch (18,12)</name><styleUrl>#sugarStyle_0</styleUrl><Polygon><outerBoundaryIs><LinearRing><coordinates>-97.262,49.829800000000006,0 -97.25240000000001,49.829800000000006,0 -97.25240000000001,49.835,0 -97.262,49.835,0 -97.262,49.829800000000006,0</coordinates></LinearRing></outerBoundaryIs></Polygon></Placemark>
      <Placemark><name>Patch (19,12)</name><styleUrl>#sugarStyle_0</styleUrl><Polygon><outerBoundaryIs><LinearRing><coordinates>-97.25240000000001,49.829800000000006,0 -97.2428,49.829800000000006,0 -97.2428,49.835,0 -97.25240000000001,49.835,0 -97.25240000000001,49.829800000000006,0</coordinates></LinearRing></outerBoundaryIs></Polygon></Placemark>
      <Placemark><name>Patch (20,12)</name><styleUrl>#sugarStyle_0</styleUrl><Polygon><outerBoundaryIs><LinearRing><coordinates>-97.2428,49.829800000000006,0 -97.23320000000001,49.829800000000006,0 -97.23320000000001,49.835,0 -97.2428,49.835,0 -97.2428,49.829800000000006,0</coordinates></LinearRing></outerBoundaryIs></Polygon></Placemark>
      <Placemark><name>Patch (21,12)</name><styleUrl>#sugarStyle_0</styleUrl><Polygon><outerBoundaryIs><LinearRing><coordinates>-97.23320000000001,49.829800000000006,0 -97.2236,49.829800000000006,0 -97.2236,49.835,0 -97.23320000000001,49.835,0 -97.23320000000001,49.829800000000006,0</coordinates></LinearRing></outerBoundaryIs></Polygon></Placemark>
      <Placemark><name>Patch (22,12)</name><styleUrl>#sugarStyle_0</styleUrl><Polygon><outerBoundaryIs><LinearRing><coordinates>-97.2236,49.829800000000006,0 -97.214,49.829800000000006,0 -97.214,49.835,0 -97.2236,49.835,0 -97.2236,49.829800000000006,0</coordinates></LinearRing></outerBoundaryIs></Polygon></Placemark>
      <Placemark><name>Patch (23,12)</name><styleUrl>#sugarStyle_0</styleUrl><Polygon><outerBoundaryIs><LinearRing><coordinates>-97.214,49.829800000000006,0 -97.2044,49.829800000000006,0 -97.2044,49.835,0 -97.214,49.835,0 -97.214,49.829800000000006,0</coordinates></LinearRing></outerBoundaryIs></Polygon></Placemark>
      <Placemark><name>Patch (24,12)</name><styleUrl>#sugarStyle_1</styleUrl><Polygon><outerBoundaryIs><LinearRing><coordinates>-97.2044,49.829800000000006,0 -97.1948,49.829800000000006,0 -97.1948,49.835,0 -97.2044,49.835,0 -97.2044,49.829800000000006,0</coordinates></LinearRing></outerBoundaryIs></Polygon></Placemark>
      <Placemark><name>Patch (25,12)</name><styleUrl>#sugarStyle_1</styleUrl><Polygon><outerBoundaryIs><LinearRing><coordinates>-97.1948,49.829800000000006,0 -97.18520000000001,49.829800000000006,0 -97.18520000000001,49.835,0 -97.1948,49.835,0 -97.1948,49.829800000000006,0</coordinates></LinearRing></outerBoundaryIs></Polygon></Placemark>
      <Placemark><name>Patch (26,12)</name><styleUrl>#sugarStyle_1</styleUrl><Polygon><outerBoundaryIs><LinearRing><coordinates>-97.18520000000001,49.829800000000006,0 -97.1756,49.829800000000006,0 -97.1756,49.835,0 -97.18520000000001,49.835,0 -97.18520000000001,49.829800000000006,0</coordinates></LinearRing></outerBoundaryIs></Polygon></Placemark>
      <Placemark><name>Patch (27,12)</name><styleUrl>#sugarStyle_1</styleUrl><Polygon><outerBoundaryIs><LinearRing><coordinates>-97.1756,49.829800000000006,0 -97.16600000000001,49.829800000000006,0 -97.16600000000001,49.835,0 -97.1756,49.835,0 -97.1756,49.829800000000006,0</coordinates></LinearRing></outerBoundaryIs></Polygon></Placemark>
      <Placemark><name>Patch (28,12)</name><styleUrl>#sugarStyle_1</styleUrl><Polygon><outerBoundaryIs><LinearRing><coordinates>-97.16600000000001,49.829800000000006,0 -97.1564,49.829800000000006,0 -97.1564,49.835,0 -97.16600000000001,49.835,0 -97.16600000000001,49.829800000000006,0</coordinates></LinearRing></outerBoundaryIs></Polygon></Placemark>
      <Placemark><name>Patch (29,12)</name><styleUrl>#sugarStyle_0</styleUrl><Polygon><outerBoundaryIs><LinearRing><coordinates>-97.1564,49.829800000000006,0 -97.1468,49.829800000000006,0 -97.1468,49.835,0 -97.1564,49.835,0 -97.1564,49.829800000000006,0</coordinates></LinearRing></outerBoundaryIs></Polygon></Placemark>
      <Placemark><name>Patch (30,12)</name><styleUrl>#sugarStyle_1</styleUrl><Polygon><outerBoundaryIs><LinearRing><coordinates>-97.1468,49.829800000000006,0 -97.1372,49.829800000000006,0 -97.1372,49.835,0 -97.1468,49.835,0 -97.1468,49.829800000000006,0</coordinates></LinearRing></outerBoundaryIs></Polygon></Placemark>
      <Placemark><name>Patch (31,12)</name><styleUrl>#sugarStyle_1</styleUrl><Polygon><outerBoundaryIs><LinearRing><coordinates>-97.1372,49.829800000000006,0 -97.1276,49.829800000000006,0 -97.1276,49.835,0 -97.1372,49.835,0 -97.1372,49.829800000000006,0</coordinates></LinearRing></outerBoundaryIs></Polygon></Placemark>
      <Placemark><name>Patch (32,12)</name><styleUrl>#sugarStyle_1</styleUrl><Polygon><outerBoundaryIs><LinearRing><coordinates>-97.1276,49.829800000000006,0 -97.11800000000001,49.829800000000006,0 -97.11800000000001,49.835,0 -97.1276,49.835,0 -97.1276,49.829800000000006,0</coordinates></LinearRing></outerBoundaryIs></Polygon></Placemark>
      <Placemark><name>Patch (33,12)</name><styleUrl>#sugarStyle_1</styleUrl><Polygon><outerBoundaryIs><LinearRing><coordinates>-97.11800000000001,49.829800000000006,0 -97.1084,49.829800000000006,0 -97.1084,49.835,0 -97.11800000000001,49.835,0 -97.11800000000001,49.829800000000006,0</coordinates></LinearRing></outerBoundaryIs></Polygon></Placemark>
      <Placemark><name>Patch (34,12)</name><styleUrl>#sugarStyle_1</styleUrl><Polygon><outerBoundaryIs><LinearRing><coordinates>-97.1084,49.829800000000006,0 -97.0988,49.829800000000006,0 -97.0988,49.835,0 -97.1084,49.835,0 -97.1084,49.829800000000006,0</coordinates></LinearRing></outerBoundaryIs></Polygon></Placemark>
      <Placemark><name>Patch (35,12)</name><styleUrl>#sugarStyle_1</styleUrl><Polygon><outerBoundaryIs><LinearRing><coordinates>-97.0988,49.829800000000006,0 -97.0892,49.829800000000006,0 -97.0892,49.835,0 -97.0988,49.835,0 -97.0988,49.829800000000006,0</coordinates></LinearRing></outerBoundaryIs></Polygon></Placemark>
      <Placemark><name>Patch (36,12)</name><styleUrl>#sugarStyle_0</styleUrl><Polygon><outerBoundaryIs><LinearRing><coordinates>-97.0892,49.829800000000006,0 -97.0796,49.829800000000006,0 -97.0796,49.835,0 -97.0892,49.835,0 -97.0892,49.829800000000006,0</coordinates></LinearRing></outerBoundaryIs></Polygon></Placemark>
      <Placemark><name>Patch (37,12)</name><styleUrl>#sugarStyle_1</styleUrl><Polygon><outerBoundaryIs><LinearRing><coordinates>-97.0796,49.829800000000006,0 -97.07000000000001,49.829800000000006,0 -97.07000000000001,49.835,0 -97.0796,49.835,0 -97.0796,49.829800000000006,0</coordinates></LinearRing></outerBoundaryIs></Polygon></Placemark>
      <Placemark><name>Patch (38,12)</name><styleUrl>#sugarStyle_0</styleUrl><Polygon><outerBoundaryIs><LinearRing><coordinates>-97.07000000000001,49.829800000000006,0 -97.0604,49.829800000000006,0 -97.0604,49.835,0 -97.07000000000001,49.835,0 -97.07000000000001,49.829800000000006,0</coordinates></LinearRing></outerBoundaryIs></Polygon></Placemark>
      <Placemark><name>Patch (39,12)</name><styleUrl>#sugarStyle_0</styleUrl><Polygon><outerBoundaryIs><LinearRing><coordinates>-97.0604,49.829800000000006,0 -97.05080000000001,49.829800000000006,0 -97.05080000000001,49.835,0 -97.0604,49.835,0 -97.0604,49.829800000000006,0</coordinates></LinearRing></outerBoundaryIs></Polygon></Placemark>
      <Placemark><name>Patch (40,12)</name><styleUrl>#sugarStyle_0</styleUrl><Polygon><outerBoundaryIs><LinearRing><coordinates>-97.05080000000001,49.829800000000006,0 -97.0412,49.829800000000006,0 -97.0412,49.835,0 -97.05080000000001,49.835,0 -97.05080000000001,49.829800000000006,0</coordinates></LinearRing></outerBoundaryIs></Polygon></Placemark>
      <Placemark><name>Patch (41,12)</name><styleUrl>#sugarStyle_0</styleUrl><Polygon><outerBoundaryIs><LinearRing><coordinates>-97.0412,49.829800000000006,0 -97.0316,49.829800000000006,0 -97.0316,49.835,0 -97.0412,49.835,0 -97.0412,49.829800000000006,0</coordinates></LinearRing></outerBoundaryIs></Polygon></Placemark>
      <Placemark><name>Patch (42,12)</name><styleUrl>#sugarStyle_0</styleUrl><Polygon><outerBoundaryIs><LinearRing><coordinates>-97.0316,49.829800000000006,0 -97.022,49.829800000000006,0 -97.022,49.835,0 -97.0316,49.835,0 -97.0316,49.829800000000006,0</coordinates></LinearRing></outerBoundaryIs></Polygon></Placemark>
      <Placemark><name>Patch (43,12)</name><styleUrl>#sugarStyle_0</styleUrl><Polygon><outerBoundaryIs><LinearRing><coordinates>-97.022,49.829800000000006,0 -97.0124,49.829800000000006,0 -97.0124,49.835,0 -97.022,49.835,0 -97.022,49.829800000000006,0</coordinates></LinearRing></outerBoundaryIs></Polygon></Placemark>
      <Placemark><name>Patch (44,12)</name><styleUrl>#sugarStyle_0</styleUrl><Polygon><outerBoundaryIs><LinearRing><coordinates>-97.0124,49.829800000000006,0 -97.00280000000001,49.829800000000006,0 -97.00280000000001,49.835,0 -97.0124,49.835,0 -97.0124,49.829800000000006,0</coordinates></LinearRing></outerBoundaryIs></Polygon></Placemark>
      <Placemark><name>Patch (45,12)</name><styleUrl>#sugarStyle_0</styleUrl><Polygon><outerBoundaryIs><LinearRing><coordinates>-97.00280000000001,49.829800000000006,0 -96.9932,49.829800000000006,0 -96.9932,49.835,0 -97.00280000000001,49.835,0 -97.00280000000001,49.829800000000006,0</coordinates></LinearRing></outerBoundaryIs></Polygon></Placemark>
      <Placemark><name>Patch (46,12)</name><styleUrl>#sugarStyle_0</styleUrl><Polygon><outerBoundaryIs><LinearRing><coordinates>-96.9932,49.829800000000006,0 -96.98360000000001,49.829800000000006,0 -96.98360000000001,49.835,0 -96.9932,49.835,0 -96.9932,49.829800000000006,0</coordinates></LinearRing></outerBoundaryIs></Polygon></Placemark>
      <Placemark><name>Patch (47,12)</name><styleUrl>#sugarStyle_0</styleUrl><Polygon><outerBoundaryIs><LinearRing><coordinates>-96.98360000000001,49.829800000000006,0 -96.974,49.829800000000006,0 -96.974,49.835,0 -96.98360000000001,49.835,0 -96.98360000000001,49.829800000000006,0</coordinates></LinearRing></outerBoundaryIs></Polygon></Placemark>
      <Placemark><name>Patch (48,12)</name><styleUrl>#sugarStyle_0</styleUrl><Polygon><outerBoundaryIs><LinearRing><coordinates>-96.974,49.829800000000006,0 -96.9644,49.829800000000006,0 -96.9644,49.835,0 -96.974,49.835,0 -96.974,49.829800000000006,0</coordinates></LinearRing></outerBoundaryIs></Polygon></Placemark>
      <Placemark><name>Patch (49,12)</name><styleUrl>#sugarStyle_0</styleUrl><Polygon><outerBoundaryIs><LinearRing><coordinates>-96.9644,49.829800000000006,0 -96.9548,49.829800000000006,0 -96.9548,49.835,0 -96.9644,49.835,0 -96.9644,49.829800000000006,0</coordinates></LinearRing></outerBoundaryIs></Polygon></Placemark>
      <Placemark><name>Patch (50,12)</name><styleUrl>#sugarStyle_0</styleUrl><Polygon><outerBoundaryIs><LinearRing><coordinates>-96.9548,49.829800000000006,0 -96.9452,49.829800000000006,0 -96.9452,49.835,0 -96.9548,49.835,0 -96.9548,49.829800000000006,0</coordinates></LinearRing></outerBoundaryIs></Polygon></Placemark>
      <Placemark><name>Patch (0,13)</name><styleUrl>#sugarStyle_0</styleUrl><Polygon><outerBoundaryIs><LinearRing><coordinates>-97.43480000000001,49.835,0 -97.4252,49.835,0 -97.4252,49.8402,0 -97.43480000000001,49.8402,0 -97.43480000000001,49.835,0</coordinates></LinearRing></outerBoundaryIs></Polygon></Placemark>
      <Placemark><name>Patch (1,13)</name><styleUrl>#sugarStyle_0</styleUrl><Polygon><outerBoundaryIs><LinearRing><coordinates>-97.4252,49.835,0 -97.41560000000001,49.835,0 -97.41560000000001,49.8402,0 -97.4252,49.8402,0 -97.4252,49.835,0</coordinates></LinearRing></outerBoundaryIs></Polygon></Placemark>
      <Placemark><name>Patch (2,13)</name><styleUrl>#sugarStyle_0</styleUrl><Polygon><outerBoundaryIs><LinearRing><coordinates>-97.41560000000001,49.835,0 -97.406,49.835,0 -97.406,49.8402,0 -97.41560000000001,49.8402,0 -97.41560000000001,49.835,0</coordinates></LinearRing></outerBoundaryIs></Polygon></Placemark>
      <Placemark><name>Patch (3,13)</name><styleUrl>#sugarStyle_0</styleUrl><Polygon><outerBoundaryIs><LinearRing><coordinates>-97.406,49.835,0 -97.3964,49.835,0 -97.3964,49.8402,0 -97.406,49.8402,0 -97.406,49.835,0</coordinates></LinearRing></outerBoundaryIs></Polygon></Placemark>
      <Placemark><name>Patch (4,13)</name><styleUrl>#sugarStyle_0</styleUrl><Polygon><outerBoundaryIs><LinearRing><coordinates>-97.3964,49.835,0 -97.38680000000001,49.835,0 -97.38680000000001,49.8402,0 -97.3964,49.8402,0 -97.3964,49.835,0</coordinates></LinearRing></outerBoundaryIs></Polygon></Placemark>
      <Placemark><name>Patch (5,13)</name><styleUrl>#sugarStyle_0</styleUrl><Polygon><outerBoundaryIs><LinearRing><coordinates>-97.38680000000001,49.835,0 -97.3772,49.835,0 -97.3772,49.8402,0 -97.38680000000001,49.8402,0 -97.38680000000001,49.835,0</coordinates></LinearRing></outerBoundaryIs></Polygon></Placemark>
      <Placemark><name>Patch (6,13)</name><styleUrl>#sugarStyle_0</styleUrl><Polygon><outerBoundaryIs><LinearRing><coordinates>-97.3772,49.835,0 -97.36760000000001,49.835,0 -97.36760000000001,49.8402,0 -97.3772,49.8402,0 -97.3772,49.835,0</coordinates></LinearRing></outerBoundaryIs></Polygon></Placemark>
      <Placemark><name>Patch (7,13)</name><styleUrl>#sugarStyle_0</styleUrl><Polygon><outerBoundaryIs><LinearRing><coordinates>-97.36760000000001,49.835,0 -97.358,49.835,0 -97.358,49.8402,0 -97.36760000000001,49.8402,0 -97.36760000000001,49.835,0</coordinates></LinearRing></outerBoundaryIs></Polygon></Placemark>
      <Placemark><name>Patch (8,13)</name><styleUrl>#sugarStyle_0</styleUrl><Polygon><outerBoundaryIs><LinearRing><coordinates>-97.358,49.835,0 -97.34840000000001,49.835,0 -97.34840000000001,49.8402,0 -97.358,49.8402,0 -97.358,49.835,0</coordinates></LinearRing></outerBoundaryIs></Polygon></Placemark>
      <Placemark><name>Patch (9,13)</name><styleUrl>#sugarStyle_0</styleUrl><Polygon><outerBoundaryIs><LinearRing><coordinates>-97.34840000000001,49.835,0 -97.3388,49.835,0 -97.3388,49.8402,0 -97.34840000000001,49.8402,0 -97.34840000000001,49.835,0</coordinates></LinearRing></outerBoundaryIs></Polygon></Placemark>
      <Placemark><name>Patch (10,13)</name><styleUrl>#sugarStyle_0</styleUrl><Polygon><outerBoundaryIs><LinearRing><coordinates>-97.3388,49.835,0 -97.3292,49.835,0 -97.3292,49.8402,0 -97.3388,49.8402,0 -97.3388,49.835,0</coordinates></LinearRing></outerBoundaryIs></Polygon></Placemark>
      <Placemark><name>Patch (11,13)</name><styleUrl>#sugarStyle_0</styleUrl><Polygon><outerBoundaryIs><LinearRing><coordinates>-97.3292,49.835,0 -97.31960000000001,49.835,0 -97.31960000000001,49.8402,0 -97.3292,49.8402,0 -97.3292,49.835,0</coordinates></LinearRing></outerBoundaryIs></Polygon></Placemark>
      <Placemark><name>Patch (12,13)</name><styleUrl>#sugarStyle_0</styleUrl><Polygon><outerBoundaryIs><LinearRing><coordinates>-97.31960000000001,49.835,0 -97.31,49.835,0 -97.31,49.8402,0 -97.31960000000001,49.8402,0 -97.31960000000001,49.835,0</coordinates></LinearRing></outerBoundaryIs></Polygon></Placemark>
      <Placemark><name>Patch (13,13)</name><styleUrl>#sugarStyle_0</styleUrl><Polygon><outerBoundaryIs><LinearRing><coordinates>-97.31,49.835,0 -97.30040000000001,49.835,0 -97.30040000000001,49.8402,0 -97.31,49.8402,0 -97.31,49.835,0</coordinates></LinearRing></outerBoundaryIs></Polygon></Placemark>
      <Placemark><name>Patch (14,13)</name><styleUrl>#sugarStyle_0</styleUrl><Polygon><outerBoundaryIs><LinearRing><coordinates>-97.30040000000001,49.835,0 -97.2908,49.835,0 -97.2908,49.8402,0 -97.30040000000001,49.8402,0 -97.30040000000001,49.835,0</coordinates></LinearRing></outerBoundaryIs></Polygon></Placemark>
      <Placemark><name>Patch (15,13)</name><styleUrl>#sugarStyle_0</styleUrl><Polygon><outerBoundaryIs><LinearRing><coordinates>-97.2908,49.835,0 -97.28120000000001,49.835,0 -97.28120000000001,49.8402,0 -97.2908,49.8402,0 -97.2908,49.835,0</coordinates></LinearRing></outerBoundaryIs></Polygon></Placemark>
      <Placemark><name>Patch (16,13)</name><styleUrl>#sugarStyle_0</styleUrl><Polygon><outerBoundaryIs><LinearRing><coordinates>-97.28120000000001,49.835,0 -97.2716,49.835,0 -97.2716,49.8402,0 -97.28120000000001,49.8402,0 -97.28120000000001,49.835,0</coordinates></LinearRing></outerBoundaryIs></Polygon></Placemark>
      <Placemark><name>Patch (17,13)</name><styleUrl>#sugarStyle_0</styleUrl><Polygon><outerBoundaryIs><LinearRing><coordinates>-97.2716,49.835,0 -97.262,49.835,0 -97.262,49.8402,0 -97.2716,49.8402,0 -97.2716,49.835,0</coordinates></LinearRing></outerBoundaryIs></Polygon></Placemark>
      <Placemark><name>Patch (18,13)</name><styleUrl>#sugarStyle_0</styleUrl><Polygon><outerBoundaryIs><LinearRing><coordinates>-97.262,49.835,0 -97.25240000000001,49.835,0 -97.25240000000001,49.8402,0 -97.262,49.8402,0 -97.262,49.835,0</coordinates></LinearRing></outerBoundaryIs></Polygon></Placemark>
      <Placemark><name>Patch (19,13)</name><styleUrl>#sugarStyle_0</styleUrl><Polygon><outerBoundaryIs><LinearRing><coordinates>-97.25240000000001,49.835,0 -97.2428,49.835,0 -97.2428,49.8402,0 -97.25240000000001,49.8402,0 -97.25240000000001,49.835,0</coordinates></LinearRing></outerBoundaryIs></Polygon></Placemark>
      <Placemark><name>Patch (20,13)</name><styleUrl>#sugarStyle_0</styleUrl><Polygon><outerBoundaryIs><LinearRing><coordinates>-97.2428,49.835,0 -97.23320000000001,49.835,0 -97.23320000000001,49.8402,0 -97.2428,49.8402,0 -97.2428,49.835,0</coordinates></LinearRing></outerBoundaryIs></Polygon></Placemark>
      <Placemark><name>Patch (21,13)</name><styleUrl>#sugarStyle_0</styleUrl><Polygon><outerBoundaryIs><LinearRing><coordinates>-97.23320000000001,49.835,0 -97.2236,49.835,0 -97.2236,49.8402,0 -97.23320000000001,49.8402,0 -97.23320000000001,49.835,0</coordinates></LinearRing></outerBoundaryIs></Polygon></Placemark>
      <Placemark><name>Patch (22,13)</name><styleUrl>#sugarStyle_0</styleUrl><Polygon><outerBoundaryIs><LinearRing><coordinates>-97.2236,49.835,0 -97.214,49.835,0 -97.214,49.8402,0 -97.2236,49.8402,0 -97.2236,49.835,0</coordinates></LinearRing></outerBoundaryIs></Polygon></Placemark>
      <Placemark><name>Patch (23,13)</name><styleUrl>#sugarStyle_1</styleUrl><Polygon><outerBoundaryIs><LinearRing><coordinates>-97.214,49.835,0 -97.2044,49.835,0 -97.2044,49.8402,0 -97.214,49.8402,0 -97.214,49.835,0</coordinates></LinearRing></outerBoundaryIs></Polygon></Placemark>
      <Placemark><name>Patch (24,13)</name><styleUrl>#sugarStyle_1</styleUrl><Polygon><outerBoundaryIs><LinearRing><coordinates>-97.2044,49.835,0 -97.1948,49.835,0 -97.1948,49.8402,0 -97.2044,49.8402,0 -97.2044,49.835,0</coordinates></LinearRing></outerBoundaryIs></Polygon></Placemark>
      <Placemark><name>Patch (25,13)</name><styleUrl>#sugarStyle_1</styleUrl><Polygon><outerBoundaryIs><LinearRing><coordinates>-97.1948,49.835,0 -97.18520000000001,49.835,0 -97.18520000000001,49.8402,0 -97.1948,49.8402,0 -97.1948,49.835,0</coordinates></LinearRing></outerBoundaryIs></Polygon></Placemark>
      <Placemark><name>Patch (26,13)</name><styleUrl>#sugarStyle_1</styleUrl><Polygon><outerBoundaryIs><LinearRing><coordinates>-97.18520000000001,49.835,0 -97.1756,49.835,0 -97.1756,49.8402,0 -97.18520000000001,49.8402,0 -97.18520000000001,49.835,0</coordinates></LinearRing></outerBoundaryIs></Polygon></Placemark>
      <Placemark><name>Patch (27,13)</name><styleUrl>#sugarStyle_1</styleUrl><Polygon><outerBoundaryIs><LinearRing><coordinates>-97.1756,49.835,0 -97.16600000000001,49.835,0 -97.16600000000001,49.8402,0 -97.1756,49.8402,0 -97.1756,49.835,0</coordinates></LinearRing></outerBoundaryIs></Polygon></Placemark>
      <Placemark><name>Patch (28,13)</name><styleUrl>#sugarStyle_1</styleUrl><Polygon><outerBoundaryIs><LinearRing><coordinates>-97.16600000000001,49.835,0 -97.1564,49.835,0 -97.1564,49.8402,0 -97.16600000000001,49.8402,0 -97.16600000000001,49.835,0</coordinates></LinearRing></outerBoundaryIs></Polygon></Placemark>
      <Placemark><name>Patch (29,13)</name><styleUrl>#sugarStyle_1</styleUrl><Polygon><outerBoundaryIs><LinearRing><coordinates>-97.1564,49.835,0 -97.1468,49.835,0 -97.1468,49.8402,0 -97.1564,49.8402,0 -97.1564,49.835,0</coordinates></LinearRing></outerBoundaryIs></Polygon></Placemark>
      <Placemark><name>Patch (30,13)</name><styleUrl>#sugarStyle_2</styleUrl><Polygon><outerBoundaryIs><LinearRing><coordinates>-97.1468,49.835,0 -97.1372,49.835,0 -97.1372,49.8402,0 -97.1468,49.8402,0 -97.1468,49.835,0</coordinates></LinearRing></outerBoundaryIs></Polygon></Placemark>
      <Placemark><name>Patch (31,13)</name><styleUrl>#sugarStyle_2</styleUrl><Polygon><outerBoundaryIs><LinearRing><coordinates>-97.1372,49.835,0 -97.1276,49.835,0 -97.1276,49.8402,0 -97.1372,49.8402,0 -97.1372,49.835,0</coordinates></LinearRing></outerBoundaryIs></Polygon></Placemark>
      <Placemark><name>Patch (32,13)</name><styleUrl>#sugarStyle_2</styleUrl><Polygon><outerBoundaryIs><LinearRing><coordinates>-97.1276,49.835,0 -97.11800000000001,49.835,0 -97.11800000000001,49.8402,0 -97.1276,49.8402,0 -97.1276,49.835,0</coordinates></LinearRing></outerBoundaryIs></Polygon></Placemark>
      <Placemark><name>Patch (33,13)</name><styleUrl>#sugarStyle_1</styleUrl><Polygon><outerBoundaryIs><LinearRing><coordinates>-97.11800000000001,49.835,0 -97.1084,49.835,0 -97.1084,49.8402,0 -97.11800000000001,49.8402,0 -97.11800000000001,49.835,0</coordinates></LinearRing></outerBoundaryIs></Polygon></Placemark>
      <Placemark><name>Patch (34,13)</name><styleUrl>#sugarStyle_1</styleUrl><Polygon><outerBoundaryIs><LinearRing><coordinates>-97.1084,49.835,0 -97.0988,49.835,0 -97.0988,49.8402,0 -97.1084,49.8402,0 -97.1084,49.835,0</coordinates></LinearRing></outerBoundaryIs></Polygon></Placemark>
      <Placemark><name>Patch (35,13)</name><styleUrl>#sugarStyle_1</styleUrl><Polygon><outerBoundaryIs><LinearRing><coordinates>-97.0988,49.835,0 -97.0892,49.835,0 -97.0892,49.8402,0 -97.0988,49.8402,0 -97.0988,49.835,0</coordinates></LinearRing></outerBoundaryIs></Polygon></Placemark>
      <Placemark><name>Patch (36,13)</name><styleUrl>#sugarStyle_1</styleUrl><Polygon><outerBoundaryIs><LinearRing><coordinates>-97.0892,49.835,0 -97.0796,49.835,0 -97.0796,49.8402,0 -97.0892,49.8402,0 -97.0892,49.835,0</coordinates></LinearRing></outerBoundaryIs></Polygon></Placemark>
      <Placemark><name>Patch (37,13)</name><styleUrl>#sugarStyle_1</styleUrl><Polygon><outerBoundaryIs><LinearRing><coordinates>-97.0796,49.835,0 -97.07000000000001,49.835,0 -97.07000000000001,49.8402,0 -97.0796,49.8402,0 -97.0796,49.835,0</coordinates></LinearRing></outerBoundaryIs></Polygon></Placemark>
      <Placemark><name>Patch (38,13)</name><styleUrl>#sugarStyle_1</styleUrl><Polygon><outerBoundaryIs><LinearRing><coordinates>-97.07000000000001,49.835,0 -97.0604,49.835,0 -97.0604,49.8402,0 -97.07000000000001,49.8402,0 -97.07000000000001,49.835,0</coordinates></LinearRing></outerBoundaryIs></Polygon></Placemark>
      <Placemark><name>Patch (39,13)</name><styleUrl>#sugarStyle_1</styleUrl><Polygon><outerBoundaryIs><LinearRing><coordinates>-97.0604,49.835,0 -97.05080000000001,49.835,0 -97.05080000000001,49.8402,0 -97.0604,49.8402,0 -97.0604,49.835,0</coordinates></LinearRing></outerBoundaryIs></Polygon></Placemark>
      <Placemark><name>Patch (40,13)</name><styleUrl>#sugarStyle_0</styleUrl><Polygon><outerBoundaryIs><LinearRing><coordinates>-97.05080000000001,49.835,0 -97.0412,49.835,0 -97.0412,49.8402,0 -97.05080000000001,49.8402,0 -97.05080000000001,49.835,0</coordinates></LinearRing></outerBoundaryIs></Polygon></Placemark>
      <Placemark><name>Patch (41,13)</name><styleUrl>#sugarStyle_0</styleUrl><Polygon><outerBoundaryIs><LinearRing><coordinates>-97.0412,49.835,0 -97.0316,49.835,0 -97.0316,49.8402,0 -97.0412,49.8402,0 -97.0412,49.835,0</coordinates></LinearRing></outerBoundaryIs></Polygon></Placemark>
      <Placemark><name>Patch (42,13)</name><styleUrl>#sugarStyle_0</styleUrl><Polygon><outerBoundaryIs><LinearRing><coordinates>-97.0316,49.835,0 -97.022,49.835,0 -97.022,49.8402,0 -97.0316,49.8402,0 -97.0316,49.835,0</coordinates></LinearRing></outerBoundaryIs></Polygon></Placemark>
      <Placemark><name>Patch (43,13)</name><styleUrl>#sugarStyle_0</styleUrl><Polygon><outerBoundaryIs><LinearRing><coordinates>-97.022,49.835,0 -97.0124,49.835,0 -97.0124,49.8402,0 -97.022,49.8402,0 -97.022,49.835,0</coordinates></LinearRing></outerBoundaryIs></Polygon></Placemark>
      <Placemark><name>Patch (44,13)</name><styleUrl>#sugarStyle_0</styleUrl><Polygon><outerBoundaryIs><LinearRing><coordinates>-97.0124,49.835,0 -97.00280000000001,49.835,0 -97.00280000000001,49.8402,0 -97.0124,49.8402,0 -97.0124,49.835,0</coordinates></LinearRing></outerBoundaryIs></Polygon></Placemark>
      <Placemark><name>Patch (45,13)</name><styleUrl>#sugarStyle_0</styleUrl><Polygon><outerBoundaryIs><LinearRing><coordinates>-97.00280000000001,49.835,0 -96.9932,49.835,0 -96.9932,49.8402,0 -97.00280000000001,49.8402,0 -97.00280000000001,49.835,0</coordinates></LinearRing></outerBoundaryIs></Polygon></Placemark>
      <Placemark><name>Patch (46,13)</name><styleUrl>#sugarStyle_0</styleUrl><Polygon><outerBoundaryIs><LinearRing><coordinates>-96.9932,49.835,0 -96.98360000000001,49.835,0 -96.98360000000001,49.8402,0 -96.9932,49.8402,0 -96.9932,49.835,0</coordinates></LinearRing></outerBoundaryIs></Polygon></Placemark>
      <Placemark><name>Patch (47,13)</name><styleUrl>#sugarStyle_0</styleUrl><Polygon><outerBoundaryIs><LinearRing><coordinates>-96.98360000000001,49.835,0 -96.974,49.835,0 -96.974,49.8402,0 -96.98360000000001,49.8402,0 -96.98360000000001,49.835,0</coordinates></LinearRing></outerBoundaryIs></Polygon></Placemark>
      <Placemark><name>Patch (48,13)</name><styleUrl>#sugarStyle_0</styleUrl><Polygon><outerBoundaryIs><LinearRing><coordinates>-96.974,49.835,0 -96.9644,49.835,0 -96.9644,49.8402,0 -96.974,49.8402,0 -96.974,49.835,0</coordinates></LinearRing></outerBoundaryIs></Polygon></Placemark>
      <Placemark><name>Patch (49,13)</name><styleUrl>#sugarStyle_0</styleUrl><Polygon><outerBoundaryIs><LinearRing><coordinates>-96.9644,49.835,0 -96.9548,49.835,0 -96.9548,49.8402,0 -96.9644,49.8402,0 -96.9644,49.835,0</coordinates></LinearRing></outerBoundaryIs></Polygon></Placemark>
      <Placemark><name>Patch (50,13)</name><styleUrl>#sugarStyle_0</styleUrl><Polygon><outerBoundaryIs><LinearRing><coordinates>-96.9548,49.835,0 -96.9452,49.835,0 -96.9452,49.8402,0 -96.9548,49.8402,0 -96.9548,49.835,0</coordinates></LinearRing></outerBoundaryIs></Polygon></Placemark>
      <Placemark><name>Patch (0,14)</name><styleUrl>#sugarStyle_0</styleUrl><Polygon><outerBoundaryIs><LinearRing><coordinates>-97.43480000000001,49.8402,0 -97.4252,49.8402,0 -97.4252,49.845400000000005,0 -97.43480000000001,49.845400000000005,0 -97.43480000000001,49.8402,0</coordinates></LinearRing></outerBoundaryIs></Polygon></Placemark>
      <Placemark><name>Patch (1,14)</name><styleUrl>#sugarStyle_0</styleUrl><Polygon><outerBoundaryIs><LinearRing><coordinates>-97.4252,49.8402,0 -97.41560000000001,49.8402,0 -97.41560000000001,49.845400000000005,0 -97.4252,49.845400000000005,0 -97.4252,49.8402,0</coordinates></LinearRing></outerBoundaryIs></Polygon></Placemark>
      <Placemark><name>Patch (2,14)</name><styleUrl>#sugarStyle_0</styleUrl><Polygon><outerBoundaryIs><LinearRing><coordinates>-97.41560000000001,49.8402,0 -97.406,49.8402,0 -97.406,49.845400000000005,0 -97.41560000000001,49.845400000000005,0 -97.41560000000001,49.8402,0</coordinates></LinearRing></outerBoundaryIs></Polygon></Placemark>
      <Placemark><name>Patch (3,14)</name><styleUrl>#sugarStyle_0</styleUrl><Polygon><outerBoundaryIs><LinearRing><coordinates>-97.406,49.8402,0 -97.3964,49.8402,0 -97.3964,49.845400000000005,0 -97.406,49.845400000000005,0 -97.406,49.8402,0</coordinates></LinearRing></outerBoundaryIs></Polygon></Placemark>
      <Placemark><name>Patch (4,14)</name><styleUrl>#sugarStyle_0</styleUrl><Polygon><outerBoundaryIs><LinearRing><coordinates>-97.3964,49.8402,0 -97.38680000000001,49.8402,0 -97.38680000000001,49.845400000000005,0 -97.3964,49.845400000000005,0 -97.3964,49.8402,0</coordinates></LinearRing></outerBoundaryIs></Polygon></Placemark>
      <Placemark><name>Patch (5,14)</name><styleUrl>#sugarStyle_0</styleUrl><Polygon><outerBoundaryIs><LinearRing><coordinates>-97.38680000000001,49.8402,0 -97.3772,49.8402,0 -97.3772,49.845400000000005,0 -97.38680000000001,49.845400000000005,0 -97.38680000000001,49.8402,0</coordinates></LinearRing></outerBoundaryIs></Polygon></Placemark>
      <Placemark><name>Patch (6,14)</name><styleUrl>#sugarStyle_0</styleUrl><Polygon><outerBoundaryIs><LinearRing><coordinates>-97.3772,49.8402,0 -97.36760000000001,49.8402,0 -97.36760000000001,49.845400000000005,0 -97.3772,49.845400000000005,0 -97.3772,49.8402,0</coordinates></LinearRing></outerBoundaryIs></Polygon></Placemark>
      <Placemark><name>Patch (7,14)</name><styleUrl>#sugarStyle_0</styleUrl><Polygon><outerBoundaryIs><LinearRing><coordinates>-97.36760000000001,49.8402,0 -97.358,49.8402,0 -97.358,49.845400000000005,0 -97.36760000000001,49.845400000000005,0 -97.36760000000001,49.8402,0</coordinates></LinearRing></outerBoundaryIs></Polygon></Placemark>
      <Placemark><name>Patch (8,14)</name><styleUrl>#sugarStyle_0</styleUrl><Polygon><outerBoundaryIs><LinearRing><coordinates>-97.358,49.8402,0 -97.34840000000001,49.8402,0 -97.34840000000001,49.845400000000005,0 -97.358,49.845400000000005,0 -97.358,49.8402,0</coordinates></LinearRing></outerBoundaryIs></Polygon></Placemark>
      <Placemark><name>Patch (9,14)</name><styleUrl>#sugarStyle_0</styleUrl><Polygon><outerBoundaryIs><LinearRing><coordinates>-97.34840000000001,49.8402,0 -97.3388,49.8402,0 -97.3388,49.845400000000005,0 -97.34840000000001,49.845400000000005,0 -97.34840000000001,49.8402,0</coordinates></LinearRing></outerBoundaryIs></Polygon></Placemark>
      <Placemark><name>Patch (10,14)</name><styleUrl>#sugarStyle_0</styleUrl><Polygon><outerBoundaryIs><LinearRing><coordinates>-97.3388,49.8402,0 -97.3292,49.8402,0 -97.3292,49.845400000000005,0 -97.3388,49.845400000000005,0 -97.3388,49.8402,0</coordinates></LinearRing></outerBoundaryIs></Polygon></Placemark>
      <Placemark><name>Patch (11,14)</name><styleUrl>#sugarStyle_0</styleUrl><Polygon><outerBoundaryIs><LinearRing><coordinates>-97.3292,49.8402,0 -97.31960000000001,49.8402,0 -97.31960000000001,49.845400000000005,0 -97.3292,49.845400000000005,0 -97.3292,49.8402,0</coordinates></LinearRing></outerBoundaryIs></Polygon></Placemark>
      <Placemark><name>Patch (12,14)</name><styleUrl>#sugarStyle_0</styleUrl><Polygon><outerBoundaryIs><LinearRing><coordinates>-97.31960000000001,49.8402,0 -97.31,49.8402,0 -97.31,49.845400000000005,0 -97.31960000000001,49.845400000000005,0 -97.31960000000001,49.8402,0</coordinates></LinearRing></outerBoundaryIs></Polygon></Placemark>
      <Placemark><name>Patch (13,14)</name><styleUrl>#sugarStyle_0</styleUrl><Polygon><outerBoundaryIs><LinearRing><coordinates>-97.31,49.8402,0 -97.30040000000001,49.8402,0 -97.30040000000001,49.845400000000005,0 -97.31,49.845400000000005,0 -97.31,49.8402,0</coordinates></LinearRing></outerBoundaryIs></Polygon></Placemark>
      <Placemark><name>Patch (14,14)</name><styleUrl>#sugarStyle_0</styleUrl><Polygon><outerBoundaryIs><LinearRing><coordinates>-97.30040000000001,49.8402,0 -97.2908,49.8402,0 -97.2908,49.845400000000005,0 -97.30040000000001,49.845400000000005,0 -97.30040000000001,49.8402,0</coordinates></LinearRing></outerBoundaryIs></Polygon></Placemark>
      <Placemark><name>Patch (15,14)</name><styleUrl>#sugarStyle_0</styleUrl><Polygon><outerBoundaryIs><LinearRing><coordinates>-97.2908,49.8402,0 -97.28120000000001,49.8402,0 -97.28120000000001,49.845400000000005,0 -97.2908,49.845400000000005,0 -97.2908,49.8402,0</coordinates></LinearRing></outerBoundaryIs></Polygon></Placemark>
      <Placemark><name>Patch (16,14)</name><styleUrl>#sugarStyle_0</styleUrl><Polygon><outerBoundaryIs><LinearRing><coordinates>-97.28120000000001,49.8402,0 -97.2716,49.8402,0 -97.2716,49.845400000000005,0 -97.28120000000001,49.845400000000005,0 -97.28120000000001,49.8402,0</coordinates></LinearRing></outerBoundaryIs></Polygon></Placemark>
      <Placemark><name>Patch (17,14)</name><styleUrl>#sugarStyle_0</styleUrl><Polygon><outerBoundaryIs><LinearRing><coordinates>-97.2716,49.8402,0 -97.262,49.8402,0 -97.262,49.845400000000005,0 -97.2716,49.845400000000005,0 -97.2716,49.8402,0</coordinates></LinearRing></outerBoundaryIs></Polygon></Placemark>
      <Placemark><name>Patch (18,14)</name><styleUrl>#sugarStyle_0</styleUrl><Polygon><outerBoundaryIs><LinearRing><coordinates>-97.262,49.8402,0 -97.25240000000001,49.8402,0 -97.25240000000001,49.845400000000005,0 -97.262,49.845400000000005,0 -97.262,49.8402,0</coordinates></LinearRing></outerBoundaryIs></Polygon></Placemark>
      <Placemark><name>Patch (19,14)</name><styleUrl>#sugarStyle_0</styleUrl><Polygon><outerBoundaryIs><LinearRing><coordinates>-97.25240000000001,49.8402,0 -97.2428,49.8402,0 -97.2428,49.845400000000005,0 -97.25240000000001,49.845400000000005,0 -97.25240000000001,49.8402,0</coordinates></LinearRing></outerBoundaryIs></Polygon></Placemark>
      <Placemark><name>Patch (20,14)</name><styleUrl>#sugarStyle_0</styleUrl><Polygon><outerBoundaryIs><LinearRing><coordinates>-97.2428,49.8402,0 -97.23320000000001,49.8402,0 -97.23320000000001,49.845400000000005,0 -97.2428,49.845400000000005,0 -97.2428,49.8402,0</coordinates></LinearRing></outerBoundaryIs></Polygon></Placemark>
      <Placemark><name>Patch (21,14)</name><styleUrl>#sugarStyle_0</styleUrl><Polygon><outerBoundaryIs><LinearRing><coordinates>-97.23320000000001,49.8402,0 -97.2236,49.8402,0 -97.2236,49.845400000000005,0 -97.23320000000001,49.845400000000005,0 -97.23320000000001,49.8402,0</coordinates></LinearRing></outerBoundaryIs></Polygon></Placemark>
      <Placemark><name>Patch (22,14)</name><styleUrl>#sugarStyle_1</styleUrl><Polygon><outerBoundaryIs><LinearRing><coordinates>-97.2236,49.8402,0 -97.214,49.8402,0 -97.214,49.845400000000005,0 -97.2236,49.845400000000005,0 -97.2236,49.8402,0</coordinates></LinearRing></outerBoundaryIs></Polygon></Placemark>
      <Placemark><name>Patch (23,14)</name><styleUrl>#sugarStyle_1</styleUrl><Polygon><outerBoundaryIs><LinearRing><coordinates>-97.214,49.8402,0 -97.2044,49.8402,0 -97.2044,49.845400000000005,0 -97.214,49.845400000000005,0 -97.214,49.8402,0</coordinates></LinearRing></outerBoundaryIs></Polygon></Placemark>
      <Placemark><name>Patch (24,14)</name><styleUrl>#sugarStyle_1</styleUrl><Polygon><outerBoundaryIs><LinearRing><coordinates>-97.2044,49.8402,0 -97.1948,49.8402,0 -97.1948,49.845400000000005,0 -97.2044,49.845400000000005,0 -97.2044,49.8402,0</coordinates></LinearRing></outerBoundaryIs></Polygon></Placemark>
      <Placemark><name>Patch (25,14)</name><styleUrl>#sugarStyle_1</styleUrl><Polygon><outerBoundaryIs><LinearRing><coordinates>-97.1948,49.8402,0 -97.18520000000001,49.8402,0 -97.18520000000001,49.845400000000005,0 -97.1948,49.845400000000005,0 -97.1948,49.8402,0</coordinates></LinearRing></outerBoundaryIs></Polygon></Placemark>
      <Placemark><name>Patch (26,14)</name><styleUrl>#sugarStyle_1</styleUrl><Polygon><outerBoundaryIs><LinearRing><coordinates>-97.18520000000001,49.8402,0 -97.1756,49.8402,0 -97.1756,49.845400000000005,0 -97.18520000000001,49.845400000000005,0 -97.18520000000001,49.8402,0</coordinates></LinearRing></outerBoundaryIs></Polygon></Placemark>
      <Placemark><name>Patch (27,14)</name><styleUrl>#sugarStyle_0</styleUrl><Polygon><outerBoundaryIs><LinearRing><coordinates>-97.1756,49.8402,0 -97.16600000000001,49.8402,0 -97.16600000000001,49.845400000000005,0 -97.1756,49.845400000000005,0 -97.1756,49.8402,0</coordinates></LinearRing></outerBoundaryIs></Polygon></Placemark>
      <Placemark><name>Patch (28,14)</name><styleUrl>#sugarStyle_1</styleUrl><Polygon><outerBoundaryIs><LinearRing><coordinates>-97.16600000000001,49.8402,0 -97.1564,49.8402,0 -97.1564,49.845400000000005,0 -97.16600000000001,49.845400000000005,0 -97.16600000000001,49.8402,0</coordinates></LinearRing></outerBoundaryIs></Polygon></Placemark>
      <Placemark><name>Patch (29,14)</name><styleUrl>#sugarStyle_2</styleUrl><Polygon><outerBoundaryIs><LinearRing><coordinates>-97.1564,49.8402,0 -97.1468,49.8402,0 -97.1468,49.845400000000005,0 -97.1564,49.845400000000005,0 -97.1564,49.8402,0</coordinates></LinearRing></outerBoundaryIs></Polygon></Placemark>
      <Placemark><name>Patch (30,14)</name><styleUrl>#sugarStyle_2</styleUrl><Polygon><outerBoundaryIs><LinearRing><coordinates>-97.1468,49.8402,0 -97.1372,49.8402,0 -97.1372,49.845400000000005,0 -97.1468,49.845400000000005,0 -97.1468,49.8402,0</coordinates></LinearRing></outerBoundaryIs></Polygon></Placemark>
      <Placemark><name>Patch (31,14)</name><styleUrl>#sugarStyle_2</styleUrl><Polygon><outerBoundaryIs><LinearRing><coordinates>-97.1372,49.8402,0 -97.1276,49.8402,0 -97.1276,49.845400000000005,0 -97.1372,49.845400000000005,0 -97.1372,49.8402,0</coordinates></LinearRing></outerBoundaryIs></Polygon></Placemark>
      <Placemark><name>Patch (32,14)</name><styleUrl>#sugarStyle_2</styleUrl><Polygon><outerBoundaryIs><LinearRing><coordinates>-97.1276,49.8402,0 -97.11800000000001,49.8402,0 -97.11800000000001,49.845400000000005,0 -97.1276,49.845400000000005,0 -97.1276,49.8402,0</coordinates></LinearRing></outerBoundaryIs></Polygon></Placemark>
      <Placemark><name>Patch (33,14)</name><styleUrl>#sugarStyle_2</styleUrl><Polygon><outerBoundaryIs><LinearRing><coordinates>-97.11800000000001,49.8402,0 -97.1084,49.8402,0 -97.1084,49.845400000000005,0 -97.11800000000001,49.845400000000005,0 -97.11800000000001,49.8402,0</coordinates></LinearRing></outerBoundaryIs></Polygon></Placemark>
      <Placemark><name>Patch (34,14)</name><styleUrl>#sugarStyle_2</styleUrl><Polygon><outerBoundaryIs><LinearRing><coordinates>-97.1084,49.8402,0 -97.0988,49.8402,0 -97.0988,49.845400000000005,0 -97.1084,49.845400000000005,0 -97.1084,49.8402,0</coordinates></LinearRing></outerBoundaryIs></Polygon></Placemark>
      <Placemark><name>Patch (35,14)</name><styleUrl>#sugarStyle_2</styleUrl><Polygon><outerBoundaryIs><LinearRing><coordinates>-97.0988,49.8402,0 -97.0892,49.8402,0 -97.0892,49.845400000000005,0 -97.0988,49.845400000000005,0 -97.0988,49.8402,0</coordinates></LinearRing></outerBoundaryIs></Polygon></Placemark>
      <Placemark><name>Patch (36,14)</name><styleUrl>#sugarStyle_1</styleUrl><Polygon><outerBoundaryIs><LinearRing><coordinates>-97.0892,49.8402,0 -97.0796,49.8402,0 -97.0796,49.845400000000005,0 -97.0892,49.845400000000005,0 -97.0892,49.8402,0</coordinates></LinearRing></outerBoundaryIs></Polygon></Placemark>
      <Placemark><name>Patch (37,14)</name><styleUrl>#sugarStyle_1</styleUrl><Polygon><outerBoundaryIs><LinearRing><coordinates>-97.0796,49.8402,0 -97.07000000000001,49.8402,0 -97.07000000000001,49.845400000000005,0 -97.0796,49.845400000000005,0 -97.0796,49.8402,0</coordinates></LinearRing></outerBoundaryIs></Polygon></Placemark>
      <Placemark><name>Patch (38,14)</name><styleUrl>#sugarStyle_1</styleUrl><Polygon><outerBoundaryIs><LinearRing><coordinates>-97.07000000000001,49.8402,0 -97.0604,49.8402,0 -97.0604,49.845400000000005,0 -97.07000000000001,49.845400000000005,0 -97.07000000000001,49.8402,0</coordinates></LinearRing></outerBoundaryIs></Polygon></Placemark>
      <Placemark><name>Patch (39,14)</name><styleUrl>#sugarStyle_0</styleUrl><Polygon><outerBoundaryIs><LinearRing><coordinates>-97.0604,49.8402,0 -97.05080000000001,49.8402,0 -97.05080000000001,49.845400000000005,0 -97.0604,49.845400000000005,0 -97.0604,49.8402,0</coordinates></LinearRing></outerBoundaryIs></Polygon></Placemark>
      <Placemark><name>Patch (40,14)</name><styleUrl>#sugarStyle_1</styleUrl><Polygon><outerBoundaryIs><LinearRing><coordinates>-97.05080000000001,49.8402,0 -97.0412,49.8402,0 -97.0412,49.845400000000005,0 -97.05080000000001,49.845400000000005,0 -97.05080000000001,49.8402,0</coordinates></LinearRing></outerBoundaryIs></Polygon></Placemark>
      <Placemark><name>Patch (41,14)</name><styleUrl>#sugarStyle_0</styleUrl><Polygon><outerBoundaryIs><LinearRing><coordinates>-97.0412,49.8402,0 -97.0316,49.8402,0 -97.0316,49.845400000000005,0 -97.0412,49.845400000000005,0 -97.0412,49.8402,0</coordinates></LinearRing></outerBoundaryIs></Polygon></Placemark>
      <Placemark><name>Patch (42,14)</name><styleUrl>#sugarStyle_0</styleUrl><Polygon><outerBoundaryIs><LinearRing><coordinates>-97.0316,49.8402,0 -97.022,49.8402,0 -97.022,49.845400000000005,0 -97.0316,49.845400000000005,0 -97.0316,49.8402,0</coordinates></LinearRing></outerBoundaryIs></Polygon></Placemark>
      <Placemark><name>Patch (43,14)</name><styleUrl>#sugarStyle_0</styleUrl><Polygon><outerBoundaryIs><LinearRing><coordinates>-97.022,49.8402,0 -97.0124,49.8402,0 -97.0124,49.845400000000005,0 -97.022,49.845400000000005,0 -97.022,49.8402,0</coordinates></LinearRing></outerBoundaryIs></Polygon></Placemark>
      <Placemark><name>Patch (44,14)</name><styleUrl>#sugarStyle_0</styleUrl><Polygon><outerBoundaryIs><LinearRing><coordinates>-97.0124,49.8402,0 -97.00280000000001,49.8402,0 -97.00280000000001,49.845400000000005,0 -97.0124,49.845400000000005,0 -97.0124,49.8402,0</coordinates></LinearRing></outerBoundaryIs></Polygon></Placemark>
      <Placemark><name>Patch (45,14)</name><styleUrl>#sugarStyle_0</styleUrl><Polygon><outerBoundaryIs><LinearRing><coordinates>-97.00280000000001,49.8402,0 -96.9932,49.8402,0 -96.9932,49.845400000000005,0 -97.00280000000001,49.845400000000005,0 -97.00280000000001,49.8402,0</coordinates></LinearRing></outerBoundaryIs></Polygon></Placemark>
      <Placemark><name>Patch (46,14)</name><styleUrl>#sugarStyle_0</styleUrl><Polygon><outerBoundaryIs><LinearRing><coordinates>-96.9932,49.8402,0 -96.98360000000001,49.8402,0 -96.98360000000001,49.845400000000005,0 -96.9932,49.845400000000005,0 -96.9932,49.8402,0</coordinates></LinearRing></outerBoundaryIs></Polygon></Placemark>
      <Placemark><name>Patch (47,14)</name><styleUrl>#sugarStyle_0</styleUrl><Polygon><outerBoundaryIs><LinearRing><coordinates>-96.98360000000001,49.8402,0 -96.974,49.8402,0 -96.974,49.845400000000005,0 -96.98360000000001,49.845400000000005,0 -96.98360000000001,49.8402,0</coordinates></LinearRing></outerBoundaryIs></Polygon></Placemark>
      <Placemark><name>Patch (48,14)</name><styleUrl>#sugarStyle_0</styleUrl><Polygon><outerBoundaryIs><LinearRing><coordinates>-96.974,49.8402,0 -96.9644,49.8402,0 -96.9644,49.845400000000005,0 -96.974,49.845400000000005,0 -96.974,49.8402,0</coordinates></LinearRing></outerBoundaryIs></Polygon></Placemark>
      <Placemark><name>Patch (49,14)</name><styleUrl>#sugarStyle_0</styleUrl><Polygon><outerBoundaryIs><LinearRing><coordinates>-96.9644,49.8402,0 -96.9548,49.8402,0 -96.9548,49.845400000000005,0 -96.9644,49.845400000000005,0 -96.9644,49.8402,0</coordinates></LinearRing></outerBoundaryIs></Polygon></Placemark>
      <Placemark><name>Patch (50,14)</name><styleUrl>#sugarStyle_0</styleUrl><Polygon><outerBoundaryIs><LinearRing><coordinates>-96.9548,49.8402,0 -96.9452,49.8402,0 -96.9452,49.845400000000005,0 -96.9548,49.845400000000005,0 -96.9548,49.8402,0</coordinates></LinearRing></outerBoundaryIs></Polygon></Placemark>
      <Placemark><name>Patch (0,15)</name><styleUrl>#sugarStyle_0</styleUrl><Polygon><outerBoundaryIs><LinearRing><coordinates>-97.43480000000001,49.845400000000005,0 -97.4252,49.845400000000005,0 -97.4252,49.8506,0 -97.43480000000001,49.8506,0 -97.43480000000001,49.845400000000005,0</coordinates></LinearRing></outerBoundaryIs></Polygon></Placemark>
      <Placemark><name>Patch (1,15)</name><styleUrl>#sugarStyle_0</styleUrl><Polygon><outerBoundaryIs><LinearRing><coordinates>-97.4252,49.845400000000005,0 -97.41560000000001,49.845400000000005,0 -97.41560000000001,49.8506,0 -97.4252,49.8506,0 -97.4252,49.845400000000005,0</coordinates></LinearRing></outerBoundaryIs></Polygon></Placemark>
      <Placemark><name>Patch (2,15)</name><styleUrl>#sugarStyle_0</styleUrl><Polygon><outerBoundaryIs><LinearRing><coordinates>-97.41560000000001,49.845400000000005,0 -97.406,49.845400000000005,0 -97.406,49.8506,0 -97.41560000000001,49.8506,0 -97.41560000000001,49.845400000000005,0</coordinates></LinearRing></outerBoundaryIs></Polygon></Placemark>
      <Placemark><name>Patch (3,15)</name><styleUrl>#sugarStyle_0</styleUrl><Polygon><outerBoundaryIs><LinearRing><coordinates>-97.406,49.845400000000005,0 -97.3964,49.845400000000005,0 -97.3964,49.8506,0 -97.406,49.8506,0 -97.406,49.845400000000005,0</coordinates></LinearRing></outerBoundaryIs></Polygon></Placemark>
      <Placemark><name>Patch (4,15)</name><styleUrl>#sugarStyle_0</styleUrl><Polygon><outerBoundaryIs><LinearRing><coordinates>-97.3964,49.845400000000005,0 -97.38680000000001,49.845400000000005,0 -97.38680000000001,49.8506,0 -97.3964,49.8506,0 -97.3964,49.845400000000005,0</coordinates></LinearRing></outerBoundaryIs></Polygon></Placemark>
      <Placemark><name>Patch (5,15)</name><styleUrl>#sugarStyle_0</styleUrl><Polygon><outerBoundaryIs><LinearRing><coordinates>-97.38680000000001,49.845400000000005,0 -97.3772,49.845400000000005,0 -97.3772,49.8506,0 -97.38680000000001,49.8506,0 -97.38680000000001,49.845400000000005,0</coordinates></LinearRing></outerBoundaryIs></Polygon></Placemark>
      <Placemark><name>Patch (6,15)</name><styleUrl>#sugarStyle_0</styleUrl><Polygon><outerBoundaryIs><LinearRing><coordinates>-97.3772,49.845400000000005,0 -97.36760000000001,49.845400000000005,0 -97.36760000000001,49.8506,0 -97.3772,49.8506,0 -97.3772,49.845400000000005,0</coordinates></LinearRing></outerBoundaryIs></Polygon></Placemark>
      <Placemark><name>Patch (7,15)</name><styleUrl>#sugarStyle_0</styleUrl><Polygon><outerBoundaryIs><LinearRing><coordinates>-97.36760000000001,49.845400000000005,0 -97.358,49.845400000000005,0 -97.358,49.8506,0 -97.36760000000001,49.8506,0 -97.36760000000001,49.845400000000005,0</coordinates></LinearRing></outerBoundaryIs></Polygon></Placemark>
      <Placemark><name>Patch (8,15)</name><styleUrl>#sugarStyle_0</styleUrl><Polygon><outerBoundaryIs><LinearRing><coordinates>-97.358,49.845400000000005,0 -97.34840000000001,49.845400000000005,0 -97.34840000000001,49.8506,0 -97.358,49.8506,0 -97.358,49.845400000000005,0</coordinates></LinearRing></outerBoundaryIs></Polygon></Placemark>
      <Placemark><name>Patch (9,15)</name><styleUrl>#sugarStyle_0</styleUrl><Polygon><outerBoundaryIs><LinearRing><coordinates>-97.34840000000001,49.845400000000005,0 -97.3388,49.845400000000005,0 -97.3388,49.8506,0 -97.34840000000001,49.8506,0 -97.34840000000001,49.845400000000005,0</coordinates></LinearRing></outerBoundaryIs></Polygon></Placemark>
      <Placemark><name>Patch (10,15)</name><styleUrl>#sugarStyle_0</styleUrl><Polygon><outerBoundaryIs><LinearRing><coordinates>-97.3388,49.845400000000005,0 -97.3292,49.845400000000005,0 -97.3292,49.8506,0 -97.3388,49.8506,0 -97.3388,49.845400000000005,0</coordinates></LinearRing></outerBoundaryIs></Polygon></Placemark>
      <Placemark><name>Patch (11,15)</name><styleUrl>#sugarStyle_0</styleUrl><Polygon><outerBoundaryIs><LinearRing><coordinates>-97.3292,49.845400000000005,0 -97.31960000000001,49.845400000000005,0 -97.31960000000001,49.8506,0 -97.3292,49.8506,0 -97.3292,49.845400000000005,0</coordinates></LinearRing></outerBoundaryIs></Polygon></Placemark>
      <Placemark><name>Patch (12,15)</name><styleUrl>#sugarStyle_0</styleUrl><Polygon><outerBoundaryIs><LinearRing><coordinates>-97.31960000000001,49.845400000000005,0 -97.31,49.845400000000005,0 -97.31,49.8506,0 -97.31960000000001,49.8506,0 -97.31960000000001,49.845400000000005,0</coordinates></LinearRing></outerBoundaryIs></Polygon></Placemark>
      <Placemark><name>Patch (13,15)</name><styleUrl>#sugarStyle_0</styleUrl><Polygon><outerBoundaryIs><LinearRing><coordinates>-97.31,49.845400000000005,0 -97.30040000000001,49.845400000000005,0 -97.30040000000001,49.8506,0 -97.31,49.8506,0 -97.31,49.845400000000005,0</coordinates></LinearRing></outerBoundaryIs></Polygon></Placemark>
      <Placemark><name>Patch (14,15)</name><styleUrl>#sugarStyle_0</styleUrl><Polygon><outerBoundaryIs><LinearRing><coordinates>-97.30040000000001,49.845400000000005,0 -97.2908,49.845400000000005,0 -97.2908,49.8506,0 -97.30040000000001,49.8506,0 -97.30040000000001,49.845400000000005,0</coordinates></LinearRing></outerBoundaryIs></Polygon></Placemark>
      <Placemark><name>Patch (15,15)</name><styleUrl>#sugarStyle_0</styleUrl><Polygon><outerBoundaryIs><LinearRing><coordinates>-97.2908,49.845400000000005,0 -97.28120000000001,49.845400000000005,0 -97.28120000000001,49.8506,0 -97.2908,49.8506,0 -97.2908,49.845400000000005,0</coordinates></LinearRing></outerBoundaryIs></Polygon></Placemark>
      <Placemark><name>Patch (16,15)</name><styleUrl>#sugarStyle_0</styleUrl><Polygon><outerBoundaryIs><LinearRing><coordinates>-97.28120000000001,49.845400000000005,0 -97.2716,49.845400000000005,0 -97.2716,49.8506,0 -97.28120000000001,49.8506,0 -97.28120000000001,49.845400000000005,0</coordinates></LinearRing></outerBoundaryIs></Polygon></Placemark>
      <Placemark><name>Patch (17,15)</name><styleUrl>#sugarStyle_0</styleUrl><Polygon><outerBoundaryIs><LinearRing><coordinates>-97.2716,49.845400000000005,0 -97.262,49.845400000000005,0 -97.262,49.8506,0 -97.2716,49.8506,0 -97.2716,49.845400000000005,0</coordinates></LinearRing></outerBoundaryIs></Polygon></Placemark>
      <Placemark><name>Patch (18,15)</name><styleUrl>#sugarStyle_0</styleUrl><Polygon><outerBoundaryIs><LinearRing><coordinates>-97.262,49.845400000000005,0 -97.25240000000001,49.845400000000005,0 -97.25240000000001,49.8506,0 -97.262,49.8506,0 -97.262,49.845400000000005,0</coordinates></LinearRing></outerBoundaryIs></Polygon></Placemark>
      <Placemark><name>Patch (19,15)</name><styleUrl>#sugarStyle_0</styleUrl><Polygon><outerBoundaryIs><LinearRing><coordinates>-97.25240000000001,49.845400000000005,0 -97.2428,49.845400000000005,0 -97.2428,49.8506,0 -97.25240000000001,49.8506,0 -97.25240000000001,49.845400000000005,0</coordinates></LinearRing></outerBoundaryIs></Polygon></Placemark>
      <Placemark><name>Patch (20,15)</name><styleUrl>#sugarStyle_0</styleUrl><Polygon><outerBoundaryIs><LinearRing><coordinates>-97.2428,49.845400000000005,0 -97.23320000000001,49.845400000000005,0 -97.23320000000001,49.8506,0 -97.2428,49.8506,0 -97.2428,49.845400000000005,0</coordinates></LinearRing></outerBoundaryIs></Polygon></Placemark>
      <Placemark><name>Patch (21,15)</name><styleUrl>#sugarStyle_0</styleUrl><Polygon><outerBoundaryIs><LinearRing><coordinates>-97.23320000000001,49.845400000000005,0 -97.2236,49.845400000000005,0 -97.2236,49.8506,0 -97.23320000000001,49.8506,0 -97.23320000000001,49.845400000000005,0</coordinates></LinearRing></outerBoundaryIs></Polygon></Placemark>
      <Placemark><name>Patch (22,15)</name><styleUrl>#sugarStyle_1</styleUrl><Polygon><outerBoundaryIs><LinearRing><coordinates>-97.2236,49.845400000000005,0 -97.214,49.845400000000005,0 -97.214,49.8506,0 -97.2236,49.8506,0 -97.2236,49.845400000000005,0</coordinates></LinearRing></outerBoundaryIs></Polygon></Placemark>
      <Placemark><name>Patch (23,15)</name><styleUrl>#sugarStyle_0</styleUrl><Polygon><outerBoundaryIs><LinearRing><coordinates>-97.214,49.845400000000005,0 -97.2044,49.845400000000005,0 -97.2044,49.8506,0 -97.214,49.8506,0 -97.214,49.845400000000005,0</coordinates></LinearRing></outerBoundaryIs></Polygon></Placemark>
      <Placemark><name>Patch (24,15)</name><styleUrl>#sugarStyle_1</styleUrl><Polygon><outerBoundaryIs><LinearRing><coordinates>-97.2044,49.845400000000005,0 -97.1948,49.845400000000005,0 -97.1948,49.8506,0 -97.2044,49.8506,0 -97.2044,49.845400000000005,0</coordinates></LinearRing></outerBoundaryIs></Polygon></Placemark>
      <Placemark><name>Patch (25,15)</name><styleUrl>#sugarStyle_1</styleUrl><Polygon><outerBoundaryIs><LinearRing><coordinates>-97.1948,49.845400000000005,0 -97.18520000000001,49.845400000000005,0 -97.18520000000001,49.8506,0 -97.1948,49.8506,0 -97.1948,49.845400000000005,0</coordinates></LinearRing></outerBoundaryIs></Polygon></Placemark>
      <Placemark><name>Patch (26,15)</name><styleUrl>#sugarStyle_2</styleUrl><Polygon><outerBoundaryIs><LinearRing><coordinates>-97.18520000000001,49.845400000000005,0 -97.1756,49.845400000000005,0 -97.1756,49.8506,0 -97.18520000000001,49.8506,0 -97.18520000000001,49.845400000000005,0</coordinates></LinearRing></outerBoundaryIs></Polygon></Placemark>
      <Placemark><name>Patch (27,15)</name><styleUrl>#sugarStyle_2</styleUrl><Polygon><outerBoundaryIs><LinearRing><coordinates>-97.1756,49.845400000000005,0 -97.16600000000001,49.845400000000005,0 -97.16600000000001,49.8506,0 -97.1756,49.8506,0 -97.1756,49.845400000000005,0</coordinates></LinearRing></outerBoundaryIs></Polygon></Placemark>
      <Placemark><name>Patch (28,15)</name><styleUrl>#sugarStyle_0</styleUrl><Polygon><outerBoundaryIs><LinearRing><coordinates>-97.16600000000001,49.845400000000005,0 -97.1564,49.845400000000005,0 -97.1564,49.8506,0 -97.16600000000001,49.8506,0 -97.16600000000001,49.845400000000005,0</coordinates></LinearRing></outerBoundaryIs></Polygon></Placemark>
      <Placemark><name>Patch (29,15)</name><styleUrl>#sugarStyle_2</styleUrl><Polygon><outerBoundaryIs><LinearRing><coordinates>-97.1564,49.845400000000005,0 -97.1468,49.845400000000005,0 -97.1468,49.8506,0 -97.1564,49.8506,0 -97.1564,49.845400000000005,0</coordinates></LinearRing></outerBoundaryIs></Polygon></Placemark>
      <Placemark><name>Patch (30,15)</name><styleUrl>#sugarStyle_2</styleUrl><Polygon><outerBoundaryIs><LinearRing><coordinates>-97.1468,49.845400000000005,0 -97.1372,49.845400000000005,0 -97.1372,49.8506,0 -97.1468,49.8506,0 -97.1468,49.845400000000005,0</coordinates></LinearRing></outerBoundaryIs></Polygon></Placemark>
      <Placemark><name>Patch (31,15)</name><styleUrl>#sugarStyle_2</styleUrl><Polygon><outerBoundaryIs><LinearRing><coordinates>-97.1372,49.845400000000005,0 -97.1276,49.845400000000005,0 -97.1276,49.8506,0 -97.1372,49.8506,0 -97.1372,49.845400000000005,0</coordinates></LinearRing></outerBoundaryIs></Polygon></Placemark>
      <Placemark><name>Patch (32,15)</name><styleUrl>#sugarStyle_2</styleUrl><Polygon><outerBoundaryIs><LinearRing><coordinates>-97.1276,49.845400000000005,0 -97.11800000000001,49.845400000000005,0 -97.11800000000001,49.8506,0 -97.1276,49.8506,0 -97.1276,49.845400000000005,0</coordinates></LinearRing></outerBoundaryIs></Polygon></Placemark>
      <Placemark><name>Patch (33,15)</name><styleUrl>#sugarStyle_2</styleUrl><Polygon><outerBoundaryIs><LinearRing><coordinates>-97.11800000000001,49.845400000000005,0 -97.1084,49.845400000000005,0 -97.1084,49.8506,0 -97.11800000000001,49.8506,0 -97.11800000000001,49.845400000000005,0</coordinates></LinearRing></outerBoundaryIs></Polygon></Placemark>
      <Placemark><name>Patch (34,15)</name><styleUrl>#sugarStyle_2</styleUrl><Polygon><outerBoundaryIs><LinearRing><coordinates>-97.1084,49.845400000000005,0 -97.0988,49.845400000000005,0 -97.0988,49.8506,0 -97.1084,49.8506,0 -97.1084,49.845400000000005,0</coordinates></LinearRing></outerBoundaryIs></Polygon></Placemark>
      <Placemark><name>Patch (35,15)</name><styleUrl>#sugarStyle_2</styleUrl><Polygon><outerBoundaryIs><LinearRing><coordinates>-97.0988,49.845400000000005,0 -97.0892,49.845400000000005,0 -97.0892,49.8506,0 -97.0988,49.8506,0 -97.0988,49.845400000000005,0</coordinates></LinearRing></outerBoundaryIs></Polygon></Placemark>
      <Placemark><name>Patch (36,15)</name><styleUrl>#sugarStyle_2</styleUrl><Polygon><outerBoundaryIs><LinearRing><coordinates>-97.0892,49.845400000000005,0 -97.0796,49.845400000000005,0 -97.0796,49.8506,0 -97.0892,49.8506,0 -97.0892,49.845400000000005,0</coordinates></LinearRing></outerBoundaryIs></Polygon></Placemark>
      <Placemark><name>Patch (37,15)</name><styleUrl>#sugarStyle_1</styleUrl><Polygon><outerBoundaryIs><LinearRing><coordinates>-97.0796,49.845400000000005,0 -97.07000000000001,49.845400000000005,0 -97.07000000000001,49.8506,0 -97.0796,49.8506,0 -97.0796,49.845400000000005,0</coordinates></LinearRing></outerBoundaryIs></Polygon></Placemark>
      <Placemark><name>Patch (38,15)</name><styleUrl>#sugarStyle_1</styleUrl><Polygon><outerBoundaryIs><LinearRing><coordinates>-97.07000000000001,49.845400000000005,0 -97.0604,49.845400000000005,0 -97.0604,49.8506,0 -97.07000000000001,49.8506,0 -97.07000000000001,49.845400000000005,0</coordinates></LinearRing></outerBoundaryIs></Polygon></Placemark>
      <Placemark><name>Patch (39,15)</name><styleUrl>#sugarStyle_0</styleUrl><Polygon><outerBoundaryIs><LinearRing><coordinates>-97.0604,49.845400000000005,0 -97.05080000000001,49.845400000000005,0 -97.05080000000001,49.8506,0 -97.0604,49.8506,0 -97.0604,49.845400000000005,0</coordinates></LinearRing></outerBoundaryIs></Polygon></Placemark>
      <Placemark><name>Patch (40,15)</name><styleUrl>#sugarStyle_1</styleUrl><Polygon><outerBoundaryIs><LinearRing><coordinates>-97.05080000000001,49.845400000000005,0 -97.0412,49.845400000000005,0 -97.0412,49.8506,0 -97.05080000000001,49.8506,0 -97.05080000000001,49.845400000000005,0</coordinates></LinearRing></outerBoundaryIs></Polygon></Placemark>
      <Placemark><name>Patch (41,15)</name><styleUrl>#sugarStyle_1</styleUrl><Polygon><outerBoundaryIs><LinearRing><coordinates>-97.0412,49.845400000000005,0 -97.0316,49.845400000000005,0 -97.0316,49.8506,0 -97.0412,49.8506,0 -97.0412,49.845400000000005,0</coordinates></LinearRing></outerBoundaryIs></Polygon></Placemark>
      <Placemark><name>Patch (42,15)</name><styleUrl>#sugarStyle_0</styleUrl><Polygon><outerBoundaryIs><LinearRing><coordinates>-97.0316,49.845400000000005,0 -97.022,49.845400000000005,0 -97.022,49.8506,0 -97.0316,49.8506,0 -97.0316,49.845400000000005,0</coordinates></LinearRing></outerBoundaryIs></Polygon></Placemark>
      <Placemark><name>Patch (43,15)</name><styleUrl>#sugarStyle_0</styleUrl><Polygon><outerBoundaryIs><LinearRing><coordinates>-97.022,49.845400000000005,0 -97.0124,49.845400000000005,0 -97.0124,49.8506,0 -97.022,49.8506,0 -97.022,49.845400000000005,0</coordinates></LinearRing></outerBoundaryIs></Polygon></Placemark>
      <Placemark><name>Patch (44,15)</name><styleUrl>#sugarStyle_0</styleUrl><Polygon><outerBoundaryIs><LinearRing><coordinates>-97.0124,49.845400000000005,0 -97.00280000000001,49.845400000000005,0 -97.00280000000001,49.8506,0 -97.0124,49.8506,0 -97.0124,49.845400000000005,0</coordinates></LinearRing></outerBoundaryIs></Polygon></Placemark>
      <Placemark><name>Patch (45,15)</name><styleUrl>#sugarStyle_0</styleUrl><Polygon><outerBoundaryIs><LinearRing><coordinates>-97.00280000000001,49.845400000000005,0 -96.9932,49.845400000000005,0 -96.9932,49.8506,0 -97.00280000000001,49.8506,0 -97.00280000000001,49.845400000000005,0</coordinates></LinearRing></outerBoundaryIs></Polygon></Placemark>
      <Placemark><name>Patch (46,15)</name><styleUrl>#sugarStyle_0</styleUrl><Polygon><outerBoundaryIs><LinearRing><coordinates>-96.9932,49.845400000000005,0 -96.98360000000001,49.845400000000005,0 -96.98360000000001,49.8506,0 -96.9932,49.8506,0 -96.9932,49.845400000000005,0</coordinates></LinearRing></outerBoundaryIs></Polygon></Placemark>
      <Placemark><name>Patch (47,15)</name><styleUrl>#sugarStyle_0</styleUrl><Polygon><outerBoundaryIs><LinearRing><coordinates>-96.98360000000001,49.845400000000005,0 -96.974,49.845400000000005,0 -96.974,49.8506,0 -96.98360000000001,49.8506,0 -96.98360000000001,49.845400000000005,0</coordinates></LinearRing></outerBoundaryIs></Polygon></Placemark>
      <Placemark><name>Patch (48,15)</name><styleUrl>#sugarStyle_0</styleUrl><Polygon><outerBoundaryIs><LinearRing><coordinates>-96.974,49.845400000000005,0 -96.9644,49.845400000000005,0 -96.9644,49.8506,0 -96.974,49.8506,0 -96.974,49.845400000000005,0</coordinates></LinearRing></outerBoundaryIs></Polygon></Placemark>
      <Placemark><name>Patch (49,15)</name><styleUrl>#sugarStyle_0</styleUrl><Polygon><outerBoundaryIs><LinearRing><coordinates>-96.9644,49.845400000000005,0 -96.9548,49.845400000000005,0 -96.9548,49.8506,0 -96.9644,49.8506,0 -96.9644,49.845400000000005,0</coordinates></LinearRing></outerBoundaryIs></Polygon></Placemark>
      <Placemark><name>Patch (50,15)</name><styleUrl>#sugarStyle_0</styleUrl><Polygon><outerBoundaryIs><LinearRing><coordinates>-96.9548,49.845400000000005,0 -96.9452,49.845400000000005,0 -96.9452,49.8506,0 -96.9548,49.8506,0 -96.9548,49.845400000000005,0</coordinates></LinearRing></outerBoundaryIs></Polygon></Placemark>
      <Placemark><name>Patch (0,16)</name><styleUrl>#sugarStyle_0</styleUrl><Polygon><outerBoundaryIs><LinearRing><coordinates>-97.43480000000001,49.8506,0 -97.4252,49.8506,0 -97.4252,49.8558,0 -97.43480000000001,49.8558,0 -97.43480000000001,49.8506,0</coordinates></LinearRing></outerBoundaryIs></Polygon></Placemark>
      <Placemark><name>Patch (1,16)</name><styleUrl>#sugarStyle_0</styleUrl><Polygon><outerBoundaryIs><LinearRing><coordinates>-97.4252,49.8506,0 -97.41560000000001,49.8506,0 -97.41560000000001,49.8558,0 -97.4252,49.8558,0 -97.4252,49.8506,0</coordinates></LinearRing></outerBoundaryIs></Polygon></Placemark>
      <Placemark><name>Patch (2,16)</name><styleUrl>#sugarStyle_0</styleUrl><Polygon><outerBoundaryIs><LinearRing><coordinates>-97.41560000000001,49.8506,0 -97.406,49.8506,0 -97.406,49.8558,0 -97.41560000000001,49.8558,0 -97.41560000000001,49.8506,0</coordinates></LinearRing></outerBoundaryIs></Polygon></Placemark>
      <Placemark><name>Patch (3,16)</name><styleUrl>#sugarStyle_0</styleUrl><Polygon><outerBoundaryIs><LinearRing><coordinates>-97.406,49.8506,0 -97.3964,49.8506,0 -97.3964,49.8558,0 -97.406,49.8558,0 -97.406,49.8506,0</coordinates></LinearRing></outerBoundaryIs></Polygon></Placemark>
      <Placemark><name>Patch (4,16)</name><styleUrl>#sugarStyle_0</styleUrl><Polygon><outerBoundaryIs><LinearRing><coordinates>-97.3964,49.8506,0 -97.38680000000001,49.8506,0 -97.38680000000001,49.8558,0 -97.3964,49.8558,0 -97.3964,49.8506,0</coordinates></LinearRing></outerBoundaryIs></Polygon></Placemark>
      <Placemark><name>Patch (5,16)</name><styleUrl>#sugarStyle_0</styleUrl><Polygon><outerBoundaryIs><LinearRing><coordinates>-97.38680000000001,49.8506,0 -97.3772,49.8506,0 -97.3772,49.8558,0 -97.38680000000001,49.8558,0 -97.38680000000001,49.8506,0</coordinates></LinearRing></outerBoundaryIs></Polygon></Placemark>
      <Placemark><name>Patch (6,16)</name><styleUrl>#sugarStyle_0</styleUrl><Polygon><outerBoundaryIs><LinearRing><coordinates>-97.3772,49.8506,0 -97.36760000000001,49.8506,0 -97.36760000000001,49.8558,0 -97.3772,49.8558,0 -97.3772,49.8506,0</coordinates></LinearRing></outerBoundaryIs></Polygon></Placemark>
      <Placemark><name>Patch (7,16)</name><styleUrl>#sugarStyle_0</styleUrl><Polygon><outerBoundaryIs><LinearRing><coordinates>-97.36760000000001,49.8506,0 -97.358,49.8506,0 -97.358,49.8558,0 -97.36760000000001,49.8558,0 -97.36760000000001,49.8506,0</coordinates></LinearRing></outerBoundaryIs></Polygon></Placemark>
      <Placemark><name>Patch (8,16)</name><styleUrl>#sugarStyle_0</styleUrl><Polygon><outerBoundaryIs><LinearRing><coordinates>-97.358,49.8506,0 -97.34840000000001,49.8506,0 -97.34840000000001,49.8558,0 -97.358,49.8558,0 -97.358,49.8506,0</coordinates></LinearRing></outerBoundaryIs></Polygon></Placemark>
      <Placemark><name>Patch (9,16)</name><styleUrl>#sugarStyle_0</styleUrl><Polygon><outerBoundaryIs><LinearRing><coordinates>-97.34840000000001,49.8506,0 -97.3388,49.8506,0 -97.3388,49.8558,0 -97.34840000000001,49.8558,0 -97.34840000000001,49.8506,0</coordinates></LinearRing></outerBoundaryIs></Polygon></Placemark>
      <Placemark><name>Patch (10,16)</name><styleUrl>#sugarStyle_0</styleUrl><Polygon><outerBoundaryIs><LinearRing><coordinates>-97.3388,49.8506,0 -97.3292,49.8506,0 -97.3292,49.8558,0 -97.3388,49.8558,0 -97.3388,49.8506,0</coordinates></LinearRing></outerBoundaryIs></Polygon></Placemark>
      <Placemark><name>Patch (11,16)</name><styleUrl>#sugarStyle_0</styleUrl><Polygon><outerBoundaryIs><LinearRing><coordinates>-97.3292,49.8506,0 -97.31960000000001,49.8506,0 -97.31960000000001,49.8558,0 -97.3292,49.8558,0 -97.3292,49.8506,0</coordinates></LinearRing></outerBoundaryIs></Polygon></Placemark>
      <Placemark><name>Patch (12,16)</name><styleUrl>#sugarStyle_0</styleUrl><Polygon><outerBoundaryIs><LinearRing><coordinates>-97.31960000000001,49.8506,0 -97.31,49.8506,0 -97.31,49.8558,0 -97.31960000000001,49.8558,0 -97.31960000000001,49.8506,0</coordinates></LinearRing></outerBoundaryIs></Polygon></Placemark>
      <Placemark><name>Patch (13,16)</name><styleUrl>#sugarStyle_0</styleUrl><Polygon><outerBoundaryIs><LinearRing><coordinates>-97.31,49.8506,0 -97.30040000000001,49.8506,0 -97.30040000000001,49.8558,0 -97.31,49.8558,0 -97.31,49.8506,0</coordinates></LinearRing></outerBoundaryIs></Polygon></Placemark>
      <Placemark><name>Patch (14,16)</name><styleUrl>#sugarStyle_0</styleUrl><Polygon><outerBoundaryIs><LinearRing><coordinates>-97.30040000000001,49.8506,0 -97.2908,49.8506,0 -97.2908,49.8558,0 -97.30040000000001,49.8558,0 -97.30040000000001,49.8506,0</coordinates></LinearRing></outerBoundaryIs></Polygon></Placemark>
      <Placemark><name>Patch (15,16)</name><styleUrl>#sugarStyle_0</styleUrl><Polygon><outerBoundaryIs><LinearRing><coordinates>-97.2908,49.8506,0 -97.28120000000001,49.8506,0 -97.28120000000001,49.8558,0 -97.2908,49.8558,0 -97.2908,49.8506,0</coordinates></LinearRing></outerBoundaryIs></Polygon></Placemark>
      <Placemark><name>Patch (16,16)</name><styleUrl>#sugarStyle_0</styleUrl><Polygon><outerBoundaryIs><LinearRing><coordinates>-97.28120000000001,49.8506,0 -97.2716,49.8506,0 -97.2716,49.8558,0 -97.28120000000001,49.8558,0 -97.28120000000001,49.8506,0</coordinates></LinearRing></outerBoundaryIs></Polygon></Placemark>
      <Placemark><name>Patch (17,16)</name><styleUrl>#sugarStyle_0</styleUrl><Polygon><outerBoundaryIs><LinearRing><coordinates>-97.2716,49.8506,0 -97.262,49.8506,0 -97.262,49.8558,0 -97.2716,49.8558,0 -97.2716,49.8506,0</coordinates></LinearRing></outerBoundaryIs></Polygon></Placemark>
      <Placemark><name>Patch (18,16)</name><styleUrl>#sugarStyle_0</styleUrl><Polygon><outerBoundaryIs><LinearRing><coordinates>-97.262,49.8506,0 -97.25240000000001,49.8506,0 -97.25240000000001,49.8558,0 -97.262,49.8558,0 -97.262,49.8506,0</coordinates></LinearRing></outerBoundaryIs></Polygon></Placemark>
      <Placemark><name>Patch (19,16)</name><styleUrl>#sugarStyle_0</styleUrl><Polygon><outerBoundaryIs><LinearRing><coordinates>-97.25240000000001,49.8506,0 -97.2428,49.8506,0 -97.2428,49.8558,0 -97.25240000000001,49.8558,0 -97.25240000000001,49.8506,0</coordinates></LinearRing></outerBoundaryIs></Polygon></Placemark>
      <Placemark><name>Patch (20,16)</name><styleUrl>#sugarStyle_1</styleUrl><Polygon><outerBoundaryIs><LinearRing><coordinates>-97.2428,49.8506,0 -97.23320000000001,49.8506,0 -97.23320000000001,49.8558,0 -97.2428,49.8558,0 -97.2428,49.8506,0</coordinates></LinearRing></outerBoundaryIs></Polygon></Placemark>
      <Placemark><name>Patch (21,16)</name><styleUrl>#sugarStyle_1</styleUrl><Polygon><outerBoundaryIs><LinearRing><coordinates>-97.23320000000001,49.8506,0 -97.2236,49.8506,0 -97.2236,49.8558,0 -97.23320000000001,49.8558,0 -97.23320000000001,49.8506,0</coordinates></LinearRing></outerBoundaryIs></Polygon></Placemark>
      <Placemark><name>Patch (22,16)</name><styleUrl>#sugarStyle_1</styleUrl><Polygon><outerBoundaryIs><LinearRing><coordinates>-97.2236,49.8506,0 -97.214,49.8506,0 -97.214,49.8558,0 -97.2236,49.8558,0 -97.2236,49.8506,0</coordinates></LinearRing></outerBoundaryIs></Polygon></Placemark>
      <Placemark><name>Patch (23,16)</name><styleUrl>#sugarStyle_1</styleUrl><Polygon><outerBoundaryIs><LinearRing><coordinates>-97.214,49.8506,0 -97.2044,49.8506,0 -97.2044,49.8558,0 -97.214,49.8558,0 -97.214,49.8506,0</coordinates></LinearRing></outerBoundaryIs></Polygon></Placemark>
      <Placemark><name>Patch (24,16)</name><styleUrl>#sugarStyle_1</styleUrl><Polygon><outerBoundaryIs><LinearRing><coordinates>-97.2044,49.8506,0 -97.1948,49.8506,0 -97.1948,49.8558,0 -97.2044,49.8558,0 -97.2044,49.8506,0</coordinates></LinearRing></outerBoundaryIs></Polygon></Placemark>
      <Placemark><name>Patch (25,16)</name><styleUrl>#sugarStyle_2</styleUrl><Polygon><outerBoundaryIs><LinearRing><coordinates>-97.1948,49.8506,0 -97.18520000000001,49.8506,0 -97.18520000000001,49.8558,0 -97.1948,49.8558,0 -97.1948,49.8506,0</coordinates></LinearRing></outerBoundaryIs></Polygon></Placemark>
      <Placemark><name>Patch (26,16)</name><styleUrl>#sugarStyle_2</styleUrl><Polygon><outerBoundaryIs><LinearRing><coordinates>-97.18520000000001,49.8506,0 -97.1756,49.8506,0 -97.1756,49.8558,0 -97.18520000000001,49.8558,0 -97.18520000000001,49.8506,0</coordinates></LinearRing></outerBoundaryIs></Polygon></Placemark>
      <Placemark><name>Patch (27,16)</name><styleUrl>#sugarStyle_0</styleUrl><Polygon><outerBoundaryIs><LinearRing><coordinates>-97.1756,49.8506,0 -97.16600000000001,49.8506,0 -97.16600000000001,49.8558,0 -97.1756,49.8558,0 -97.1756,49.8506,0</coordinates></LinearRing></outerBoundaryIs></Polygon></Placemark>
      <Placemark><name>Patch (28,16)</name><styleUrl>#sugarStyle_2</styleUrl><Polygon><outerBoundaryIs><LinearRing><coordinates>-97.16600000000001,49.8506,0 -97.1564,49.8506,0 -97.1564,49.8558,0 -97.16600000000001,49.8558,0 -97.16600000000001,49.8506,0</coordinates></LinearRing></outerBoundaryIs></Polygon></Placemark>
      <Placemark><name>Patch (29,16)</name><styleUrl>#sugarStyle_2</styleUrl><Polygon><outerBoundaryIs><LinearRing><coordinates>-97.1564,49.8506,0 -97.1468,49.8506,0 -97.1468,49.8558,0 -97.1564,49.8558,0 -97.1564,49.8506,0</coordinates></LinearRing></outerBoundaryIs></Polygon></Placemark>
      <Placemark><name>Patch (30,16)</name><styleUrl>#sugarStyle_2</styleUrl><Polygon><outerBoundaryIs><LinearRing><coordinates>-97.1468,49.8506,0 -97.1372,49.8506,0 -97.1372,49.8558,0 -97.1468,49.8558,0 -97.1468,49.8506,0</coordinates></LinearRing></outerBoundaryIs></Polygon></Placemark>
      <Placemark><name>Patch (31,16)</name><styleUrl>#sugarStyle_2</styleUrl><Polygon><outerBoundaryIs><LinearRing><coordinates>-97.1372,49.8506,0 -97.1276,49.8506,0 -97.1276,49.8558,0 -97.1372,49.8558,0 -97.1372,49.8506,0</coordinates></LinearRing></outerBoundaryIs></Polygon></Placemark>
      <Placemark><name>Patch (32,16)</name><styleUrl>#sugarStyle_2</styleUrl><Polygon><outerBoundaryIs><LinearRing><coordinates>-97.1276,49.8506,0 -97.11800000000001,49.8506,0 -97.11800000000001,49.8558,0 -97.1276,49.8558,0 -97.1276,49.8506,0</coordinates></LinearRing></outerBoundaryIs></Polygon></Placemark>
      <Placemark><name>Patch (33,16)</name><styleUrl>#sugarStyle_2</styleUrl><Polygon><outerBoundaryIs><LinearRing><coordinates>-97.11800000000001,49.8506,0 -97.1084,49.8506,0 -97.1084,49.8558,0 -97.11800000000001,49.8558,0 -97.11800000000001,49.8506,0</coordinates></LinearRing></outerBoundaryIs></Polygon></Placemark>
      <Placemark><name>Patch (34,16)</name><styleUrl>#sugarStyle_2</styleUrl><Polygon><outerBoundaryIs><LinearRing><coordinates>-97.1084,49.8506,0 -97.0988,49.8506,0 -97.0988,49.8558,0 -97.1084,49.8558,0 -97.1084,49.8506,0</coordinates></LinearRing></outerBoundaryIs></Polygon></Placemark>
      <Placemark><name>Patch (35,16)</name><styleUrl>#sugarStyle_2</styleUrl><Polygon><outerBoundaryIs><LinearRing><coordinates>-97.0988,49.8506,0 -97.0892,49.8506,0 -97.0892,49.8558,0 -97.0988,49.8558,0 -97.0988,49.8506,0</coordinates></LinearRing></outerBoundaryIs></Polygon></Placemark>
      <Placemark><name>Patch (36,16)</name><styleUrl>#sugarStyle_2</styleUrl><Polygon><outerBoundaryIs><LinearRing><coordinates>-97.0892,49.8506,0 -97.0796,49.8506,0 -97.0796,49.8558,0 -97.0892,49.8558,0 -97.0892,49.8506,0</coordinates></LinearRing></outerBoundaryIs></Polygon></Placemark>
      <Placemark><name>Patch (37,16)</name><styleUrl>#sugarStyle_2</styleUrl><Polygon><outerBoundaryIs><LinearRing><coordinates>-97.0796,49.8506,0 -97.07000000000001,49.8506,0 -97.07000000000001,49.8558,0 -97.0796,49.8558,0 -97.0796,49.8506,0</coordinates></LinearRing></outerBoundaryIs></Polygon></Placemark>
      <Placemark><name>Patch (38,16)</name><styleUrl>#sugarStyle_1</styleUrl><Polygon><outerBoundaryIs><LinearRing><coordinates>-97.07000000000001,49.8506,0 -97.0604,49.8506,0 -97.0604,49.8558,0 -97.07000000000001,49.8558,0 -97.07000000000001,49.8506,0</coordinates></LinearRing></outerBoundaryIs></Polygon></Placemark>
      <Placemark><name>Patch (39,16)</name><styleUrl>#sugarStyle_1</styleUrl><Polygon><outerBoundaryIs><LinearRing><coordinates>-97.0604,49.8506,0 -97.05080000000001,49.8506,0 -97.05080000000001,49.8558,0 -97.0604,49.8558,0 -97.0604,49.8506,0</coordinates></LinearRing></outerBoundaryIs></Polygon></Placemark>
      <Placemark><name>Patch (40,16)</name><styleUrl>#sugarStyle_1</styleUrl><Polygon><outerBoundaryIs><LinearRing><coordinates>-97.05080000000001,49.8506,0 -97.0412,49.8506,0 -97.0412,49.8558,0 -97.05080000000001,49.8558,0 -97.05080000000001,49.8506,0</coordinates></LinearRing></outerBoundaryIs></Polygon></Placemark>
      <Placemark><name>Patch (41,16)</name><styleUrl>#sugarStyle_1</styleUrl><Polygon><outerBoundaryIs><LinearRing><coordinates>-97.0412,49.8506,0 -97.0316,49.8506,0 -97.0316,49.8558,0 -97.0412,49.8558,0 -97.0412,49.8506,0</coordinates></LinearRing></outerBoundaryIs></Polygon></Placemark>
      <Placemark><name>Patch (42,16)</name><styleUrl>#sugarStyle_1</styleUrl><Polygon><outerBoundaryIs><LinearRing><coordinates>-97.0316,49.8506,0 -97.022,49.8506,0 -97.022,49.8558,0 -97.0316,49.8558,0 -97.0316,49.8506,0</coordinates></LinearRing></outerBoundaryIs></Polygon></Placemark>
      <Placemark><name>Patch (43,16)</name><styleUrl>#sugarStyle_0</styleUrl><Polygon><outerBoundaryIs><LinearRing><coordinates>-97.022,49.8506,0 -97.0124,49.8506,0 -97.0124,49.8558,0 -97.022,49.8558,0 -97.022,49.8506,0</coordinates></LinearRing></outerBoundaryIs></Polygon></Placemark>
      <Placemark><name>Patch (44,16)</name><styleUrl>#sugarStyle_0</styleUrl><Polygon><outerBoundaryIs><LinearRing><coordinates>-97.0124,49.8506,0 -97.00280000000001,49.8506,0 -97.00280000000001,49.8558,0 -97.0124,49.8558,0 -97.0124,49.8506,0</coordinates></LinearRing></outerBoundaryIs></Polygon></Placemark>
      <Placemark><name>Patch (45,16)</name><styleUrl>#sugarStyle_0</styleUrl><Polygon><outerBoundaryIs><LinearRing><coordinates>-97.00280000000001,49.8506,0 -96.9932,49.8506,0 -96.9932,49.8558,0 -97.00280000000001,49.8558,0 -97.00280000000001,49.8506,0</coordinates></LinearRing></outerBoundaryIs></Polygon></Placemark>
      <Placemark><name>Patch (46,16)</name><styleUrl>#sugarStyle_0</styleUrl><Polygon><outerBoundaryIs><LinearRing><coordinates>-96.9932,49.8506,0 -96.98360000000001,49.8506,0 -96.98360000000001,49.8558,0 -96.9932,49.8558,0 -96.9932,49.8506,0</coordinates></LinearRing></outerBoundaryIs></Polygon></Placemark>
      <Placemark><name>Patch (47,16)</name><styleUrl>#sugarStyle_0</styleUrl><Polygon><outerBoundaryIs><LinearRing><coordinates>-96.98360000000001,49.8506,0 -96.974,49.8506,0 -96.974,49.8558,0 -96.98360000000001,49.8558,0 -96.98360000000001,49.8506,0</coordinates></LinearRing></outerBoundaryIs></Polygon></Placemark>
      <Placemark><name>Patch (48,16)</name><styleUrl>#sugarStyle_0</styleUrl><Polygon><outerBoundaryIs><LinearRing><coordinates>-96.974,49.8506,0 -96.9644,49.8506,0 -96.9644,49.8558,0 -96.974,49.8558,0 -96.974,49.8506,0</coordinates></LinearRing></outerBoundaryIs></Polygon></Placemark>
      <Placemark><name>Patch (49,16)</name><styleUrl>#sugarStyle_0</styleUrl><Polygon><outerBoundaryIs><LinearRing><coordinates>-96.9644,49.8506,0 -96.9548,49.8506,0 -96.9548,49.8558,0 -96.9644,49.8558,0 -96.9644,49.8506,0</coordinates></LinearRing></outerBoundaryIs></Polygon></Placemark>
      <Placemark><name>Patch (50,16)</name><styleUrl>#sugarStyle_0</styleUrl><Polygon><outerBoundaryIs><LinearRing><coordinates>-96.9548,49.8506,0 -96.9452,49.8506,0 -96.9452,49.8558,0 -96.9548,49.8558,0 -96.9548,49.8506,0</coordinates></LinearRing></outerBoundaryIs></Polygon></Placemark>
      <Placemark><name>Patch (0,17)</name><styleUrl>#sugarStyle_0</styleUrl><Polygon><outerBoundaryIs><LinearRing><coordinates>-97.43480000000001,49.8558,0 -97.4252,49.8558,0 -97.4252,49.861000000000004,0 -97.43480000000001,49.861000000000004,0 -97.43480000000001,49.8558,0</coordinates></LinearRing></outerBoundaryIs></Polygon></Placemark>
      <Placemark><name>Patch (1,17)</name><styleUrl>#sugarStyle_0</styleUrl><Polygon><outerBoundaryIs><LinearRing><coordinates>-97.4252,49.8558,0 -97.41560000000001,49.8558,0 -97.41560000000001,49.861000000000004,0 -97.4252,49.861000000000004,0 -97.4252,49.8558,0</coordinates></LinearRing></outerBoundaryIs></Polygon></Placemark>
      <Placemark><name>Patch (2,17)</name><styleUrl>#sugarStyle_0</styleUrl><Polygon><outerBoundaryIs><LinearRing><coordinates>-97.41560000000001,49.8558,0 -97.406,49.8558,0 -97.406,49.861000000000004,0 -97.41560000000001,49.861000000000004,0 -97.41560000000001,49.8558,0</coordinates></LinearRing></outerBoundaryIs></Polygon></Placemark>
      <Placemark><name>Patch (3,17)</name><styleUrl>#sugarStyle_0</styleUrl><Polygon><outerBoundaryIs><LinearRing><coordinates>-97.406,49.8558,0 -97.3964,49.8558,0 -97.3964,49.861000000000004,0 -97.406,49.861000000000004,0 -97.406,49.8558,0</coordinates></LinearRing></outerBoundaryIs></Polygon></Placemark>
      <Placemark><name>Patch (4,17)</name><styleUrl>#sugarStyle_0</styleUrl><Polygon><outerBoundaryIs><LinearRing><coordinates>-97.3964,49.8558,0 -97.38680000000001,49.8558,0 -97.38680000000001,49.861000000000004,0 -97.3964,49.861000000000004,0 -97.3964,49.8558,0</coordinates></LinearRing></outerBoundaryIs></Polygon></Placemark>
      <Placemark><name>Patch (5,17)</name><styleUrl>#sugarStyle_0</styleUrl><Polygon><outerBoundaryIs><LinearRing><coordinates>-97.38680000000001,49.8558,0 -97.3772,49.8558,0 -97.3772,49.861000000000004,0 -97.38680000000001,49.861000000000004,0 -97.38680000000001,49.8558,0</coordinates></LinearRing></outerBoundaryIs></Polygon></Placemark>
      <Placemark><name>Patch (6,17)</name><styleUrl>#sugarStyle_0</styleUrl><Polygon><outerBoundaryIs><LinearRing><coordinates>-97.3772,49.8558,0 -97.36760000000001,49.8558,0 -97.36760000000001,49.861000000000004,0 -97.3772,49.861000000000004,0 -97.3772,49.8558,0</coordinates></LinearRing></outerBoundaryIs></Polygon></Placemark>
      <Placemark><name>Patch (7,17)</name><styleUrl>#sugarStyle_0</styleUrl><Polygon><outerBoundaryIs><LinearRing><coordinates>-97.36760000000001,49.8558,0 -97.358,49.8558,0 -97.358,49.861000000000004,0 -97.36760000000001,49.861000000000004,0 -97.36760000000001,49.8558,0</coordinates></LinearRing></outerBoundaryIs></Polygon></Placemark>
      <Placemark><name>Patch (8,17)</name><styleUrl>#sugarStyle_0</styleUrl><Polygon><outerBoundaryIs><LinearRing><coordinates>-97.358,49.8558,0 -97.34840000000001,49.8558,0 -97.34840000000001,49.861000000000004,0 -97.358,49.861000000000004,0 -97.358,49.8558,0</coordinates></LinearRing></outerBoundaryIs></Polygon></Placemark>
      <Placemark><name>Patch (9,17)</name><styleUrl>#sugarStyle_0</styleUrl><Polygon><outerBoundaryIs><LinearRing><coordinates>-97.34840000000001,49.8558,0 -97.3388,49.8558,0 -97.3388,49.861000000000004,0 -97.34840000000001,49.861000000000004,0 -97.34840000000001,49.8558,0</coordinates></LinearRing></outerBoundaryIs></Polygon></Placemark>
      <Placemark><name>Patch (10,17)</name><styleUrl>#sugarStyle_0</styleUrl><Polygon><outerBoundaryIs><LinearRing><coordinates>-97.3388,49.8558,0 -97.3292,49.8558,0 -97.3292,49.861000000000004,0 -97.3388,49.861000000000004,0 -97.3388,49.8558,0</coordinates></LinearRing></outerBoundaryIs></Polygon></Placemark>
      <Placemark><name>Patch (11,17)</name><styleUrl>#sugarStyle_0</styleUrl><Polygon><outerBoundaryIs><LinearRing><coordinates>-97.3292,49.8558,0 -97.31960000000001,49.8558,0 -97.31960000000001,49.861000000000004,0 -97.3292,49.861000000000004,0 -97.3292,49.8558,0</coordinates></LinearRing></outerBoundaryIs></Polygon></Placemark>
      <Placemark><name>Patch (12,17)</name><styleUrl>#sugarStyle_0</styleUrl><Polygon><outerBoundaryIs><LinearRing><coordinates>-97.31960000000001,49.8558,0 -97.31,49.8558,0 -97.31,49.861000000000004,0 -97.31960000000001,49.861000000000004,0 -97.31960000000001,49.8558,0</coordinates></LinearRing></outerBoundaryIs></Polygon></Placemark>
      <Placemark><name>Patch (13,17)</name><styleUrl>#sugarStyle_0</styleUrl><Polygon><outerBoundaryIs><LinearRing><coordinates>-97.31,49.8558,0 -97.30040000000001,49.8558,0 -97.30040000000001,49.861000000000004,0 -97.31,49.861000000000004,0 -97.31,49.8558,0</coordinates></LinearRing></outerBoundaryIs></Polygon></Placemark>
      <Placemark><name>Patch (14,17)</name><styleUrl>#sugarStyle_0</styleUrl><Polygon><outerBoundaryIs><LinearRing><coordinates>-97.30040000000001,49.8558,0 -97.2908,49.8558,0 -97.2908,49.861000000000004,0 -97.30040000000001,49.861000000000004,0 -97.30040000000001,49.8558,0</coordinates></LinearRing></outerBoundaryIs></Polygon></Placemark>
      <Placemark><name>Patch (15,17)</name><styleUrl>#sugarStyle_0</styleUrl><Polygon><outerBoundaryIs><LinearRing><coordinates>-97.2908,49.8558,0 -97.28120000000001,49.8558,0 -97.28120000000001,49.861000000000004,0 -97.2908,49.861000000000004,0 -97.2908,49.8558,0</coordinates></LinearRing></outerBoundaryIs></Polygon></Placemark>
      <Placemark><name>Patch (16,17)</name><styleUrl>#sugarStyle_0</styleUrl><Polygon><outerBoundaryIs><LinearRing><coordinates>-97.28120000000001,49.8558,0 -97.2716,49.8558,0 -97.2716,49.861000000000004,0 -97.28120000000001,49.861000000000004,0 -97.28120000000001,49.8558,0</coordinates></LinearRing></outerBoundaryIs></Polygon></Placemark>
      <Placemark><name>Patch (17,17)</name><styleUrl>#sugarStyle_0</styleUrl><Polygon><outerBoundaryIs><LinearRing><coordinates>-97.2716,49.8558,0 -97.262,49.8558,0 -97.262,49.861000000000004,0 -97.2716,49.861000000000004,0 -97.2716,49.8558,0</coordinates></LinearRing></outerBoundaryIs></Polygon></Placemark>
      <Placemark><name>Patch (18,17)</name><styleUrl>#sugarStyle_0</styleUrl><Polygon><outerBoundaryIs><LinearRing><coordinates>-97.262,49.8558,0 -97.25240000000001,49.8558,0 -97.25240000000001,49.861000000000004,0 -97.262,49.861000000000004,0 -97.262,49.8558,0</coordinates></LinearRing></outerBoundaryIs></Polygon></Placemark>
      <Placemark><name>Patch (19,17)</name><styleUrl>#sugarStyle_0</styleUrl><Polygon><outerBoundaryIs><LinearRing><coordinates>-97.25240000000001,49.8558,0 -97.2428,49.8558,0 -97.2428,49.861000000000004,0 -97.25240000000001,49.861000000000004,0 -97.25240000000001,49.8558,0</coordinates></LinearRing></outerBoundaryIs></Polygon></Placemark>
      <Placemark><name>Patch (20,17)</name><styleUrl>#sugarStyle_1</styleUrl><Polygon><outerBoundaryIs><LinearRing><coordinates>-97.2428,49.8558,0 -97.23320000000001,49.8558,0 -97.23320000000001,49.861000000000004,0 -97.2428,49.861000000000004,0 -97.2428,49.8558,0</coordinates></LinearRing></outerBoundaryIs></Polygon></Placemark>
      <Placemark><name>Patch (21,17)</name><styleUrl>#sugarStyle_1</styleUrl><Polygon><outerBoundaryIs><LinearRing><coordinates>-97.23320000000001,49.8558,0 -97.2236,49.8558,0 -97.2236,49.861000000000004,0 -97.23320000000001,49.861000000000004,0 -97.23320000000001,49.8558,0</coordinates></LinearRing></outerBoundaryIs></Polygon></Placemark>
      <Placemark><name>Patch (22,17)</name><styleUrl>#sugarStyle_0</styleUrl><Polygon><outerBoundaryIs><LinearRing><coordinates>-97.2236,49.8558,0 -97.214,49.8558,0 -97.214,49.861000000000004,0 -97.2236,49.861000000000004,0 -97.2236,49.8558,0</coordinates></LinearRing></outerBoundaryIs></Polygon></Placemark>
      <Placemark><name>Patch (23,17)</name><styleUrl>#sugarStyle_1</styleUrl><Polygon><outerBoundaryIs><LinearRing><coordinates>-97.214,49.8558,0 -97.2044,49.8558,0 -97.2044,49.861000000000004,0 -97.214,49.861000000000004,0 -97.214,49.8558,0</coordinates></LinearRing></outerBoundaryIs></Polygon></Placemark>
      <Placemark><name>Patch (24,17)</name><styleUrl>#sugarStyle_2</styleUrl><Polygon><outerBoundaryIs><LinearRing><coordinates>-97.2044,49.8558,0 -97.1948,49.8558,0 -97.1948,49.861000000000004,0 -97.2044,49.861000000000004,0 -97.2044,49.8558,0</coordinates></LinearRing></outerBoundaryIs></Polygon></Placemark>
      <Placemark><name>Patch (25,17)</name><styleUrl>#sugarStyle_2</styleUrl><Polygon><outerBoundaryIs><LinearRing><coordinates>-97.1948,49.8558,0 -97.18520000000001,49.8558,0 -97.18520000000001,49.861000000000004,0 -97.1948,49.861000000000004,0 -97.1948,49.8558,0</coordinates></LinearRing></outerBoundaryIs></Polygon></Placemark>
      <Placemark><name>Patch (26,17)</name><styleUrl>#sugarStyle_2</styleUrl><Polygon><outerBoundaryIs><LinearRing><coordinates>-97.18520000000001,49.8558,0 -97.1756,49.8558,0 -97.1756,49.861000000000004,0 -97.18520000000001,49.861000000000004,0 -97.18520000000001,49.8558,0</coordinates></LinearRing></outerBoundaryIs></Polygon></Placemark>
      <Placemark><name>Patch (27,17)</name><styleUrl>#sugarStyle_1</styleUrl><Polygon><outerBoundaryIs><LinearRing><coordinates>-97.1756,49.8558,0 -97.16600000000001,49.8558,0 -97.16600000000001,49.861000000000004,0 -97.1756,49.861000000000004,0 -97.1756,49.8558,0</coordinates></LinearRing></outerBoundaryIs></Polygon></Placemark>
      <Placemark><name>Patch (28,17)</name><styleUrl>#sugarStyle_2</styleUrl><Polygon><outerBoundaryIs><LinearRing><coordinates>-97.16600000000001,49.8558,0 -97.1564,49.8558,0 -97.1564,49.861000000000004,0 -97.16600000000001,49.861000000000004,0 -97.16600000000001,49.8558,0</coordinates></LinearRing></outerBoundaryIs></Polygon></Placemark>
      <Placemark><name>Patch (29,17)</name><styleUrl>#sugarStyle_0</styleUrl><Polygon><outerBoundaryIs><LinearRing><coordinates>-97.1564,49.8558,0 -97.1468,49.8558,0 -97.1468,49.861000000000004,0 -97.1564,49.861000000000004,0 -97.1564,49.8558,0</coordinates></LinearRing></outerBoundaryIs></Polygon></Placemark>
      <Placemark><name>Patch (30,17)</name><styleUrl>#sugarStyle_2</styleUrl><Polygon><outerBoundaryIs><LinearRing><coordinates>-97.1468,49.8558,0 -97.1372,49.8558,0 -97.1372,49.861000000000004,0 -97.1468,49.861000000000004,0 -97.1468,49.8558,0</coordinates></LinearRing></outerBoundaryIs></Polygon></Placemark>
      <Placemark><name>Patch (31,17)</name><styleUrl>#sugarStyle_2</styleUrl><Polygon><outerBoundaryIs><LinearRing><coordinates>-97.1372,49.8558,0 -97.1276,49.8558,0 -97.1276,49.861000000000004,0 -97.1372,49.861000000000004,0 -97.1372,49.8558,0</coordinates></LinearRing></outerBoundaryIs></Polygon></Placemark>
      <Placemark><name>Patch (32,17)</name><styleUrl>#sugarStyle_1</styleUrl><Polygon><outerBoundaryIs><LinearRing><coordinates>-97.1276,49.8558,0 -97.11800000000001,49.8558,0 -97.11800000000001,49.861000000000004,0 -97.1276,49.861000000000004,0 -97.1276,49.8558,0</coordinates></LinearRing></outerBoundaryIs></Polygon></Placemark>
      <Placemark><name>Patch (33,17)</name><styleUrl>#sugarStyle_2</styleUrl><Polygon><outerBoundaryIs><LinearRing><coordinates>-97.11800000000001,49.8558,0 -97.1084,49.8558,0 -97.1084,49.861000000000004,0 -97.11800000000001,49.861000000000004,0 -97.11800000000001,49.8558,0</coordinates></LinearRing></outerBoundaryIs></Polygon></Placemark>
      <Placemark><name>Patch (34,17)</name><styleUrl>#sugarStyle_2</styleUrl><Polygon><outerBoundaryIs><LinearRing><coordinates>-97.1084,49.8558,0 -97.0988,49.8558,0 -97.0988,49.861000000000004,0 -97.1084,49.861000000000004,0 -97.1084,49.8558,0</coordinates></LinearRing></outerBoundaryIs></Polygon></Placemark>
      <Placemark><name>Patch (35,17)</name><styleUrl>#sugarStyle_1</styleUrl><Polygon><outerBoundaryIs><LinearRing><coordinates>-97.0988,49.8558,0 -97.0892,49.8558,0 -97.0892,49.861000000000004,0 -97.0988,49.861000000000004,0 -97.0988,49.8558,0</coordinates></LinearRing></outerBoundaryIs></Polygon></Placemark>
      <Placemark><name>Patch (36,17)</name><styleUrl>#sugarStyle_1</styleUrl><Polygon><outerBoundaryIs><LinearRing><coordinates>-97.0892,49.8558,0 -97.0796,49.8558,0 -97.0796,49.861000000000004,0 -97.0892,49.861000000000004,0 -97.0892,49.8558,0</coordinates></LinearRing></outerBoundaryIs></Polygon></Placemark>
      <Placemark><name>Patch (37,17)</name><styleUrl>#sugarStyle_2</styleUrl><Polygon><outerBoundaryIs><LinearRing><coordinates>-97.0796,49.8558,0 -97.07000000000001,49.8558,0 -97.07000000000001,49.861000000000004,0 -97.0796,49.861000000000004,0 -97.0796,49.8558,0</coordinates></LinearRing></outerBoundaryIs></Polygon></Placemark>
      <Placemark><name>Patch (38,17)</name><styleUrl>#sugarStyle_0</styleUrl><Polygon><outerBoundaryIs><LinearRing><coordinates>-97.07000000000001,49.8558,0 -97.0604,49.8558,0 -97.0604,49.861000000000004,0 -97.07000000000001,49.861000000000004,0 -97.07000000000001,49.8558,0</coordinates></LinearRing></outerBoundaryIs></Polygon></Placemark>
      <Placemark><name>Patch (39,17)</name><styleUrl>#sugarStyle_1</styleUrl><Polygon><outerBoundaryIs><LinearRing><coordinates>-97.0604,49.8558,0 -97.05080000000001,49.8558,0 -97.05080000000001,49.861000000000004,0 -97.0604,49.861000000000004,0 -97.0604,49.8558,0</coordinates></LinearRing></outerBoundaryIs></Polygon></Placemark>
      <Placemark><name>Patch (40,17)</name><styleUrl>#sugarStyle_1</styleUrl><Polygon><outerBoundaryIs><LinearRing><coordinates>-97.05080000000001,49.8558,0 -97.0412,49.8558,0 -97.0412,49.861000000000004,0 -97.05080000000001,49.861000000000004,0 -97.05080000000001,49.8558,0</coordinates></LinearRing></outerBoundaryIs></Polygon></Placemark>
      <Placemark><name>Patch (41,17)</name><styleUrl>#sugarStyle_1</styleUrl><Polygon><outerBoundaryIs><LinearRing><coordinates>-97.0412,49.8558,0 -97.0316,49.8558,0 -97.0316,49.861000000000004,0 -97.0412,49.861000000000004,0 -97.0412,49.8558,0</coordinates></LinearRing></outerBoundaryIs></Polygon></Placemark>
      <Placemark><name>Patch (42,17)</name><styleUrl>#sugarStyle_1</styleUrl><Polygon><outerBoundaryIs><LinearRing><coordinates>-97.0316,49.8558,0 -97.022,49.8558,0 -97.022,49.861000000000004,0 -97.0316,49.861000000000004,0 -97.0316,49.8558,0</coordinates></LinearRing></outerBoundaryIs></Polygon></Placemark>
      <Placemark><name>Patch (43,17)</name><styleUrl>#sugarStyle_0</styleUrl><Polygon><outerBoundaryIs><LinearRing><coordinates>-97.022,49.8558,0 -97.0124,49.8558,0 -97.0124,49.861000000000004,0 -97.022,49.861000000000004,0 -97.022,49.8558,0</coordinates></LinearRing></outerBoundaryIs></Polygon></Placemark>
      <Placemark><name>Patch (44,17)</name><styleUrl>#sugarStyle_0</styleUrl><Polygon><outerBoundaryIs><LinearRing><coordinates>-97.0124,49.8558,0 -97.00280000000001,49.8558,0 -97.00280000000001,49.861000000000004,0 -97.0124,49.861000000000004,0 -97.0124,49.8558,0</coordinates></LinearRing></outerBoundaryIs></Polygon></Placemark>
      <Placemark><name>Patch (45,17)</name><styleUrl>#sugarStyle_0</styleUrl><Polygon><outerBoundaryIs><LinearRing><coordinates>-97.00280000000001,49.8558,0 -96.9932,49.8558,0 -96.9932,49.861000000000004,0 -97.00280000000001,49.861000000000004,0 -97.00280000000001,49.8558,0</coordinates></LinearRing></outerBoundaryIs></Polygon></Placemark>
      <Placemark><name>Patch (46,17)</name><styleUrl>#sugarStyle_0</styleUrl><Polygon><outerBoundaryIs><LinearRing><coordinates>-96.9932,49.8558,0 -96.98360000000001,49.8558,0 -96.98360000000001,49.861000000000004,0 -96.9932,49.861000000000004,0 -96.9932,49.8558,0</coordinates></LinearRing></outerBoundaryIs></Polygon></Placemark>
      <Placemark><name>Patch (47,17)</name><styleUrl>#sugarStyle_0</styleUrl><Polygon><outerBoundaryIs><LinearRing><coordinates>-96.98360000000001,49.8558,0 -96.974,49.8558,0 -96.974,49.861000000000004,0 -96.98360000000001,49.861000000000004,0 -96.98360000000001,49.8558,0</coordinates></LinearRing></outerBoundaryIs></Polygon></Placemark>
      <Placemark><name>Patch (48,17)</name><styleUrl>#sugarStyle_0</styleUrl><Polygon><outerBoundaryIs><LinearRing><coordinates>-96.974,49.8558,0 -96.9644,49.8558,0 -96.9644,49.861000000000004,0 -96.974,49.861000000000004,0 -96.974,49.8558,0</coordinates></LinearRing></outerBoundaryIs></Polygon></Placemark>
      <Placemark><name>Patch (49,17)</name><styleUrl>#sugarStyle_0</styleUrl><Polygon><outerBoundaryIs><LinearRing><coordinates>-96.9644,49.8558,0 -96.9548,49.8558,0 -96.9548,49.861000000000004,0 -96.9644,49.861000000000004,0 -96.9644,49.8558,0</coordinates></LinearRing></outerBoundaryIs></Polygon></Placemark>
      <Placemark><name>Patch (50,17)</name><styleUrl>#sugarStyle_0</styleUrl><Polygon><outerBoundaryIs><LinearRing><coordinates>-96.9548,49.8558,0 -96.9452,49.8558,0 -96.9452,49.861000000000004,0 -96.9548,49.861000000000004,0 -96.9548,49.8558,0</coordinates></LinearRing></outerBoundaryIs></Polygon></Placemark>
      <Placemark><name>Patch (0,18)</name><styleUrl>#sugarStyle_0</styleUrl><Polygon><outerBoundaryIs><LinearRing><coordinates>-97.43480000000001,49.861000000000004,0 -97.4252,49.861000000000004,0 -97.4252,49.8662,0 -97.43480000000001,49.8662,0 -97.43480000000001,49.861000000000004,0</coordinates></LinearRing></outerBoundaryIs></Polygon></Placemark>
      <Placemark><name>Patch (1,18)</name><styleUrl>#sugarStyle_0</styleUrl><Polygon><outerBoundaryIs><LinearRing><coordinates>-97.4252,49.861000000000004,0 -97.41560000000001,49.861000000000004,0 -97.41560000000001,49.8662,0 -97.4252,49.8662,0 -97.4252,49.861000000000004,0</coordinates></LinearRing></outerBoundaryIs></Polygon></Placemark>
      <Placemark><name>Patch (2,18)</name><styleUrl>#sugarStyle_0</styleUrl><Polygon><outerBoundaryIs><LinearRing><coordinates>-97.41560000000001,49.861000000000004,0 -97.406,49.861000000000004,0 -97.406,49.8662,0 -97.41560000000001,49.8662,0 -97.41560000000001,49.861000000000004,0</coordinates></LinearRing></outerBoundaryIs></Polygon></Placemark>
      <Placemark><name>Patch (3,18)</name><styleUrl>#sugarStyle_0</styleUrl><Polygon><outerBoundaryIs><LinearRing><coordinates>-97.406,49.861000000000004,0 -97.3964,49.861000000000004,0 -97.3964,49.8662,0 -97.406,49.8662,0 -97.406,49.861000000000004,0</coordinates></LinearRing></outerBoundaryIs></Polygon></Placemark>
      <Placemark><name>Patch (4,18)</name><styleUrl>#sugarStyle_0</styleUrl><Polygon><outerBoundaryIs><LinearRing><coordinates>-97.3964,49.861000000000004,0 -97.38680000000001,49.861000000000004,0 -97.38680000000001,49.8662,0 -97.3964,49.8662,0 -97.3964,49.861000000000004,0</coordinates></LinearRing></outerBoundaryIs></Polygon></Placemark>
      <Placemark><name>Patch (5,18)</name><styleUrl>#sugarStyle_0</styleUrl><Polygon><outerBoundaryIs><LinearRing><coordinates>-97.38680000000001,49.861000000000004,0 -97.3772,49.861000000000004,0 -97.3772,49.8662,0 -97.38680000000001,49.8662,0 -97.38680000000001,49.861000000000004,0</coordinates></LinearRing></outerBoundaryIs></Polygon></Placemark>
      <Placemark><name>Patch (6,18)</name><styleUrl>#sugarStyle_0</styleUrl><Polygon><outerBoundaryIs><LinearRing><coordinates>-97.3772,49.861000000000004,0 -97.36760000000001,49.861000000000004,0 -97.36760000000001,49.8662,0 -97.3772,49.8662,0 -97.3772,49.861000000000004,0</coordinates></LinearRing></outerBoundaryIs></Polygon></Placemark>
      <Placemark><name>Patch (7,18)</name><styleUrl>#sugarStyle_0</styleUrl><Polygon><outerBoundaryIs><LinearRing><coordinates>-97.36760000000001,49.861000000000004,0 -97.358,49.861000000000004,0 -97.358,49.8662,0 -97.36760000000001,49.8662,0 -97.36760000000001,49.861000000000004,0</coordinates></LinearRing></outerBoundaryIs></Polygon></Placemark>
      <Placemark><name>Patch (8,18)</name><styleUrl>#sugarStyle_0</styleUrl><Polygon><outerBoundaryIs><LinearRing><coordinates>-97.358,49.861000000000004,0 -97.34840000000001,49.861000000000004,0 -97.34840000000001,49.8662,0 -97.358,49.8662,0 -97.358,49.861000000000004,0</coordinates></LinearRing></outerBoundaryIs></Polygon></Placemark>
      <Placemark><name>Patch (9,18)</name><styleUrl>#sugarStyle_0</styleUrl><Polygon><outerBoundaryIs><LinearRing><coordinates>-97.34840000000001,49.861000000000004,0 -97.3388,49.861000000000004,0 -97.3388,49.8662,0 -97.34840000000001,49.8662,0 -97.34840000000001,49.861000000000004,0</coordinates></LinearRing></outerBoundaryIs></Polygon></Placemark>
      <Placemark><name>Patch (10,18)</name><styleUrl>#sugarStyle_0</styleUrl><Polygon><outerBoundaryIs><LinearRing><coordinates>-97.3388,49.861000000000004,0 -97.3292,49.861000000000004,0 -97.3292,49.8662,0 -97.3388,49.8662,0 -97.3388,49.861000000000004,0</coordinates></LinearRing></outerBoundaryIs></Polygon></Placemark>
      <Placemark><name>Patch (11,18)</name><styleUrl>#sugarStyle_0</styleUrl><Polygon><outerBoundaryIs><LinearRing><coordinates>-97.3292,49.861000000000004,0 -97.31960000000001,49.861000000000004,0 -97.31960000000001,49.8662,0 -97.3292,49.8662,0 -97.3292,49.861000000000004,0</coordinates></LinearRing></outerBoundaryIs></Polygon></Placemark>
      <Placemark><name>Patch (12,18)</name><styleUrl>#sugarStyle_0</styleUrl><Polygon><outerBoundaryIs><LinearRing><coordinates>-97.31960000000001,49.861000000000004,0 -97.31,49.861000000000004,0 -97.31,49.8662,0 -97.31960000000001,49.8662,0 -97.31960000000001,49.861000000000004,0</coordinates></LinearRing></outerBoundaryIs></Polygon></Placemark>
      <Placemark><name>Patch (13,18)</name><styleUrl>#sugarStyle_0</styleUrl><Polygon><outerBoundaryIs><LinearRing><coordinates>-97.31,49.861000000000004,0 -97.30040000000001,49.861000000000004,0 -97.30040000000001,49.8662,0 -97.31,49.8662,0 -97.31,49.861000000000004,0</coordinates></LinearRing></outerBoundaryIs></Polygon></Placemark>
      <Placemark><name>Patch (14,18)</name><styleUrl>#sugarStyle_0</styleUrl><Polygon><outerBoundaryIs><LinearRing><coordinates>-97.30040000000001,49.861000000000004,0 -97.2908,49.861000000000004,0 -97.2908,49.8662,0 -97.30040000000001,49.8662,0 -97.30040000000001,49.861000000000004,0</coordinates></LinearRing></outerBoundaryIs></Polygon></Placemark>
      <Placemark><name>Patch (15,18)</name><styleUrl>#sugarStyle_0</styleUrl><Polygon><outerBoundaryIs><LinearRing><coordinates>-97.2908,49.861000000000004,0 -97.28120000000001,49.861000000000004,0 -97.28120000000001,49.8662,0 -97.2908,49.8662,0 -97.2908,49.861000000000004,0</coordinates></LinearRing></outerBoundaryIs></Polygon></Placemark>
      <Placemark><name>Patch (16,18)</name><styleUrl>#sugarStyle_0</styleUrl><Polygon><outerBoundaryIs><LinearRing><coordinates>-97.28120000000001,49.861000000000004,0 -97.2716,49.861000000000004,0 -97.2716,49.8662,0 -97.28120000000001,49.8662,0 -97.28120000000001,49.861000000000004,0</coordinates></LinearRing></outerBoundaryIs></Polygon></Placemark>
      <Placemark><name>Patch (17,18)</name><styleUrl>#sugarStyle_0</styleUrl><Polygon><outerBoundaryIs><LinearRing><coordinates>-97.2716,49.861000000000004,0 -97.262,49.861000000000004,0 -97.262,49.8662,0 -97.2716,49.8662,0 -97.2716,49.861000000000004,0</coordinates></LinearRing></outerBoundaryIs></Polygon></Placemark>
      <Placemark><name>Patch (18,18)</name><styleUrl>#sugarStyle_0</styleUrl><Polygon><outerBoundaryIs><LinearRing><coordinates>-97.262,49.861000000000004,0 -97.25240000000001,49.861000000000004,0 -97.25240000000001,49.8662,0 -97.262,49.8662,0 -97.262,49.861000000000004,0</coordinates></LinearRing></outerBoundaryIs></Polygon></Placemark>
      <Placemark><name>Patch (19,18)</name><styleUrl>#sugarStyle_0</styleUrl><Polygon><outerBoundaryIs><LinearRing><coordinates>-97.25240000000001,49.861000000000004,0 -97.2428,49.861000000000004,0 -97.2428,49.8662,0 -97.25240000000001,49.8662,0 -97.25240000000001,49.861000000000004,0</coordinates></LinearRing></outerBoundaryIs></Polygon></Placemark>
      <Placemark><name>Patch (20,18)</name><styleUrl>#sugarStyle_1</styleUrl><Polygon><outerBoundaryIs><LinearRing><coordinates>-97.2428,49.861000000000004,0 -97.23320000000001,49.861000000000004,0 -97.23320000000001,49.8662,0 -97.2428,49.8662,0 -97.2428,49.861000000000004,0</coordinates></LinearRing></outerBoundaryIs></Polygon></Placemark>
      <Placemark><name>Patch (21,18)</name><styleUrl>#sugarStyle_1</styleUrl><Polygon><outerBoundaryIs><LinearRing><coordinates>-97.23320000000001,49.861000000000004,0 -97.2236,49.861000000000004,0 -97.2236,49.8662,0 -97.23320000000001,49.8662,0 -97.23320000000001,49.861000000000004,0</coordinates></LinearRing></outerBoundaryIs></Polygon></Placemark>
      <Placemark><name>Patch (22,18)</name><styleUrl>#sugarStyle_1</styleUrl><Polygon><outerBoundaryIs><LinearRing><coordinates>-97.2236,49.861000000000004,0 -97.214,49.861000000000004,0 -97.214,49.8662,0 -97.2236,49.8662,0 -97.2236,49.861000000000004,0</coordinates></LinearRing></outerBoundaryIs></Polygon></Placemark>
      <Placemark><name>Patch (23,18)</name><styleUrl>#sugarStyle_2</styleUrl><Polygon><outerBoundaryIs><LinearRing><coordinates>-97.214,49.861000000000004,0 -97.2044,49.861000000000004,0 -97.2044,49.8662,0 -97.214,49.8662,0 -97.214,49.861000000000004,0</coordinates></LinearRing></outerBoundaryIs></Polygon></Placemark>
      <Placemark><name>Patch (24,18)</name><styleUrl>#sugarStyle_2</styleUrl><Polygon><outerBoundaryIs><LinearRing><coordinates>-97.2044,49.861000000000004,0 -97.1948,49.861000000000004,0 -97.1948,49.8662,0 -97.2044,49.8662,0 -97.2044,49.861000000000004,0</coordinates></LinearRing></outerBoundaryIs></Polygon></Placemark>
      <Placemark><name>Patch (25,18)</name><styleUrl>#sugarStyle_2</styleUrl><Polygon><outerBoundaryIs><LinearRing><coordinates>-97.1948,49.861000000000004,0 -97.18520000000001,49.861000000000004,0 -97.18520000000001,49.8662,0 -97.1948,49.8662,0 -97.1948,49.861000000000004,0</coordinates></LinearRing></outerBoundaryIs></Polygon></Placemark>
      <Placemark><name>Patch (26,18)</name><styleUrl>#sugarStyle_2</styleUrl><Polygon><outerBoundaryIs><LinearRing><coordinates>-97.18520000000001,49.861000000000004,0 -97.1756,49.861000000000004,0 -97.1756,49.8662,0 -97.18520000000001,49.8662,0 -97.18520000000001,49.861000000000004,0</coordinates></LinearRing></outerBoundaryIs></Polygon></Placemark>
      <Placemark><name>Patch (27,18)</name><styleUrl>#sugarStyle_0</styleUrl><Polygon><outerBoundaryIs><LinearRing><coordinates>-97.1756,49.861000000000004,0 -97.16600000000001,49.861000000000004,0 -97.16600000000001,49.8662,0 -97.1756,49.8662,0 -97.1756,49.861000000000004,0</coordinates></LinearRing></outerBoundaryIs></Polygon></Placemark>
      <Placemark><name>Patch (28,18)</name><styleUrl>#sugarStyle_1</styleUrl><Polygon><outerBoundaryIs><LinearRing><coordinates>-97.16600000000001,49.861000000000004,0 -97.1564,49.861000000000004,0 -97.1564,49.8662,0 -97.16600000000001,49.8662,0 -97.16600000000001,49.861000000000004,0</coordinates></LinearRing></outerBoundaryIs></Polygon></Placemark>
      <Placemark><name>Patch (29,18)</name><styleUrl>#sugarStyle_1</styleUrl><Polygon><outerBoundaryIs><LinearRing><coordinates>-97.1564,49.861000000000004,0 -97.1468,49.861000000000004,0 -97.1468,49.8662,0 -97.1564,49.8662,0 -97.1564,49.861000000000004,0</coordinates></LinearRing></outerBoundaryIs></Polygon></Placemark>
      <Placemark><name>Patch (30,18)</name><styleUrl>#sugarStyle_1</styleUrl><Polygon><outerBoundaryIs><LinearRing><coordinates>-97.1468,49.861000000000004,0 -97.1372,49.861000000000004,0 -97.1372,49.8662,0 -97.1468,49.8662,0 -97.1468,49.861000000000004,0</coordinates></LinearRing></outerBoundaryIs></Polygon></Placemark>
      <Placemark><name>Patch (31,18)</name><styleUrl>#sugarStyle_1</styleUrl><Polygon><outerBoundaryIs><LinearRing><coordinates>-97.1372,49.861000000000004,0 -97.1276,49.861000000000004,0 -97.1276,49.8662,0 -97.1372,49.8662,0 -97.1372,49.861000000000004,0</coordinates></LinearRing></outerBoundaryIs></Polygon></Placemark>
      <Placemark><name>Patch (32,18)</name><styleUrl>#sugarStyle_0</styleUrl><Polygon><outerBoundaryIs><LinearRing><coordinates>-97.1276,49.861000000000004,0 -97.11800000000001,49.861000000000004,0 -97.11800000000001,49.8662,0 -97.1276,49.8662,0 -97.1276,49.861000000000004,0</coordinates></LinearRing></outerBoundaryIs></Polygon></Placemark>
      <Placemark><name>Patch (33,18)</name><styleUrl>#sugarStyle_1</styleUrl><Polygon><outerBoundaryIs><LinearRing><coordinates>-97.11800000000001,49.861000000000004,0 -97.1084,49.861000000000004,0 -97.1084,49.8662,0 -97.11800000000001,49.8662,0 -97.11800000000001,49.861000000000004,0</coordinates></LinearRing></outerBoundaryIs></Polygon></Placemark>
      <Placemark><name>Patch (34,18)</name><styleUrl>#sugarStyle_0</styleUrl><Polygon><outerBoundaryIs><LinearRing><coordinates>-97.1084,49.861000000000004,0 -97.0988,49.861000000000004,0 -97.0988,49.8662,0 -97.1084,49.8662,0 -97.1084,49.861000000000004,0</coordinates></LinearRing></outerBoundaryIs></Polygon></Placemark>
      <Placemark><name>Patch (35,18)</name><styleUrl>#sugarStyle_0</styleUrl><Polygon><outerBoundaryIs><LinearRing><coordinates>-97.0988,49.861000000000004,0 -97.0892,49.861000000000004,0 -97.0892,49.8662,0 -97.0988,49.8662,0 -97.0988,49.861000000000004,0</coordinates></LinearRing></outerBoundaryIs></Polygon></Placemark>
      <Placemark><name>Patch (36,18)</name><styleUrl>#sugarStyle_0</styleUrl><Polygon><outerBoundaryIs><LinearRing><coordinates>-97.0892,49.861000000000004,0 -97.0796,49.861000000000004,0 -97.0796,49.8662,0 -97.0892,49.8662,0 -97.0892,49.861000000000004,0</coordinates></LinearRing></outerBoundaryIs></Polygon></Placemark>
      <Placemark><name>Patch (37,18)</name><styleUrl>#sugarStyle_0</styleUrl><Polygon><outerBoundaryIs><LinearRing><coordinates>-97.0796,49.861000000000004,0 -97.07000000000001,49.861000000000004,0 -97.07000000000001,49.8662,0 -97.0796,49.8662,0 -97.0796,49.861000000000004,0</coordinates></LinearRing></outerBoundaryIs></Polygon></Placemark>
      <Placemark><name>Patch (38,18)</name><styleUrl>#sugarStyle_1</styleUrl><Polygon><outerBoundaryIs><LinearRing><coordinates>-97.07000000000001,49.861000000000004,0 -97.0604,49.861000000000004,0 -97.0604,49.8662,0 -97.07000000000001,49.8662,0 -97.07000000000001,49.861000000000004,0</coordinates></LinearRing></outerBoundaryIs></Polygon></Placemark>
      <Placemark><name>Patch (39,18)</name><styleUrl>#sugarStyle_0</styleUrl><Polygon><outerBoundaryIs><LinearRing><coordinates>-97.0604,49.861000000000004,0 -97.05080000000001,49.861000000000004,0 -97.05080000000001,49.8662,0 -97.0604,49.8662,0 -97.0604,49.861000000000004,0</coordinates></LinearRing></outerBoundaryIs></Polygon></Placemark>
      <Placemark><name>Patch (40,18)</name><styleUrl>#sugarStyle_1</styleUrl><Polygon><outerBoundaryIs><LinearRing><coordinates>-97.05080000000001,49.861000000000004,0 -97.0412,49.861000000000004,0 -97.0412,49.8662,0 -97.05080000000001,49.8662,0 -97.05080000000001,49.861000000000004,0</coordinates></LinearRing></outerBoundaryIs></Polygon></Placemark>
      <Placemark><name>Patch (41,18)</name><styleUrl>#sugarStyle_1</styleUrl><Polygon><outerBoundaryIs><LinearRing><coordinates>-97.0412,49.861000000000004,0 -97.0316,49.861000000000004,0 -97.0316,49.8662,0 -97.0412,49.8662,0 -97.0412,49.861000000000004,0</coordinates></LinearRing></outerBoundaryIs></Polygon></Placemark>
      <Placemark><name>Patch (42,18)</name><styleUrl>#sugarStyle_1</styleUrl><Polygon><outerBoundaryIs><LinearRing><coordinates>-97.0316,49.861000000000004,0 -97.022,49.861000000000004,0 -97.022,49.8662,0 -97.0316,49.8662,0 -97.0316,49.861000000000004,0</coordinates></LinearRing></outerBoundaryIs></Polygon></Placemark>
      <Placemark><name>Patch (43,18)</name><styleUrl>#sugarStyle_0</styleUrl><Polygon><outerBoundaryIs><LinearRing><coordinates>-97.022,49.861000000000004,0 -97.0124,49.861000000000004,0 -97.0124,49.8662,0 -97.022,49.8662,0 -97.022,49.861000000000004,0</coordinates></LinearRing></outerBoundaryIs></Polygon></Placemark>
      <Placemark><name>Patch (44,18)</name><styleUrl>#sugarStyle_0</styleUrl><Polygon><outerBoundaryIs><LinearRing><coordinates>-97.0124,49.861000000000004,0 -97.00280000000001,49.861000000000004,0 -97.00280000000001,49.8662,0 -97.0124,49.8662,0 -97.0124,49.861000000000004,0</coordinates></LinearRing></outerBoundaryIs></Polygon></Placemark>
      <Placemark><name>Patch (45,18)</name><styleUrl>#sugarStyle_0</styleUrl><Polygon><outerBoundaryIs><LinearRing><coordinates>-97.00280000000001,49.861000000000004,0 -96.9932,49.861000000000004,0 -96.9932,49.8662,0 -97.00280000000001,49.8662,0 -97.00280000000001,49.861000000000004,0</coordinates></LinearRing></outerBoundaryIs></Polygon></Placemark>
      <Placemark><name>Patch (46,18)</name><styleUrl>#sugarStyle_0</styleUrl><Polygon><outerBoundaryIs><LinearRing><coordinates>-96.9932,49.861000000000004,0 -96.98360000000001,49.861000000000004,0 -96.98360000000001,49.8662,0 -96.9932,49.8662,0 -96.9932,49.861000000000004,0</coordinates></LinearRing></outerBoundaryIs></Polygon></Placemark>
      <Placemark><name>Patch (47,18)</name><styleUrl>#sugarStyle_0</styleUrl><Polygon><outerBoundaryIs><LinearRing><coordinates>-96.98360000000001,49.861000000000004,0 -96.974,49.861000000000004,0 -96.974,49.8662,0 -96.98360000000001,49.8662,0 -96.98360000000001,49.861000000000004,0</coordinates></LinearRing></outerBoundaryIs></Polygon></Placemark>
      <Placemark><name>Patch (48,18)</name><styleUrl>#sugarStyle_0</styleUrl><Polygon><outerBoundaryIs><LinearRing><coordinates>-96.974,49.861000000000004,0 -96.9644,49.861000000000004,0 -96.9644,49.8662,0 -96.974,49.8662,0 -96.974,49.861000000000004,0</coordinates></LinearRing></outerBoundaryIs></Polygon></Placemark>
      <Placemark><name>Patch (49,18)</name><styleUrl>#sugarStyle_0</styleUrl><Polygon><outerBoundaryIs><LinearRing><coordinates>-96.9644,49.861000000000004,0 -96.9548,49.861000000000004,0 -96.9548,49.8662,0 -96.9644,49.8662,0 -96.9644,49.861000000000004,0</coordinates></LinearRing></outerBoundaryIs></Polygon></Placemark>
      <Placemark><name>Patch (50,18)</name><styleUrl>#sugarStyle_0</styleUrl><Polygon><outerBoundaryIs><LinearRing><coordinates>-96.9548,49.861000000000004,0 -96.9452,49.861000000000004,0 -96.9452,49.8662,0 -96.9548,49.8662,0 -96.9548,49.861000000000004,0</coordinates></LinearRing></outerBoundaryIs></Polygon></Placemark>
      <Placemark><name>Patch (0,19)</name><styleUrl>#sugarStyle_0</styleUrl><Polygon><outerBoundaryIs><LinearRing><coordinates>-97.43480000000001,49.8662,0 -97.4252,49.8662,0 -97.4252,49.8714,0 -97.43480000000001,49.8714,0 -97.43480000000001,49.8662,0</coordinates></LinearRing></outerBoundaryIs></Polygon></Placemark>
      <Placemark><name>Patch (1,19)</name><styleUrl>#sugarStyle_0</styleUrl><Polygon><outerBoundaryIs><LinearRing><coordinates>-97.4252,49.8662,0 -97.41560000000001,49.8662,0 -97.41560000000001,49.8714,0 -97.4252,49.8714,0 -97.4252,49.8662,0</coordinates></LinearRing></outerBoundaryIs></Polygon></Placemark>
      <Placemark><name>Patch (2,19)</name><styleUrl>#sugarStyle_0</styleUrl><Polygon><outerBoundaryIs><LinearRing><coordinates>-97.41560000000001,49.8662,0 -97.406,49.8662,0 -97.406,49.8714,0 -97.41560000000001,49.8714,0 -97.41560000000001,49.8662,0</coordinates></LinearRing></outerBoundaryIs></Polygon></Placemark>
      <Placemark><name>Patch (3,19)</name><styleUrl>#sugarStyle_0</styleUrl><Polygon><outerBoundaryIs><LinearRing><coordinates>-97.406,49.8662,0 -97.3964,49.8662,0 -97.3964,49.8714,0 -97.406,49.8714,0 -97.406,49.8662,0</coordinates></LinearRing></outerBoundaryIs></Polygon></Placemark>
      <Placemark><name>Patch (4,19)</name><styleUrl>#sugarStyle_0</styleUrl><Polygon><outerBoundaryIs><LinearRing><coordinates>-97.3964,49.8662,0 -97.38680000000001,49.8662,0 -97.38680000000001,49.8714,0 -97.3964,49.8714,0 -97.3964,49.8662,0</coordinates></LinearRing></outerBoundaryIs></Polygon></Placemark>
      <Placemark><name>Patch (5,19)</name><styleUrl>#sugarStyle_0</styleUrl><Polygon><outerBoundaryIs><LinearRing><coordinates>-97.38680000000001,49.8662,0 -97.3772,49.8662,0 -97.3772,49.8714,0 -97.38680000000001,49.8714,0 -97.38680000000001,49.8662,0</coordinates></LinearRing></outerBoundaryIs></Polygon></Placemark>
      <Placemark><name>Patch (6,19)</name><styleUrl>#sugarStyle_0</styleUrl><Polygon><outerBoundaryIs><LinearRing><coordinates>-97.3772,49.8662,0 -97.36760000000001,49.8662,0 -97.36760000000001,49.8714,0 -97.3772,49.8714,0 -97.3772,49.8662,0</coordinates></LinearRing></outerBoundaryIs></Polygon></Placemark>
      <Placemark><name>Patch (7,19)</name><styleUrl>#sugarStyle_0</styleUrl><Polygon><outerBoundaryIs><LinearRing><coordinates>-97.36760000000001,49.8662,0 -97.358,49.8662,0 -97.358,49.8714,0 -97.36760000000001,49.8714,0 -97.36760000000001,49.8662,0</coordinates></LinearRing></outerBoundaryIs></Polygon></Placemark>
      <Placemark><name>Patch (8,19)</name><styleUrl>#sugarStyle_0</styleUrl><Polygon><outerBoundaryIs><LinearRing><coordinates>-97.358,49.8662,0 -97.34840000000001,49.8662,0 -97.34840000000001,49.8714,0 -97.358,49.8714,0 -97.358,49.8662,0</coordinates></LinearRing></outerBoundaryIs></Polygon></Placemark>
      <Placemark><name>Patch (9,19)</name><styleUrl>#sugarStyle_0</styleUrl><Polygon><outerBoundaryIs><LinearRing><coordinates>-97.34840000000001,49.8662,0 -97.3388,49.8662,0 -97.3388,49.8714,0 -97.34840000000001,49.8714,0 -97.34840000000001,49.8662,0</coordinates></LinearRing></outerBoundaryIs></Polygon></Placemark>
      <Placemark><name>Patch (10,19)</name><styleUrl>#sugarStyle_0</styleUrl><Polygon><outerBoundaryIs><LinearRing><coordinates>-97.3388,49.8662,0 -97.3292,49.8662,0 -97.3292,49.8714,0 -97.3388,49.8714,0 -97.3388,49.8662,0</coordinates></LinearRing></outerBoundaryIs></Polygon></Placemark>
      <Placemark><name>Patch (11,19)</name><styleUrl>#sugarStyle_0</styleUrl><Polygon><outerBoundaryIs><LinearRing><coordinates>-97.3292,49.8662,0 -97.31960000000001,49.8662,0 -97.31960000000001,49.8714,0 -97.3292,49.8714,0 -97.3292,49.8662,0</coordinates></LinearRing></outerBoundaryIs></Polygon></Placemark>
      <Placemark><name>Patch (12,19)</name><styleUrl>#sugarStyle_0</styleUrl><Polygon><outerBoundaryIs><LinearRing><coordinates>-97.31960000000001,49.8662,0 -97.31,49.8662,0 -97.31,49.8714,0 -97.31960000000001,49.8714,0 -97.31960000000001,49.8662,0</coordinates></LinearRing></outerBoundaryIs></Polygon></Placemark>
      <Placemark><name>Patch (13,19)</name><styleUrl>#sugarStyle_0</styleUrl><Polygon><outerBoundaryIs><LinearRing><coordinates>-97.31,49.8662,0 -97.30040000000001,49.8662,0 -97.30040000000001,49.8714,0 -97.31,49.8714,0 -97.31,49.8662,0</coordinates></LinearRing></outerBoundaryIs></Polygon></Placemark>
      <Placemark><name>Patch (14,19)</name><styleUrl>#sugarStyle_0</styleUrl><Polygon><outerBoundaryIs><LinearRing><coordinates>-97.30040000000001,49.8662,0 -97.2908,49.8662,0 -97.2908,49.8714,0 -97.30040000000001,49.8714,0 -97.30040000000001,49.8662,0</coordinates></LinearRing></outerBoundaryIs></Polygon></Placemark>
      <Placemark><name>Patch (15,19)</name><styleUrl>#sugarStyle_0</styleUrl><Polygon><outerBoundaryIs><LinearRing><coordinates>-97.2908,49.8662,0 -97.28120000000001,49.8662,0 -97.28120000000001,49.8714,0 -97.2908,49.8714,0 -97.2908,49.8662,0</coordinates></LinearRing></outerBoundaryIs></Polygon></Placemark>
      <Placemark><name>Patch (16,19)</name><styleUrl>#sugarStyle_0</styleUrl><Polygon><outerBoundaryIs><LinearRing><coordinates>-97.28120000000001,49.8662,0 -97.2716,49.8662,0 -97.2716,49.8714,0 -97.28120000000001,49.8714,0 -97.28120000000001,49.8662,0</coordinates></LinearRing></outerBoundaryIs></Polygon></Placemark>
      <Placemark><name>Patch (17,19)</name><styleUrl>#sugarStyle_0</styleUrl><Polygon><outerBoundaryIs><LinearRing><coordinates>-97.2716,49.8662,0 -97.262,49.8662,0 -97.262,49.8714,0 -97.2716,49.8714,0 -97.2716,49.8662,0</coordinates></LinearRing></outerBoundaryIs></Polygon></Placemark>
      <Placemark><name>Patch (18,19)</name><styleUrl>#sugarStyle_0</styleUrl><Polygon><outerBoundaryIs><LinearRing><coordinates>-97.262,49.8662,0 -97.25240000000001,49.8662,0 -97.25240000000001,49.8714,0 -97.262,49.8714,0 -97.262,49.8662,0</coordinates></LinearRing></outerBoundaryIs></Polygon></Placemark>
      <Placemark><name>Patch (19,19)</name><styleUrl>#sugarStyle_1</styleUrl><Polygon><outerBoundaryIs><LinearRing><coordinates>-97.25240000000001,49.8662,0 -97.2428,49.8662,0 -97.2428,49.8714,0 -97.25240000000001,49.8714,0 -97.25240000000001,49.8662,0</coordinates></LinearRing></outerBoundaryIs></Polygon></Placemark>
      <Placemark><name>Patch (20,19)</name><styleUrl>#sugarStyle_1</styleUrl><Polygon><outerBoundaryIs><LinearRing><coordinates>-97.2428,49.8662,0 -97.23320000000001,49.8662,0 -97.23320000000001,49.8714,0 -97.2428,49.8714,0 -97.2428,49.8662,0</coordinates></LinearRing></outerBoundaryIs></Polygon></Placemark>
      <Placemark><name>Patch (21,19)</name><styleUrl>#sugarStyle_1</styleUrl><Polygon><outerBoundaryIs><LinearRing><coordinates>-97.23320000000001,49.8662,0 -97.2236,49.8662,0 -97.2236,49.8714,0 -97.23320000000001,49.8714,0 -97.23320000000001,49.8662,0</coordinates></LinearRing></outerBoundaryIs></Polygon></Placemark>
      <Placemark><name>Patch (22,19)</name><styleUrl>#sugarStyle_1</styleUrl><Polygon><outerBoundaryIs><LinearRing><coordinates>-97.2236,49.8662,0 -97.214,49.8662,0 -97.214,49.8714,0 -97.2236,49.8714,0 -97.2236,49.8662,0</coordinates></LinearRing></outerBoundaryIs></Polygon></Placemark>
      <Placemark><name>Patch (23,19)</name><styleUrl>#sugarStyle_2</styleUrl><Polygon><outerBoundaryIs><LinearRing><coordinates>-97.214,49.8662,0 -97.2044,49.8662,0 -97.2044,49.8714,0 -97.214,49.8714,0 -97.214,49.8662,0</coordinates></LinearRing></outerBoundaryIs></Polygon></Placemark>
      <Placemark><name>Patch (24,19)</name><styleUrl>#sugarStyle_2</styleUrl><Polygon><outerBoundaryIs><LinearRing><coordinates>-97.2044,49.8662,0 -97.1948,49.8662,0 -97.1948,49.8714,0 -97.2044,49.8714,0 -97.2044,49.8662,0</coordinates></LinearRing></outerBoundaryIs></Polygon></Placemark>
      <Placemark><name>Patch (25,19)</name><styleUrl>#sugarStyle_2</styleUrl><Polygon><outerBoundaryIs><LinearRing><coordinates>-97.1948,49.8662,0 -97.18520000000001,49.8662,0 -97.18520000000001,49.8714,0 -97.1948,49.8714,0 -97.1948,49.8662,0</coordinates></LinearRing></outerBoundaryIs></Polygon></Placemark>
      <Placemark><name>Patch (26,19)</name><styleUrl>#sugarStyle_2</styleUrl><Polygon><outerBoundaryIs><LinearRing><coordinates>-97.18520000000001,49.8662,0 -97.1756,49.8662,0 -97.1756,49.8714,0 -97.18520000000001,49.8714,0 -97.18520000000001,49.8662,0</coordinates></LinearRing></outerBoundaryIs></Polygon></Placemark>
      <Placemark><name>Patch (27,19)</name><styleUrl>#sugarStyle_1</styleUrl><Polygon><outerBoundaryIs><LinearRing><coordinates>-97.1756,49.8662,0 -97.16600000000001,49.8662,0 -97.16600000000001,49.8714,0 -97.1756,49.8714,0 -97.1756,49.8662,0</coordinates></LinearRing></outerBoundaryIs></Polygon></Placemark>
      <Placemark><name>Patch (28,19)</name><styleUrl>#sugarStyle_0</styleUrl><Polygon><outerBoundaryIs><LinearRing><coordinates>-97.16600000000001,49.8662,0 -97.1564,49.8662,0 -97.1564,49.8714,0 -97.16600000000001,49.8714,0 -97.16600000000001,49.8662,0</coordinates></LinearRing></outerBoundaryIs></Polygon></Placemark>
      <Placemark><name>Patch (29,19)</name><styleUrl>#sugarStyle_1</styleUrl><Polygon><outerBoundaryIs><LinearRing><coordinates>-97.1564,49.8662,0 -97.1468,49.8662,0 -97.1468,49.8714,0 -97.1564,49.8714,0 -97.1564,49.8662,0</coordinates></LinearRing></outerBoundaryIs></Polygon></Placemark>
      <Placemark><name>Patch (30,19)</name><styleUrl>#sugarStyle_0</styleUrl><Polygon><outerBoundaryIs><LinearRing><coordinates>-97.1468,49.8662,0 -97.1372,49.8662,0 -97.1372,49.8714,0 -97.1468,49.8714,0 -97.1468,49.8662,0</coordinates></LinearRing></outerBoundaryIs></Polygon></Placemark>
      <Placemark><name>Patch (31,19)</name><styleUrl>#sugarStyle_0</styleUrl><Polygon><outerBoundaryIs><LinearRing><coordinates>-97.1372,49.8662,0 -97.1276,49.8662,0 -97.1276,49.8714,0 -97.1372,49.8714,0 -97.1372,49.8662,0</coordinates></LinearRing></outerBoundaryIs></Polygon></Placemark>
      <Placemark><name>Patch (32,19)</name><styleUrl>#sugarStyle_0</styleUrl><Polygon><outerBoundaryIs><LinearRing><coordinates>-97.1276,49.8662,0 -97.11800000000001,49.8662,0 -97.11800000000001,49.8714,0 -97.1276,49.8714,0 -97.1276,49.8662,0</coordinates></LinearRing></outerBoundaryIs></Polygon></Placemark>
      <Placemark><name>Patch (33,19)</name><styleUrl>#sugarStyle_0</styleUrl><Polygon><outerBoundaryIs><LinearRing><coordinates>-97.11800000000001,49.8662,0 -97.1084,49.8662,0 -97.1084,49.8714,0 -97.11800000000001,49.8714,0 -97.11800000000001,49.8662,0</coordinates></LinearRing></outerBoundaryIs></Polygon></Placemark>
      <Placemark><name>Patch (34,19)</name><styleUrl>#sugarStyle_1</styleUrl><Polygon><outerBoundaryIs><LinearRing><coordinates>-97.1084,49.8662,0 -97.0988,49.8662,0 -97.0988,49.8714,0 -97.1084,49.8714,0 -97.1084,49.8662,0</coordinates></LinearRing></outerBoundaryIs></Polygon></Placemark>
      <Placemark><name>Patch (35,19)</name><styleUrl>#sugarStyle_1</styleUrl><Polygon><outerBoundaryIs><LinearRing><coordinates>-97.0988,49.8662,0 -97.0892,49.8662,0 -97.0892,49.8714,0 -97.0988,49.8714,0 -97.0988,49.8662,0</coordinates></LinearRing></outerBoundaryIs></Polygon></Placemark>
      <Placemark><name>Patch (36,19)</name><styleUrl>#sugarStyle_1</styleUrl><Polygon><outerBoundaryIs><LinearRing><coordinates>-97.0892,49.8662,0 -97.0796,49.8662,0 -97.0796,49.8714,0 -97.0892,49.8714,0 -97.0892,49.8662,0</coordinates></LinearRing></outerBoundaryIs></Polygon></Placemark>
      <Placemark><name>Patch (37,19)</name><styleUrl>#sugarStyle_1</styleUrl><Polygon><outerBoundaryIs><LinearRing><coordinates>-97.0796,49.8662,0 -97.07000000000001,49.8662,0 -97.07000000000001,49.8714,0 -97.0796,49.8714,0 -97.0796,49.8662,0</coordinates></LinearRing></outerBoundaryIs></Polygon></Placemark>
      <Placemark><name>Patch (38,19)</name><styleUrl>#sugarStyle_1</styleUrl><Polygon><outerBoundaryIs><LinearRing><coordinates>-97.07000000000001,49.8662,0 -97.0604,49.8662,0 -97.0604,49.8714,0 -97.07000000000001,49.8714,0 -97.07000000000001,49.8662,0</coordinates></LinearRing></outerBoundaryIs></Polygon></Placemark>
      <Placemark><name>Patch (39,19)</name><styleUrl>#sugarStyle_0</styleUrl><Polygon><outerBoundaryIs><LinearRing><coordinates>-97.0604,49.8662,0 -97.05080000000001,49.8662,0 -97.05080000000001,49.8714,0 -97.0604,49.8714,0 -97.0604,49.8662,0</coordinates></LinearRing></outerBoundaryIs></Polygon></Placemark>
      <Placemark><name>Patch (40,19)</name><styleUrl>#sugarStyle_1</styleUrl><Polygon><outerBoundaryIs><LinearRing><coordinates>-97.05080000000001,49.8662,0 -97.0412,49.8662,0 -97.0412,49.8714,0 -97.05080000000001,49.8714,0 -97.05080000000001,49.8662,0</coordinates></LinearRing></outerBoundaryIs></Polygon></Placemark>
      <Placemark><name>Patch (41,19)</name><styleUrl>#sugarStyle_1</styleUrl><Polygon><outerBoundaryIs><LinearRing><coordinates>-97.0412,49.8662,0 -97.0316,49.8662,0 -97.0316,49.8714,0 -97.0412,49.8714,0 -97.0412,49.8662,0</coordinates></LinearRing></outerBoundaryIs></Polygon></Placemark>
      <Placemark><name>Patch (42,19)</name><styleUrl>#sugarStyle_1</styleUrl><Polygon><outerBoundaryIs><LinearRing><coordinates>-97.0316,49.8662,0 -97.022,49.8662,0 -97.022,49.8714,0 -97.0316,49.8714,0 -97.0316,49.8662,0</coordinates></LinearRing></outerBoundaryIs></Polygon></Placemark>
      <Placemark><name>Patch (43,19)</name><styleUrl>#sugarStyle_1</styleUrl><Polygon><outerBoundaryIs><LinearRing><coordinates>-97.022,49.8662,0 -97.0124,49.8662,0 -97.0124,49.8714,0 -97.022,49.8714,0 -97.022,49.8662,0</coordinates></LinearRing></outerBoundaryIs></Polygon></Placemark>
      <Placemark><name>Patch (44,19)</name><styleUrl>#sugarStyle_0</styleUrl><Polygon><outerBoundaryIs><LinearRing><coordinates>-97.0124,49.8662,0 -97.00280000000001,49.8662,0 -97.00280000000001,49.8714,0 -97.0124,49.8714,0 -97.0124,49.8662,0</coordinates></LinearRing></outerBoundaryIs></Polygon></Placemark>
      <Placemark><name>Patch (45,19)</name><styleUrl>#sugarStyle_0</styleUrl><Polygon><outerBoundaryIs><LinearRing><coordinates>-97.00280000000001,49.8662,0 -96.9932,49.8662,0 -96.9932,49.8714,0 -97.00280000000001,49.8714,0 -97.00280000000001,49.8662,0</coordinates></LinearRing></outerBoundaryIs></Polygon></Placemark>
      <Placemark><name>Patch (46,19)</name><styleUrl>#sugarStyle_0</styleUrl><Polygon><outerBoundaryIs><LinearRing><coordinates>-96.9932,49.8662,0 -96.98360000000001,49.8662,0 -96.98360000000001,49.8714,0 -96.9932,49.8714,0 -96.9932,49.8662,0</coordinates></LinearRing></outerBoundaryIs></Polygon></Placemark>
      <Placemark><name>Patch (47,19)</name><styleUrl>#sugarStyle_0</styleUrl><Polygon><outerBoundaryIs><LinearRing><coordinates>-96.98360000000001,49.8662,0 -96.974,49.8662,0 -96.974,49.8714,0 -96.98360000000001,49.8714,0 -96.98360000000001,49.8662,0</coordinates></LinearRing></outerBoundaryIs></Polygon></Placemark>
      <Placemark><name>Patch (48,19)</name><styleUrl>#sugarStyle_0</styleUrl><Polygon><outerBoundaryIs><LinearRing><coordinates>-96.974,49.8662,0 -96.9644,49.8662,0 -96.9644,49.8714,0 -96.974,49.8714,0 -96.974,49.8662,0</coordinates></LinearRing></outerBoundaryIs></Polygon></Placemark>
      <Placemark><name>Patch (49,19)</name><styleUrl>#sugarStyle_0</styleUrl><Polygon><outerBoundaryIs><LinearRing><coordinates>-96.9644,49.8662,0 -96.9548,49.8662,0 -96.9548,49.8714,0 -96.9644,49.8714,0 -96.9644,49.8662,0</coordinates></LinearRing></outerBoundaryIs></Polygon></Placemark>
      <Placemark><name>Patch (50,19)</name><styleUrl>#sugarStyle_0</styleUrl><Polygon><outerBoundaryIs><LinearRing><coordinates>-96.9548,49.8662,0 -96.9452,49.8662,0 -96.9452,49.8714,0 -96.9548,49.8714,0 -96.9548,49.8662,0</coordinates></LinearRing></outerBoundaryIs></Polygon></Placemark>
      <Placemark><name>Patch (0,20)</name><styleUrl>#sugarStyle_0</styleUrl><Polygon><outerBoundaryIs><LinearRing><coordinates>-97.43480000000001,49.8714,0 -97.4252,49.8714,0 -97.4252,49.8766,0 -97.43480000000001,49.8766,0 -97.43480000000001,49.8714,0</coordinates></LinearRing></outerBoundaryIs></Polygon></Placemark>
      <Placemark><name>Patch (1,20)</name><styleUrl>#sugarStyle_0</styleUrl><Polygon><outerBoundaryIs><LinearRing><coordinates>-97.4252,49.8714,0 -97.41560000000001,49.8714,0 -97.41560000000001,49.8766,0 -97.4252,49.8766,0 -97.4252,49.8714,0</coordinates></LinearRing></outerBoundaryIs></Polygon></Placemark>
      <Placemark><name>Patch (2,20)</name><styleUrl>#sugarStyle_0</styleUrl><Polygon><outerBoundaryIs><LinearRing><coordinates>-97.41560000000001,49.8714,0 -97.406,49.8714,0 -97.406,49.8766,0 -97.41560000000001,49.8766,0 -97.41560000000001,49.8714,0</coordinates></LinearRing></outerBoundaryIs></Polygon></Placemark>
      <Placemark><name>Patch (3,20)</name><styleUrl>#sugarStyle_0</styleUrl><Polygon><outerBoundaryIs><LinearRing><coordinates>-97.406,49.8714,0 -97.3964,49.8714,0 -97.3964,49.8766,0 -97.406,49.8766,0 -97.406,49.8714,0</coordinates></LinearRing></outerBoundaryIs></Polygon></Placemark>
      <Placemark><name>Patch (4,20)</name><styleUrl>#sugarStyle_0</styleUrl><Polygon><outerBoundaryIs><LinearRing><coordinates>-97.3964,49.8714,0 -97.38680000000001,49.8714,0 -97.38680000000001,49.8766,0 -97.3964,49.8766,0 -97.3964,49.8714,0</coordinates></LinearRing></outerBoundaryIs></Polygon></Placemark>
      <Placemark><name>Patch (5,20)</name><styleUrl>#sugarStyle_0</styleUrl><Polygon><outerBoundaryIs><LinearRing><coordinates>-97.38680000000001,49.8714,0 -97.3772,49.8714,0 -97.3772,49.8766,0 -97.38680000000001,49.8766,0 -97.38680000000001,49.8714,0</coordinates></LinearRing></outerBoundaryIs></Polygon></Placemark>
      <Placemark><name>Patch (6,20)</name><styleUrl>#sugarStyle_0</styleUrl><Polygon><outerBoundaryIs><LinearRing><coordinates>-97.3772,49.8714,0 -97.36760000000001,49.8714,0 -97.36760000000001,49.8766,0 -97.3772,49.8766,0 -97.3772,49.8714,0</coordinates></LinearRing></outerBoundaryIs></Polygon></Placemark>
      <Placemark><name>Patch (7,20)</name><styleUrl>#sugarStyle_0</styleUrl><Polygon><outerBoundaryIs><LinearRing><coordinates>-97.36760000000001,49.8714,0 -97.358,49.8714,0 -97.358,49.8766,0 -97.36760000000001,49.8766,0 -97.36760000000001,49.8714,0</coordinates></LinearRing></outerBoundaryIs></Polygon></Placemark>
      <Placemark><name>Patch (8,20)</name><styleUrl>#sugarStyle_0</styleUrl><Polygon><outerBoundaryIs><LinearRing><coordinates>-97.358,49.8714,0 -97.34840000000001,49.8714,0 -97.34840000000001,49.8766,0 -97.358,49.8766,0 -97.358,49.8714,0</coordinates></LinearRing></outerBoundaryIs></Polygon></Placemark>
      <Placemark><name>Patch (9,20)</name><styleUrl>#sugarStyle_0</styleUrl><Polygon><outerBoundaryIs><LinearRing><coordinates>-97.34840000000001,49.8714,0 -97.3388,49.8714,0 -97.3388,49.8766,0 -97.34840000000001,49.8766,0 -97.34840000000001,49.8714,0</coordinates></LinearRing></outerBoundaryIs></Polygon></Placemark>
      <Placemark><name>Patch (10,20)</name><styleUrl>#sugarStyle_0</styleUrl><Polygon><outerBoundaryIs><LinearRing><coordinates>-97.3388,49.8714,0 -97.3292,49.8714,0 -97.3292,49.8766,0 -97.3388,49.8766,0 -97.3388,49.8714,0</coordinates></LinearRing></outerBoundaryIs></Polygon></Placemark>
      <Placemark><name>Patch (11,20)</name><styleUrl>#sugarStyle_0</styleUrl><Polygon><outerBoundaryIs><LinearRing><coordinates>-97.3292,49.8714,0 -97.31960000000001,49.8714,0 -97.31960000000001,49.8766,0 -97.3292,49.8766,0 -97.3292,49.8714,0</coordinates></LinearRing></outerBoundaryIs></Polygon></Placemark>
      <Placemark><name>Patch (12,20)</name><styleUrl>#sugarStyle_0</styleUrl><Polygon><outerBoundaryIs><LinearRing><coordinates>-97.31960000000001,49.8714,0 -97.31,49.8714,0 -97.31,49.8766,0 -97.31960000000001,49.8766,0 -97.31960000000001,49.8714,0</coordinates></LinearRing></outerBoundaryIs></Polygon></Placemark>
      <Placemark><name>Patch (13,20)</name><styleUrl>#sugarStyle_0</styleUrl><Polygon><outerBoundaryIs><LinearRing><coordinates>-97.31,49.8714,0 -97.30040000000001,49.8714,0 -97.30040000000001,49.8766,0 -97.31,49.8766,0 -97.31,49.8714,0</coordinates></LinearRing></outerBoundaryIs></Polygon></Placemark>
      <Placemark><name>Patch (14,20)</name><styleUrl>#sugarStyle_0</styleUrl><Polygon><outerBoundaryIs><LinearRing><coordinates>-97.30040000000001,49.8714,0 -97.2908,49.8714,0 -97.2908,49.8766,0 -97.30040000000001,49.8766,0 -97.30040000000001,49.8714,0</coordinates></LinearRing></outerBoundaryIs></Polygon></Placemark>
      <Placemark><name>Patch (15,20)</name><styleUrl>#sugarStyle_0</styleUrl><Polygon><outerBoundaryIs><LinearRing><coordinates>-97.2908,49.8714,0 -97.28120000000001,49.8714,0 -97.28120000000001,49.8766,0 -97.2908,49.8766,0 -97.2908,49.8714,0</coordinates></LinearRing></outerBoundaryIs></Polygon></Placemark>
      <Placemark><name>Patch (16,20)</name><styleUrl>#sugarStyle_0</styleUrl><Polygon><outerBoundaryIs><LinearRing><coordinates>-97.28120000000001,49.8714,0 -97.2716,49.8714,0 -97.2716,49.8766,0 -97.28120000000001,49.8766,0 -97.28120000000001,49.8714,0</coordinates></LinearRing></outerBoundaryIs></Polygon></Placemark>
      <Placemark><name>Patch (17,20)</name><styleUrl>#sugarStyle_0</styleUrl><Polygon><outerBoundaryIs><LinearRing><coordinates>-97.2716,49.8714,0 -97.262,49.8714,0 -97.262,49.8766,0 -97.2716,49.8766,0 -97.2716,49.8714,0</coordinates></LinearRing></outerBoundaryIs></Polygon></Placemark>
      <Placemark><name>Patch (18,20)</name><styleUrl>#sugarStyle_1</styleUrl><Polygon><outerBoundaryIs><LinearRing><coordinates>-97.262,49.8714,0 -97.25240000000001,49.8714,0 -97.25240000000001,49.8766,0 -97.262,49.8766,0 -97.262,49.8714,0</coordinates></LinearRing></outerBoundaryIs></Polygon></Placemark>
      <Placemark><name>Patch (19,20)</name><styleUrl>#sugarStyle_1</styleUrl><Polygon><outerBoundaryIs><LinearRing><coordinates>-97.25240000000001,49.8714,0 -97.2428,49.8714,0 -97.2428,49.8766,0 -97.25240000000001,49.8766,0 -97.25240000000001,49.8714,0</coordinates></LinearRing></outerBoundaryIs></Polygon></Placemark>
      <Placemark><name>Patch (20,20)</name><styleUrl>#sugarStyle_1</styleUrl><Polygon><outerBoundaryIs><LinearRing><coordinates>-97.2428,49.8714,0 -97.23320000000001,49.8714,0 -97.23320000000001,49.8766,0 -97.2428,49.8766,0 -97.2428,49.8714,0</coordinates></LinearRing></outerBoundaryIs></Polygon></Placemark>
      <Placemark><name>Patch (21,20)</name><styleUrl>#sugarStyle_1</styleUrl><Polygon><outerBoundaryIs><LinearRing><coordinates>-97.23320000000001,49.8714,0 -97.2236,49.8714,0 -97.2236,49.8766,0 -97.23320000000001,49.8766,0 -97.23320000000001,49.8714,0</coordinates></LinearRing></outerBoundaryIs></Polygon></Placemark>
      <Placemark><name>Patch (22,20)</name><styleUrl>#sugarStyle_2</styleUrl><Polygon><outerBoundaryIs><LinearRing><coordinates>-97.2236,49.8714,0 -97.214,49.8714,0 -97.214,49.8766,0 -97.2236,49.8766,0 -97.2236,49.8714,0</coordinates></LinearRing></outerBoundaryIs></Polygon></Placemark>
      <Placemark><name>Patch (23,20)</name><styleUrl>#sugarStyle_1</styleUrl><Polygon><outerBoundaryIs><LinearRing><coordinates>-97.214,49.8714,0 -97.2044,49.8714,0 -97.2044,49.8766,0 -97.214,49.8766,0 -97.214,49.8714,0</coordinates></LinearRing></outerBoundaryIs></Polygon></Placemark>
      <Placemark><name>Patch (24,20)</name><styleUrl>#sugarStyle_1</styleUrl><Polygon><outerBoundaryIs><LinearRing><coordinates>-97.2044,49.8714,0 -97.1948,49.8714,0 -97.1948,49.8766,0 -97.2044,49.8766,0 -97.2044,49.8714,0</coordinates></LinearRing></outerBoundaryIs></Polygon></Placemark>
      <Placemark><name>Patch (25,20)</name><styleUrl>#sugarStyle_2</styleUrl><Polygon><outerBoundaryIs><LinearRing><coordinates>-97.1948,49.8714,0 -97.18520000000001,49.8714,0 -97.18520000000001,49.8766,0 -97.1948,49.8766,0 -97.1948,49.8714,0</coordinates></LinearRing></outerBoundaryIs></Polygon></Placemark>
      <Placemark><name>Patch (26,20)</name><styleUrl>#sugarStyle_2</styleUrl><Polygon><outerBoundaryIs><LinearRing><coordinates>-97.18520000000001,49.8714,0 -97.1756,49.8714,0 -97.1756,49.8766,0 -97.18520000000001,49.8766,0 -97.18520000000001,49.8714,0</coordinates></LinearRing></outerBoundaryIs></Polygon></Placemark>
      <Placemark><name>Patch (27,20)</name><styleUrl>#sugarStyle_0</styleUrl><Polygon><outerBoundaryIs><LinearRing><coordinates>-97.1756,49.8714,0 -97.16600000000001,49.8714,0 -97.16600000000001,49.8766,0 -97.1756,49.8766,0 -97.1756,49.8714,0</coordinates></LinearRing></outerBoundaryIs></Polygon></Placemark>
      <Placemark><name>Patch (28,20)</name><styleUrl>#sugarStyle_1</styleUrl><Polygon><outerBoundaryIs><LinearRing><coordinates>-97.16600000000001,49.8714,0 -97.1564,49.8714,0 -97.1564,49.8766,0 -97.16600000000001,49.8766,0 -97.16600000000001,49.8714,0</coordinates></LinearRing></outerBoundaryIs></Polygon></Placemark>
      <Placemark><name>Patch (29,20)</name><styleUrl>#sugarStyle_0</styleUrl><Polygon><outerBoundaryIs><LinearRing><coordinates>-97.1564,49.8714,0 -97.1468,49.8714,0 -97.1468,49.8766,0 -97.1564,49.8766,0 -97.1564,49.8714,0</coordinates></LinearRing></outerBoundaryIs></Polygon></Placemark>
      <Placemark><name>Patch (30,20)</name><styleUrl>#sugarStyle_1</styleUrl><Polygon><outerBoundaryIs><LinearRing><coordinates>-97.1468,49.8714,0 -97.1372,49.8714,0 -97.1372,49.8766,0 -97.1468,49.8766,0 -97.1468,49.8714,0</coordinates></LinearRing></outerBoundaryIs></Polygon></Placemark>
      <Placemark><name>Patch (31,20)</name><styleUrl>#sugarStyle_0</styleUrl><Polygon><outerBoundaryIs><LinearRing><coordinates>-97.1372,49.8714,0 -97.1276,49.8714,0 -97.1276,49.8766,0 -97.1372,49.8766,0 -97.1372,49.8714,0</coordinates></LinearRing></outerBoundaryIs></Polygon></Placemark>
      <Placemark><name>Patch (32,20)</name><styleUrl>#sugarStyle_1</styleUrl><Polygon><outerBoundaryIs><LinearRing><coordinates>-97.1276,49.8714,0 -97.11800000000001,49.8714,0 -97.11800000000001,49.8766,0 -97.1276,49.8766,0 -97.1276,49.8714,0</coordinates></LinearRing></outerBoundaryIs></Polygon></Placemark>
      <Placemark><name>Patch (33,20)</name><styleUrl>#sugarStyle_1</styleUrl><Polygon><outerBoundaryIs><LinearRing><coordinates>-97.11800000000001,49.8714,0 -97.1084,49.8714,0 -97.1084,49.8766,0 -97.11800000000001,49.8766,0 -97.11800000000001,49.8714,0</coordinates></LinearRing></outerBoundaryIs></Polygon></Placemark>
      <Placemark><name>Patch (34,20)</name><styleUrl>#sugarStyle_1</styleUrl><Polygon><outerBoundaryIs><LinearRing><coordinates>-97.1084,49.8714,0 -97.0988,49.8714,0 -97.0988,49.8766,0 -97.1084,49.8766,0 -97.1084,49.8714,0</coordinates></LinearRing></outerBoundaryIs></Polygon></Placemark>
      <Placemark><name>Patch (35,20)</name><styleUrl>#sugarStyle_0</styleUrl><Polygon><outerBoundaryIs><LinearRing><coordinates>-97.0988,49.8714,0 -97.0892,49.8714,0 -97.0892,49.8766,0 -97.0988,49.8766,0 -97.0988,49.8714,0</coordinates></LinearRing></outerBoundaryIs></Polygon></Placemark>
      <Placemark><name>Patch (36,20)</name><styleUrl>#sugarStyle_0</styleUrl><Polygon><outerBoundaryIs><LinearRing><coordinates>-97.0892,49.8714,0 -97.0796,49.8714,0 -97.0796,49.8766,0 -97.0892,49.8766,0 -97.0892,49.8714,0</coordinates></LinearRing></outerBoundaryIs></Polygon></Placemark>
      <Placemark><name>Patch (37,20)</name><styleUrl>#sugarStyle_0</styleUrl><Polygon><outerBoundaryIs><LinearRing><coordinates>-97.0796,49.8714,0 -97.07000000000001,49.8714,0 -97.07000000000001,49.8766,0 -97.0796,49.8766,0 -97.0796,49.8714,0</coordinates></LinearRing></outerBoundaryIs></Polygon></Placemark>
      <Placemark><name>Patch (38,20)</name><styleUrl>#sugarStyle_0</styleUrl><Polygon><outerBoundaryIs><LinearRing><coordinates>-97.07000000000001,49.8714,0 -97.0604,49.8714,0 -97.0604,49.8766,0 -97.07000000000001,49.8766,0 -97.07000000000001,49.8714,0</coordinates></LinearRing></outerBoundaryIs></Polygon></Placemark>
      <Placemark><name>Patch (39,20)</name><styleUrl>#sugarStyle_1</styleUrl><Polygon><outerBoundaryIs><LinearRing><coordinates>-97.0604,49.8714,0 -97.05080000000001,49.8714,0 -97.05080000000001,49.8766,0 -97.0604,49.8766,0 -97.0604,49.8714,0</coordinates></LinearRing></outerBoundaryIs></Polygon></Placemark>
      <Placemark><name>Patch (40,20)</name><styleUrl>#sugarStyle_1</styleUrl><Polygon><outerBoundaryIs><LinearRing><coordinates>-97.05080000000001,49.8714,0 -97.0412,49.8714,0 -97.0412,49.8766,0 -97.05080000000001,49.8766,0 -97.05080000000001,49.8714,0</coordinates></LinearRing></outerBoundaryIs></Polygon></Placemark>
      <Placemark><name>Patch (41,20)</name><styleUrl>#sugarStyle_1</styleUrl><Polygon><outerBoundaryIs><LinearRing><coordinates>-97.0412,49.8714,0 -97.0316,49.8714,0 -97.0316,49.8766,0 -97.0412,49.8766,0 -97.0412,49.8714,0</coordinates></LinearRing></outerBoundaryIs></Polygon></Placemark>
      <Placemark><name>Patch (42,20)</name><styleUrl>#sugarStyle_0</styleUrl><Polygon><outerBoundaryIs><LinearRing><coordinates>-97.0316,49.8714,0 -97.022,49.8714,0 -97.022,49.8766,0 -97.0316,49.8766,0 -97.0316,49.8714,0</coordinates></LinearRing></outerBoundaryIs></Polygon></Placemark>
      <Placemark><name>Patch (43,20)</name><styleUrl>#sugarStyle_1</styleUrl><Polygon><outerBoundaryIs><LinearRing><coordinates>-97.022,49.8714,0 -97.0124,49.8714,0 -97.0124,49.8766,0 -97.022,49.8766,0 -97.022,49.8714,0</coordinates></LinearRing></outerBoundaryIs></Polygon></Placemark>
      <Placemark><name>Patch (44,20)</name><styleUrl>#sugarStyle_0</styleUrl><Polygon><outerBoundaryIs><LinearRing><coordinates>-97.0124,49.8714,0 -97.00280000000001,49.8714,0 -97.00280000000001,49.8766,0 -97.0124,49.8766,0 -97.0124,49.8714,0</coordinates></LinearRing></outerBoundaryIs></Polygon></Placemark>
      <Placemark><name>Patch (45,20)</name><styleUrl>#sugarStyle_0</styleUrl><Polygon><outerBoundaryIs><LinearRing><coordinates>-97.00280000000001,49.8714,0 -96.9932,49.8714,0 -96.9932,49.8766,0 -97.00280000000001,49.8766,0 -97.00280000000001,49.8714,0</coordinates></LinearRing></outerBoundaryIs></Polygon></Placemark>
      <Placemark><name>Patch (46,20)</name><styleUrl>#sugarStyle_0</styleUrl><Polygon><outerBoundaryIs><LinearRing><coordinates>-96.9932,49.8714,0 -96.98360000000001,49.8714,0 -96.98360000000001,49.8766,0 -96.9932,49.8766,0 -96.9932,49.8714,0</coordinates></LinearRing></outerBoundaryIs></Polygon></Placemark>
      <Placemark><name>Patch (47,20)</name><styleUrl>#sugarStyle_0</styleUrl><Polygon><outerBoundaryIs><LinearRing><coordinates>-96.98360000000001,49.8714,0 -96.974,49.8714,0 -96.974,49.8766,0 -96.98360000000001,49.8766,0 -96.98360000000001,49.8714,0</coordinates></LinearRing></outerBoundaryIs></Polygon></Placemark>
      <Placemark><name>Patch (48,20)</name><styleUrl>#sugarStyle_0</styleUrl><Polygon><outerBoundaryIs><LinearRing><coordinates>-96.974,49.8714,0 -96.9644,49.8714,0 -96.9644,49.8766,0 -96.974,49.8766,0 -96.974,49.8714,0</coordinates></LinearRing></outerBoundaryIs></Polygon></Placemark>
      <Placemark><name>Patch (49,20)</name><styleUrl>#sugarStyle_0</styleUrl><Polygon><outerBoundaryIs><LinearRing><coordinates>-96.9644,49.8714,0 -96.9548,49.8714,0 -96.9548,49.8766,0 -96.9644,49.8766,0 -96.9644,49.8714,0</coordinates></LinearRing></outerBoundaryIs></Polygon></Placemark>
      <Placemark><name>Patch (50,20)</name><styleUrl>#sugarStyle_0</styleUrl><Polygon><outerBoundaryIs><LinearRing><coordinates>-96.9548,49.8714,0 -96.9452,49.8714,0 -96.9452,49.8766,0 -96.9548,49.8766,0 -96.9548,49.8714,0</coordinates></LinearRing></outerBoundaryIs></Polygon></Placemark>
      <Placemark><name>Patch (0,21)</name><styleUrl>#sugarStyle_0</styleUrl><Polygon><outerBoundaryIs><LinearRing><coordinates>-97.43480000000001,49.8766,0 -97.4252,49.8766,0 -97.4252,49.881800000000005,0 -97.43480000000001,49.881800000000005,0 -97.43480000000001,49.8766,0</coordinates></LinearRing></outerBoundaryIs></Polygon></Placemark>
      <Placemark><name>Patch (1,21)</name><styleUrl>#sugarStyle_0</styleUrl><Polygon><outerBoundaryIs><LinearRing><coordinates>-97.4252,49.8766,0 -97.41560000000001,49.8766,0 -97.41560000000001,49.881800000000005,0 -97.4252,49.881800000000005,0 -97.4252,49.8766,0</coordinates></LinearRing></outerBoundaryIs></Polygon></Placemark>
      <Placemark><name>Patch (2,21)</name><styleUrl>#sugarStyle_0</styleUrl><Polygon><outerBoundaryIs><LinearRing><coordinates>-97.41560000000001,49.8766,0 -97.406,49.8766,0 -97.406,49.881800000000005,0 -97.41560000000001,49.881800000000005,0 -97.41560000000001,49.8766,0</coordinates></LinearRing></outerBoundaryIs></Polygon></Placemark>
      <Placemark><name>Patch (3,21)</name><styleUrl>#sugarStyle_0</styleUrl><Polygon><outerBoundaryIs><LinearRing><coordinates>-97.406,49.8766,0 -97.3964,49.8766,0 -97.3964,49.881800000000005,0 -97.406,49.881800000000005,0 -97.406,49.8766,0</coordinates></LinearRing></outerBoundaryIs></Polygon></Placemark>
      <Placemark><name>Patch (4,21)</name><styleUrl>#sugarStyle_0</styleUrl><Polygon><outerBoundaryIs><LinearRing><coordinates>-97.3964,49.8766,0 -97.38680000000001,49.8766,0 -97.38680000000001,49.881800000000005,0 -97.3964,49.881800000000005,0 -97.3964,49.8766,0</coordinates></LinearRing></outerBoundaryIs></Polygon></Placemark>
      <Placemark><name>Patch (5,21)</name><styleUrl>#sugarStyle_0</styleUrl><Polygon><outerBoundaryIs><LinearRing><coordinates>-97.38680000000001,49.8766,0 -97.3772,49.8766,0 -97.3772,49.881800000000005,0 -97.38680000000001,49.881800000000005,0 -97.38680000000001,49.8766,0</coordinates></LinearRing></outerBoundaryIs></Polygon></Placemark>
      <Placemark><name>Patch (6,21)</name><styleUrl>#sugarStyle_0</styleUrl><Polygon><outerBoundaryIs><LinearRing><coordinates>-97.3772,49.8766,0 -97.36760000000001,49.8766,0 -97.36760000000001,49.881800000000005,0 -97.3772,49.881800000000005,0 -97.3772,49.8766,0</coordinates></LinearRing></outerBoundaryIs></Polygon></Placemark>
      <Placemark><name>Patch (7,21)</name><styleUrl>#sugarStyle_0</styleUrl><Polygon><outerBoundaryIs><LinearRing><coordinates>-97.36760000000001,49.8766,0 -97.358,49.8766,0 -97.358,49.881800000000005,0 -97.36760000000001,49.881800000000005,0 -97.36760000000001,49.8766,0</coordinates></LinearRing></outerBoundaryIs></Polygon></Placemark>
      <Placemark><name>Patch (8,21)</name><styleUrl>#sugarStyle_0</styleUrl><Polygon><outerBoundaryIs><LinearRing><coordinates>-97.358,49.8766,0 -97.34840000000001,49.8766,0 -97.34840000000001,49.881800000000005,0 -97.358,49.881800000000005,0 -97.358,49.8766,0</coordinates></LinearRing></outerBoundaryIs></Polygon></Placemark>
      <Placemark><name>Patch (9,21)</name><styleUrl>#sugarStyle_0</styleUrl><Polygon><outerBoundaryIs><LinearRing><coordinates>-97.34840000000001,49.8766,0 -97.3388,49.8766,0 -97.3388,49.881800000000005,0 -97.34840000000001,49.881800000000005,0 -97.34840000000001,49.8766,0</coordinates></LinearRing></outerBoundaryIs></Polygon></Placemark>
      <Placemark><name>Patch (10,21)</name><styleUrl>#sugarStyle_0</styleUrl><Polygon><outerBoundaryIs><LinearRing><coordinates>-97.3388,49.8766,0 -97.3292,49.8766,0 -97.3292,49.881800000000005,0 -97.3388,49.881800000000005,0 -97.3388,49.8766,0</coordinates></LinearRing></outerBoundaryIs></Polygon></Placemark>
      <Placemark><name>Patch (11,21)</name><styleUrl>#sugarStyle_0</styleUrl><Polygon><outerBoundaryIs><LinearRing><coordinates>-97.3292,49.8766,0 -97.31960000000001,49.8766,0 -97.31960000000001,49.881800000000005,0 -97.3292,49.881800000000005,0 -97.3292,49.8766,0</coordinates></LinearRing></outerBoundaryIs></Polygon></Placemark>
      <Placemark><name>Patch (12,21)</name><styleUrl>#sugarStyle_0</styleUrl><Polygon><outerBoundaryIs><LinearRing><coordinates>-97.31960000000001,49.8766,0 -97.31,49.8766,0 -97.31,49.881800000000005,0 -97.31960000000001,49.881800000000005,0 -97.31960000000001,49.8766,0</coordinates></LinearRing></outerBoundaryIs></Polygon></Placemark>
      <Placemark><name>Patch (13,21)</name><styleUrl>#sugarStyle_0</styleUrl><Polygon><outerBoundaryIs><LinearRing><coordinates>-97.31,49.8766,0 -97.30040000000001,49.8766,0 -97.30040000000001,49.881800000000005,0 -97.31,49.881800000000005,0 -97.31,49.8766,0</coordinates></LinearRing></outerBoundaryIs></Polygon></Placemark>
      <Placemark><name>Patch (14,21)</name><styleUrl>#sugarStyle_0</styleUrl><Polygon><outerBoundaryIs><LinearRing><coordinates>-97.30040000000001,49.8766,0 -97.2908,49.8766,0 -97.2908,49.881800000000005,0 -97.30040000000001,49.881800000000005,0 -97.30040000000001,49.8766,0</coordinates></LinearRing></outerBoundaryIs></Polygon></Placemark>
      <Placemark><name>Patch (15,21)</name><styleUrl>#sugarStyle_0</styleUrl><Polygon><outerBoundaryIs><LinearRing><coordinates>-97.2908,49.8766,0 -97.28120000000001,49.8766,0 -97.28120000000001,49.881800000000005,0 -97.2908,49.881800000000005,0 -97.2908,49.8766,0</coordinates></LinearRing></outerBoundaryIs></Polygon></Placemark>
      <Placemark><name>Patch (16,21)</name><styleUrl>#sugarStyle_0</styleUrl><Polygon><outerBoundaryIs><LinearRing><coordinates>-97.28120000000001,49.8766,0 -97.2716,49.8766,0 -97.2716,49.881800000000005,0 -97.28120000000001,49.881800000000005,0 -97.28120000000001,49.8766,0</coordinates></LinearRing></outerBoundaryIs></Polygon></Placemark>
      <Placemark><name>Patch (17,21)</name><styleUrl>#sugarStyle_0</styleUrl><Polygon><outerBoundaryIs><LinearRing><coordinates>-97.2716,49.8766,0 -97.262,49.8766,0 -97.262,49.881800000000005,0 -97.2716,49.881800000000005,0 -97.2716,49.8766,0</coordinates></LinearRing></outerBoundaryIs></Polygon></Placemark>
      <Placemark><name>Patch (18,21)</name><styleUrl>#sugarStyle_1</styleUrl><Polygon><outerBoundaryIs><LinearRing><coordinates>-97.262,49.8766,0 -97.25240000000001,49.8766,0 -97.25240000000001,49.881800000000005,0 -97.262,49.881800000000005,0 -97.262,49.8766,0</coordinates></LinearRing></outerBoundaryIs></Polygon></Placemark>
      <Placemark><name>Patch (19,21)</name><styleUrl>#sugarStyle_1</styleUrl><Polygon><outerBoundaryIs><LinearRing><coordinates>-97.25240000000001,49.8766,0 -97.2428,49.8766,0 -97.2428,49.881800000000005,0 -97.25240000000001,49.881800000000005,0 -97.25240000000001,49.8766,0</coordinates></LinearRing></outerBoundaryIs></Polygon></Placemark>
      <Placemark><name>Patch (20,21)</name><styleUrl>#sugarStyle_1</styleUrl><Polygon><outerBoundaryIs><LinearRing><coordinates>-97.2428,49.8766,0 -97.23320000000001,49.8766,0 -97.23320000000001,49.881800000000005,0 -97.2428,49.881800000000005,0 -97.2428,49.8766,0</coordinates></LinearRing></outerBoundaryIs></Polygon></Placemark>
      <Placemark><name>Patch (21,21)</name><styleUrl>#sugarStyle_1</styleUrl><Polygon><outerBoundaryIs><LinearRing><coordinates>-97.23320000000001,49.8766,0 -97.2236,49.8766,0 -97.2236,49.881800000000005,0 -97.23320000000001,49.881800000000005,0 -97.23320000000001,49.8766,0</coordinates></LinearRing></outerBoundaryIs></Polygon></Placemark>
      <Placemark><name>Patch (22,21)</name><styleUrl>#sugarStyle_2</styleUrl><Polygon><outerBoundaryIs><LinearRing><coordinates>-97.2236,49.8766,0 -97.214,49.8766,0 -97.214,49.881800000000005,0 -97.2236,49.881800000000005,0 -97.2236,49.8766,0</coordinates></LinearRing></outerBoundaryIs></Polygon></Placemark>
      <Placemark><name>Patch (23,21)</name><styleUrl>#sugarStyle_0</styleUrl><Polygon><outerBoundaryIs><LinearRing><coordinates>-97.214,49.8766,0 -97.2044,49.8766,0 -97.2044,49.881800000000005,0 -97.214,49.881800000000005,0 -97.214,49.8766,0</coordinates></LinearRing></outerBoundaryIs></Polygon></Placemark>
      <Placemark><name>Patch (24,21)</name><styleUrl>#sugarStyle_0</styleUrl><Polygon><outerBoundaryIs><LinearRing><coordinates>-97.2044,49.8766,0 -97.1948,49.8766,0 -97.1948,49.881800000000005,0 -97.2044,49.881800000000005,0 -97.2044,49.8766,0</coordinates></LinearRing></outerBoundaryIs></Polygon></Placemark>
      <Placemark><name>Patch (25,21)</name><styleUrl>#sugarStyle_2</styleUrl><Polygon><outerBoundaryIs><LinearRing><coordinates>-97.1948,49.8766,0 -97.18520000000001,49.8766,0 -97.18520000000001,49.881800000000005,0 -97.1948,49.881800000000005,0 -97.1948,49.8766,0</coordinates></LinearRing></outerBoundaryIs></Polygon></Placemark>
      <Placemark><name>Patch (26,21)</name><styleUrl>#sugarStyle_0</styleUrl><Polygon><outerBoundaryIs><LinearRing><coordinates>-97.18520000000001,49.8766,0 -97.1756,49.8766,0 -97.1756,49.881800000000005,0 -97.18520000000001,49.881800000000005,0 -97.18520000000001,49.8766,0</coordinates></LinearRing></outerBoundaryIs></Polygon></Placemark>
      <Placemark><name>Patch (27,21)</name><styleUrl>#sugarStyle_1</styleUrl><Polygon><outerBoundaryIs><LinearRing><coordinates>-97.1756,49.8766,0 -97.16600000000001,49.8766,0 -97.16600000000001,49.881800000000005,0 -97.1756,49.881800000000005,0 -97.1756,49.8766,0</coordinates></LinearRing></outerBoundaryIs></Polygon></Placemark>
      <Placemark><name>Patch (28,21)</name><styleUrl>#sugarStyle_0</styleUrl><Polygon><outerBoundaryIs><LinearRing><coordinates>-97.16600000000001,49.8766,0 -97.1564,49.8766,0 -97.1564,49.881800000000005,0 -97.16600000000001,49.881800000000005,0 -97.16600000000001,49.8766,0</coordinates></LinearRing></outerBoundaryIs></Polygon></Placemark>
      <Placemark><name>Patch (29,21)</name><styleUrl>#sugarStyle_1</styleUrl><Polygon><outerBoundaryIs><LinearRing><coordinates>-97.1564,49.8766,0 -97.1468,49.8766,0 -97.1468,49.881800000000005,0 -97.1564,49.881800000000005,0 -97.1564,49.8766,0</coordinates></LinearRing></outerBoundaryIs></Polygon></Placemark>
      <Placemark><name>Patch (30,21)</name><styleUrl>#sugarStyle_0</styleUrl><Polygon><outerBoundaryIs><LinearRing><coordinates>-97.1468,49.8766,0 -97.1372,49.8766,0 -97.1372,49.881800000000005,0 -97.1468,49.881800000000005,0 -97.1468,49.8766,0</coordinates></LinearRing></outerBoundaryIs></Polygon></Placemark>
      <Placemark><name>Patch (31,21)</name><styleUrl>#sugarStyle_2</styleUrl><Polygon><outerBoundaryIs><LinearRing><coordinates>-97.1372,49.8766,0 -97.1276,49.8766,0 -97.1276,49.881800000000005,0 -97.1372,49.881800000000005,0 -97.1372,49.8766,0</coordinates></LinearRing></outerBoundaryIs></Polygon></Placemark>
      <Placemark><name>Patch (32,21)</name><styleUrl>#sugarStyle_0</styleUrl><Polygon><outerBoundaryIs><LinearRing><coordinates>-97.1276,49.8766,0 -97.11800000000001,49.8766,0 -97.11800000000001,49.881800000000005,0 -97.1276,49.881800000000005,0 -97.1276,49.8766,0</coordinates></LinearRing></outerBoundaryIs></Polygon></Placemark>
      <Placemark><name>Patch (33,21)</name><styleUrl>#sugarStyle_1</styleUrl><Polygon><outerBoundaryIs><LinearRing><coordinates>-97.11800000000001,49.8766,0 -97.1084,49.8766,0 -97.1084,49.881800000000005,0 -97.11800000000001,49.881800000000005,0 -97.11800000000001,49.8766,0</coordinates></LinearRing></outerBoundaryIs></Polygon></Placemark>
      <Placemark><name>Patch (34,21)</name><styleUrl>#sugarStyle_1</styleUrl><Polygon><outerBoundaryIs><LinearRing><coordinates>-97.1084,49.8766,0 -97.0988,49.8766,0 -97.0988,49.881800000000005,0 -97.1084,49.881800000000005,0 -97.1084,49.8766,0</coordinates></LinearRing></outerBoundaryIs></Polygon></Placemark>
      <Placemark><name>Patch (35,21)</name><styleUrl>#sugarStyle_0</styleUrl><Polygon><outerBoundaryIs><LinearRing><coordinates>-97.0988,49.8766,0 -97.0892,49.8766,0 -97.0892,49.881800000000005,0 -97.0988,49.881800000000005,0 -97.0988,49.8766,0</coordinates></LinearRing></outerBoundaryIs></Polygon></Placemark>
      <Placemark><name>Patch (36,21)</name><styleUrl>#sugarStyle_1</styleUrl><Polygon><outerBoundaryIs><LinearRing><coordinates>-97.0892,49.8766,0 -97.0796,49.8766,0 -97.0796,49.881800000000005,0 -97.0892,49.881800000000005,0 -97.0892,49.8766,0</coordinates></LinearRing></outerBoundaryIs></Polygon></Placemark>
      <Placemark><name>Patch (37,21)</name><styleUrl>#sugarStyle_1</styleUrl><Polygon><outerBoundaryIs><LinearRing><coordinates>-97.0796,49.8766,0 -97.07000000000001,49.8766,0 -97.07000000000001,49.881800000000005,0 -97.0796,49.881800000000005,0 -97.0796,49.8766,0</coordinates></LinearRing></outerBoundaryIs></Polygon></Placemark>
      <Placemark><name>Patch (38,21)</name><styleUrl>#sugarStyle_1</styleUrl><Polygon><outerBoundaryIs><LinearRing><coordinates>-97.07000000000001,49.8766,0 -97.0604,49.8766,0 -97.0604,49.881800000000005,0 -97.07000000000001,49.881800000000005,0 -97.07000000000001,49.8766,0</coordinates></LinearRing></outerBoundaryIs></Polygon></Placemark>
      <Placemark><name>Patch (39,21)</name><styleUrl>#sugarStyle_0</styleUrl><Polygon><outerBoundaryIs><LinearRing><coordinates>-97.0604,49.8766,0 -97.05080000000001,49.8766,0 -97.05080000000001,49.881800000000005,0 -97.0604,49.881800000000005,0 -97.0604,49.8766,0</coordinates></LinearRing></outerBoundaryIs></Polygon></Placemark>
      <Placemark><name>Patch (40,21)</name><styleUrl>#sugarStyle_2</styleUrl><Polygon><outerBoundaryIs><LinearRing><coordinates>-97.05080000000001,49.8766,0 -97.0412,49.8766,0 -97.0412,49.881800000000005,0 -97.05080000000001,49.881800000000005,0 -97.05080000000001,49.8766,0</coordinates></LinearRing></outerBoundaryIs></Polygon></Placemark>
      <Placemark><name>Patch (41,21)</name><styleUrl>#sugarStyle_1</styleUrl><Polygon><outerBoundaryIs><LinearRing><coordinates>-97.0412,49.8766,0 -97.0316,49.8766,0 -97.0316,49.881800000000005,0 -97.0412,49.881800000000005,0 -97.0412,49.8766,0</coordinates></LinearRing></outerBoundaryIs></Polygon></Placemark>
      <Placemark><name>Patch (42,21)</name><styleUrl>#sugarStyle_1</styleUrl><Polygon><outerBoundaryIs><LinearRing><coordinates>-97.0316,49.8766,0 -97.022,49.8766,0 -97.022,49.881800000000005,0 -97.0316,49.881800000000005,0 -97.0316,49.8766,0</coordinates></LinearRing></outerBoundaryIs></Polygon></Placemark>
      <Placemark><name>Patch (43,21)</name><styleUrl>#sugarStyle_1</styleUrl><Polygon><outerBoundaryIs><LinearRing><coordinates>-97.022,49.8766,0 -97.0124,49.8766,0 -97.0124,49.881800000000005,0 -97.022,49.881800000000005,0 -97.022,49.8766,0</coordinates></LinearRing></outerBoundaryIs></Polygon></Placemark>
      <Placemark><name>Patch (44,21)</name><styleUrl>#sugarStyle_0</styleUrl><Polygon><outerBoundaryIs><LinearRing><coordinates>-97.0124,49.8766,0 -97.00280000000001,49.8766,0 -97.00280000000001,49.881800000000005,0 -97.0124,49.881800000000005,0 -97.0124,49.8766,0</coordinates></LinearRing></outerBoundaryIs></Polygon></Placemark>
      <Placemark><name>Patch (45,21)</name><styleUrl>#sugarStyle_0</styleUrl><Polygon><outerBoundaryIs><LinearRing><coordinates>-97.00280000000001,49.8766,0 -96.9932,49.8766,0 -96.9932,49.881800000000005,0 -97.00280000000001,49.881800000000005,0 -97.00280000000001,49.8766,0</coordinates></LinearRing></outerBoundaryIs></Polygon></Placemark>
      <Placemark><name>Patch (46,21)</name><styleUrl>#sugarStyle_0</styleUrl><Polygon><outerBoundaryIs><LinearRing><coordinates>-96.9932,49.8766,0 -96.98360000000001,49.8766,0 -96.98360000000001,49.881800000000005,0 -96.9932,49.881800000000005,0 -96.9932,49.8766,0</coordinates></LinearRing></outerBoundaryIs></Polygon></Placemark>
      <Placemark><name>Patch (47,21)</name><styleUrl>#sugarStyle_0</styleUrl><Polygon><outerBoundaryIs><LinearRing><coordinates>-96.98360000000001,49.8766,0 -96.974,49.8766,0 -96.974,49.881800000000005,0 -96.98360000000001,49.881800000000005,0 -96.98360000000001,49.8766,0</coordinates></LinearRing></outerBoundaryIs></Polygon></Placemark>
      <Placemark><name>Patch (48,21)</name><styleUrl>#sugarStyle_0</styleUrl><Polygon><outerBoundaryIs><LinearRing><coordinates>-96.974,49.8766,0 -96.9644,49.8766,0 -96.9644,49.881800000000005,0 -96.974,49.881800000000005,0 -96.974,49.8766,0</coordinates></LinearRing></outerBoundaryIs></Polygon></Placemark>
      <Placemark><name>Patch (49,21)</name><styleUrl>#sugarStyle_0</styleUrl><Polygon><outerBoundaryIs><LinearRing><coordinates>-96.9644,49.8766,0 -96.9548,49.8766,0 -96.9548,49.881800000000005,0 -96.9644,49.881800000000005,0 -96.9644,49.8766,0</coordinates></LinearRing></outerBoundaryIs></Polygon></Placemark>
      <Placemark><name>Patch (50,21)</name><styleUrl>#sugarStyle_0</styleUrl><Polygon><outerBoundaryIs><LinearRing><coordinates>-96.9548,49.8766,0 -96.9452,49.8766,0 -96.9452,49.881800000000005,0 -96.9548,49.881800000000005,0 -96.9548,49.8766,0</coordinates></LinearRing></outerBoundaryIs></Polygon></Placemark>
      <Placemark><name>Patch (0,22)</name><styleUrl>#sugarStyle_0</styleUrl><Polygon><outerBoundaryIs><LinearRing><coordinates>-97.43480000000001,49.881800000000005,0 -97.4252,49.881800000000005,0 -97.4252,49.887,0 -97.43480000000001,49.887,0 -97.43480000000001,49.881800000000005,0</coordinates></LinearRing></outerBoundaryIs></Polygon></Placemark>
      <Placemark><name>Patch (1,22)</name><styleUrl>#sugarStyle_0</styleUrl><Polygon><outerBoundaryIs><LinearRing><coordinates>-97.4252,49.881800000000005,0 -97.41560000000001,49.881800000000005,0 -97.41560000000001,49.887,0 -97.4252,49.887,0 -97.4252,49.881800000000005,0</coordinates></LinearRing></outerBoundaryIs></Polygon></Placemark>
      <Placemark><name>Patch (2,22)</name><styleUrl>#sugarStyle_0</styleUrl><Polygon><outerBoundaryIs><LinearRing><coordinates>-97.41560000000001,49.881800000000005,0 -97.406,49.881800000000005,0 -97.406,49.887,0 -97.41560000000001,49.887,0 -97.41560000000001,49.881800000000005,0</coordinates></LinearRing></outerBoundaryIs></Polygon></Placemark>
      <Placemark><name>Patch (3,22)</name><styleUrl>#sugarStyle_0</styleUrl><Polygon><outerBoundaryIs><LinearRing><coordinates>-97.406,49.881800000000005,0 -97.3964,49.881800000000005,0 -97.3964,49.887,0 -97.406,49.887,0 -97.406,49.881800000000005,0</coordinates></LinearRing></outerBoundaryIs></Polygon></Placemark>
      <Placemark><name>Patch (4,22)</name><styleUrl>#sugarStyle_0</styleUrl><Polygon><outerBoundaryIs><LinearRing><coordinates>-97.3964,49.881800000000005,0 -97.38680000000001,49.881800000000005,0 -97.38680000000001,49.887,0 -97.3964,49.887,0 -97.3964,49.881800000000005,0</coordinates></LinearRing></outerBoundaryIs></Polygon></Placemark>
      <Placemark><name>Patch (5,22)</name><styleUrl>#sugarStyle_0</styleUrl><Polygon><outerBoundaryIs><LinearRing><coordinates>-97.38680000000001,49.881800000000005,0 -97.3772,49.881800000000005,0 -97.3772,49.887,0 -97.38680000000001,49.887,0 -97.38680000000001,49.881800000000005,0</coordinates></LinearRing></outerBoundaryIs></Polygon></Placemark>
      <Placemark><name>Patch (6,22)</name><styleUrl>#sugarStyle_0</styleUrl><Polygon><outerBoundaryIs><LinearRing><coordinates>-97.3772,49.881800000000005,0 -97.36760000000001,49.881800000000005,0 -97.36760000000001,49.887,0 -97.3772,49.887,0 -97.3772,49.881800000000005,0</coordinates></LinearRing></outerBoundaryIs></Polygon></Placemark>
      <Placemark><name>Patch (7,22)</name><styleUrl>#sugarStyle_0</styleUrl><Polygon><outerBoundaryIs><LinearRing><coordinates>-97.36760000000001,49.881800000000005,0 -97.358,49.881800000000005,0 -97.358,49.887,0 -97.36760000000001,49.887,0 -97.36760000000001,49.881800000000005,0</coordinates></LinearRing></outerBoundaryIs></Polygon></Placemark>
      <Placemark><name>Patch (8,22)</name><styleUrl>#sugarStyle_0</styleUrl><Polygon><outerBoundaryIs><LinearRing><coordinates>-97.358,49.881800000000005,0 -97.34840000000001,49.881800000000005,0 -97.34840000000001,49.887,0 -97.358,49.887,0 -97.358,49.881800000000005,0</coordinates></LinearRing></outerBoundaryIs></Polygon></Placemark>
      <Placemark><name>Patch (9,22)</name><styleUrl>#sugarStyle_0</styleUrl><Polygon><outerBoundaryIs><LinearRing><coordinates>-97.34840000000001,49.881800000000005,0 -97.3388,49.881800000000005,0 -97.3388,49.887,0 -97.34840000000001,49.887,0 -97.34840000000001,49.881800000000005,0</coordinates></LinearRing></outerBoundaryIs></Polygon></Placemark>
      <Placemark><name>Patch (10,22)</name><styleUrl>#sugarStyle_0</styleUrl><Polygon><outerBoundaryIs><LinearRing><coordinates>-97.3388,49.881800000000005,0 -97.3292,49.881800000000005,0 -97.3292,49.887,0 -97.3388,49.887,0 -97.3388,49.881800000000005,0</coordinates></LinearRing></outerBoundaryIs></Polygon></Placemark>
      <Placemark><name>Patch (11,22)</name><styleUrl>#sugarStyle_0</styleUrl><Polygon><outerBoundaryIs><LinearRing><coordinates>-97.3292,49.881800000000005,0 -97.31960000000001,49.881800000000005,0 -97.31960000000001,49.887,0 -97.3292,49.887,0 -97.3292,49.881800000000005,0</coordinates></LinearRing></outerBoundaryIs></Polygon></Placemark>
      <Placemark><name>Patch (12,22)</name><styleUrl>#sugarStyle_0</styleUrl><Polygon><outerBoundaryIs><LinearRing><coordinates>-97.31960000000001,49.881800000000005,0 -97.31,49.881800000000005,0 -97.31,49.887,0 -97.31960000000001,49.887,0 -97.31960000000001,49.881800000000005,0</coordinates></LinearRing></outerBoundaryIs></Polygon></Placemark>
      <Placemark><name>Patch (13,22)</name><styleUrl>#sugarStyle_0</styleUrl><Polygon><outerBoundaryIs><LinearRing><coordinates>-97.31,49.881800000000005,0 -97.30040000000001,49.881800000000005,0 -97.30040000000001,49.887,0 -97.31,49.887,0 -97.31,49.881800000000005,0</coordinates></LinearRing></outerBoundaryIs></Polygon></Placemark>
      <Placemark><name>Patch (14,22)</name><styleUrl>#sugarStyle_0</styleUrl><Polygon><outerBoundaryIs><LinearRing><coordinates>-97.30040000000001,49.881800000000005,0 -97.2908,49.881800000000005,0 -97.2908,49.887,0 -97.30040000000001,49.887,0 -97.30040000000001,49.881800000000005,0</coordinates></LinearRing></outerBoundaryIs></Polygon></Placemark>
      <Placemark><name>Patch (15,22)</name><styleUrl>#sugarStyle_0</styleUrl><Polygon><outerBoundaryIs><LinearRing><coordinates>-97.2908,49.881800000000005,0 -97.28120000000001,49.881800000000005,0 -97.28120000000001,49.887,0 -97.2908,49.887,0 -97.2908,49.881800000000005,0</coordinates></LinearRing></outerBoundaryIs></Polygon></Placemark>
      <Placemark><name>Patch (16,22)</name><styleUrl>#sugarStyle_0</styleUrl><Polygon><outerBoundaryIs><LinearRing><coordinates>-97.28120000000001,49.881800000000005,0 -97.2716,49.881800000000005,0 -97.2716,49.887,0 -97.28120000000001,49.887,0 -97.28120000000001,49.881800000000005,0</coordinates></LinearRing></outerBoundaryIs></Polygon></Placemark>
      <Placemark><name>Patch (17,22)</name><styleUrl>#sugarStyle_0</styleUrl><Polygon><outerBoundaryIs><LinearRing><coordinates>-97.2716,49.881800000000005,0 -97.262,49.881800000000005,0 -97.262,49.887,0 -97.2716,49.887,0 -97.2716,49.881800000000005,0</coordinates></LinearRing></outerBoundaryIs></Polygon></Placemark>
      <Placemark><name>Patch (18,22)</name><styleUrl>#sugarStyle_1</styleUrl><Polygon><outerBoundaryIs><LinearRing><coordinates>-97.262,49.881800000000005,0 -97.25240000000001,49.881800000000005,0 -97.25240000000001,49.887,0 -97.262,49.887,0 -97.262,49.881800000000005,0</coordinates></LinearRing></outerBoundaryIs></Polygon></Placemark>
      <Placemark><name>Patch (19,22)</name><styleUrl>#sugarStyle_1</styleUrl><Polygon><outerBoundaryIs><LinearRing><coordinates>-97.25240000000001,49.881800000000005,0 -97.2428,49.881800000000005,0 -97.2428,49.887,0 -97.25240000000001,49.887,0 -97.25240000000001,49.881800000000005,0</coordinates></LinearRing></outerBoundaryIs></Polygon></Placemark>
      <Placemark><name>Patch (20,22)</name><styleUrl>#sugarStyle_1</styleUrl><Polygon><outerBoundaryIs><LinearRing><coordinates>-97.2428,49.881800000000005,0 -97.23320000000001,49.881800000000005,0 -97.23320000000001,49.887,0 -97.2428,49.887,0 -97.2428,49.881800000000005,0</coordinates></LinearRing></outerBoundaryIs></Polygon></Placemark>
      <Placemark><name>Patch (21,22)</name><styleUrl>#sugarStyle_1</styleUrl><Polygon><outerBoundaryIs><LinearRing><coordinates>-97.23320000000001,49.881800000000005,0 -97.2236,49.881800000000005,0 -97.2236,49.887,0 -97.23320000000001,49.887,0 -97.23320000000001,49.881800000000005,0</coordinates></LinearRing></outerBoundaryIs></Polygon></Placemark>
      <Placemark><name>Patch (22,22)</name><styleUrl>#sugarStyle_1</styleUrl><Polygon><outerBoundaryIs><LinearRing><coordinates>-97.2236,49.881800000000005,0 -97.214,49.881800000000005,0 -97.214,49.887,0 -97.2236,49.887,0 -97.2236,49.881800000000005,0</coordinates></LinearRing></outerBoundaryIs></Polygon></Placemark>
      <Placemark><name>Patch (23,22)</name><styleUrl>#sugarStyle_0</styleUrl><Polygon><outerBoundaryIs><LinearRing><coordinates>-97.214,49.881800000000005,0 -97.2044,49.881800000000005,0 -97.2044,49.887,0 -97.214,49.887,0 -97.214,49.881800000000005,0</coordinates></LinearRing></outerBoundaryIs></Polygon></Placemark>
      <Placemark><name>Patch (24,22)</name><styleUrl>#sugarStyle_2</styleUrl><Polygon><outerBoundaryIs><LinearRing><coordinates>-97.2044,49.881800000000005,0 -97.1948,49.881800000000005,0 -97.1948,49.887,0 -97.2044,49.887,0 -97.2044,49.881800000000005,0</coordinates></LinearRing></outerBoundaryIs></Polygon></Placemark>
      <Placemark><name>Patch (25,22)</name><styleUrl>#sugarStyle_2</styleUrl><Polygon><outerBoundaryIs><LinearRing><coordinates>-97.1948,49.881800000000005,0 -97.18520000000001,49.881800000000005,0 -97.18520000000001,49.887,0 -97.1948,49.887,0 -97.1948,49.881800000000005,0</coordinates></LinearRing></outerBoundaryIs></Polygon></Placemark>
      <Placemark><name>Patch (26,22)</name><styleUrl>#sugarStyle_1</styleUrl><Polygon><outerBoundaryIs><LinearRing><coordinates>-97.18520000000001,49.881800000000005,0 -97.1756,49.881800000000005,0 -97.1756,49.887,0 -97.18520000000001,49.887,0 -97.18520000000001,49.881800000000005,0</coordinates></LinearRing></outerBoundaryIs></Polygon></Placemark>
      <Placemark><name>Patch (27,22)</name><styleUrl>#sugarStyle_0</styleUrl><Polygon><outerBoundaryIs><LinearRing><coordinates>-97.1756,49.881800000000005,0 -97.16600000000001,49.881800000000005,0 -97.16600000000001,49.887,0 -97.1756,49.887,0 -97.1756,49.881800000000005,0</coordinates></LinearRing></outerBoundaryIs></Polygon></Placemark>
      <Placemark><name>Patch (28,22)</name><styleUrl>#sugarStyle_1</styleUrl><Polygon><outerBoundaryIs><LinearRing><coordinates>-97.16600000000001,49.881800000000005,0 -97.1564,49.881800000000005,0 -97.1564,49.887,0 -97.16600000000001,49.887,0 -97.16600000000001,49.881800000000005,0</coordinates></LinearRing></outerBoundaryIs></Polygon></Placemark>
      <Placemark><name>Patch (29,22)</name><styleUrl>#sugarStyle_0</styleUrl><Polygon><outerBoundaryIs><LinearRing><coordinates>-97.1564,49.881800000000005,0 -97.1468,49.881800000000005,0 -97.1468,49.887,0 -97.1564,49.887,0 -97.1564,49.881800000000005,0</coordinates></LinearRing></outerBoundaryIs></Polygon></Placemark>
      <Placemark><name>Patch (30,22)</name><styleUrl>#sugarStyle_2</styleUrl><Polygon><outerBoundaryIs><LinearRing><coordinates>-97.1468,49.881800000000005,0 -97.1372,49.881800000000005,0 -97.1372,49.887,0 -97.1468,49.887,0 -97.1468,49.881800000000005,0</coordinates></LinearRing></outerBoundaryIs></Polygon></Placemark>
      <Placemark><name>Patch (31,22)</name><styleUrl>#sugarStyle_2</styleUrl><Polygon><outerBoundaryIs><LinearRing><coordinates>-97.1372,49.881800000000005,0 -97.1276,49.881800000000005,0 -97.1276,49.887,0 -97.1372,49.887,0 -97.1372,49.881800000000005,0</coordinates></LinearRing></outerBoundaryIs></Polygon></Placemark>
      <Placemark><name>Patch (32,22)</name><styleUrl>#sugarStyle_1</styleUrl><Polygon><outerBoundaryIs><LinearRing><coordinates>-97.1276,49.881800000000005,0 -97.11800000000001,49.881800000000005,0 -97.11800000000001,49.887,0 -97.1276,49.887,0 -97.1276,49.881800000000005,0</coordinates></LinearRing></outerBoundaryIs></Polygon></Placemark>
      <Placemark><name>Patch (33,22)</name><styleUrl>#sugarStyle_0</styleUrl><Polygon><outerBoundaryIs><LinearRing><coordinates>-97.11800000000001,49.881800000000005,0 -97.1084,49.881800000000005,0 -97.1084,49.887,0 -97.11800000000001,49.887,0 -97.11800000000001,49.881800000000005,0</coordinates></LinearRing></outerBoundaryIs></Polygon></Placemark>
      <Placemark><name>Patch (34,22)</name><styleUrl>#sugarStyle_1</styleUrl><Polygon><outerBoundaryIs><LinearRing><coordinates>-97.1084,49.881800000000005,0 -97.0988,49.881800000000005,0 -97.0988,49.887,0 -97.1084,49.887,0 -97.1084,49.881800000000005,0</coordinates></LinearRing></outerBoundaryIs></Polygon></Placemark>
      <Placemark><name>Patch (35,22)</name><styleUrl>#sugarStyle_1</styleUrl><Polygon><outerBoundaryIs><LinearRing><coordinates>-97.0988,49.881800000000005,0 -97.0892,49.881800000000005,0 -97.0892,49.887,0 -97.0988,49.887,0 -97.0988,49.881800000000005,0</coordinates></LinearRing></outerBoundaryIs></Polygon></Placemark>
      <Placemark><name>Patch (36,22)</name><styleUrl>#sugarStyle_0</styleUrl><Polygon><outerBoundaryIs><LinearRing><coordinates>-97.0892,49.881800000000005,0 -97.0796,49.881800000000005,0 -97.0796,49.887,0 -97.0892,49.887,0 -97.0892,49.881800000000005,0</coordinates></LinearRing></outerBoundaryIs></Polygon></Placemark>
      <Placemark><name>Patch (37,22)</name><styleUrl>#sugarStyle_1</styleUrl><Polygon><outerBoundaryIs><LinearRing><coordinates>-97.0796,49.881800000000005,0 -97.07000000000001,49.881800000000005,0 -97.07000000000001,49.887,0 -97.0796,49.887,0 -97.0796,49.881800000000005,0</coordinates></LinearRing></outerBoundaryIs></Polygon></Placemark>
      <Placemark><name>Patch (38,22)</name><styleUrl>#sugarStyle_0</styleUrl><Polygon><outerBoundaryIs><LinearRing><coordinates>-97.07000000000001,49.881800000000005,0 -97.0604,49.881800000000005,0 -97.0604,49.887,0 -97.07000000000001,49.887,0 -97.07000000000001,49.881800000000005,0</coordinates></LinearRing></outerBoundaryIs></Polygon></Placemark>
      <Placemark><name>Patch (39,22)</name><styleUrl>#sugarStyle_1</styleUrl><Polygon><outerBoundaryIs><LinearRing><coordinates>-97.0604,49.881800000000005,0 -97.05080000000001,49.881800000000005,0 -97.05080000000001,49.887,0 -97.0604,49.887,0 -97.0604,49.881800000000005,0</coordinates></LinearRing></outerBoundaryIs></Polygon></Placemark>
      <Placemark><name>Patch (40,22)</name><styleUrl>#sugarStyle_1</styleUrl><Polygon><outerBoundaryIs><LinearRing><coordinates>-97.05080000000001,49.881800000000005,0 -97.0412,49.881800000000005,0 -97.0412,49.887,0 -97.05080000000001,49.887,0 -97.05080000000001,49.881800000000005,0</coordinates></LinearRing></outerBoundaryIs></Polygon></Placemark>
      <Placemark><name>Patch (41,22)</name><styleUrl>#sugarStyle_1</styleUrl><Polygon><outerBoundaryIs><LinearRing><coordinates>-97.0412,49.881800000000005,0 -97.0316,49.881800000000005,0 -97.0316,49.887,0 -97.0412,49.887,0 -97.0412,49.881800000000005,0</coordinates></LinearRing></outerBoundaryIs></Polygon></Placemark>
      <Placemark><name>Patch (42,22)</name><styleUrl>#sugarStyle_1</styleUrl><Polygon><outerBoundaryIs><LinearRing><coordinates>-97.0316,49.881800000000005,0 -97.022,49.881800000000005,0 -97.022,49.887,0 -97.0316,49.887,0 -97.0316,49.881800000000005,0</coordinates></LinearRing></outerBoundaryIs></Polygon></Placemark>
      <Placemark><name>Patch (43,22)</name><styleUrl>#sugarStyle_1</styleUrl><Polygon><outerBoundaryIs><LinearRing><coordinates>-97.022,49.881800000000005,0 -97.0124,49.881800000000005,0 -97.0124,49.887,0 -97.022,49.887,0 -97.022,49.881800000000005,0</coordinates></LinearRing></outerBoundaryIs></Polygon></Placemark>
      <Placemark><name>Patch (44,22)</name><styleUrl>#sugarStyle_0</styleUrl><Polygon><outerBoundaryIs><LinearRing><coordinates>-97.0124,49.881800000000005,0 -97.00280000000001,49.881800000000005,0 -97.00280000000001,49.887,0 -97.0124,49.887,0 -97.0124,49.881800000000005,0</coordinates></LinearRing></outerBoundaryIs></Polygon></Placemark>
      <Placemark><name>Patch (45,22)</name><styleUrl>#sugarStyle_0</styleUrl><Polygon><outerBoundaryIs><LinearRing><coordinates>-97.00280000000001,49.881800000000005,0 -96.9932,49.881800000000005,0 -96.9932,49.887,0 -97.00280000000001,49.887,0 -97.00280000000001,49.881800000000005,0</coordinates></LinearRing></outerBoundaryIs></Polygon></Placemark>
      <Placemark><name>Patch (46,22)</name><styleUrl>#sugarStyle_0</styleUrl><Polygon><outerBoundaryIs><LinearRing><coordinates>-96.9932,49.881800000000005,0 -96.98360000000001,49.881800000000005,0 -96.98360000000001,49.887,0 -96.9932,49.887,0 -96.9932,49.881800000000005,0</coordinates></LinearRing></outerBoundaryIs></Polygon></Placemark>
      <Placemark><name>Patch (47,22)</name><styleUrl>#sugarStyle_0</styleUrl><Polygon><outerBoundaryIs><LinearRing><coordinates>-96.98360000000001,49.881800000000005,0 -96.974,49.881800000000005,0 -96.974,49.887,0 -96.98360000000001,49.887,0 -96.98360000000001,49.881800000000005,0</coordinates></LinearRing></outerBoundaryIs></Polygon></Placemark>
      <Placemark><name>Patch (48,22)</name><styleUrl>#sugarStyle_0</styleUrl><Polygon><outerBoundaryIs><LinearRing><coordinates>-96.974,49.881800000000005,0 -96.9644,49.881800000000005,0 -96.9644,49.887,0 -96.974,49.887,0 -96.974,49.881800000000005,0</coordinates></LinearRing></outerBoundaryIs></Polygon></Placemark>
      <Placemark><name>Patch (49,22)</name><styleUrl>#sugarStyle_0</styleUrl><Polygon><outerBoundaryIs><LinearRing><coordinates>-96.9644,49.881800000000005,0 -96.9548,49.881800000000005,0 -96.9548,49.887,0 -96.9644,49.887,0 -96.9644,49.881800000000005,0</coordinates></LinearRing></outerBoundaryIs></Polygon></Placemark>
      <Placemark><name>Patch (50,22)</name><styleUrl>#sugarStyle_0</styleUrl><Polygon><outerBoundaryIs><LinearRing><coordinates>-96.9548,49.881800000000005,0 -96.9452,49.881800000000005,0 -96.9452,49.887,0 -96.9548,49.887,0 -96.9548,49.881800000000005,0</coordinates></LinearRing></outerBoundaryIs></Polygon></Placemark>
      <Placemark><name>Patch (0,23)</name><styleUrl>#sugarStyle_0</styleUrl><Polygon><outerBoundaryIs><LinearRing><coordinates>-97.43480000000001,49.887,0 -97.4252,49.887,0 -97.4252,49.8922,0 -97.43480000000001,49.8922,0 -97.43480000000001,49.887,0</coordinates></LinearRing></outerBoundaryIs></Polygon></Placemark>
      <Placemark><name>Patch (1,23)</name><styleUrl>#sugarStyle_0</styleUrl><Polygon><outerBoundaryIs><LinearRing><coordinates>-97.4252,49.887,0 -97.41560000000001,49.887,0 -97.41560000000001,49.8922,0 -97.4252,49.8922,0 -97.4252,49.887,0</coordinates></LinearRing></outerBoundaryIs></Polygon></Placemark>
      <Placemark><name>Patch (2,23)</name><styleUrl>#sugarStyle_0</styleUrl><Polygon><outerBoundaryIs><LinearRing><coordinates>-97.41560000000001,49.887,0 -97.406,49.887,0 -97.406,49.8922,0 -97.41560000000001,49.8922,0 -97.41560000000001,49.887,0</coordinates></LinearRing></outerBoundaryIs></Polygon></Placemark>
      <Placemark><name>Patch (3,23)</name><styleUrl>#sugarStyle_0</styleUrl><Polygon><outerBoundaryIs><LinearRing><coordinates>-97.406,49.887,0 -97.3964,49.887,0 -97.3964,49.8922,0 -97.406,49.8922,0 -97.406,49.887,0</coordinates></LinearRing></outerBoundaryIs></Polygon></Placemark>
      <Placemark><name>Patch (4,23)</name><styleUrl>#sugarStyle_0</styleUrl><Polygon><outerBoundaryIs><LinearRing><coordinates>-97.3964,49.887,0 -97.38680000000001,49.887,0 -97.38680000000001,49.8922,0 -97.3964,49.8922,0 -97.3964,49.887,0</coordinates></LinearRing></outerBoundaryIs></Polygon></Placemark>
      <Placemark><name>Patch (5,23)</name><styleUrl>#sugarStyle_0</styleUrl><Polygon><outerBoundaryIs><LinearRing><coordinates>-97.38680000000001,49.887,0 -97.3772,49.887,0 -97.3772,49.8922,0 -97.38680000000001,49.8922,0 -97.38680000000001,49.887,0</coordinates></LinearRing></outerBoundaryIs></Polygon></Placemark>
      <Placemark><name>Patch (6,23)</name><styleUrl>#sugarStyle_0</styleUrl><Polygon><outerBoundaryIs><LinearRing><coordinates>-97.3772,49.887,0 -97.36760000000001,49.887,0 -97.36760000000001,49.8922,0 -97.3772,49.8922,0 -97.3772,49.887,0</coordinates></LinearRing></outerBoundaryIs></Polygon></Placemark>
      <Placemark><name>Patch (7,23)</name><styleUrl>#sugarStyle_0</styleUrl><Polygon><outerBoundaryIs><LinearRing><coordinates>-97.36760000000001,49.887,0 -97.358,49.887,0 -97.358,49.8922,0 -97.36760000000001,49.8922,0 -97.36760000000001,49.887,0</coordinates></LinearRing></outerBoundaryIs></Polygon></Placemark>
      <Placemark><name>Patch (8,23)</name><styleUrl>#sugarStyle_0</styleUrl><Polygon><outerBoundaryIs><LinearRing><coordinates>-97.358,49.887,0 -97.34840000000001,49.887,0 -97.34840000000001,49.8922,0 -97.358,49.8922,0 -97.358,49.887,0</coordinates></LinearRing></outerBoundaryIs></Polygon></Placemark>
      <Placemark><name>Patch (9,23)</name><styleUrl>#sugarStyle_0</styleUrl><Polygon><outerBoundaryIs><LinearRing><coordinates>-97.34840000000001,49.887,0 -97.3388,49.887,0 -97.3388,49.8922,0 -97.34840000000001,49.8922,0 -97.34840000000001,49.887,0</coordinates></LinearRing></outerBoundaryIs></Polygon></Placemark>
      <Placemark><name>Patch (10,23)</name><styleUrl>#sugarStyle_0</styleUrl><Polygon><outerBoundaryIs><LinearRing><coordinates>-97.3388,49.887,0 -97.3292,49.887,0 -97.3292,49.8922,0 -97.3388,49.8922,0 -97.3388,49.887,0</coordinates></LinearRing></outerBoundaryIs></Polygon></Placemark>
      <Placemark><name>Patch (11,23)</name><styleUrl>#sugarStyle_0</styleUrl><Polygon><outerBoundaryIs><LinearRing><coordinates>-97.3292,49.887,0 -97.31960000000001,49.887,0 -97.31960000000001,49.8922,0 -97.3292,49.8922,0 -97.3292,49.887,0</coordinates></LinearRing></outerBoundaryIs></Polygon></Placemark>
      <Placemark><name>Patch (12,23)</name><styleUrl>#sugarStyle_0</styleUrl><Polygon><outerBoundaryIs><LinearRing><coordinates>-97.31960000000001,49.887,0 -97.31,49.887,0 -97.31,49.8922,0 -97.31960000000001,49.8922,0 -97.31960000000001,49.887,0</coordinates></LinearRing></outerBoundaryIs></Polygon></Placemark>
      <Placemark><name>Patch (13,23)</name><styleUrl>#sugarStyle_0</styleUrl><Polygon><outerBoundaryIs><LinearRing><coordinates>-97.31,49.887,0 -97.30040000000001,49.887,0 -97.30040000000001,49.8922,0 -97.31,49.8922,0 -97.31,49.887,0</coordinates></LinearRing></outerBoundaryIs></Polygon></Placemark>
      <Placemark><name>Patch (14,23)</name><styleUrl>#sugarStyle_0</styleUrl><Polygon><outerBoundaryIs><LinearRing><coordinates>-97.30040000000001,49.887,0 -97.2908,49.887,0 -97.2908,49.8922,0 -97.30040000000001,49.8922,0 -97.30040000000001,49.887,0</coordinates></LinearRing></outerBoundaryIs></Polygon></Placemark>
      <Placemark><name>Patch (15,23)</name><styleUrl>#sugarStyle_0</styleUrl><Polygon><outerBoundaryIs><LinearRing><coordinates>-97.2908,49.887,0 -97.28120000000001,49.887,0 -97.28120000000001,49.8922,0 -97.2908,49.8922,0 -97.2908,49.887,0</coordinates></LinearRing></outerBoundaryIs></Polygon></Placemark>
      <Placemark><name>Patch (16,23)</name><styleUrl>#sugarStyle_0</styleUrl><Polygon><outerBoundaryIs><LinearRing><coordinates>-97.28120000000001,49.887,0 -97.2716,49.887,0 -97.2716,49.8922,0 -97.28120000000001,49.8922,0 -97.28120000000001,49.887,0</coordinates></LinearRing></outerBoundaryIs></Polygon></Placemark>
      <Placemark><name>Patch (17,23)</name><styleUrl>#sugarStyle_0</styleUrl><Polygon><outerBoundaryIs><LinearRing><coordinates>-97.2716,49.887,0 -97.262,49.887,0 -97.262,49.8922,0 -97.2716,49.8922,0 -97.2716,49.887,0</coordinates></LinearRing></outerBoundaryIs></Polygon></Placemark>
      <Placemark><name>Patch (18,23)</name><styleUrl>#sugarStyle_0</styleUrl><Polygon><outerBoundaryIs><LinearRing><coordinates>-97.262,49.887,0 -97.25240000000001,49.887,0 -97.25240000000001,49.8922,0 -97.262,49.8922,0 -97.262,49.887,0</coordinates></LinearRing></outerBoundaryIs></Polygon></Placemark>
      <Placemark><name>Patch (19,23)</name><styleUrl>#sugarStyle_1</styleUrl><Polygon><outerBoundaryIs><LinearRing><coordinates>-97.25240000000001,49.887,0 -97.2428,49.887,0 -97.2428,49.8922,0 -97.25240000000001,49.8922,0 -97.25240000000001,49.887,0</coordinates></LinearRing></outerBoundaryIs></Polygon></Placemark>
      <Placemark><name>Patch (20,23)</name><styleUrl>#sugarStyle_1</styleUrl><Polygon><outerBoundaryIs><LinearRing><coordinates>-97.2428,49.887,0 -97.23320000000001,49.887,0 -97.23320000000001,49.8922,0 -97.2428,49.8922,0 -97.2428,49.887,0</coordinates></LinearRing></outerBoundaryIs></Polygon></Placemark>
      <Placemark><name>Patch (21,23)</name><styleUrl>#sugarStyle_2</styleUrl><Polygon><outerBoundaryIs><LinearRing><coordinates>-97.23320000000001,49.887,0 -97.2236,49.887,0 -97.2236,49.8922,0 -97.23320000000001,49.8922,0 -97.23320000000001,49.887,0</coordinates></LinearRing></outerBoundaryIs></Polygon></Placemark>
      <Placemark><name>Patch (22,23)</name><styleUrl>#sugarStyle_0</styleUrl><Polygon><outerBoundaryIs><LinearRing><coordinates>-97.2236,49.887,0 -97.214,49.887,0 -97.214,49.8922,0 -97.2236,49.8922,0 -97.2236,49.887,0</coordinates></LinearRing></outerBoundaryIs></Polygon></Placemark>
      <Placemark><name>Patch (23,23)</name><styleUrl>#sugarStyle_1</styleUrl><Polygon><outerBoundaryIs><LinearRing><coordinates>-97.214,49.887,0 -97.2044,49.887,0 -97.2044,49.8922,0 -97.214,49.8922,0 -97.214,49.887,0</coordinates></LinearRing></outerBoundaryIs></Polygon></Placemark>
      <Placemark><name>Patch (24,23)</name><styleUrl>#sugarStyle_2</styleUrl><Polygon><outerBoundaryIs><LinearRing><coordinates>-97.2044,49.887,0 -97.1948,49.887,0 -97.1948,49.8922,0 -97.2044,49.8922,0 -97.2044,49.887,0</coordinates></LinearRing></outerBoundaryIs></Polygon></Placemark>
      <Placemark><name>Patch (25,23)</name><styleUrl>#sugarStyle_0</styleUrl><Polygon><outerBoundaryIs><LinearRing><coordinates>-97.1948,49.887,0 -97.18520000000001,49.887,0 -97.18520000000001,49.8922,0 -97.1948,49.8922,0 -97.1948,49.887,0</coordinates></LinearRing></outerBoundaryIs></Polygon></Placemark>
      <Placemark><name>Patch (26,23)</name><styleUrl>#sugarStyle_1</styleUrl><Polygon><outerBoundaryIs><LinearRing><coordinates>-97.18520000000001,49.887,0 -97.1756,49.887,0 -97.1756,49.8922,0 -97.18520000000001,49.8922,0 -97.18520000000001,49.887,0</coordinates></LinearRing></outerBoundaryIs></Polygon></Placemark>
      <Placemark><name>Patch (27,23)</name><styleUrl>#sugarStyle_0</styleUrl><Polygon><outerBoundaryIs><LinearRing><coordinates>-97.1756,49.887,0 -97.16600000000001,49.887,0 -97.16600000000001,49.8922,0 -97.1756,49.8922,0 -97.1756,49.887,0</coordinates></LinearRing></outerBoundaryIs></Polygon></Placemark>
      <Placemark><name>Patch (28,23)</name><styleUrl>#sugarStyle_0</styleUrl><Polygon><outerBoundaryIs><LinearRing><coordinates>-97.16600000000001,49.887,0 -97.1564,49.887,0 -97.1564,49.8922,0 -97.16600000000001,49.8922,0 -97.16600000000001,49.887,0</coordinates></LinearRing></outerBoundaryIs></Polygon></Placemark>
      <Placemark><name>Patch (29,23)</name><styleUrl>#sugarStyle_2</styleUrl><Polygon><outerBoundaryIs><LinearRing><coordinates>-97.1564,49.887,0 -97.1468,49.887,0 -97.1468,49.8922,0 -97.1564,49.8922,0 -97.1564,49.887,0</coordinates></LinearRing></outerBoundaryIs></Polygon></Placemark>
      <Placemark><name>Patch (30,23)</name><styleUrl>#sugarStyle_2</styleUrl><Polygon><outerBoundaryIs><LinearRing><coordinates>-97.1468,49.887,0 -97.1372,49.887,0 -97.1372,49.8922,0 -97.1468,49.8922,0 -97.1468,49.887,0</coordinates></LinearRing></outerBoundaryIs></Polygon></Placemark>
      <Placemark><name>Patch (31,23)</name><styleUrl>#sugarStyle_1</styleUrl><Polygon><outerBoundaryIs><LinearRing><coordinates>-97.1372,49.887,0 -97.1276,49.887,0 -97.1276,49.8922,0 -97.1372,49.8922,0 -97.1372,49.887,0</coordinates></LinearRing></outerBoundaryIs></Polygon></Placemark>
      <Placemark><name>Patch (32,23)</name><styleUrl>#sugarStyle_0</styleUrl><Polygon><outerBoundaryIs><LinearRing><coordinates>-97.1276,49.887,0 -97.11800000000001,49.887,0 -97.11800000000001,49.8922,0 -97.1276,49.8922,0 -97.1276,49.887,0</coordinates></LinearRing></outerBoundaryIs></Polygon></Placemark>
      <Placemark><name>Patch (33,23)</name><styleUrl>#sugarStyle_0</styleUrl><Polygon><outerBoundaryIs><LinearRing><coordinates>-97.11800000000001,49.887,0 -97.1084,49.887,0 -97.1084,49.8922,0 -97.11800000000001,49.8922,0 -97.11800000000001,49.887,0</coordinates></LinearRing></outerBoundaryIs></Polygon></Placemark>
      <Placemark><name>Patch (34,23)</name><styleUrl>#sugarStyle_0</styleUrl><Polygon><outerBoundaryIs><LinearRing><coordinates>-97.1084,49.887,0 -97.0988,49.887,0 -97.0988,49.8922,0 -97.1084,49.8922,0 -97.1084,49.887,0</coordinates></LinearRing></outerBoundaryIs></Polygon></Placemark>
      <Placemark><name>Patch (35,23)</name><styleUrl>#sugarStyle_0</styleUrl><Polygon><outerBoundaryIs><LinearRing><coordinates>-97.0988,49.887,0 -97.0892,49.887,0 -97.0892,49.8922,0 -97.0988,49.8922,0 -97.0988,49.887,0</coordinates></LinearRing></outerBoundaryIs></Polygon></Placemark>
      <Placemark><name>Patch (36,23)</name><styleUrl>#sugarStyle_1</styleUrl><Polygon><outerBoundaryIs><LinearRing><coordinates>-97.0892,49.887,0 -97.0796,49.887,0 -97.0796,49.8922,0 -97.0892,49.8922,0 -97.0892,49.887,0</coordinates></LinearRing></outerBoundaryIs></Polygon></Placemark>
      <Placemark><name>Patch (37,23)</name><styleUrl>#sugarStyle_0</styleUrl><Polygon><outerBoundaryIs><LinearRing><coordinates>-97.0796,49.887,0 -97.07000000000001,49.887,0 -97.07000000000001,49.8922,0 -97.0796,49.8922,0 -97.0796,49.887,0</coordinates></LinearRing></outerBoundaryIs></Polygon></Placemark>
      <Placemark><name>Patch (38,23)</name><styleUrl>#sugarStyle_0</styleUrl><Polygon><outerBoundaryIs><LinearRing><coordinates>-97.07000000000001,49.887,0 -97.0604,49.887,0 -97.0604,49.8922,0 -97.07000000000001,49.8922,0 -97.07000000000001,49.887,0</coordinates></LinearRing></outerBoundaryIs></Polygon></Placemark>
      <Placemark><name>Patch (39,23)</name><styleUrl>#sugarStyle_1</styleUrl><Polygon><outerBoundaryIs><LinearRing><coordinates>-97.0604,49.887,0 -97.05080000000001,49.887,0 -97.05080000000001,49.8922,0 -97.0604,49.8922,0 -97.0604,49.887,0</coordinates></LinearRing></outerBoundaryIs></Polygon></Placemark>
      <Placemark><name>Patch (40,23)</name><styleUrl>#sugarStyle_0</styleUrl><Polygon><outerBoundaryIs><LinearRing><coordinates>-97.05080000000001,49.887,0 -97.0412,49.887,0 -97.0412,49.8922,0 -97.05080000000001,49.8922,0 -97.05080000000001,49.887,0</coordinates></LinearRing></outerBoundaryIs></Polygon></Placemark>
      <Placemark><name>Patch (41,23)</name><styleUrl>#sugarStyle_1</styleUrl><Polygon><outerBoundaryIs><LinearRing><coordinates>-97.0412,49.887,0 -97.0316,49.887,0 -97.0316,49.8922,0 -97.0412,49.8922,0 -97.0412,49.887,0</coordinates></LinearRing></outerBoundaryIs></Polygon></Placemark>
      <Placemark><name>Patch (42,23)</name><styleUrl>#sugarStyle_1</styleUrl><Polygon><outerBoundaryIs><LinearRing><coordinates>-97.0316,49.887,0 -97.022,49.887,0 -97.022,49.8922,0 -97.0316,49.8922,0 -97.0316,49.887,0</coordinates></LinearRing></outerBoundaryIs></Polygon></Placemark>
      <Placemark><name>Patch (43,23)</name><styleUrl>#sugarStyle_1</styleUrl><Polygon><outerBoundaryIs><LinearRing><coordinates>-97.022,49.887,0 -97.0124,49.887,0 -97.0124,49.8922,0 -97.022,49.8922,0 -97.022,49.887,0</coordinates></LinearRing></outerBoundaryIs></Polygon></Placemark>
      <Placemark><name>Patch (44,23)</name><styleUrl>#sugarStyle_0</styleUrl><Polygon><outerBoundaryIs><LinearRing><coordinates>-97.0124,49.887,0 -97.00280000000001,49.887,0 -97.00280000000001,49.8922,0 -97.0124,49.8922,0 -97.0124,49.887,0</coordinates></LinearRing></outerBoundaryIs></Polygon></Placemark>
      <Placemark><name>Patch (45,23)</name><styleUrl>#sugarStyle_0</styleUrl><Polygon><outerBoundaryIs><LinearRing><coordinates>-97.00280000000001,49.887,0 -96.9932,49.887,0 -96.9932,49.8922,0 -97.00280000000001,49.8922,0 -97.00280000000001,49.887,0</coordinates></LinearRing></outerBoundaryIs></Polygon></Placemark>
      <Placemark><name>Patch (46,23)</name><styleUrl>#sugarStyle_0</styleUrl><Polygon><outerBoundaryIs><LinearRing><coordinates>-96.9932,49.887,0 -96.98360000000001,49.887,0 -96.98360000000001,49.8922,0 -96.9932,49.8922,0 -96.9932,49.887,0</coordinates></LinearRing></outerBoundaryIs></Polygon></Placemark>
      <Placemark><name>Patch (47,23)</name><styleUrl>#sugarStyle_0</styleUrl><Polygon><outerBoundaryIs><LinearRing><coordinates>-96.98360000000001,49.887,0 -96.974,49.887,0 -96.974,49.8922,0 -96.98360000000001,49.8922,0 -96.98360000000001,49.887,0</coordinates></LinearRing></outerBoundaryIs></Polygon></Placemark>
      <Placemark><name>Patch (48,23)</name><styleUrl>#sugarStyle_0</styleUrl><Polygon><outerBoundaryIs><LinearRing><coordinates>-96.974,49.887,0 -96.9644,49.887,0 -96.9644,49.8922,0 -96.974,49.8922,0 -96.974,49.887,0</coordinates></LinearRing></outerBoundaryIs></Polygon></Placemark>
      <Placemark><name>Patch (49,23)</name><styleUrl>#sugarStyle_0</styleUrl><Polygon><outerBoundaryIs><LinearRing><coordinates>-96.9644,49.887,0 -96.9548,49.887,0 -96.9548,49.8922,0 -96.9644,49.8922,0 -96.9644,49.887,0</coordinates></LinearRing></outerBoundaryIs></Polygon></Placemark>
      <Placemark><name>Patch (50,23)</name><styleUrl>#sugarStyle_0</styleUrl><Polygon><outerBoundaryIs><LinearRing><coordinates>-96.9548,49.887,0 -96.9452,49.887,0 -96.9452,49.8922,0 -96.9548,49.8922,0 -96.9548,49.887,0</coordinates></LinearRing></outerBoundaryIs></Polygon></Placemark>
      <Placemark><name>Patch (0,24)</name><styleUrl>#sugarStyle_0</styleUrl><Polygon><outerBoundaryIs><LinearRing><coordinates>-97.43480000000001,49.8922,0 -97.4252,49.8922,0 -97.4252,49.897400000000005,0 -97.43480000000001,49.897400000000005,0 -97.43480000000001,49.8922,0</coordinates></LinearRing></outerBoundaryIs></Polygon></Placemark>
      <Placemark><name>Patch (1,24)</name><styleUrl>#sugarStyle_0</styleUrl><Polygon><outerBoundaryIs><LinearRing><coordinates>-97.4252,49.8922,0 -97.41560000000001,49.8922,0 -97.41560000000001,49.897400000000005,0 -97.4252,49.897400000000005,0 -97.4252,49.8922,0</coordinates></LinearRing></outerBoundaryIs></Polygon></Placemark>
      <Placemark><name>Patch (2,24)</name><styleUrl>#sugarStyle_0</styleUrl><Polygon><outerBoundaryIs><LinearRing><coordinates>-97.41560000000001,49.8922,0 -97.406,49.8922,0 -97.406,49.897400000000005,0 -97.41560000000001,49.897400000000005,0 -97.41560000000001,49.8922,0</coordinates></LinearRing></outerBoundaryIs></Polygon></Placemark>
      <Placemark><name>Patch (3,24)</name><styleUrl>#sugarStyle_0</styleUrl><Polygon><outerBoundaryIs><LinearRing><coordinates>-97.406,49.8922,0 -97.3964,49.8922,0 -97.3964,49.897400000000005,0 -97.406,49.897400000000005,0 -97.406,49.8922,0</coordinates></LinearRing></outerBoundaryIs></Polygon></Placemark>
      <Placemark><name>Patch (4,24)</name><styleUrl>#sugarStyle_0</styleUrl><Polygon><outerBoundaryIs><LinearRing><coordinates>-97.3964,49.8922,0 -97.38680000000001,49.8922,0 -97.38680000000001,49.897400000000005,0 -97.3964,49.897400000000005,0 -97.3964,49.8922,0</coordinates></LinearRing></outerBoundaryIs></Polygon></Placemark>
      <Placemark><name>Patch (5,24)</name><styleUrl>#sugarStyle_0</styleUrl><Polygon><outerBoundaryIs><LinearRing><coordinates>-97.38680000000001,49.8922,0 -97.3772,49.8922,0 -97.3772,49.897400000000005,0 -97.38680000000001,49.897400000000005,0 -97.38680000000001,49.8922,0</coordinates></LinearRing></outerBoundaryIs></Polygon></Placemark>
      <Placemark><name>Patch (6,24)</name><styleUrl>#sugarStyle_0</styleUrl><Polygon><outerBoundaryIs><LinearRing><coordinates>-97.3772,49.8922,0 -97.36760000000001,49.8922,0 -97.36760000000001,49.897400000000005,0 -97.3772,49.897400000000005,0 -97.3772,49.8922,0</coordinates></LinearRing></outerBoundaryIs></Polygon></Placemark>
      <Placemark><name>Patch (7,24)</name><styleUrl>#sugarStyle_0</styleUrl><Polygon><outerBoundaryIs><LinearRing><coordinates>-97.36760000000001,49.8922,0 -97.358,49.8922,0 -97.358,49.897400000000005,0 -97.36760000000001,49.897400000000005,0 -97.36760000000001,49.8922,0</coordinates></LinearRing></outerBoundaryIs></Polygon></Placemark>
      <Placemark><name>Patch (8,24)</name><styleUrl>#sugarStyle_0</styleUrl><Polygon><outerBoundaryIs><LinearRing><coordinates>-97.358,49.8922,0 -97.34840000000001,49.8922,0 -97.34840000000001,49.897400000000005,0 -97.358,49.897400000000005,0 -97.358,49.8922,0</coordinates></LinearRing></outerBoundaryIs></Polygon></Placemark>
      <Placemark><name>Patch (9,24)</name><styleUrl>#sugarStyle_0</styleUrl><Polygon><outerBoundaryIs><LinearRing><coordinates>-97.34840000000001,49.8922,0 -97.3388,49.8922,0 -97.3388,49.897400000000005,0 -97.34840000000001,49.897400000000005,0 -97.34840000000001,49.8922,0</coordinates></LinearRing></outerBoundaryIs></Polygon></Placemark>
      <Placemark><name>Patch (10,24)</name><styleUrl>#sugarStyle_0</styleUrl><Polygon><outerBoundaryIs><LinearRing><coordinates>-97.3388,49.8922,0 -97.3292,49.8922,0 -97.3292,49.897400000000005,0 -97.3388,49.897400000000005,0 -97.3388,49.8922,0</coordinates></LinearRing></outerBoundaryIs></Polygon></Placemark>
      <Placemark><name>Patch (11,24)</name><styleUrl>#sugarStyle_0</styleUrl><Polygon><outerBoundaryIs><LinearRing><coordinates>-97.3292,49.8922,0 -97.31960000000001,49.8922,0 -97.31960000000001,49.897400000000005,0 -97.3292,49.897400000000005,0 -97.3292,49.8922,0</coordinates></LinearRing></outerBoundaryIs></Polygon></Placemark>
      <Placemark><name>Patch (12,24)</name><styleUrl>#sugarStyle_0</styleUrl><Polygon><outerBoundaryIs><LinearRing><coordinates>-97.31960000000001,49.8922,0 -97.31,49.8922,0 -97.31,49.897400000000005,0 -97.31960000000001,49.897400000000005,0 -97.31960000000001,49.8922,0</coordinates></LinearRing></outerBoundaryIs></Polygon></Placemark>
      <Placemark><name>Patch (13,24)</name><styleUrl>#sugarStyle_0</styleUrl><Polygon><outerBoundaryIs><LinearRing><coordinates>-97.31,49.8922,0 -97.30040000000001,49.8922,0 -97.30040000000001,49.897400000000005,0 -97.31,49.897400000000005,0 -97.31,49.8922,0</coordinates></LinearRing></outerBoundaryIs></Polygon></Placemark>
      <Placemark><name>Patch (14,24)</name><styleUrl>#sugarStyle_0</styleUrl><Polygon><outerBoundaryIs><LinearRing><coordinates>-97.30040000000001,49.8922,0 -97.2908,49.8922,0 -97.2908,49.897400000000005,0 -97.30040000000001,49.897400000000005,0 -97.30040000000001,49.8922,0</coordinates></LinearRing></outerBoundaryIs></Polygon></Placemark>
      <Placemark><name>Patch (15,24)</name><styleUrl>#sugarStyle_0</styleUrl><Polygon><outerBoundaryIs><LinearRing><coordinates>-97.2908,49.8922,0 -97.28120000000001,49.8922,0 -97.28120000000001,49.897400000000005,0 -97.2908,49.897400000000005,0 -97.2908,49.8922,0</coordinates></LinearRing></outerBoundaryIs></Polygon></Placemark>
      <Placemark><name>Patch (16,24)</name><styleUrl>#sugarStyle_0</styleUrl><Polygon><outerBoundaryIs><LinearRing><coordinates>-97.28120000000001,49.8922,0 -97.2716,49.8922,0 -97.2716,49.897400000000005,0 -97.28120000000001,49.897400000000005,0 -97.28120000000001,49.8922,0</coordinates></LinearRing></outerBoundaryIs></Polygon></Placemark>
      <Placemark><name>Patch (17,24)</name><styleUrl>#sugarStyle_0</styleUrl><Polygon><outerBoundaryIs><LinearRing><coordinates>-97.2716,49.8922,0 -97.262,49.8922,0 -97.262,49.897400000000005,0 -97.2716,49.897400000000005,0 -97.2716,49.8922,0</coordinates></LinearRing></outerBoundaryIs></Polygon></Placemark>
      <Placemark><name>Patch (18,24)</name><styleUrl>#sugarStyle_1</styleUrl><Polygon><outerBoundaryIs><LinearRing><coordinates>-97.262,49.8922,0 -97.25240000000001,49.8922,0 -97.25240000000001,49.897400000000005,0 -97.262,49.897400000000005,0 -97.262,49.8922,0</coordinates></LinearRing></outerBoundaryIs></Polygon></Placemark>
      <Placemark><name>Patch (19,24)</name><styleUrl>#sugarStyle_1</styleUrl><Polygon><outerBoundaryIs><LinearRing><coordinates>-97.25240000000001,49.8922,0 -97.2428,49.8922,0 -97.2428,49.897400000000005,0 -97.25240000000001,49.897400000000005,0 -97.25240000000001,49.8922,0</coordinates></LinearRing></outerBoundaryIs></Polygon></Placemark>
      <Placemark><name>Patch (20,24)</name><styleUrl>#sugarStyle_1</styleUrl><Polygon><outerBoundaryIs><LinearRing><coordinates>-97.2428,49.8922,0 -97.23320000000001,49.8922,0 -97.23320000000001,49.897400000000005,0 -97.2428,49.897400000000005,0 -97.2428,49.8922,0</coordinates></LinearRing></outerBoundaryIs></Polygon></Placemark>
      <Placemark><name>Patch (21,24)</name><styleUrl>#sugarStyle_0</styleUrl><Polygon><outerBoundaryIs><LinearRing><coordinates>-97.23320000000001,49.8922,0 -97.2236,49.8922,0 -97.2236,49.897400000000005,0 -97.23320000000001,49.897400000000005,0 -97.23320000000001,49.8922,0</coordinates></LinearRing></outerBoundaryIs></Polygon></Placemark>
      <Placemark><name>Patch (22,24)</name><styleUrl>#sugarStyle_1</styleUrl><Polygon><outerBoundaryIs><LinearRing><coordinates>-97.2236,49.8922,0 -97.214,49.8922,0 -97.214,49.897400000000005,0 -97.2236,49.897400000000005,0 -97.2236,49.8922,0</coordinates></LinearRing></outerBoundaryIs></Polygon></Placemark>
      <Placemark><name>Patch (23,24)</name><styleUrl>#sugarStyle_1</styleUrl><Polygon><outerBoundaryIs><LinearRing><coordinates>-97.214,49.8922,0 -97.2044,49.8922,0 -97.2044,49.897400000000005,0 -97.214,49.897400000000005,0 -97.214,49.8922,0</coordinates></LinearRing></outerBoundaryIs></Polygon></Placemark>
      <Placemark><name>Patch (24,24)</name><styleUrl>#sugarStyle_1</styleUrl><Polygon><outerBoundaryIs><LinearRing><coordinates>-97.2044,49.8922,0 -97.1948,49.8922,0 -97.1948,49.897400000000005,0 -97.2044,49.897400000000005,0 -97.2044,49.8922,0</coordinates></LinearRing></outerBoundaryIs></Polygon></Placemark>
      <Placemark><name>Patch (25,24)</name><styleUrl>#sugarStyle_1</styleUrl><Polygon><outerBoundaryIs><LinearRing><coordinates>-97.1948,49.8922,0 -97.18520000000001,49.8922,0 -97.18520000000001,49.897400000000005,0 -97.1948,49.897400000000005,0 -97.1948,49.8922,0</coordinates></LinearRing></outerBoundaryIs></Polygon></Placemark>
      <Placemark><name>Patch (26,24)</name><styleUrl>#sugarStyle_2</styleUrl><Polygon><outerBoundaryIs><LinearRing><coordinates>-97.18520000000001,49.8922,0 -97.1756,49.8922,0 -97.1756,49.897400000000005,0 -97.18520000000001,49.897400000000005,0 -97.18520000000001,49.8922,0</coordinates></LinearRing></outerBoundaryIs></Polygon></Placemark>
      <Placemark><name>Patch (27,24)</name><styleUrl>#sugarStyle_2</styleUrl><Polygon><outerBoundaryIs><LinearRing><coordinates>-97.1756,49.8922,0 -97.16600000000001,49.8922,0 -97.16600000000001,49.897400000000005,0 -97.1756,49.897400000000005,0 -97.1756,49.8922,0</coordinates></LinearRing></outerBoundaryIs></Polygon></Placemark>
      <Placemark><name>Patch (28,24)</name><styleUrl>#sugarStyle_1</styleUrl><Polygon><outerBoundaryIs><LinearRing><coordinates>-97.16600000000001,49.8922,0 -97.1564,49.8922,0 -97.1564,49.897400000000005,0 -97.16600000000001,49.897400000000005,0 -97.16600000000001,49.8922,0</coordinates></LinearRing></outerBoundaryIs></Polygon></Placemark>
      <Placemark><name>Patch (29,24)</name><styleUrl>#sugarStyle_1</styleUrl><Polygon><outerBoundaryIs><LinearRing><coordinates>-97.1564,49.8922,0 -97.1468,49.8922,0 -97.1468,49.897400000000005,0 -97.1564,49.897400000000005,0 -97.1564,49.8922,0</coordinates></LinearRing></outerBoundaryIs></Polygon></Placemark>
      <Placemark><name>Patch (30,24)</name><styleUrl>#sugarStyle_2</styleUrl><Polygon><outerBoundaryIs><LinearRing><coordinates>-97.1468,49.8922,0 -97.1372,49.8922,0 -97.1372,49.897400000000005,0 -97.1468,49.897400000000005,0 -97.1468,49.8922,0</coordinates></LinearRing></outerBoundaryIs></Polygon></Placemark>
      <Placemark><name>Patch (31,24)</name><styleUrl>#sugarStyle_0</styleUrl><Polygon><outerBoundaryIs><LinearRing><coordinates>-97.1372,49.8922,0 -97.1276,49.8922,0 -97.1276,49.897400000000005,0 -97.1372,49.897400000000005,0 -97.1372,49.8922,0</coordinates></LinearRing></outerBoundaryIs></Polygon></Placemark>
      <Placemark><name>Patch (32,24)</name><styleUrl>#sugarStyle_1</styleUrl><Polygon><outerBoundaryIs><LinearRing><coordinates>-97.1276,49.8922,0 -97.11800000000001,49.8922,0 -97.11800000000001,49.897400000000005,0 -97.1276,49.897400000000005,0 -97.1276,49.8922,0</coordinates></LinearRing></outerBoundaryIs></Polygon></Placemark>
      <Placemark><name>Patch (33,24)</name><styleUrl>#sugarStyle_1</styleUrl><Polygon><outerBoundaryIs><LinearRing><coordinates>-97.11800000000001,49.8922,0 -97.1084,49.8922,0 -97.1084,49.897400000000005,0 -97.11800000000001,49.897400000000005,0 -97.11800000000001,49.8922,0</coordinates></LinearRing></outerBoundaryIs></Polygon></Placemark>
      <Placemark><name>Patch (34,24)</name><styleUrl>#sugarStyle_0</styleUrl><Polygon><outerBoundaryIs><LinearRing><coordinates>-97.1084,49.8922,0 -97.0988,49.8922,0 -97.0988,49.897400000000005,0 -97.1084,49.897400000000005,0 -97.1084,49.8922,0</coordinates></LinearRing></outerBoundaryIs></Polygon></Placemark>
      <Placemark><name>Patch (35,24)</name><styleUrl>#sugarStyle_1</styleUrl><Polygon><outerBoundaryIs><LinearRing><coordinates>-97.0988,49.8922,0 -97.0892,49.8922,0 -97.0892,49.897400000000005,0 -97.0988,49.897400000000005,0 -97.0988,49.8922,0</coordinates></LinearRing></outerBoundaryIs></Polygon></Placemark>
      <Placemark><name>Patch (36,24)</name><styleUrl>#sugarStyle_0</styleUrl><Polygon><outerBoundaryIs><LinearRing><coordinates>-97.0892,49.8922,0 -97.0796,49.8922,0 -97.0796,49.897400000000005,0 -97.0892,49.897400000000005,0 -97.0892,49.8922,0</coordinates></LinearRing></outerBoundaryIs></Polygon></Placemark>
      <Placemark><name>Patch (37,24)</name><styleUrl>#sugarStyle_1</styleUrl><Polygon><outerBoundaryIs><LinearRing><coordinates>-97.0796,49.8922,0 -97.07000000000001,49.8922,0 -97.07000000000001,49.897400000000005,0 -97.0796,49.897400000000005,0 -97.0796,49.8922,0</coordinates></LinearRing></outerBoundaryIs></Polygon></Placemark>
      <Placemark><name>Patch (38,24)</name><styleUrl>#sugarStyle_1</styleUrl><Polygon><outerBoundaryIs><LinearRing><coordinates>-97.07000000000001,49.8922,0 -97.0604,49.8922,0 -97.0604,49.897400000000005,0 -97.07000000000001,49.897400000000005,0 -97.07000000000001,49.8922,0</coordinates></LinearRing></outerBoundaryIs></Polygon></Placemark>
      <Placemark><name>Patch (39,24)</name><styleUrl>#sugarStyle_0</styleUrl><Polygon><outerBoundaryIs><LinearRing><coordinates>-97.0604,49.8922,0 -97.05080000000001,49.8922,0 -97.05080000000001,49.897400000000005,0 -97.0604,49.897400000000005,0 -97.0604,49.8922,0</coordinates></LinearRing></outerBoundaryIs></Polygon></Placemark>
      <Placemark><name>Patch (40,24)</name><styleUrl>#sugarStyle_1</styleUrl><Polygon><outerBoundaryIs><LinearRing><coordinates>-97.05080000000001,49.8922,0 -97.0412,49.8922,0 -97.0412,49.897400000000005,0 -97.05080000000001,49.897400000000005,0 -97.05080000000001,49.8922,0</coordinates></LinearRing></outerBoundaryIs></Polygon></Placemark>
      <Placemark><name>Patch (41,24)</name><styleUrl>#sugarStyle_1</styleUrl><Polygon><outerBoundaryIs><LinearRing><coordinates>-97.0412,49.8922,0 -97.0316,49.8922,0 -97.0316,49.897400000000005,0 -97.0412,49.897400000000005,0 -97.0412,49.8922,0</coordinates></LinearRing></outerBoundaryIs></Polygon></Placemark>
      <Placemark><name>Patch (42,24)</name><styleUrl>#sugarStyle_1</styleUrl><Polygon><outerBoundaryIs><LinearRing><coordinates>-97.0316,49.8922,0 -97.022,49.8922,0 -97.022,49.897400000000005,0 -97.0316,49.897400000000005,0 -97.0316,49.8922,0</coordinates></LinearRing></outerBoundaryIs></Polygon></Placemark>
      <Placemark><name>Patch (43,24)</name><styleUrl>#sugarStyle_0</styleUrl><Polygon><outerBoundaryIs><LinearRing><coordinates>-97.022,49.8922,0 -97.0124,49.8922,0 -97.0124,49.897400000000005,0 -97.022,49.897400000000005,0 -97.022,49.8922,0</coordinates></LinearRing></outerBoundaryIs></Polygon></Placemark>
      <Placemark><name>Patch (44,24)</name><styleUrl>#sugarStyle_0</styleUrl><Polygon><outerBoundaryIs><LinearRing><coordinates>-97.0124,49.8922,0 -97.00280000000001,49.8922,0 -97.00280000000001,49.897400000000005,0 -97.0124,49.897400000000005,0 -97.0124,49.8922,0</coordinates></LinearRing></outerBoundaryIs></Polygon></Placemark>
      <Placemark><name>Patch (45,24)</name><styleUrl>#sugarStyle_0</styleUrl><Polygon><outerBoundaryIs><LinearRing><coordinates>-97.00280000000001,49.8922,0 -96.9932,49.8922,0 -96.9932,49.897400000000005,0 -97.00280000000001,49.897400000000005,0 -97.00280000000001,49.8922,0</coordinates></LinearRing></outerBoundaryIs></Polygon></Placemark>
      <Placemark><name>Patch (46,24)</name><styleUrl>#sugarStyle_0</styleUrl><Polygon><outerBoundaryIs><LinearRing><coordinates>-96.9932,49.8922,0 -96.98360000000001,49.8922,0 -96.98360000000001,49.897400000000005,0 -96.9932,49.897400000000005,0 -96.9932,49.8922,0</coordinates></LinearRing></outerBoundaryIs></Polygon></Placemark>
      <Placemark><name>Patch (47,24)</name><styleUrl>#sugarStyle_0</styleUrl><Polygon><outerBoundaryIs><LinearRing><coordinates>-96.98360000000001,49.8922,0 -96.974,49.8922,0 -96.974,49.897400000000005,0 -96.98360000000001,49.897400000000005,0 -96.98360000000001,49.8922,0</coordinates></LinearRing></outerBoundaryIs></Polygon></Placemark>
      <Placemark><name>Patch (48,24)</name><styleUrl>#sugarStyle_0</styleUrl><Polygon><outerBoundaryIs><LinearRing><coordinates>-96.974,49.8922,0 -96.9644,49.8922,0 -96.9644,49.897400000000005,0 -96.974,49.897400000000005,0 -96.974,49.8922,0</coordinates></LinearRing></outerBoundaryIs></Polygon></Placemark>
      <Placemark><name>Patch (49,24)</name><styleUrl>#sugarStyle_0</styleUrl><Polygon><outerBoundaryIs><LinearRing><coordinates>-96.9644,49.8922,0 -96.9548,49.8922,0 -96.9548,49.897400000000005,0 -96.9644,49.897400000000005,0 -96.9644,49.8922,0</coordinates></LinearRing></outerBoundaryIs></Polygon></Placemark>
      <Placemark><name>Patch (50,24)</name><styleUrl>#sugarStyle_0</styleUrl><Polygon><outerBoundaryIs><LinearRing><coordinates>-96.9548,49.8922,0 -96.9452,49.8922,0 -96.9452,49.897400000000005,0 -96.9548,49.897400000000005,0 -96.9548,49.8922,0</coordinates></LinearRing></outerBoundaryIs></Polygon></Placemark>
      <Placemark><name>Patch (0,25)</name><styleUrl>#sugarStyle_0</styleUrl><Polygon><outerBoundaryIs><LinearRing><coordinates>-97.43480000000001,49.897400000000005,0 -97.4252,49.897400000000005,0 -97.4252,49.9026,0 -97.43480000000001,49.9026,0 -97.43480000000001,49.897400000000005,0</coordinates></LinearRing></outerBoundaryIs></Polygon></Placemark>
      <Placemark><name>Patch (1,25)</name><styleUrl>#sugarStyle_0</styleUrl><Polygon><outerBoundaryIs><LinearRing><coordinates>-97.4252,49.897400000000005,0 -97.41560000000001,49.897400000000005,0 -97.41560000000001,49.9026,0 -97.4252,49.9026,0 -97.4252,49.897400000000005,0</coordinates></LinearRing></outerBoundaryIs></Polygon></Placemark>
      <Placemark><name>Patch (2,25)</name><styleUrl>#sugarStyle_0</styleUrl><Polygon><outerBoundaryIs><LinearRing><coordinates>-97.41560000000001,49.897400000000005,0 -97.406,49.897400000000005,0 -97.406,49.9026,0 -97.41560000000001,49.9026,0 -97.41560000000001,49.897400000000005,0</coordinates></LinearRing></outerBoundaryIs></Polygon></Placemark>
      <Placemark><name>Patch (3,25)</name><styleUrl>#sugarStyle_0</styleUrl><Polygon><outerBoundaryIs><LinearRing><coordinates>-97.406,49.897400000000005,0 -97.3964,49.897400000000005,0 -97.3964,49.9026,0 -97.406,49.9026,0 -97.406,49.897400000000005,0</coordinates></LinearRing></outerBoundaryIs></Polygon></Placemark>
      <Placemark><name>Patch (4,25)</name><styleUrl>#sugarStyle_0</styleUrl><Polygon><outerBoundaryIs><LinearRing><coordinates>-97.3964,49.897400000000005,0 -97.38680000000001,49.897400000000005,0 -97.38680000000001,49.9026,0 -97.3964,49.9026,0 -97.3964,49.897400000000005,0</coordinates></LinearRing></outerBoundaryIs></Polygon></Placemark>
      <Placemark><name>Patch (5,25)</name><styleUrl>#sugarStyle_0</styleUrl><Polygon><outerBoundaryIs><LinearRing><coordinates>-97.38680000000001,49.897400000000005,0 -97.3772,49.897400000000005,0 -97.3772,49.9026,0 -97.38680000000001,49.9026,0 -97.38680000000001,49.897400000000005,0</coordinates></LinearRing></outerBoundaryIs></Polygon></Placemark>
      <Placemark><name>Patch (6,25)</name><styleUrl>#sugarStyle_0</styleUrl><Polygon><outerBoundaryIs><LinearRing><coordinates>-97.3772,49.897400000000005,0 -97.36760000000001,49.897400000000005,0 -97.36760000000001,49.9026,0 -97.3772,49.9026,0 -97.3772,49.897400000000005,0</coordinates></LinearRing></outerBoundaryIs></Polygon></Placemark>
      <Placemark><name>Patch (7,25)</name><styleUrl>#sugarStyle_0</styleUrl><Polygon><outerBoundaryIs><LinearRing><coordinates>-97.36760000000001,49.897400000000005,0 -97.358,49.897400000000005,0 -97.358,49.9026,0 -97.36760000000001,49.9026,0 -97.36760000000001,49.897400000000005,0</coordinates></LinearRing></outerBoundaryIs></Polygon></Placemark>
      <Placemark><name>Patch (8,25)</name><styleUrl>#sugarStyle_0</styleUrl><Polygon><outerBoundaryIs><LinearRing><coordinates>-97.358,49.897400000000005,0 -97.34840000000001,49.897400000000005,0 -97.34840000000001,49.9026,0 -97.358,49.9026,0 -97.358,49.897400000000005,0</coordinates></LinearRing></outerBoundaryIs></Polygon></Placemark>
      <Placemark><name>Patch (9,25)</name><styleUrl>#sugarStyle_0</styleUrl><Polygon><outerBoundaryIs><LinearRing><coordinates>-97.34840000000001,49.897400000000005,0 -97.3388,49.897400000000005,0 -97.3388,49.9026,0 -97.34840000000001,49.9026,0 -97.34840000000001,49.897400000000005,0</coordinates></LinearRing></outerBoundaryIs></Polygon></Placemark>
      <Placemark><name>Patch (10,25)</name><styleUrl>#sugarStyle_0</styleUrl><Polygon><outerBoundaryIs><LinearRing><coordinates>-97.3388,49.897400000000005,0 -97.3292,49.897400000000005,0 -97.3292,49.9026,0 -97.3388,49.9026,0 -97.3388,49.897400000000005,0</coordinates></LinearRing></outerBoundaryIs></Polygon></Placemark>
      <Placemark><name>Patch (11,25)</name><styleUrl>#sugarStyle_0</styleUrl><Polygon><outerBoundaryIs><LinearRing><coordinates>-97.3292,49.897400000000005,0 -97.31960000000001,49.897400000000005,0 -97.31960000000001,49.9026,0 -97.3292,49.9026,0 -97.3292,49.897400000000005,0</coordinates></LinearRing></outerBoundaryIs></Polygon></Placemark>
      <Placemark><name>Patch (12,25)</name><styleUrl>#sugarStyle_0</styleUrl><Polygon><outerBoundaryIs><LinearRing><coordinates>-97.31960000000001,49.897400000000005,0 -97.31,49.897400000000005,0 -97.31,49.9026,0 -97.31960000000001,49.9026,0 -97.31960000000001,49.897400000000005,0</coordinates></LinearRing></outerBoundaryIs></Polygon></Placemark>
      <Placemark><name>Patch (13,25)</name><styleUrl>#sugarStyle_0</styleUrl><Polygon><outerBoundaryIs><LinearRing><coordinates>-97.31,49.897400000000005,0 -97.30040000000001,49.897400000000005,0 -97.30040000000001,49.9026,0 -97.31,49.9026,0 -97.31,49.897400000000005,0</coordinates></LinearRing></outerBoundaryIs></Polygon></Placemark>
      <Placemark><name>Patch (14,25)</name><styleUrl>#sugarStyle_0</styleUrl><Polygon><outerBoundaryIs><LinearRing><coordinates>-97.30040000000001,49.897400000000005,0 -97.2908,49.897400000000005,0 -97.2908,49.9026,0 -97.30040000000001,49.9026,0 -97.30040000000001,49.897400000000005,0</coordinates></LinearRing></outerBoundaryIs></Polygon></Placemark>
      <Placemark><name>Patch (15,25)</name><styleUrl>#sugarStyle_0</styleUrl><Polygon><outerBoundaryIs><LinearRing><coordinates>-97.2908,49.897400000000005,0 -97.28120000000001,49.897400000000005,0 -97.28120000000001,49.9026,0 -97.2908,49.9026,0 -97.2908,49.897400000000005,0</coordinates></LinearRing></outerBoundaryIs></Polygon></Placemark>
      <Placemark><name>Patch (16,25)</name><styleUrl>#sugarStyle_0</styleUrl><Polygon><outerBoundaryIs><LinearRing><coordinates>-97.28120000000001,49.897400000000005,0 -97.2716,49.897400000000005,0 -97.2716,49.9026,0 -97.28120000000001,49.9026,0 -97.28120000000001,49.897400000000005,0</coordinates></LinearRing></outerBoundaryIs></Polygon></Placemark>
      <Placemark><name>Patch (17,25)</name><styleUrl>#sugarStyle_0</styleUrl><Polygon><outerBoundaryIs><LinearRing><coordinates>-97.2716,49.897400000000005,0 -97.262,49.897400000000005,0 -97.262,49.9026,0 -97.2716,49.9026,0 -97.2716,49.897400000000005,0</coordinates></LinearRing></outerBoundaryIs></Polygon></Placemark>
      <Placemark><name>Patch (18,25)</name><styleUrl>#sugarStyle_0</styleUrl><Polygon><outerBoundaryIs><LinearRing><coordinates>-97.262,49.897400000000005,0 -97.25240000000001,49.897400000000005,0 -97.25240000000001,49.9026,0 -97.262,49.9026,0 -97.262,49.897400000000005,0</coordinates></LinearRing></outerBoundaryIs></Polygon></Placemark>
      <Placemark><name>Patch (19,25)</name><styleUrl>#sugarStyle_1</styleUrl><Polygon><outerBoundaryIs><LinearRing><coordinates>-97.25240000000001,49.897400000000005,0 -97.2428,49.897400000000005,0 -97.2428,49.9026,0 -97.25240000000001,49.9026,0 -97.25240000000001,49.897400000000005,0</coordinates></LinearRing></outerBoundaryIs></Polygon></Placemark>
      <Placemark><name>Patch (20,25)</name><styleUrl>#sugarStyle_1</styleUrl><Polygon><outerBoundaryIs><LinearRing><coordinates>-97.2428,49.897400000000005,0 -97.23320000000001,49.897400000000005,0 -97.23320000000001,49.9026,0 -97.2428,49.9026,0 -97.2428,49.897400000000005,0</coordinates></LinearRing></outerBoundaryIs></Polygon></Placemark>
      <Placemark><name>Patch (21,25)</name><styleUrl>#sugarStyle_1</styleUrl><Polygon><outerBoundaryIs><LinearRing><coordinates>-97.23320000000001,49.897400000000005,0 -97.2236,49.897400000000005,0 -97.2236,49.9026,0 -97.23320000000001,49.9026,0 -97.23320000000001,49.897400000000005,0</coordinates></LinearRing></outerBoundaryIs></Polygon></Placemark>
      <Placemark><name>Patch (22,25)</name><styleUrl>#sugarStyle_1</styleUrl><Polygon><outerBoundaryIs><LinearRing><coordinates>-97.2236,49.897400000000005,0 -97.214,49.897400000000005,0 -97.214,49.9026,0 -97.2236,49.9026,0 -97.2236,49.897400000000005,0</coordinates></LinearRing></outerBoundaryIs></Polygon></Placemark>
      <Placemark><name>Patch (23,25)</name><styleUrl>#sugarStyle_0</styleUrl><Polygon><outerBoundaryIs><LinearRing><coordinates>-97.214,49.897400000000005,0 -97.2044,49.897400000000005,0 -97.2044,49.9026,0 -97.214,49.9026,0 -97.214,49.897400000000005,0</coordinates></LinearRing></outerBoundaryIs></Polygon></Placemark>
      <Placemark><name>Patch (24,25)</name><styleUrl>#sugarStyle_0</styleUrl><Polygon><outerBoundaryIs><LinearRing><coordinates>-97.2044,49.897400000000005,0 -97.1948,49.897400000000005,0 -97.1948,49.9026,0 -97.2044,49.9026,0 -97.2044,49.897400000000005,0</coordinates></LinearRing></outerBoundaryIs></Polygon></Placemark>
      <Placemark><name>Patch (25,25)</name><styleUrl>#sugarStyle_1</styleUrl><Polygon><outerBoundaryIs><LinearRing><coordinates>-97.1948,49.897400000000005,0 -97.18520000000001,49.897400000000005,0 -97.18520000000001,49.9026,0 -97.1948,49.9026,0 -97.1948,49.897400000000005,0</coordinates></LinearRing></outerBoundaryIs></Polygon></Placemark>
      <Placemark><name>Patch (26,25)</name><styleUrl>#sugarStyle_1</styleUrl><Polygon><outerBoundaryIs><LinearRing><coordinates>-97.18520000000001,49.897400000000005,0 -97.1756,49.897400000000005,0 -97.1756,49.9026,0 -97.18520000000001,49.9026,0 -97.18520000000001,49.897400000000005,0</coordinates></LinearRing></outerBoundaryIs></Polygon></Placemark>
      <Placemark><name>Patch (27,25)</name><styleUrl>#sugarStyle_0</styleUrl><Polygon><outerBoundaryIs><LinearRing><coordinates>-97.1756,49.897400000000005,0 -97.16600000000001,49.897400000000005,0 -97.16600000000001,49.9026,0 -97.1756,49.9026,0 -97.1756,49.897400000000005,0</coordinates></LinearRing></outerBoundaryIs></Polygon></Placemark>
      <Placemark><name>Patch (28,25)</name><styleUrl>#sugarStyle_2</styleUrl><Polygon><outerBoundaryIs><LinearRing><coordinates>-97.16600000000001,49.897400000000005,0 -97.1564,49.897400000000005,0 -97.1564,49.9026,0 -97.16600000000001,49.9026,0 -97.16600000000001,49.897400000000005,0</coordinates></LinearRing></outerBoundaryIs></Polygon></Placemark>
      <Placemark><name>Patch (29,25)</name><styleUrl>#sugarStyle_0</styleUrl><Polygon><outerBoundaryIs><LinearRing><coordinates>-97.1564,49.897400000000005,0 -97.1468,49.897400000000005,0 -97.1468,49.9026,0 -97.1564,49.9026,0 -97.1564,49.897400000000005,0</coordinates></LinearRing></outerBoundaryIs></Polygon></Placemark>
      <Placemark><name>Patch (30,25)</name><styleUrl>#sugarStyle_1</styleUrl><Polygon><outerBoundaryIs><LinearRing><coordinates>-97.1468,49.897400000000005,0 -97.1372,49.897400000000005,0 -97.1372,49.9026,0 -97.1468,49.9026,0 -97.1468,49.897400000000005,0</coordinates></LinearRing></outerBoundaryIs></Polygon></Placemark>
      <Placemark><name>Patch (31,25)</name><styleUrl>#sugarStyle_1</styleUrl><Polygon><outerBoundaryIs><LinearRing><coordinates>-97.1372,49.897400000000005,0 -97.1276,49.897400000000005,0 -97.1276,49.9026,0 -97.1372,49.9026,0 -97.1372,49.897400000000005,0</coordinates></LinearRing></outerBoundaryIs></Polygon></Placemark>
      <Placemark><name>Patch (32,25)</name><styleUrl>#sugarStyle_0</styleUrl><Polygon><outerBoundaryIs><LinearRing><coordinates>-97.1276,49.897400000000005,0 -97.11800000000001,49.897400000000005,0 -97.11800000000001,49.9026,0 -97.1276,49.9026,0 -97.1276,49.897400000000005,0</coordinates></LinearRing></outerBoundaryIs></Polygon></Placemark>
      <Placemark><name>Patch (33,25)</name><styleUrl>#sugarStyle_1</styleUrl><Polygon><outerBoundaryIs><LinearRing><coordinates>-97.11800000000001,49.897400000000005,0 -97.1084,49.897400000000005,0 -97.1084,49.9026,0 -97.11800000000001,49.9026,0 -97.11800000000001,49.897400000000005,0</coordinates></LinearRing></outerBoundaryIs></Polygon></Placemark>
      <Placemark><name>Patch (34,25)</name><styleUrl>#sugarStyle_1</styleUrl><Polygon><outerBoundaryIs><LinearRing><coordinates>-97.1084,49.897400000000005,0 -97.0988,49.897400000000005,0 -97.0988,49.9026,0 -97.1084,49.9026,0 -97.1084,49.897400000000005,0</coordinates></LinearRing></outerBoundaryIs></Polygon></Placemark>
      <Placemark><name>Patch (35,25)</name><styleUrl>#sugarStyle_2</styleUrl><Polygon><outerBoundaryIs><LinearRing><coordinates>-97.0988,49.897400000000005,0 -97.0892,49.897400000000005,0 -97.0892,49.9026,0 -97.0988,49.9026,0 -97.0988,49.897400000000005,0</coordinates></LinearRing></outerBoundaryIs></Polygon></Placemark>
      <Placemark><name>Patch (36,25)</name><styleUrl>#sugarStyle_1</styleUrl><Polygon><outerBoundaryIs><LinearRing><coordinates>-97.0892,49.897400000000005,0 -97.0796,49.897400000000005,0 -97.0796,49.9026,0 -97.0892,49.9026,0 -97.0892,49.897400000000005,0</coordinates></LinearRing></outerBoundaryIs></Polygon></Placemark>
      <Placemark><name>Patch (37,25)</name><styleUrl>#sugarStyle_0</styleUrl><Polygon><outerBoundaryIs><LinearRing><coordinates>-97.0796,49.897400000000005,0 -97.07000000000001,49.897400000000005,0 -97.07000000000001,49.9026,0 -97.0796,49.9026,0 -97.0796,49.897400000000005,0</coordinates></LinearRing></outerBoundaryIs></Polygon></Placemark>
      <Placemark><name>Patch (38,25)</name><styleUrl>#sugarStyle_1</styleUrl><Polygon><outerBoundaryIs><LinearRing><coordinates>-97.07000000000001,49.897400000000005,0 -97.0604,49.897400000000005,0 -97.0604,49.9026,0 -97.07000000000001,49.9026,0 -97.07000000000001,49.897400000000005,0</coordinates></LinearRing></outerBoundaryIs></Polygon></Placemark>
      <Placemark><name>Patch (39,25)</name><styleUrl>#sugarStyle_1</styleUrl><Polygon><outerBoundaryIs><LinearRing><coordinates>-97.0604,49.897400000000005,0 -97.05080000000001,49.897400000000005,0 -97.05080000000001,49.9026,0 -97.0604,49.9026,0 -97.0604,49.897400000000005,0</coordinates></LinearRing></outerBoundaryIs></Polygon></Placemark>
      <Placemark><name>Patch (40,25)</name><styleUrl>#sugarStyle_1</styleUrl><Polygon><outerBoundaryIs><LinearRing><coordinates>-97.05080000000001,49.897400000000005,0 -97.0412,49.897400000000005,0 -97.0412,49.9026,0 -97.05080000000001,49.9026,0 -97.05080000000001,49.897400000000005,0</coordinates></LinearRing></outerBoundaryIs></Polygon></Placemark>
      <Placemark><name>Patch (41,25)</name><styleUrl>#sugarStyle_1</styleUrl><Polygon><outerBoundaryIs><LinearRing><coordinates>-97.0412,49.897400000000005,0 -97.0316,49.897400000000005,0 -97.0316,49.9026,0 -97.0412,49.9026,0 -97.0412,49.897400000000005,0</coordinates></LinearRing></outerBoundaryIs></Polygon></Placemark>
      <Placemark><name>Patch (42,25)</name><styleUrl>#sugarStyle_1</styleUrl><Polygon><outerBoundaryIs><LinearRing><coordinates>-97.0316,49.897400000000005,0 -97.022,49.897400000000005,0 -97.022,49.9026,0 -97.0316,49.9026,0 -97.0316,49.897400000000005,0</coordinates></LinearRing></outerBoundaryIs></Polygon></Placemark>
      <Placemark><name>Patch (43,25)</name><styleUrl>#sugarStyle_1</styleUrl><Polygon><outerBoundaryIs><LinearRing><coordinates>-97.022,49.897400000000005,0 -97.0124,49.897400000000005,0 -97.0124,49.9026,0 -97.022,49.9026,0 -97.022,49.897400000000005,0</coordinates></LinearRing></outerBoundaryIs></Polygon></Placemark>
      <Placemark><name>Patch (44,25)</name><styleUrl>#sugarStyle_0</styleUrl><Polygon><outerBoundaryIs><LinearRing><coordinates>-97.0124,49.897400000000005,0 -97.00280000000001,49.897400000000005,0 -97.00280000000001,49.9026,0 -97.0124,49.9026,0 -97.0124,49.897400000000005,0</coordinates></LinearRing></outerBoundaryIs></Polygon></Placemark>
      <Placemark><name>Patch (45,25)</name><styleUrl>#sugarStyle_0</styleUrl><Polygon><outerBoundaryIs><LinearRing><coordinates>-97.00280000000001,49.897400000000005,0 -96.9932,49.897400000000005,0 -96.9932,49.9026,0 -97.00280000000001,49.9026,0 -97.00280000000001,49.897400000000005,0</coordinates></LinearRing></outerBoundaryIs></Polygon></Placemark>
      <Placemark><name>Patch (46,25)</name><styleUrl>#sugarStyle_0</styleUrl><Polygon><outerBoundaryIs><LinearRing><coordinates>-96.9932,49.897400000000005,0 -96.98360000000001,49.897400000000005,0 -96.98360000000001,49.9026,0 -96.9932,49.9026,0 -96.9932,49.897400000000005,0</coordinates></LinearRing></outerBoundaryIs></Polygon></Placemark>
      <Placemark><name>Patch (47,25)</name><styleUrl>#sugarStyle_0</styleUrl><Polygon><outerBoundaryIs><LinearRing><coordinates>-96.98360000000001,49.897400000000005,0 -96.974,49.897400000000005,0 -96.974,49.9026,0 -96.98360000000001,49.9026,0 -96.98360000000001,49.897400000000005,0</coordinates></LinearRing></outerBoundaryIs></Polygon></Placemark>
      <Placemark><name>Patch (48,25)</name><styleUrl>#sugarStyle_0</styleUrl><Polygon><outerBoundaryIs><LinearRing><coordinates>-96.974,49.897400000000005,0 -96.9644,49.897400000000005,0 -96.9644,49.9026,0 -96.974,49.9026,0 -96.974,49.897400000000005,0</coordinates></LinearRing></outerBoundaryIs></Polygon></Placemark>
      <Placemark><name>Patch (49,25)</name><styleUrl>#sugarStyle_0</styleUrl><Polygon><outerBoundaryIs><LinearRing><coordinates>-96.9644,49.897400000000005,0 -96.9548,49.897400000000005,0 -96.9548,49.9026,0 -96.9644,49.9026,0 -96.9644,49.897400000000005,0</coordinates></LinearRing></outerBoundaryIs></Polygon></Placemark>
      <Placemark><name>Patch (50,25)</name><styleUrl>#sugarStyle_0</styleUrl><Polygon><outerBoundaryIs><LinearRing><coordinates>-96.9548,49.897400000000005,0 -96.9452,49.897400000000005,0 -96.9452,49.9026,0 -96.9548,49.9026,0 -96.9548,49.897400000000005,0</coordinates></LinearRing></outerBoundaryIs></Polygon></Placemark>
      <Placemark><name>Patch (0,26)</name><styleUrl>#sugarStyle_0</styleUrl><Polygon><outerBoundaryIs><LinearRing><coordinates>-97.43480000000001,49.9026,0 -97.4252,49.9026,0 -97.4252,49.9078,0 -97.43480000000001,49.9078,0 -97.43480000000001,49.9026,0</coordinates></LinearRing></outerBoundaryIs></Polygon></Placemark>
      <Placemark><name>Patch (1,26)</name><styleUrl>#sugarStyle_0</styleUrl><Polygon><outerBoundaryIs><LinearRing><coordinates>-97.4252,49.9026,0 -97.41560000000001,49.9026,0 -97.41560000000001,49.9078,0 -97.4252,49.9078,0 -97.4252,49.9026,0</coordinates></LinearRing></outerBoundaryIs></Polygon></Placemark>
      <Placemark><name>Patch (2,26)</name><styleUrl>#sugarStyle_0</styleUrl><Polygon><outerBoundaryIs><LinearRing><coordinates>-97.41560000000001,49.9026,0 -97.406,49.9026,0 -97.406,49.9078,0 -97.41560000000001,49.9078,0 -97.41560000000001,49.9026,0</coordinates></LinearRing></outerBoundaryIs></Polygon></Placemark>
      <Placemark><name>Patch (3,26)</name><styleUrl>#sugarStyle_0</styleUrl><Polygon><outerBoundaryIs><LinearRing><coordinates>-97.406,49.9026,0 -97.3964,49.9026,0 -97.3964,49.9078,0 -97.406,49.9078,0 -97.406,49.9026,0</coordinates></LinearRing></outerBoundaryIs></Polygon></Placemark>
      <Placemark><name>Patch (4,26)</name><styleUrl>#sugarStyle_0</styleUrl><Polygon><outerBoundaryIs><LinearRing><coordinates>-97.3964,49.9026,0 -97.38680000000001,49.9026,0 -97.38680000000001,49.9078,0 -97.3964,49.9078,0 -97.3964,49.9026,0</coordinates></LinearRing></outerBoundaryIs></Polygon></Placemark>
      <Placemark><name>Patch (5,26)</name><styleUrl>#sugarStyle_0</styleUrl><Polygon><outerBoundaryIs><LinearRing><coordinates>-97.38680000000001,49.9026,0 -97.3772,49.9026,0 -97.3772,49.9078,0 -97.38680000000001,49.9078,0 -97.38680000000001,49.9026,0</coordinates></LinearRing></outerBoundaryIs></Polygon></Placemark>
      <Placemark><name>Patch (6,26)</name><styleUrl>#sugarStyle_0</styleUrl><Polygon><outerBoundaryIs><LinearRing><coordinates>-97.3772,49.9026,0 -97.36760000000001,49.9026,0 -97.36760000000001,49.9078,0 -97.3772,49.9078,0 -97.3772,49.9026,0</coordinates></LinearRing></outerBoundaryIs></Polygon></Placemark>
      <Placemark><name>Patch (7,26)</name><styleUrl>#sugarStyle_0</styleUrl><Polygon><outerBoundaryIs><LinearRing><coordinates>-97.36760000000001,49.9026,0 -97.358,49.9026,0 -97.358,49.9078,0 -97.36760000000001,49.9078,0 -97.36760000000001,49.9026,0</coordinates></LinearRing></outerBoundaryIs></Polygon></Placemark>
      <Placemark><name>Patch (8,26)</name><styleUrl>#sugarStyle_0</styleUrl><Polygon><outerBoundaryIs><LinearRing><coordinates>-97.358,49.9026,0 -97.34840000000001,49.9026,0 -97.34840000000001,49.9078,0 -97.358,49.9078,0 -97.358,49.9026,0</coordinates></LinearRing></outerBoundaryIs></Polygon></Placemark>
      <Placemark><name>Patch (9,26)</name><styleUrl>#sugarStyle_0</styleUrl><Polygon><outerBoundaryIs><LinearRing><coordinates>-97.34840000000001,49.9026,0 -97.3388,49.9026,0 -97.3388,49.9078,0 -97.34840000000001,49.9078,0 -97.34840000000001,49.9026,0</coordinates></LinearRing></outerBoundaryIs></Polygon></Placemark>
      <Placemark><name>Patch (10,26)</name><styleUrl>#sugarStyle_0</styleUrl><Polygon><outerBoundaryIs><LinearRing><coordinates>-97.3388,49.9026,0 -97.3292,49.9026,0 -97.3292,49.9078,0 -97.3388,49.9078,0 -97.3388,49.9026,0</coordinates></LinearRing></outerBoundaryIs></Polygon></Placemark>
      <Placemark><name>Patch (11,26)</name><styleUrl>#sugarStyle_0</styleUrl><Polygon><outerBoundaryIs><LinearRing><coordinates>-97.3292,49.9026,0 -97.31960000000001,49.9026,0 -97.31960000000001,49.9078,0 -97.3292,49.9078,0 -97.3292,49.9026,0</coordinates></LinearRing></outerBoundaryIs></Polygon></Placemark>
      <Placemark><name>Patch (12,26)</name><styleUrl>#sugarStyle_0</styleUrl><Polygon><outerBoundaryIs><LinearRing><coordinates>-97.31960000000001,49.9026,0 -97.31,49.9026,0 -97.31,49.9078,0 -97.31960000000001,49.9078,0 -97.31960000000001,49.9026,0</coordinates></LinearRing></outerBoundaryIs></Polygon></Placemark>
      <Placemark><name>Patch (13,26)</name><styleUrl>#sugarStyle_0</styleUrl><Polygon><outerBoundaryIs><LinearRing><coordinates>-97.31,49.9026,0 -97.30040000000001,49.9026,0 -97.30040000000001,49.9078,0 -97.31,49.9078,0 -97.31,49.9026,0</coordinates></LinearRing></outerBoundaryIs></Polygon></Placemark>
      <Placemark><name>Patch (14,26)</name><styleUrl>#sugarStyle_0</styleUrl><Polygon><outerBoundaryIs><LinearRing><coordinates>-97.30040000000001,49.9026,0 -97.2908,49.9026,0 -97.2908,49.9078,0 -97.30040000000001,49.9078,0 -97.30040000000001,49.9026,0</coordinates></LinearRing></outerBoundaryIs></Polygon></Placemark>
      <Placemark><name>Patch (15,26)</name><styleUrl>#sugarStyle_0</styleUrl><Polygon><outerBoundaryIs><LinearRing><coordinates>-97.2908,49.9026,0 -97.28120000000001,49.9026,0 -97.28120000000001,49.9078,0 -97.2908,49.9078,0 -97.2908,49.9026,0</coordinates></LinearRing></outerBoundaryIs></Polygon></Placemark>
      <Placemark><name>Patch (16,26)</name><styleUrl>#sugarStyle_0</styleUrl><Polygon><outerBoundaryIs><LinearRing><coordinates>-97.28120000000001,49.9026,0 -97.2716,49.9026,0 -97.2716,49.9078,0 -97.28120000000001,49.9078,0 -97.28120000000001,49.9026,0</coordinates></LinearRing></outerBoundaryIs></Polygon></Placemark>
      <Placemark><name>Patch (17,26)</name><styleUrl>#sugarStyle_0</styleUrl><Polygon><outerBoundaryIs><LinearRing><coordinates>-97.2716,49.9026,0 -97.262,49.9026,0 -97.262,49.9078,0 -97.2716,49.9078,0 -97.2716,49.9026,0</coordinates></LinearRing></outerBoundaryIs></Polygon></Placemark>
      <Placemark><name>Patch (18,26)</name><styleUrl>#sugarStyle_1</styleUrl><Polygon><outerBoundaryIs><LinearRing><coordinates>-97.262,49.9026,0 -97.25240000000001,49.9026,0 -97.25240000000001,49.9078,0 -97.262,49.9078,0 -97.262,49.9026,0</coordinates></LinearRing></outerBoundaryIs></Polygon></Placemark>
      <Placemark><name>Patch (19,26)</name><styleUrl>#sugarStyle_1</styleUrl><Polygon><outerBoundaryIs><LinearRing><coordinates>-97.25240000000001,49.9026,0 -97.2428,49.9026,0 -97.2428,49.9078,0 -97.25240000000001,49.9078,0 -97.25240000000001,49.9026,0</coordinates></LinearRing></outerBoundaryIs></Polygon></Placemark>
      <Placemark><name>Patch (20,26)</name><styleUrl>#sugarStyle_1</styleUrl><Polygon><outerBoundaryIs><LinearRing><coordinates>-97.2428,49.9026,0 -97.23320000000001,49.9026,0 -97.23320000000001,49.9078,0 -97.2428,49.9078,0 -97.2428,49.9026,0</coordinates></LinearRing></outerBoundaryIs></Polygon></Placemark>
      <Placemark><name>Patch (21,26)</name><styleUrl>#sugarStyle_1</styleUrl><Polygon><outerBoundaryIs><LinearRing><coordinates>-97.23320000000001,49.9026,0 -97.2236,49.9026,0 -97.2236,49.9078,0 -97.23320000000001,49.9078,0 -97.23320000000001,49.9026,0</coordinates></LinearRing></outerBoundaryIs></Polygon></Placemark>
      <Placemark><name>Patch (22,26)</name><styleUrl>#sugarStyle_0</styleUrl><Polygon><outerBoundaryIs><LinearRing><coordinates>-97.2236,49.9026,0 -97.214,49.9026,0 -97.214,49.9078,0 -97.2236,49.9078,0 -97.2236,49.9026,0</coordinates></LinearRing></outerBoundaryIs></Polygon></Placemark>
      <Placemark><name>Patch (23,26)</name><styleUrl>#sugarStyle_0</styleUrl><Polygon><outerBoundaryIs><LinearRing><coordinates>-97.214,49.9026,0 -97.2044,49.9026,0 -97.2044,49.9078,0 -97.214,49.9078,0 -97.214,49.9026,0</coordinates></LinearRing></outerBoundaryIs></Polygon></Placemark>
      <Placemark><name>Patch (24,26)</name><styleUrl>#sugarStyle_0</styleUrl><Polygon><outerBoundaryIs><LinearRing><coordinates>-97.2044,49.9026,0 -97.1948,49.9026,0 -97.1948,49.9078,0 -97.2044,49.9078,0 -97.2044,49.9026,0</coordinates></LinearRing></outerBoundaryIs></Polygon></Placemark>
      <Placemark><name>Patch (25,26)</name><styleUrl>#sugarStyle_0</styleUrl><Polygon><outerBoundaryIs><LinearRing><coordinates>-97.1948,49.9026,0 -97.18520000000001,49.9026,0 -97.18520000000001,49.9078,0 -97.1948,49.9078,0 -97.1948,49.9026,0</coordinates></LinearRing></outerBoundaryIs></Polygon></Placemark>
      <Placemark><name>Patch (26,26)</name><styleUrl>#sugarStyle_0</styleUrl><Polygon><outerBoundaryIs><LinearRing><coordinates>-97.18520000000001,49.9026,0 -97.1756,49.9026,0 -97.1756,49.9078,0 -97.18520000000001,49.9078,0 -97.18520000000001,49.9026,0</coordinates></LinearRing></outerBoundaryIs></Polygon></Placemark>
      <Placemark><name>Patch (27,26)</name><styleUrl>#sugarStyle_1</styleUrl><Polygon><outerBoundaryIs><LinearRing><coordinates>-97.1756,49.9026,0 -97.16600000000001,49.9026,0 -97.16600000000001,49.9078,0 -97.1756,49.9078,0 -97.1756,49.9026,0</coordinates></LinearRing></outerBoundaryIs></Polygon></Placemark>
      <Placemark><name>Patch (28,26)</name><styleUrl>#sugarStyle_1</styleUrl><Polygon><outerBoundaryIs><LinearRing><coordinates>-97.16600000000001,49.9026,0 -97.1564,49.9026,0 -97.1564,49.9078,0 -97.16600000000001,49.9078,0 -97.16600000000001,49.9026,0</coordinates></LinearRing></outerBoundaryIs></Polygon></Placemark>
      <Placemark><name>Patch (29,26)</name><styleUrl>#sugarStyle_1</styleUrl><Polygon><outerBoundaryIs><LinearRing><coordinates>-97.1564,49.9026,0 -97.1468,49.9026,0 -97.1468,49.9078,0 -97.1564,49.9078,0 -97.1564,49.9026,0</coordinates></LinearRing></outerBoundaryIs></Polygon></Placemark>
      <Placemark><name>Patch (30,26)</name><styleUrl>#sugarStyle_0</styleUrl><Polygon><outerBoundaryIs><LinearRing><coordinates>-97.1468,49.9026,0 -97.1372,49.9026,0 -97.1372,49.9078,0 -97.1468,49.9078,0 -97.1468,49.9026,0</coordinates></LinearRing></outerBoundaryIs></Polygon></Placemark>
      <Placemark><name>Patch (31,26)</name><styleUrl>#sugarStyle_0</styleUrl><Polygon><outerBoundaryIs><LinearRing><coordinates>-97.1372,49.9026,0 -97.1276,49.9026,0 -97.1276,49.9078,0 -97.1372,49.9078,0 -97.1372,49.9026,0</coordinates></LinearRing></outerBoundaryIs></Polygon></Placemark>
      <Placemark><name>Patch (32,26)</name><styleUrl>#sugarStyle_1</styleUrl><Polygon><outerBoundaryIs><LinearRing><coordinates>-97.1276,49.9026,0 -97.11800000000001,49.9026,0 -97.11800000000001,49.9078,0 -97.1276,49.9078,0 -97.1276,49.9026,0</coordinates></LinearRing></outerBoundaryIs></Polygon></Placemark>
      <Placemark><name>Patch (33,26)</name><styleUrl>#sugarStyle_0</styleUrl><Polygon><outerBoundaryIs><LinearRing><coordinates>-97.11800000000001,49.9026,0 -97.1084,49.9026,0 -97.1084,49.9078,0 -97.11800000000001,49.9078,0 -97.11800000000001,49.9026,0</coordinates></LinearRing></outerBoundaryIs></Polygon></Placemark>
      <Placemark><name>Patch (34,26)</name><styleUrl>#sugarStyle_0</styleUrl><Polygon><outerBoundaryIs><LinearRing><coordinates>-97.1084,49.9026,0 -97.0988,49.9026,0 -97.0988,49.9078,0 -97.1084,49.9078,0 -97.1084,49.9026,0</coordinates></LinearRing></outerBoundaryIs></Polygon></Placemark>
      <Placemark><name>Patch (35,26)</name><styleUrl>#sugarStyle_0</styleUrl><Polygon><outerBoundaryIs><LinearRing><coordinates>-97.0988,49.9026,0 -97.0892,49.9026,0 -97.0892,49.9078,0 -97.0988,49.9078,0 -97.0988,49.9026,0</coordinates></LinearRing></outerBoundaryIs></Polygon></Placemark>
      <Placemark><name>Patch (36,26)</name><styleUrl>#sugarStyle_0</styleUrl><Polygon><outerBoundaryIs><LinearRing><coordinates>-97.0892,49.9026,0 -97.0796,49.9026,0 -97.0796,49.9078,0 -97.0892,49.9078,0 -97.0892,49.9026,0</coordinates></LinearRing></outerBoundaryIs></Polygon></Placemark>
      <Placemark><name>Patch (37,26)</name><styleUrl>#sugarStyle_0</styleUrl><Polygon><outerBoundaryIs><LinearRing><coordinates>-97.0796,49.9026,0 -97.07000000000001,49.9026,0 -97.07000000000001,49.9078,0 -97.0796,49.9078,0 -97.0796,49.9026,0</coordinates></LinearRing></outerBoundaryIs></Polygon></Placemark>
      <Placemark><name>Patch (38,26)</name><styleUrl>#sugarStyle_0</styleUrl><Polygon><outerBoundaryIs><LinearRing><coordinates>-97.07000000000001,49.9026,0 -97.0604,49.9026,0 -97.0604,49.9078,0 -97.07000000000001,49.9078,0 -97.07000000000001,49.9026,0</coordinates></LinearRing></outerBoundaryIs></Polygon></Placemark>
      <Placemark><name>Patch (39,26)</name><styleUrl>#sugarStyle_0</styleUrl><Polygon><outerBoundaryIs><LinearRing><coordinates>-97.0604,49.9026,0 -97.05080000000001,49.9026,0 -97.05080000000001,49.9078,0 -97.0604,49.9078,0 -97.0604,49.9026,0</coordinates></LinearRing></outerBoundaryIs></Polygon></Placemark>
      <Placemark><name>Patch (40,26)</name><styleUrl>#sugarStyle_1</styleUrl><Polygon><outerBoundaryIs><LinearRing><coordinates>-97.05080000000001,49.9026,0 -97.0412,49.9026,0 -97.0412,49.9078,0 -97.05080000000001,49.9078,0 -97.05080000000001,49.9026,0</coordinates></LinearRing></outerBoundaryIs></Polygon></Placemark>
      <Placemark><name>Patch (41,26)</name><styleUrl>#sugarStyle_1</styleUrl><Polygon><outerBoundaryIs><LinearRing><coordinates>-97.0412,49.9026,0 -97.0316,49.9026,0 -97.0316,49.9078,0 -97.0412,49.9078,0 -97.0412,49.9026,0</coordinates></LinearRing></outerBoundaryIs></Polygon></Placemark>
      <Placemark><name>Patch (42,26)</name><styleUrl>#sugarStyle_1</styleUrl><Polygon><outerBoundaryIs><LinearRing><coordinates>-97.0316,49.9026,0 -97.022,49.9026,0 -97.022,49.9078,0 -97.0316,49.9078,0 -97.0316,49.9026,0</coordinates></LinearRing></outerBoundaryIs></Polygon></Placemark>
      <Placemark><name>Patch (43,26)</name><styleUrl>#sugarStyle_1</styleUrl><Polygon><outerBoundaryIs><LinearRing><coordinates>-97.022,49.9026,0 -97.0124,49.9026,0 -97.0124,49.9078,0 -97.022,49.9078,0 -97.022,49.9026,0</coordinates></LinearRing></outerBoundaryIs></Polygon></Placemark>
      <Placemark><name>Patch (44,26)</name><styleUrl>#sugarStyle_0</styleUrl><Polygon><outerBoundaryIs><LinearRing><coordinates>-97.0124,49.9026,0 -97.00280000000001,49.9026,0 -97.00280000000001,49.9078,0 -97.0124,49.9078,0 -97.0124,49.9026,0</coordinates></LinearRing></outerBoundaryIs></Polygon></Placemark>
      <Placemark><name>Patch (45,26)</name><styleUrl>#sugarStyle_0</styleUrl><Polygon><outerBoundaryIs><LinearRing><coordinates>-97.00280000000001,49.9026,0 -96.9932,49.9026,0 -96.9932,49.9078,0 -97.00280000000001,49.9078,0 -97.00280000000001,49.9026,0</coordinates></LinearRing></outerBoundaryIs></Polygon></Placemark>
      <Placemark><name>Patch (46,26)</name><styleUrl>#sugarStyle_0</styleUrl><Polygon><outerBoundaryIs><LinearRing><coordinates>-96.9932,49.9026,0 -96.98360000000001,49.9026,0 -96.98360000000001,49.9078,0 -96.9932,49.9078,0 -96.9932,49.9026,0</coordinates></LinearRing></outerBoundaryIs></Polygon></Placemark>
      <Placemark><name>Patch (47,26)</name><styleUrl>#sugarStyle_0</styleUrl><Polygon><outerBoundaryIs><LinearRing><coordinates>-96.98360000000001,49.9026,0 -96.974,49.9026,0 -96.974,49.9078,0 -96.98360000000001,49.9078,0 -96.98360000000001,49.9026,0</coordinates></LinearRing></outerBoundaryIs></Polygon></Placemark>
      <Placemark><name>Patch (48,26)</name><styleUrl>#sugarStyle_0</styleUrl><Polygon><outerBoundaryIs><LinearRing><coordinates>-96.974,49.9026,0 -96.9644,49.9026,0 -96.9644,49.9078,0 -96.974,49.9078,0 -96.974,49.9026,0</coordinates></LinearRing></outerBoundaryIs></Polygon></Placemark>
      <Placemark><name>Patch (49,26)</name><styleUrl>#sugarStyle_0</styleUrl><Polygon><outerBoundaryIs><LinearRing><coordinates>-96.9644,49.9026,0 -96.9548,49.9026,0 -96.9548,49.9078,0 -96.9644,49.9078,0 -96.9644,49.9026,0</coordinates></LinearRing></outerBoundaryIs></Polygon></Placemark>
      <Placemark><name>Patch (50,26)</name><styleUrl>#sugarStyle_0</styleUrl><Polygon><outerBoundaryIs><LinearRing><coordinates>-96.9548,49.9026,0 -96.9452,49.9026,0 -96.9452,49.9078,0 -96.9548,49.9078,0 -96.9548,49.9026,0</coordinates></LinearRing></outerBoundaryIs></Polygon></Placemark>
      <Placemark><name>Patch (0,27)</name><styleUrl>#sugarStyle_0</styleUrl><Polygon><outerBoundaryIs><LinearRing><coordinates>-97.43480000000001,49.9078,0 -97.4252,49.9078,0 -97.4252,49.913000000000004,0 -97.43480000000001,49.913000000000004,0 -97.43480000000001,49.9078,0</coordinates></LinearRing></outerBoundaryIs></Polygon></Placemark>
      <Placemark><name>Patch (1,27)</name><styleUrl>#sugarStyle_0</styleUrl><Polygon><outerBoundaryIs><LinearRing><coordinates>-97.4252,49.9078,0 -97.41560000000001,49.9078,0 -97.41560000000001,49.913000000000004,0 -97.4252,49.913000000000004,0 -97.4252,49.9078,0</coordinates></LinearRing></outerBoundaryIs></Polygon></Placemark>
      <Placemark><name>Patch (2,27)</name><styleUrl>#sugarStyle_0</styleUrl><Polygon><outerBoundaryIs><LinearRing><coordinates>-97.41560000000001,49.9078,0 -97.406,49.9078,0 -97.406,49.913000000000004,0 -97.41560000000001,49.913000000000004,0 -97.41560000000001,49.9078,0</coordinates></LinearRing></outerBoundaryIs></Polygon></Placemark>
      <Placemark><name>Patch (3,27)</name><styleUrl>#sugarStyle_0</styleUrl><Polygon><outerBoundaryIs><LinearRing><coordinates>-97.406,49.9078,0 -97.3964,49.9078,0 -97.3964,49.913000000000004,0 -97.406,49.913000000000004,0 -97.406,49.9078,0</coordinates></LinearRing></outerBoundaryIs></Polygon></Placemark>
      <Placemark><name>Patch (4,27)</name><styleUrl>#sugarStyle_0</styleUrl><Polygon><outerBoundaryIs><LinearRing><coordinates>-97.3964,49.9078,0 -97.38680000000001,49.9078,0 -97.38680000000001,49.913000000000004,0 -97.3964,49.913000000000004,0 -97.3964,49.9078,0</coordinates></LinearRing></outerBoundaryIs></Polygon></Placemark>
      <Placemark><name>Patch (5,27)</name><styleUrl>#sugarStyle_0</styleUrl><Polygon><outerBoundaryIs><LinearRing><coordinates>-97.38680000000001,49.9078,0 -97.3772,49.9078,0 -97.3772,49.913000000000004,0 -97.38680000000001,49.913000000000004,0 -97.38680000000001,49.9078,0</coordinates></LinearRing></outerBoundaryIs></Polygon></Placemark>
      <Placemark><name>Patch (6,27)</name><styleUrl>#sugarStyle_0</styleUrl><Polygon><outerBoundaryIs><LinearRing><coordinates>-97.3772,49.9078,0 -97.36760000000001,49.9078,0 -97.36760000000001,49.913000000000004,0 -97.3772,49.913000000000004,0 -97.3772,49.9078,0</coordinates></LinearRing></outerBoundaryIs></Polygon></Placemark>
      <Placemark><name>Patch (7,27)</name><styleUrl>#sugarStyle_0</styleUrl><Polygon><outerBoundaryIs><LinearRing><coordinates>-97.36760000000001,49.9078,0 -97.358,49.9078,0 -97.358,49.913000000000004,0 -97.36760000000001,49.913000000000004,0 -97.36760000000001,49.9078,0</coordinates></LinearRing></outerBoundaryIs></Polygon></Placemark>
      <Placemark><name>Patch (8,27)</name><styleUrl>#sugarStyle_0</styleUrl><Polygon><outerBoundaryIs><LinearRing><coordinates>-97.358,49.9078,0 -97.34840000000001,49.9078,0 -97.34840000000001,49.913000000000004,0 -97.358,49.913000000000004,0 -97.358,49.9078,0</coordinates></LinearRing></outerBoundaryIs></Polygon></Placemark>
      <Placemark><name>Patch (9,27)</name><styleUrl>#sugarStyle_0</styleUrl><Polygon><outerBoundaryIs><LinearRing><coordinates>-97.34840000000001,49.9078,0 -97.3388,49.9078,0 -97.3388,49.913000000000004,0 -97.34840000000001,49.913000000000004,0 -97.34840000000001,49.9078,0</coordinates></LinearRing></outerBoundaryIs></Polygon></Placemark>
      <Placemark><name>Patch (10,27)</name><styleUrl>#sugarStyle_0</styleUrl><Polygon><outerBoundaryIs><LinearRing><coordinates>-97.3388,49.9078,0 -97.3292,49.9078,0 -97.3292,49.913000000000004,0 -97.3388,49.913000000000004,0 -97.3388,49.9078,0</coordinates></LinearRing></outerBoundaryIs></Polygon></Placemark>
      <Placemark><name>Patch (11,27)</name><styleUrl>#sugarStyle_0</styleUrl><Polygon><outerBoundaryIs><LinearRing><coordinates>-97.3292,49.9078,0 -97.31960000000001,49.9078,0 -97.31960000000001,49.913000000000004,0 -97.3292,49.913000000000004,0 -97.3292,49.9078,0</coordinates></LinearRing></outerBoundaryIs></Polygon></Placemark>
      <Placemark><name>Patch (12,27)</name><styleUrl>#sugarStyle_0</styleUrl><Polygon><outerBoundaryIs><LinearRing><coordinates>-97.31960000000001,49.9078,0 -97.31,49.9078,0 -97.31,49.913000000000004,0 -97.31960000000001,49.913000000000004,0 -97.31960000000001,49.9078,0</coordinates></LinearRing></outerBoundaryIs></Polygon></Placemark>
      <Placemark><name>Patch (13,27)</name><styleUrl>#sugarStyle_0</styleUrl><Polygon><outerBoundaryIs><LinearRing><coordinates>-97.31,49.9078,0 -97.30040000000001,49.9078,0 -97.30040000000001,49.913000000000004,0 -97.31,49.913000000000004,0 -97.31,49.9078,0</coordinates></LinearRing></outerBoundaryIs></Polygon></Placemark>
      <Placemark><name>Patch (14,27)</name><styleUrl>#sugarStyle_0</styleUrl><Polygon><outerBoundaryIs><LinearRing><coordinates>-97.30040000000001,49.9078,0 -97.2908,49.9078,0 -97.2908,49.913000000000004,0 -97.30040000000001,49.913000000000004,0 -97.30040000000001,49.9078,0</coordinates></LinearRing></outerBoundaryIs></Polygon></Placemark>
      <Placemark><name>Patch (15,27)</name><styleUrl>#sugarStyle_0</styleUrl><Polygon><outerBoundaryIs><LinearRing><coordinates>-97.2908,49.9078,0 -97.28120000000001,49.9078,0 -97.28120000000001,49.913000000000004,0 -97.2908,49.913000000000004,0 -97.2908,49.9078,0</coordinates></LinearRing></outerBoundaryIs></Polygon></Placemark>
      <Placemark><name>Patch (16,27)</name><styleUrl>#sugarStyle_0</styleUrl><Polygon><outerBoundaryIs><LinearRing><coordinates>-97.28120000000001,49.9078,0 -97.2716,49.9078,0 -97.2716,49.913000000000004,0 -97.28120000000001,49.913000000000004,0 -97.28120000000001,49.9078,0</coordinates></LinearRing></outerBoundaryIs></Polygon></Placemark>
      <Placemark><name>Patch (17,27)</name><styleUrl>#sugarStyle_0</styleUrl><Polygon><outerBoundaryIs><LinearRing><coordinates>-97.2716,49.9078,0 -97.262,49.9078,0 -97.262,49.913000000000004,0 -97.2716,49.913000000000004,0 -97.2716,49.9078,0</coordinates></LinearRing></outerBoundaryIs></Polygon></Placemark>
      <Placemark><name>Patch (18,27)</name><styleUrl>#sugarStyle_1</styleUrl><Polygon><outerBoundaryIs><LinearRing><coordinates>-97.262,49.9078,0 -97.25240000000001,49.9078,0 -97.25240000000001,49.913000000000004,0 -97.262,49.913000000000004,0 -97.262,49.9078,0</coordinates></LinearRing></outerBoundaryIs></Polygon></Placemark>
      <Placemark><name>Patch (19,27)</name><styleUrl>#sugarStyle_1</styleUrl><Polygon><outerBoundaryIs><LinearRing><coordinates>-97.25240000000001,49.9078,0 -97.2428,49.9078,0 -97.2428,49.913000000000004,0 -97.25240000000001,49.913000000000004,0 -97.25240000000001,49.9078,0</coordinates></LinearRing></outerBoundaryIs></Polygon></Placemark>
      <Placemark><name>Patch (20,27)</name><styleUrl>#sugarStyle_1</styleUrl><Polygon><outerBoundaryIs><LinearRing><coordinates>-97.2428,49.9078,0 -97.23320000000001,49.9078,0 -97.23320000000001,49.913000000000004,0 -97.2428,49.913000000000004,0 -97.2428,49.9078,0</coordinates></LinearRing></outerBoundaryIs></Polygon></Placemark>
      <Placemark><name>Patch (21,27)</name><styleUrl>#sugarStyle_1</styleUrl><Polygon><outerBoundaryIs><LinearRing><coordinates>-97.23320000000001,49.9078,0 -97.2236,49.9078,0 -97.2236,49.913000000000004,0 -97.23320000000001,49.913000000000004,0 -97.23320000000001,49.9078,0</coordinates></LinearRing></outerBoundaryIs></Polygon></Placemark>
      <Placemark><name>Patch (22,27)</name><styleUrl>#sugarStyle_1</styleUrl><Polygon><outerBoundaryIs><LinearRing><coordinates>-97.2236,49.9078,0 -97.214,49.9078,0 -97.214,49.913000000000004,0 -97.2236,49.913000000000004,0 -97.2236,49.9078,0</coordinates></LinearRing></outerBoundaryIs></Polygon></Placemark>
      <Placemark><name>Patch (23,27)</name><styleUrl>#sugarStyle_1</styleUrl><Polygon><outerBoundaryIs><LinearRing><coordinates>-97.214,49.9078,0 -97.2044,49.9078,0 -97.2044,49.913000000000004,0 -97.214,49.913000000000004,0 -97.214,49.9078,0</coordinates></LinearRing></outerBoundaryIs></Polygon></Placemark>
      <Placemark><name>Patch (24,27)</name><styleUrl>#sugarStyle_1</styleUrl><Polygon><outerBoundaryIs><LinearRing><coordinates>-97.2044,49.9078,0 -97.1948,49.9078,0 -97.1948,49.913000000000004,0 -97.2044,49.913000000000004,0 -97.2044,49.9078,0</coordinates></LinearRing></outerBoundaryIs></Polygon></Placemark>
      <Placemark><name>Patch (25,27)</name><styleUrl>#sugarStyle_2</styleUrl><Polygon><outerBoundaryIs><LinearRing><coordinates>-97.1948,49.9078,0 -97.18520000000001,49.9078,0 -97.18520000000001,49.913000000000004,0 -97.1948,49.913000000000004,0 -97.1948,49.9078,0</coordinates></LinearRing></outerBoundaryIs></Polygon></Placemark>
      <Placemark><name>Patch (26,27)</name><styleUrl>#sugarStyle_1</styleUrl><Polygon><outerBoundaryIs><LinearRing><coordinates>-97.18520000000001,49.9078,0 -97.1756,49.9078,0 -97.1756,49.913000000000004,0 -97.18520000000001,49.913000000000004,0 -97.18520000000001,49.9078,0</coordinates></LinearRing></outerBoundaryIs></Polygon></Placemark>
      <Placemark><name>Patch (27,27)</name><styleUrl>#sugarStyle_0</styleUrl><Polygon><outerBoundaryIs><LinearRing><coordinates>-97.1756,49.9078,0 -97.16600000000001,49.9078,0 -97.16600000000001,49.913000000000004,0 -97.1756,49.913000000000004,0 -97.1756,49.9078,0</coordinates></LinearRing></outerBoundaryIs></Polygon></Placemark>
      <Placemark><name>Patch (28,27)</name><styleUrl>#sugarStyle_0</styleUrl><Polygon><outerBoundaryIs><LinearRing><coordinates>-97.16600000000001,49.9078,0 -97.1564,49.9078,0 -97.1564,49.913000000000004,0 -97.16600000000001,49.913000000000004,0 -97.16600000000001,49.9078,0</coordinates></LinearRing></outerBoundaryIs></Polygon></Placemark>
      <Placemark><name>Patch (29,27)</name><styleUrl>#sugarStyle_0</styleUrl><Polygon><outerBoundaryIs><LinearRing><coordinates>-97.1564,49.9078,0 -97.1468,49.9078,0 -97.1468,49.913000000000004,0 -97.1564,49.913000000000004,0 -97.1564,49.9078,0</coordinates></LinearRing></outerBoundaryIs></Polygon></Placemark>
      <Placemark><name>Patch (30,27)</name><styleUrl>#sugarStyle_1</styleUrl><Polygon><outerBoundaryIs><LinearRing><coordinates>-97.1468,49.9078,0 -97.1372,49.9078,0 -97.1372,49.913000000000004,0 -97.1468,49.913000000000004,0 -97.1468,49.9078,0</coordinates></LinearRing></outerBoundaryIs></Polygon></Placemark>
      <Placemark><name>Patch (31,27)</name><styleUrl>#sugarStyle_1</styleUrl><Polygon><outerBoundaryIs><LinearRing><coordinates>-97.1372,49.9078,0 -97.1276,49.9078,0 -97.1276,49.913000000000004,0 -97.1372,49.913000000000004,0 -97.1372,49.9078,0</coordinates></LinearRing></outerBoundaryIs></Polygon></Placemark>
      <Placemark><name>Patch (32,27)</name><styleUrl>#sugarStyle_1</styleUrl><Polygon><outerBoundaryIs><LinearRing><coordinates>-97.1276,49.9078,0 -97.11800000000001,49.9078,0 -97.11800000000001,49.913000000000004,0 -97.1276,49.913000000000004,0 -97.1276,49.9078,0</coordinates></LinearRing></outerBoundaryIs></Polygon></Placemark>
      <Placemark><name>Patch (33,27)</name><styleUrl>#sugarStyle_1</styleUrl><Polygon><outerBoundaryIs><LinearRing><coordinates>-97.11800000000001,49.9078,0 -97.1084,49.9078,0 -97.1084,49.913000000000004,0 -97.11800000000001,49.913000000000004,0 -97.11800000000001,49.9078,0</coordinates></LinearRing></outerBoundaryIs></Polygon></Placemark>
      <Placemark><name>Patch (34,27)</name><styleUrl>#sugarStyle_0</styleUrl><Polygon><outerBoundaryIs><LinearRing><coordinates>-97.1084,49.9078,0 -97.0988,49.9078,0 -97.0988,49.913000000000004,0 -97.1084,49.913000000000004,0 -97.1084,49.9078,0</coordinates></LinearRing></outerBoundaryIs></Polygon></Placemark>
      <Placemark><name>Patch (35,27)</name><styleUrl>#sugarStyle_1</styleUrl><Polygon><outerBoundaryIs><LinearRing><coordinates>-97.0988,49.9078,0 -97.0892,49.9078,0 -97.0892,49.913000000000004,0 -97.0988,49.913000000000004,0 -97.0988,49.9078,0</coordinates></LinearRing></outerBoundaryIs></Polygon></Placemark>
      <Placemark><name>Patch (36,27)</name><styleUrl>#sugarStyle_0</styleUrl><Polygon><outerBoundaryIs><LinearRing><coordinates>-97.0892,49.9078,0 -97.0796,49.9078,0 -97.0796,49.913000000000004,0 -97.0892,49.913000000000004,0 -97.0892,49.9078,0</coordinates></LinearRing></outerBoundaryIs></Polygon></Placemark>
      <Placemark><name>Patch (37,27)</name><styleUrl>#sugarStyle_1</styleUrl><Polygon><outerBoundaryIs><LinearRing><coordinates>-97.0796,49.9078,0 -97.07000000000001,49.9078,0 -97.07000000000001,49.913000000000004,0 -97.0796,49.913000000000004,0 -97.0796,49.9078,0</coordinates></LinearRing></outerBoundaryIs></Polygon></Placemark>
      <Placemark><name>Patch (38,27)</name><styleUrl>#sugarStyle_1</styleUrl><Polygon><outerBoundaryIs><LinearRing><coordinates>-97.07000000000001,49.9078,0 -97.0604,49.9078,0 -97.0604,49.913000000000004,0 -97.07000000000001,49.913000000000004,0 -97.07000000000001,49.9078,0</coordinates></LinearRing></outerBoundaryIs></Polygon></Placemark>
      <Placemark><name>Patch (39,27)</name><styleUrl>#sugarStyle_0</styleUrl><Polygon><outerBoundaryIs><LinearRing><coordinates>-97.0604,49.9078,0 -97.05080000000001,49.9078,0 -97.05080000000001,49.913000000000004,0 -97.0604,49.913000000000004,0 -97.0604,49.9078,0</coordinates></LinearRing></outerBoundaryIs></Polygon></Placemark>
      <Placemark><name>Patch (40,27)</name><styleUrl>#sugarStyle_1</styleUrl><Polygon><outerBoundaryIs><LinearRing><coordinates>-97.05080000000001,49.9078,0 -97.0412,49.9078,0 -97.0412,49.913000000000004,0 -97.05080000000001,49.913000000000004,0 -97.05080000000001,49.9078,0</coordinates></LinearRing></outerBoundaryIs></Polygon></Placemark>
      <Placemark><name>Patch (41,27)</name><styleUrl>#sugarStyle_1</styleUrl><Polygon><outerBoundaryIs><LinearRing><coordinates>-97.0412,49.9078,0 -97.0316,49.9078,0 -97.0316,49.913000000000004,0 -97.0412,49.913000000000004,0 -97.0412,49.9078,0</coordinates></LinearRing></outerBoundaryIs></Polygon></Placemark>
      <Placemark><name>Patch (42,27)</name><styleUrl>#sugarStyle_0</styleUrl><Polygon><outerBoundaryIs><LinearRing><coordinates>-97.0316,49.9078,0 -97.022,49.9078,0 -97.022,49.913000000000004,0 -97.0316,49.913000000000004,0 -97.0316,49.9078,0</coordinates></LinearRing></outerBoundaryIs></Polygon></Placemark>
      <Placemark><name>Patch (43,27)</name><styleUrl>#sugarStyle_0</styleUrl><Polygon><outerBoundaryIs><LinearRing><coordinates>-97.022,49.9078,0 -97.0124,49.9078,0 -97.0124,49.913000000000004,0 -97.022,49.913000000000004,0 -97.022,49.9078,0</coordinates></LinearRing></outerBoundaryIs></Polygon></Placemark>
      <Placemark><name>Patch (44,27)</name><styleUrl>#sugarStyle_0</styleUrl><Polygon><outerBoundaryIs><LinearRing><coordinates>-97.0124,49.9078,0 -97.00280000000001,49.9078,0 -97.00280000000001,49.913000000000004,0 -97.0124,49.913000000000004,0 -97.0124,49.9078,0</coordinates></LinearRing></outerBoundaryIs></Polygon></Placemark>
      <Placemark><name>Patch (45,27)</name><styleUrl>#sugarStyle_0</styleUrl><Polygon><outerBoundaryIs><LinearRing><coordinates>-97.00280000000001,49.9078,0 -96.9932,49.9078,0 -96.9932,49.913000000000004,0 -97.00280000000001,49.913000000000004,0 -97.00280000000001,49.9078,0</coordinates></LinearRing></outerBoundaryIs></Polygon></Placemark>
      <Placemark><name>Patch (46,27)</name><styleUrl>#sugarStyle_0</styleUrl><Polygon><outerBoundaryIs><LinearRing><coordinates>-96.9932,49.9078,0 -96.98360000000001,49.9078,0 -96.98360000000001,49.913000000000004,0 -96.9932,49.913000000000004,0 -96.9932,49.9078,0</coordinates></LinearRing></outerBoundaryIs></Polygon></Placemark>
      <Placemark><name>Patch (47,27)</name><styleUrl>#sugarStyle_0</styleUrl><Polygon><outerBoundaryIs><LinearRing><coordinates>-96.98360000000001,49.9078,0 -96.974,49.9078,0 -96.974,49.913000000000004,0 -96.98360000000001,49.913000000000004,0 -96.98360000000001,49.9078,0</coordinates></LinearRing></outerBoundaryIs></Polygon></Placemark>
      <Placemark><name>Patch (48,27)</name><styleUrl>#sugarStyle_0</styleUrl><Polygon><outerBoundaryIs><LinearRing><coordinates>-96.974,49.9078,0 -96.9644,49.9078,0 -96.9644,49.913000000000004,0 -96.974,49.913000000000004,0 -96.974,49.9078,0</coordinates></LinearRing></outerBoundaryIs></Polygon></Placemark>
      <Placemark><name>Patch (49,27)</name><styleUrl>#sugarStyle_0</styleUrl><Polygon><outerBoundaryIs><LinearRing><coordinates>-96.9644,49.9078,0 -96.9548,49.9078,0 -96.9548,49.913000000000004,0 -96.9644,49.913000000000004,0 -96.9644,49.9078,0</coordinates></LinearRing></outerBoundaryIs></Polygon></Placemark>
      <Placemark><name>Patch (50,27)</name><styleUrl>#sugarStyle_0</styleUrl><Polygon><outerBoundaryIs><LinearRing><coordinates>-96.9548,49.9078,0 -96.9452,49.9078,0 -96.9452,49.913000000000004,0 -96.9548,49.913000000000004,0 -96.9548,49.9078,0</coordinates></LinearRing></outerBoundaryIs></Polygon></Placemark>
      <Placemark><name>Patch (0,28)</name><styleUrl>#sugarStyle_0</styleUrl><Polygon><outerBoundaryIs><LinearRing><coordinates>-97.43480000000001,49.913000000000004,0 -97.4252,49.913000000000004,0 -97.4252,49.9182,0 -97.43480000000001,49.9182,0 -97.43480000000001,49.913000000000004,0</coordinates></LinearRing></outerBoundaryIs></Polygon></Placemark>
      <Placemark><name>Patch (1,28)</name><styleUrl>#sugarStyle_0</styleUrl><Polygon><outerBoundaryIs><LinearRing><coordinates>-97.4252,49.913000000000004,0 -97.41560000000001,49.913000000000004,0 -97.41560000000001,49.9182,0 -97.4252,49.9182,0 -97.4252,49.913000000000004,0</coordinates></LinearRing></outerBoundaryIs></Polygon></Placemark>
      <Placemark><name>Patch (2,28)</name><styleUrl>#sugarStyle_0</styleUrl><Polygon><outerBoundaryIs><LinearRing><coordinates>-97.41560000000001,49.913000000000004,0 -97.406,49.913000000000004,0 -97.406,49.9182,0 -97.41560000000001,49.9182,0 -97.41560000000001,49.913000000000004,0</coordinates></LinearRing></outerBoundaryIs></Polygon></Placemark>
      <Placemark><name>Patch (3,28)</name><styleUrl>#sugarStyle_0</styleUrl><Polygon><outerBoundaryIs><LinearRing><coordinates>-97.406,49.913000000000004,0 -97.3964,49.913000000000004,0 -97.3964,49.9182,0 -97.406,49.9182,0 -97.406,49.913000000000004,0</coordinates></LinearRing></outerBoundaryIs></Polygon></Placemark>
      <Placemark><name>Patch (4,28)</name><styleUrl>#sugarStyle_0</styleUrl><Polygon><outerBoundaryIs><LinearRing><coordinates>-97.3964,49.913000000000004,0 -97.38680000000001,49.913000000000004,0 -97.38680000000001,49.9182,0 -97.3964,49.9182,0 -97.3964,49.913000000000004,0</coordinates></LinearRing></outerBoundaryIs></Polygon></Placemark>
      <Placemark><name>Patch (5,28)</name><styleUrl>#sugarStyle_0</styleUrl><Polygon><outerBoundaryIs><LinearRing><coordinates>-97.38680000000001,49.913000000000004,0 -97.3772,49.913000000000004,0 -97.3772,49.9182,0 -97.38680000000001,49.9182,0 -97.38680000000001,49.913000000000004,0</coordinates></LinearRing></outerBoundaryIs></Polygon></Placemark>
      <Placemark><name>Patch (6,28)</name><styleUrl>#sugarStyle_0</styleUrl><Polygon><outerBoundaryIs><LinearRing><coordinates>-97.3772,49.913000000000004,0 -97.36760000000001,49.913000000000004,0 -97.36760000000001,49.9182,0 -97.3772,49.9182,0 -97.3772,49.913000000000004,0</coordinates></LinearRing></outerBoundaryIs></Polygon></Placemark>
      <Placemark><name>Patch (7,28)</name><styleUrl>#sugarStyle_0</styleUrl><Polygon><outerBoundaryIs><LinearRing><coordinates>-97.36760000000001,49.913000000000004,0 -97.358,49.913000000000004,0 -97.358,49.9182,0 -97.36760000000001,49.9182,0 -97.36760000000001,49.913000000000004,0</coordinates></LinearRing></outerBoundaryIs></Polygon></Placemark>
      <Placemark><name>Patch (8,28)</name><styleUrl>#sugarStyle_0</styleUrl><Polygon><outerBoundaryIs><LinearRing><coordinates>-97.358,49.913000000000004,0 -97.34840000000001,49.913000000000004,0 -97.34840000000001,49.9182,0 -97.358,49.9182,0 -97.358,49.913000000000004,0</coordinates></LinearRing></outerBoundaryIs></Polygon></Placemark>
      <Placemark><name>Patch (9,28)</name><styleUrl>#sugarStyle_0</styleUrl><Polygon><outerBoundaryIs><LinearRing><coordinates>-97.34840000000001,49.913000000000004,0 -97.3388,49.913000000000004,0 -97.3388,49.9182,0 -97.34840000000001,49.9182,0 -97.34840000000001,49.913000000000004,0</coordinates></LinearRing></outerBoundaryIs></Polygon></Placemark>
      <Placemark><name>Patch (10,28)</name><styleUrl>#sugarStyle_0</styleUrl><Polygon><outerBoundaryIs><LinearRing><coordinates>-97.3388,49.913000000000004,0 -97.3292,49.913000000000004,0 -97.3292,49.9182,0 -97.3388,49.9182,0 -97.3388,49.913000000000004,0</coordinates></LinearRing></outerBoundaryIs></Polygon></Placemark>
      <Placemark><name>Patch (11,28)</name><styleUrl>#sugarStyle_0</styleUrl><Polygon><outerBoundaryIs><LinearRing><coordinates>-97.3292,49.913000000000004,0 -97.31960000000001,49.913000000000004,0 -97.31960000000001,49.9182,0 -97.3292,49.9182,0 -97.3292,49.913000000000004,0</coordinates></LinearRing></outerBoundaryIs></Polygon></Placemark>
      <Placemark><name>Patch (12,28)</name><styleUrl>#sugarStyle_0</styleUrl><Polygon><outerBoundaryIs><LinearRing><coordinates>-97.31960000000001,49.913000000000004,0 -97.31,49.913000000000004,0 -97.31,49.9182,0 -97.31960000000001,49.9182,0 -97.31960000000001,49.913000000000004,0</coordinates></LinearRing></outerBoundaryIs></Polygon></Placemark>
      <Placemark><name>Patch (13,28)</name><styleUrl>#sugarStyle_0</styleUrl><Polygon><outerBoundaryIs><LinearRing><coordinates>-97.31,49.913000000000004,0 -97.30040000000001,49.913000000000004,0 -97.30040000000001,49.9182,0 -97.31,49.9182,0 -97.31,49.913000000000004,0</coordinates></LinearRing></outerBoundaryIs></Polygon></Placemark>
      <Placemark><name>Patch (14,28)</name><styleUrl>#sugarStyle_0</styleUrl><Polygon><outerBoundaryIs><LinearRing><coordinates>-97.30040000000001,49.913000000000004,0 -97.2908,49.913000000000004,0 -97.2908,49.9182,0 -97.30040000000001,49.9182,0 -97.30040000000001,49.913000000000004,0</coordinates></LinearRing></outerBoundaryIs></Polygon></Placemark>
      <Placemark><name>Patch (15,28)</name><styleUrl>#sugarStyle_0</styleUrl><Polygon><outerBoundaryIs><LinearRing><coordinates>-97.2908,49.913000000000004,0 -97.28120000000001,49.913000000000004,0 -97.28120000000001,49.9182,0 -97.2908,49.9182,0 -97.2908,49.913000000000004,0</coordinates></LinearRing></outerBoundaryIs></Polygon></Placemark>
      <Placemark><name>Patch (16,28)</name><styleUrl>#sugarStyle_0</styleUrl><Polygon><outerBoundaryIs><LinearRing><coordinates>-97.28120000000001,49.913000000000004,0 -97.2716,49.913000000000004,0 -97.2716,49.9182,0 -97.28120000000001,49.9182,0 -97.28120000000001,49.913000000000004,0</coordinates></LinearRing></outerBoundaryIs></Polygon></Placemark>
      <Placemark><name>Patch (17,28)</name><styleUrl>#sugarStyle_0</styleUrl><Polygon><outerBoundaryIs><LinearRing><coordinates>-97.2716,49.913000000000004,0 -97.262,49.913000000000004,0 -97.262,49.9182,0 -97.2716,49.9182,0 -97.2716,49.913000000000004,0</coordinates></LinearRing></outerBoundaryIs></Polygon></Placemark>
      <Placemark><name>Patch (18,28)</name><styleUrl>#sugarStyle_0</styleUrl><Polygon><outerBoundaryIs><LinearRing><coordinates>-97.262,49.913000000000004,0 -97.25240000000001,49.913000000000004,0 -97.25240000000001,49.9182,0 -97.262,49.9182,0 -97.262,49.913000000000004,0</coordinates></LinearRing></outerBoundaryIs></Polygon></Placemark>
      <Placemark><name>Patch (19,28)</name><styleUrl>#sugarStyle_1</styleUrl><Polygon><outerBoundaryIs><LinearRing><coordinates>-97.25240000000001,49.913000000000004,0 -97.2428,49.913000000000004,0 -97.2428,49.9182,0 -97.25240000000001,49.9182,0 -97.25240000000001,49.913000000000004,0</coordinates></LinearRing></outerBoundaryIs></Polygon></Placemark>
      <Placemark><name>Patch (20,28)</name><styleUrl>#sugarStyle_1</styleUrl><Polygon><outerBoundaryIs><LinearRing><coordinates>-97.2428,49.913000000000004,0 -97.23320000000001,49.913000000000004,0 -97.23320000000001,49.9182,0 -97.2428,49.9182,0 -97.2428,49.913000000000004,0</coordinates></LinearRing></outerBoundaryIs></Polygon></Placemark>
      <Placemark><name>Patch (21,28)</name><styleUrl>#sugarStyle_1</styleUrl><Polygon><outerBoundaryIs><LinearRing><coordinates>-97.23320000000001,49.913000000000004,0 -97.2236,49.913000000000004,0 -97.2236,49.9182,0 -97.23320000000001,49.9182,0 -97.23320000000001,49.913000000000004,0</coordinates></LinearRing></outerBoundaryIs></Polygon></Placemark>
      <Placemark><name>Patch (22,28)</name><styleUrl>#sugarStyle_0</styleUrl><Polygon><outerBoundaryIs><LinearRing><coordinates>-97.2236,49.913000000000004,0 -97.214,49.913000000000004,0 -97.214,49.9182,0 -97.2236,49.9182,0 -97.2236,49.913000000000004,0</coordinates></LinearRing></outerBoundaryIs></Polygon></Placemark>
      <Placemark><name>Patch (23,28)</name><styleUrl>#sugarStyle_1</styleUrl><Polygon><outerBoundaryIs><LinearRing><coordinates>-97.214,49.913000000000004,0 -97.2044,49.913000000000004,0 -97.2044,49.9182,0 -97.214,49.9182,0 -97.214,49.913000000000004,0</coordinates></LinearRing></outerBoundaryIs></Polygon></Placemark>
      <Placemark><name>Patch (24,28)</name><styleUrl>#sugarStyle_0</styleUrl><Polygon><outerBoundaryIs><LinearRing><coordinates>-97.2044,49.913000000000004,0 -97.1948,49.913000000000004,0 -97.1948,49.9182,0 -97.2044,49.9182,0 -97.2044,49.913000000000004,0</coordinates></LinearRing></outerBoundaryIs></Polygon></Placemark>
      <Placemark><name>Patch (25,28)</name><styleUrl>#sugarStyle_1</styleUrl><Polygon><outerBoundaryIs><LinearRing><coordinates>-97.1948,49.913000000000004,0 -97.18520000000001,49.913000000000004,0 -97.18520000000001,49.9182,0 -97.1948,49.9182,0 -97.1948,49.913000000000004,0</coordinates></LinearRing></outerBoundaryIs></Polygon></Placemark>
      <Placemark><name>Patch (26,28)</name><styleUrl>#sugarStyle_1</styleUrl><Polygon><outerBoundaryIs><LinearRing><coordinates>-97.18520000000001,49.913000000000004,0 -97.1756,49.913000000000004,0 -97.1756,49.9182,0 -97.18520000000001,49.9182,0 -97.18520000000001,49.913000000000004,0</coordinates></LinearRing></outerBoundaryIs></Polygon></Placemark>
      <Placemark><name>Patch (27,28)</name><styleUrl>#sugarStyle_0</styleUrl><Polygon><outerBoundaryIs><LinearRing><coordinates>-97.1756,49.913000000000004,0 -97.16600000000001,49.913000000000004,0 -97.16600000000001,49.9182,0 -97.1756,49.9182,0 -97.1756,49.913000000000004,0</coordinates></LinearRing></outerBoundaryIs></Polygon></Placemark>
      <Placemark><name>Patch (28,28)</name><styleUrl>#sugarStyle_1</styleUrl><Polygon><outerBoundaryIs><LinearRing><coordinates>-97.16600000000001,49.913000000000004,0 -97.1564,49.913000000000004,0 -97.1564,49.9182,0 -97.16600000000001,49.9182,0 -97.16600000000001,49.913000000000004,0</coordinates></LinearRing></outerBoundaryIs></Polygon></Placemark>
      <Placemark><name>Patch (29,28)</name><styleUrl>#sugarStyle_1</styleUrl><Polygon><outerBoundaryIs><LinearRing><coordinates>-97.1564,49.913000000000004,0 -97.1468,49.913000000000004,0 -97.1468,49.9182,0 -97.1564,49.9182,0 -97.1564,49.913000000000004,0</coordinates></LinearRing></outerBoundaryIs></Polygon></Placemark>
      <Placemark><name>Patch (30,28)</name><styleUrl>#sugarStyle_0</styleUrl><Polygon><outerBoundaryIs><LinearRing><coordinates>-97.1468,49.913000000000004,0 -97.1372,49.913000000000004,0 -97.1372,49.9182,0 -97.1468,49.9182,0 -97.1468,49.913000000000004,0</coordinates></LinearRing></outerBoundaryIs></Polygon></Placemark>
      <Placemark><name>Patch (31,28)</name><styleUrl>#sugarStyle_0</styleUrl><Polygon><outerBoundaryIs><LinearRing><coordinates>-97.1372,49.913000000000004,0 -97.1276,49.913000000000004,0 -97.1276,49.9182,0 -97.1372,49.9182,0 -97.1372,49.913000000000004,0</coordinates></LinearRing></outerBoundaryIs></Polygon></Placemark>
      <Placemark><name>Patch (32,28)</name><styleUrl>#sugarStyle_0</styleUrl><Polygon><outerBoundaryIs><LinearRing><coordinates>-97.1276,49.913000000000004,0 -97.11800000000001,49.913000000000004,0 -97.11800000000001,49.9182,0 -97.1276,49.9182,0 -97.1276,49.913000000000004,0</coordinates></LinearRing></outerBoundaryIs></Polygon></Placemark>
      <Placemark><name>Patch (33,28)</name><styleUrl>#sugarStyle_0</styleUrl><Polygon><outerBoundaryIs><LinearRing><coordinates>-97.11800000000001,49.913000000000004,0 -97.1084,49.913000000000004,0 -97.1084,49.9182,0 -97.11800000000001,49.9182,0 -97.11800000000001,49.913000000000004,0</coordinates></LinearRing></outerBoundaryIs></Polygon></Placemark>
      <Placemark><name>Patch (34,28)</name><styleUrl>#sugarStyle_1</styleUrl><Polygon><outerBoundaryIs><LinearRing><coordinates>-97.1084,49.913000000000004,0 -97.0988,49.913000000000004,0 -97.0988,49.9182,0 -97.1084,49.9182,0 -97.1084,49.913000000000004,0</coordinates></LinearRing></outerBoundaryIs></Polygon></Placemark>
      <Placemark><name>Patch (35,28)</name><styleUrl>#sugarStyle_1</styleUrl><Polygon><outerBoundaryIs><LinearRing><coordinates>-97.0988,49.913000000000004,0 -97.0892,49.913000000000004,0 -97.0892,49.9182,0 -97.0988,49.9182,0 -97.0988,49.913000000000004,0</coordinates></LinearRing></outerBoundaryIs></Polygon></Placemark>
      <Placemark><name>Patch (36,28)</name><styleUrl>#sugarStyle_1</styleUrl><Polygon><outerBoundaryIs><LinearRing><coordinates>-97.0892,49.913000000000004,0 -97.0796,49.913000000000004,0 -97.0796,49.9182,0 -97.0892,49.9182,0 -97.0892,49.913000000000004,0</coordinates></LinearRing></outerBoundaryIs></Polygon></Placemark>
      <Placemark><name>Patch (37,28)</name><styleUrl>#sugarStyle_1</styleUrl><Polygon><outerBoundaryIs><LinearRing><coordinates>-97.0796,49.913000000000004,0 -97.07000000000001,49.913000000000004,0 -97.07000000000001,49.9182,0 -97.0796,49.9182,0 -97.0796,49.913000000000004,0</coordinates></LinearRing></outerBoundaryIs></Polygon></Placemark>
      <Placemark><name>Patch (38,28)</name><styleUrl>#sugarStyle_0</styleUrl><Polygon><outerBoundaryIs><LinearRing><coordinates>-97.07000000000001,49.913000000000004,0 -97.0604,49.913000000000004,0 -97.0604,49.9182,0 -97.07000000000001,49.9182,0 -97.07000000000001,49.913000000000004,0</coordinates></LinearRing></outerBoundaryIs></Polygon></Placemark>
      <Placemark><name>Patch (39,28)</name><styleUrl>#sugarStyle_1</styleUrl><Polygon><outerBoundaryIs><LinearRing><coordinates>-97.0604,49.913000000000004,0 -97.05080000000001,49.913000000000004,0 -97.05080000000001,49.9182,0 -97.0604,49.9182,0 -97.0604,49.913000000000004,0</coordinates></LinearRing></outerBoundaryIs></Polygon></Placemark>
      <Placemark><name>Patch (40,28)</name><styleUrl>#sugarStyle_1</styleUrl><Polygon><outerBoundaryIs><LinearRing><coordinates>-97.05080000000001,49.913000000000004,0 -97.0412,49.913000000000004,0 -97.0412,49.9182,0 -97.05080000000001,49.9182,0 -97.05080000000001,49.913000000000004,0</coordinates></LinearRing></outerBoundaryIs></Polygon></Placemark>
      <Placemark><name>Patch (41,28)</name><styleUrl>#sugarStyle_1</styleUrl><Polygon><outerBoundaryIs><LinearRing><coordinates>-97.0412,49.913000000000004,0 -97.0316,49.913000000000004,0 -97.0316,49.9182,0 -97.0412,49.9182,0 -97.0412,49.913000000000004,0</coordinates></LinearRing></outerBoundaryIs></Polygon></Placemark>
      <Placemark><name>Patch (42,28)</name><styleUrl>#sugarStyle_0</styleUrl><Polygon><outerBoundaryIs><LinearRing><coordinates>-97.0316,49.913000000000004,0 -97.022,49.913000000000004,0 -97.022,49.9182,0 -97.0316,49.9182,0 -97.0316,49.913000000000004,0</coordinates></LinearRing></outerBoundaryIs></Polygon></Placemark>
      <Placemark><name>Patch (43,28)</name><styleUrl>#sugarStyle_0</styleUrl><Polygon><outerBoundaryIs><LinearRing><coordinates>-97.022,49.913000000000004,0 -97.0124,49.913000000000004,0 -97.0124,49.9182,0 -97.022,49.9182,0 -97.022,49.913000000000004,0</coordinates></LinearRing></outerBoundaryIs></Polygon></Placemark>
      <Placemark><name>Patch (44,28)</name><styleUrl>#sugarStyle_0</styleUrl><Polygon><outerBoundaryIs><LinearRing><coordinates>-97.0124,49.913000000000004,0 -97.00280000000001,49.913000000000004,0 -97.00280000000001,49.9182,0 -97.0124,49.9182,0 -97.0124,49.913000000000004,0</coordinates></LinearRing></outerBoundaryIs></Polygon></Placemark>
      <Placemark><name>Patch (45,28)</name><styleUrl>#sugarStyle_0</styleUrl><Polygon><outerBoundaryIs><LinearRing><coordinates>-97.00280000000001,49.913000000000004,0 -96.9932,49.913000000000004,0 -96.9932,49.9182,0 -97.00280000000001,49.9182,0 -97.00280000000001,49.913000000000004,0</coordinates></LinearRing></outerBoundaryIs></Polygon></Placemark>
      <Placemark><name>Patch (46,28)</name><styleUrl>#sugarStyle_0</styleUrl><Polygon><outerBoundaryIs><LinearRing><coordinates>-96.9932,49.913000000000004,0 -96.98360000000001,49.913000000000004,0 -96.98360000000001,49.9182,0 -96.9932,49.9182,0 -96.9932,49.913000000000004,0</coordinates></LinearRing></outerBoundaryIs></Polygon></Placemark>
      <Placemark><name>Patch (47,28)</name><styleUrl>#sugarStyle_0</styleUrl><Polygon><outerBoundaryIs><LinearRing><coordinates>-96.98360000000001,49.913000000000004,0 -96.974,49.913000000000004,0 -96.974,49.9182,0 -96.98360000000001,49.9182,0 -96.98360000000001,49.913000000000004,0</coordinates></LinearRing></outerBoundaryIs></Polygon></Placemark>
      <Placemark><name>Patch (48,28)</name><styleUrl>#sugarStyle_0</styleUrl><Polygon><outerBoundaryIs><LinearRing><coordinates>-96.974,49.913000000000004,0 -96.9644,49.913000000000004,0 -96.9644,49.9182,0 -96.974,49.9182,0 -96.974,49.913000000000004,0</coordinates></LinearRing></outerBoundaryIs></Polygon></Placemark>
      <Placemark><name>Patch (49,28)</name><styleUrl>#sugarStyle_0</styleUrl><Polygon><outerBoundaryIs><LinearRing><coordinates>-96.9644,49.913000000000004,0 -96.9548,49.913000000000004,0 -96.9548,49.9182,0 -96.9644,49.9182,0 -96.9644,49.913000000000004,0</coordinates></LinearRing></outerBoundaryIs></Polygon></Placemark>
      <Placemark><name>Patch (50,28)</name><styleUrl>#sugarStyle_0</styleUrl><Polygon><outerBoundaryIs><LinearRing><coordinates>-96.9548,49.913000000000004,0 -96.9452,49.913000000000004,0 -96.9452,49.9182,0 -96.9548,49.9182,0 -96.9548,49.913000000000004,0</coordinates></LinearRing></outerBoundaryIs></Polygon></Placemark>
      <Placemark><name>Patch (0,29)</name><styleUrl>#sugarStyle_0</styleUrl><Polygon><outerBoundaryIs><LinearRing><coordinates>-97.43480000000001,49.9182,0 -97.4252,49.9182,0 -97.4252,49.9234,0 -97.43480000000001,49.9234,0 -97.43480000000001,49.9182,0</coordinates></LinearRing></outerBoundaryIs></Polygon></Placemark>
      <Placemark><name>Patch (1,29)</name><styleUrl>#sugarStyle_0</styleUrl><Polygon><outerBoundaryIs><LinearRing><coordinates>-97.4252,49.9182,0 -97.41560000000001,49.9182,0 -97.41560000000001,49.9234,0 -97.4252,49.9234,0 -97.4252,49.9182,0</coordinates></LinearRing></outerBoundaryIs></Polygon></Placemark>
      <Placemark><name>Patch (2,29)</name><styleUrl>#sugarStyle_0</styleUrl><Polygon><outerBoundaryIs><LinearRing><coordinates>-97.41560000000001,49.9182,0 -97.406,49.9182,0 -97.406,49.9234,0 -97.41560000000001,49.9234,0 -97.41560000000001,49.9182,0</coordinates></LinearRing></outerBoundaryIs></Polygon></Placemark>
      <Placemark><name>Patch (3,29)</name><styleUrl>#sugarStyle_0</styleUrl><Polygon><outerBoundaryIs><LinearRing><coordinates>-97.406,49.9182,0 -97.3964,49.9182,0 -97.3964,49.9234,0 -97.406,49.9234,0 -97.406,49.9182,0</coordinates></LinearRing></outerBoundaryIs></Polygon></Placemark>
      <Placemark><name>Patch (4,29)</name><styleUrl>#sugarStyle_0</styleUrl><Polygon><outerBoundaryIs><LinearRing><coordinates>-97.3964,49.9182,0 -97.38680000000001,49.9182,0 -97.38680000000001,49.9234,0 -97.3964,49.9234,0 -97.3964,49.9182,0</coordinates></LinearRing></outerBoundaryIs></Polygon></Placemark>
      <Placemark><name>Patch (5,29)</name><styleUrl>#sugarStyle_0</styleUrl><Polygon><outerBoundaryIs><LinearRing><coordinates>-97.38680000000001,49.9182,0 -97.3772,49.9182,0 -97.3772,49.9234,0 -97.38680000000001,49.9234,0 -97.38680000000001,49.9182,0</coordinates></LinearRing></outerBoundaryIs></Polygon></Placemark>
      <Placemark><name>Patch (6,29)</name><styleUrl>#sugarStyle_0</styleUrl><Polygon><outerBoundaryIs><LinearRing><coordinates>-97.3772,49.9182,0 -97.36760000000001,49.9182,0 -97.36760000000001,49.9234,0 -97.3772,49.9234,0 -97.3772,49.9182,0</coordinates></LinearRing></outerBoundaryIs></Polygon></Placemark>
      <Placemark><name>Patch (7,29)</name><styleUrl>#sugarStyle_0</styleUrl><Polygon><outerBoundaryIs><LinearRing><coordinates>-97.36760000000001,49.9182,0 -97.358,49.9182,0 -97.358,49.9234,0 -97.36760000000001,49.9234,0 -97.36760000000001,49.9182,0</coordinates></LinearRing></outerBoundaryIs></Polygon></Placemark>
      <Placemark><name>Patch (8,29)</name><styleUrl>#sugarStyle_0</styleUrl><Polygon><outerBoundaryIs><LinearRing><coordinates>-97.358,49.9182,0 -97.34840000000001,49.9182,0 -97.34840000000001,49.9234,0 -97.358,49.9234,0 -97.358,49.9182,0</coordinates></LinearRing></outerBoundaryIs></Polygon></Placemark>
      <Placemark><name>Patch (9,29)</name><styleUrl>#sugarStyle_0</styleUrl><Polygon><outerBoundaryIs><LinearRing><coordinates>-97.34840000000001,49.9182,0 -97.3388,49.9182,0 -97.3388,49.9234,0 -97.34840000000001,49.9234,0 -97.34840000000001,49.9182,0</coordinates></LinearRing></outerBoundaryIs></Polygon></Placemark>
      <Placemark><name>Patch (10,29)</name><styleUrl>#sugarStyle_0</styleUrl><Polygon><outerBoundaryIs><LinearRing><coordinates>-97.3388,49.9182,0 -97.3292,49.9182,0 -97.3292,49.9234,0 -97.3388,49.9234,0 -97.3388,49.9182,0</coordinates></LinearRing></outerBoundaryIs></Polygon></Placemark>
      <Placemark><name>Patch (11,29)</name><styleUrl>#sugarStyle_0</styleUrl><Polygon><outerBoundaryIs><LinearRing><coordinates>-97.3292,49.9182,0 -97.31960000000001,49.9182,0 -97.31960000000001,49.9234,0 -97.3292,49.9234,0 -97.3292,49.9182,0</coordinates></LinearRing></outerBoundaryIs></Polygon></Placemark>
      <Placemark><name>Patch (12,29)</name><styleUrl>#sugarStyle_0</styleUrl><Polygon><outerBoundaryIs><LinearRing><coordinates>-97.31960000000001,49.9182,0 -97.31,49.9182,0 -97.31,49.9234,0 -97.31960000000001,49.9234,0 -97.31960000000001,49.9182,0</coordinates></LinearRing></outerBoundaryIs></Polygon></Placemark>
      <Placemark><name>Patch (13,29)</name><styleUrl>#sugarStyle_0</styleUrl><Polygon><outerBoundaryIs><LinearRing><coordinates>-97.31,49.9182,0 -97.30040000000001,49.9182,0 -97.30040000000001,49.9234,0 -97.31,49.9234,0 -97.31,49.9182,0</coordinates></LinearRing></outerBoundaryIs></Polygon></Placemark>
      <Placemark><name>Patch (14,29)</name><styleUrl>#sugarStyle_0</styleUrl><Polygon><outerBoundaryIs><LinearRing><coordinates>-97.30040000000001,49.9182,0 -97.2908,49.9182,0 -97.2908,49.9234,0 -97.30040000000001,49.9234,0 -97.30040000000001,49.9182,0</coordinates></LinearRing></outerBoundaryIs></Polygon></Placemark>
      <Placemark><name>Patch (15,29)</name><styleUrl>#sugarStyle_0</styleUrl><Polygon><outerBoundaryIs><LinearRing><coordinates>-97.2908,49.9182,0 -97.28120000000001,49.9182,0 -97.28120000000001,49.9234,0 -97.2908,49.9234,0 -97.2908,49.9182,0</coordinates></LinearRing></outerBoundaryIs></Polygon></Placemark>
      <Placemark><name>Patch (16,29)</name><styleUrl>#sugarStyle_0</styleUrl><Polygon><outerBoundaryIs><LinearRing><coordinates>-97.28120000000001,49.9182,0 -97.2716,49.9182,0 -97.2716,49.9234,0 -97.28120000000001,49.9234,0 -97.28120000000001,49.9182,0</coordinates></LinearRing></outerBoundaryIs></Polygon></Placemark>
      <Placemark><name>Patch (17,29)</name><styleUrl>#sugarStyle_0</styleUrl><Polygon><outerBoundaryIs><LinearRing><coordinates>-97.2716,49.9182,0 -97.262,49.9182,0 -97.262,49.9234,0 -97.2716,49.9234,0 -97.2716,49.9182,0</coordinates></LinearRing></outerBoundaryIs></Polygon></Placemark>
      <Placemark><name>Patch (18,29)</name><styleUrl>#sugarStyle_0</styleUrl><Polygon><outerBoundaryIs><LinearRing><coordinates>-97.262,49.9182,0 -97.25240000000001,49.9182,0 -97.25240000000001,49.9234,0 -97.262,49.9234,0 -97.262,49.9182,0</coordinates></LinearRing></outerBoundaryIs></Polygon></Placemark>
      <Placemark><name>Patch (19,29)</name><styleUrl>#sugarStyle_1</styleUrl><Polygon><outerBoundaryIs><LinearRing><coordinates>-97.25240000000001,49.9182,0 -97.2428,49.9182,0 -97.2428,49.9234,0 -97.25240000000001,49.9234,0 -97.25240000000001,49.9182,0</coordinates></LinearRing></outerBoundaryIs></Polygon></Placemark>
      <Placemark><name>Patch (20,29)</name><styleUrl>#sugarStyle_1</styleUrl><Polygon><outerBoundaryIs><LinearRing><coordinates>-97.2428,49.9182,0 -97.23320000000001,49.9182,0 -97.23320000000001,49.9234,0 -97.2428,49.9234,0 -97.2428,49.9182,0</coordinates></LinearRing></outerBoundaryIs></Polygon></Placemark>
      <Placemark><name>Patch (21,29)</name><styleUrl>#sugarStyle_1</styleUrl><Polygon><outerBoundaryIs><LinearRing><coordinates>-97.23320000000001,49.9182,0 -97.2236,49.9182,0 -97.2236,49.9234,0 -97.23320000000001,49.9234,0 -97.23320000000001,49.9182,0</coordinates></LinearRing></outerBoundaryIs></Polygon></Placemark>
      <Placemark><name>Patch (22,29)</name><styleUrl>#sugarStyle_1</styleUrl><Polygon><outerBoundaryIs><LinearRing><coordinates>-97.2236,49.9182,0 -97.214,49.9182,0 -97.214,49.9234,0 -97.2236,49.9234,0 -97.2236,49.9182,0</coordinates></LinearRing></outerBoundaryIs></Polygon></Placemark>
      <Placemark><name>Patch (23,29)</name><styleUrl>#sugarStyle_0</styleUrl><Polygon><outerBoundaryIs><LinearRing><coordinates>-97.214,49.9182,0 -97.2044,49.9182,0 -97.2044,49.9234,0 -97.214,49.9234,0 -97.214,49.9182,0</coordinates></LinearRing></outerBoundaryIs></Polygon></Placemark>
      <Placemark><name>Patch (24,29)</name><styleUrl>#sugarStyle_2</styleUrl><Polygon><outerBoundaryIs><LinearRing><coordinates>-97.2044,49.9182,0 -97.1948,49.9182,0 -97.1948,49.9234,0 -97.2044,49.9234,0 -97.2044,49.9182,0</coordinates></LinearRing></outerBoundaryIs></Polygon></Placemark>
      <Placemark><name>Patch (25,29)</name><styleUrl>#sugarStyle_0</styleUrl><Polygon><outerBoundaryIs><LinearRing><coordinates>-97.1948,49.9182,0 -97.18520000000001,49.9182,0 -97.18520000000001,49.9234,0 -97.1948,49.9234,0 -97.1948,49.9182,0</coordinates></LinearRing></outerBoundaryIs></Polygon></Placemark>
      <Placemark><name>Patch (26,29)</name><styleUrl>#sugarStyle_0</styleUrl><Polygon><outerBoundaryIs><LinearRing><coordinates>-97.18520000000001,49.9182,0 -97.1756,49.9182,0 -97.1756,49.9234,0 -97.18520000000001,49.9234,0 -97.18520000000001,49.9182,0</coordinates></LinearRing></outerBoundaryIs></Polygon></Placemark>
      <Placemark><name>Patch (27,29)</name><styleUrl>#sugarStyle_0</styleUrl><Polygon><outerBoundaryIs><LinearRing><coordinates>-97.1756,49.9182,0 -97.16600000000001,49.9182,0 -97.16600000000001,49.9234,0 -97.1756,49.9234,0 -97.1756,49.9182,0</coordinates></LinearRing></outerBoundaryIs></Polygon></Placemark>
      <Placemark><name>Patch (28,29)</name><styleUrl>#sugarStyle_0</styleUrl><Polygon><outerBoundaryIs><LinearRing><coordinates>-97.16600000000001,49.9182,0 -97.1564,49.9182,0 -97.1564,49.9234,0 -97.16600000000001,49.9234,0 -97.16600000000001,49.9182,0</coordinates></LinearRing></outerBoundaryIs></Polygon></Placemark>
      <Placemark><name>Patch (29,29)</name><styleUrl>#sugarStyle_0</styleUrl><Polygon><outerBoundaryIs><LinearRing><coordinates>-97.1564,49.9182,0 -97.1468,49.9182,0 -97.1468,49.9234,0 -97.1564,49.9234,0 -97.1564,49.9182,0</coordinates></LinearRing></outerBoundaryIs></Polygon></Placemark>
      <Placemark><name>Patch (30,29)</name><styleUrl>#sugarStyle_1</styleUrl><Polygon><outerBoundaryIs><LinearRing><coordinates>-97.1468,49.9182,0 -97.1372,49.9182,0 -97.1372,49.9234,0 -97.1468,49.9234,0 -97.1468,49.9182,0</coordinates></LinearRing></outerBoundaryIs></Polygon></Placemark>
      <Placemark><name>Patch (31,29)</name><styleUrl>#sugarStyle_0</styleUrl><Polygon><outerBoundaryIs><LinearRing><coordinates>-97.1372,49.9182,0 -97.1276,49.9182,0 -97.1276,49.9234,0 -97.1372,49.9234,0 -97.1372,49.9182,0</coordinates></LinearRing></outerBoundaryIs></Polygon></Placemark>
      <Placemark><name>Patch (32,29)</name><styleUrl>#sugarStyle_1</styleUrl><Polygon><outerBoundaryIs><LinearRing><coordinates>-97.1276,49.9182,0 -97.11800000000001,49.9182,0 -97.11800000000001,49.9234,0 -97.1276,49.9234,0 -97.1276,49.9182,0</coordinates></LinearRing></outerBoundaryIs></Polygon></Placemark>
      <Placemark><name>Patch (33,29)</name><styleUrl>#sugarStyle_1</styleUrl><Polygon><outerBoundaryIs><LinearRing><coordinates>-97.11800000000001,49.9182,0 -97.1084,49.9182,0 -97.1084,49.9234,0 -97.11800000000001,49.9234,0 -97.11800000000001,49.9182,0</coordinates></LinearRing></outerBoundaryIs></Polygon></Placemark>
      <Placemark><name>Patch (34,29)</name><styleUrl>#sugarStyle_1</styleUrl><Polygon><outerBoundaryIs><LinearRing><coordinates>-97.1084,49.9182,0 -97.0988,49.9182,0 -97.0988,49.9234,0 -97.1084,49.9234,0 -97.1084,49.9182,0</coordinates></LinearRing></outerBoundaryIs></Polygon></Placemark>
      <Placemark><name>Patch (35,29)</name><styleUrl>#sugarStyle_0</styleUrl><Polygon><outerBoundaryIs><LinearRing><coordinates>-97.0988,49.9182,0 -97.0892,49.9182,0 -97.0892,49.9234,0 -97.0988,49.9234,0 -97.0988,49.9182,0</coordinates></LinearRing></outerBoundaryIs></Polygon></Placemark>
      <Placemark><name>Patch (36,29)</name><styleUrl>#sugarStyle_1</styleUrl><Polygon><outerBoundaryIs><LinearRing><coordinates>-97.0892,49.9182,0 -97.0796,49.9182,0 -97.0796,49.9234,0 -97.0892,49.9234,0 -97.0892,49.9182,0</coordinates></LinearRing></outerBoundaryIs></Polygon></Placemark>
      <Placemark><name>Patch (37,29)</name><styleUrl>#sugarStyle_0</styleUrl><Polygon><outerBoundaryIs><LinearRing><coordinates>-97.0796,49.9182,0 -97.07000000000001,49.9182,0 -97.07000000000001,49.9234,0 -97.0796,49.9234,0 -97.0796,49.9182,0</coordinates></LinearRing></outerBoundaryIs></Polygon></Placemark>
      <Placemark><name>Patch (38,29)</name><styleUrl>#sugarStyle_1</styleUrl><Polygon><outerBoundaryIs><LinearRing><coordinates>-97.07000000000001,49.9182,0 -97.0604,49.9182,0 -97.0604,49.9234,0 -97.07000000000001,49.9234,0 -97.07000000000001,49.9182,0</coordinates></LinearRing></outerBoundaryIs></Polygon></Placemark>
      <Placemark><name>Patch (39,29)</name><styleUrl>#sugarStyle_1</styleUrl><Polygon><outerBoundaryIs><LinearRing><coordinates>-97.0604,49.9182,0 -97.05080000000001,49.9182,0 -97.05080000000001,49.9234,0 -97.0604,49.9234,0 -97.0604,49.9182,0</coordinates></LinearRing></outerBoundaryIs></Polygon></Placemark>
      <Placemark><name>Patch (40,29)</name><styleUrl>#sugarStyle_1</styleUrl><Polygon><outerBoundaryIs><LinearRing><coordinates>-97.05080000000001,49.9182,0 -97.0412,49.9182,0 -97.0412,49.9234,0 -97.05080000000001,49.9234,0 -97.05080000000001,49.9182,0</coordinates></LinearRing></outerBoundaryIs></Polygon></Placemark>
      <Placemark><name>Patch (41,29)</name><styleUrl>#sugarStyle_0</styleUrl><Polygon><outerBoundaryIs><LinearRing><coordinates>-97.0412,49.9182,0 -97.0316,49.9182,0 -97.0316,49.9234,0 -97.0412,49.9234,0 -97.0412,49.9182,0</coordinates></LinearRing></outerBoundaryIs></Polygon></Placemark>
      <Placemark><name>Patch (42,29)</name><styleUrl>#sugarStyle_0</styleUrl><Polygon><outerBoundaryIs><LinearRing><coordinates>-97.0316,49.9182,0 -97.022,49.9182,0 -97.022,49.9234,0 -97.0316,49.9234,0 -97.0316,49.9182,0</coordinates></LinearRing></outerBoundaryIs></Polygon></Placemark>
      <Placemark><name>Patch (43,29)</name><styleUrl>#sugarStyle_0</styleUrl><Polygon><outerBoundaryIs><LinearRing><coordinates>-97.022,49.9182,0 -97.0124,49.9182,0 -97.0124,49.9234,0 -97.022,49.9234,0 -97.022,49.9182,0</coordinates></LinearRing></outerBoundaryIs></Polygon></Placemark>
      <Placemark><name>Patch (44,29)</name><styleUrl>#sugarStyle_0</styleUrl><Polygon><outerBoundaryIs><LinearRing><coordinates>-97.0124,49.9182,0 -97.00280000000001,49.9182,0 -97.00280000000001,49.9234,0 -97.0124,49.9234,0 -97.0124,49.9182,0</coordinates></LinearRing></outerBoundaryIs></Polygon></Placemark>
      <Placemark><name>Patch (45,29)</name><styleUrl>#sugarStyle_0</styleUrl><Polygon><outerBoundaryIs><LinearRing><coordinates>-97.00280000000001,49.9182,0 -96.9932,49.9182,0 -96.9932,49.9234,0 -97.00280000000001,49.9234,0 -97.00280000000001,49.9182,0</coordinates></LinearRing></outerBoundaryIs></Polygon></Placemark>
      <Placemark><name>Patch (46,29)</name><styleUrl>#sugarStyle_0</styleUrl><Polygon><outerBoundaryIs><LinearRing><coordinates>-96.9932,49.9182,0 -96.98360000000001,49.9182,0 -96.98360000000001,49.9234,0 -96.9932,49.9234,0 -96.9932,49.9182,0</coordinates></LinearRing></outerBoundaryIs></Polygon></Placemark>
      <Placemark><name>Patch (47,29)</name><styleUrl>#sugarStyle_0</styleUrl><Polygon><outerBoundaryIs><LinearRing><coordinates>-96.98360000000001,49.9182,0 -96.974,49.9182,0 -96.974,49.9234,0 -96.98360000000001,49.9234,0 -96.98360000000001,49.9182,0</coordinates></LinearRing></outerBoundaryIs></Polygon></Placemark>
      <Placemark><name>Patch (48,29)</name><styleUrl>#sugarStyle_0</styleUrl><Polygon><outerBoundaryIs><LinearRing><coordinates>-96.974,49.9182,0 -96.9644,49.9182,0 -96.9644,49.9234,0 -96.974,49.9234,0 -96.974,49.9182,0</coordinates></LinearRing></outerBoundaryIs></Polygon></Placemark>
      <Placemark><name>Patch (49,29)</name><styleUrl>#sugarStyle_0</styleUrl><Polygon><outerBoundaryIs><LinearRing><coordinates>-96.9644,49.9182,0 -96.9548,49.9182,0 -96.9548,49.9234,0 -96.9644,49.9234,0 -96.9644,49.9182,0</coordinates></LinearRing></outerBoundaryIs></Polygon></Placemark>
      <Placemark><name>Patch (50,29)</name><styleUrl>#sugarStyle_0</styleUrl><Polygon><outerBoundaryIs><LinearRing><coordinates>-96.9548,49.9182,0 -96.9452,49.9182,0 -96.9452,49.9234,0 -96.9548,49.9234,0 -96.9548,49.9182,0</coordinates></LinearRing></outerBoundaryIs></Polygon></Placemark>
      <Placemark><name>Patch (0,30)</name><styleUrl>#sugarStyle_0</styleUrl><Polygon><outerBoundaryIs><LinearRing><coordinates>-97.43480000000001,49.9234,0 -97.4252,49.9234,0 -97.4252,49.9286,0 -97.43480000000001,49.9286,0 -97.43480000000001,49.9234,0</coordinates></LinearRing></outerBoundaryIs></Polygon></Placemark>
      <Placemark><name>Patch (1,30)</name><styleUrl>#sugarStyle_0</styleUrl><Polygon><outerBoundaryIs><LinearRing><coordinates>-97.4252,49.9234,0 -97.41560000000001,49.9234,0 -97.41560000000001,49.9286,0 -97.4252,49.9286,0 -97.4252,49.9234,0</coordinates></LinearRing></outerBoundaryIs></Polygon></Placemark>
      <Placemark><name>Patch (2,30)</name><styleUrl>#sugarStyle_0</styleUrl><Polygon><outerBoundaryIs><LinearRing><coordinates>-97.41560000000001,49.9234,0 -97.406,49.9234,0 -97.406,49.9286,0 -97.41560000000001,49.9286,0 -97.41560000000001,49.9234,0</coordinates></LinearRing></outerBoundaryIs></Polygon></Placemark>
      <Placemark><name>Patch (3,30)</name><styleUrl>#sugarStyle_0</styleUrl><Polygon><outerBoundaryIs><LinearRing><coordinates>-97.406,49.9234,0 -97.3964,49.9234,0 -97.3964,49.9286,0 -97.406,49.9286,0 -97.406,49.9234,0</coordinates></LinearRing></outerBoundaryIs></Polygon></Placemark>
      <Placemark><name>Patch (4,30)</name><styleUrl>#sugarStyle_0</styleUrl><Polygon><outerBoundaryIs><LinearRing><coordinates>-97.3964,49.9234,0 -97.38680000000001,49.9234,0 -97.38680000000001,49.9286,0 -97.3964,49.9286,0 -97.3964,49.9234,0</coordinates></LinearRing></outerBoundaryIs></Polygon></Placemark>
      <Placemark><name>Patch (5,30)</name><styleUrl>#sugarStyle_0</styleUrl><Polygon><outerBoundaryIs><LinearRing><coordinates>-97.38680000000001,49.9234,0 -97.3772,49.9234,0 -97.3772,49.9286,0 -97.38680000000001,49.9286,0 -97.38680000000001,49.9234,0</coordinates></LinearRing></outerBoundaryIs></Polygon></Placemark>
      <Placemark><name>Patch (6,30)</name><styleUrl>#sugarStyle_0</styleUrl><Polygon><outerBoundaryIs><LinearRing><coordinates>-97.3772,49.9234,0 -97.36760000000001,49.9234,0 -97.36760000000001,49.9286,0 -97.3772,49.9286,0 -97.3772,49.9234,0</coordinates></LinearRing></outerBoundaryIs></Polygon></Placemark>
      <Placemark><name>Patch (7,30)</name><styleUrl>#sugarStyle_0</styleUrl><Polygon><outerBoundaryIs><LinearRing><coordinates>-97.36760000000001,49.9234,0 -97.358,49.9234,0 -97.358,49.9286,0 -97.36760000000001,49.9286,0 -97.36760000000001,49.9234,0</coordinates></LinearRing></outerBoundaryIs></Polygon></Placemark>
      <Placemark><name>Patch (8,30)</name><styleUrl>#sugarStyle_0</styleUrl><Polygon><outerBoundaryIs><LinearRing><coordinates>-97.358,49.9234,0 -97.34840000000001,49.9234,0 -97.34840000000001,49.9286,0 -97.358,49.9286,0 -97.358,49.9234,0</coordinates></LinearRing></outerBoundaryIs></Polygon></Placemark>
      <Placemark><name>Patch (9,30)</name><styleUrl>#sugarStyle_0</styleUrl><Polygon><outerBoundaryIs><LinearRing><coordinates>-97.34840000000001,49.9234,0 -97.3388,49.9234,0 -97.3388,49.9286,0 -97.34840000000001,49.9286,0 -97.34840000000001,49.9234,0</coordinates></LinearRing></outerBoundaryIs></Polygon></Placemark>
      <Placemark><name>Patch (10,30)</name><styleUrl>#sugarStyle_0</styleUrl><Polygon><outerBoundaryIs><LinearRing><coordinates>-97.3388,49.9234,0 -97.3292,49.9234,0 -97.3292,49.9286,0 -97.3388,49.9286,0 -97.3388,49.9234,0</coordinates></LinearRing></outerBoundaryIs></Polygon></Placemark>
      <Placemark><name>Patch (11,30)</name><styleUrl>#sugarStyle_0</styleUrl><Polygon><outerBoundaryIs><LinearRing><coordinates>-97.3292,49.9234,0 -97.31960000000001,49.9234,0 -97.31960000000001,49.9286,0 -97.3292,49.9286,0 -97.3292,49.9234,0</coordinates></LinearRing></outerBoundaryIs></Polygon></Placemark>
      <Placemark><name>Patch (12,30)</name><styleUrl>#sugarStyle_0</styleUrl><Polygon><outerBoundaryIs><LinearRing><coordinates>-97.31960000000001,49.9234,0 -97.31,49.9234,0 -97.31,49.9286,0 -97.31960000000001,49.9286,0 -97.31960000000001,49.9234,0</coordinates></LinearRing></outerBoundaryIs></Polygon></Placemark>
      <Placemark><name>Patch (13,30)</name><styleUrl>#sugarStyle_0</styleUrl><Polygon><outerBoundaryIs><LinearRing><coordinates>-97.31,49.9234,0 -97.30040000000001,49.9234,0 -97.30040000000001,49.9286,0 -97.31,49.9286,0 -97.31,49.9234,0</coordinates></LinearRing></outerBoundaryIs></Polygon></Placemark>
      <Placemark><name>Patch (14,30)</name><styleUrl>#sugarStyle_0</styleUrl><Polygon><outerBoundaryIs><LinearRing><coordinates>-97.30040000000001,49.9234,0 -97.2908,49.9234,0 -97.2908,49.9286,0 -97.30040000000001,49.9286,0 -97.30040000000001,49.9234,0</coordinates></LinearRing></outerBoundaryIs></Polygon></Placemark>
      <Placemark><name>Patch (15,30)</name><styleUrl>#sugarStyle_0</styleUrl><Polygon><outerBoundaryIs><LinearRing><coordinates>-97.2908,49.9234,0 -97.28120000000001,49.9234,0 -97.28120000000001,49.9286,0 -97.2908,49.9286,0 -97.2908,49.9234,0</coordinates></LinearRing></outerBoundaryIs></Polygon></Placemark>
      <Placemark><name>Patch (16,30)</name><styleUrl>#sugarStyle_0</styleUrl><Polygon><outerBoundaryIs><LinearRing><coordinates>-97.28120000000001,49.9234,0 -97.2716,49.9234,0 -97.2716,49.9286,0 -97.28120000000001,49.9286,0 -97.28120000000001,49.9234,0</coordinates></LinearRing></outerBoundaryIs></Polygon></Placemark>
      <Placemark><name>Patch (17,30)</name><styleUrl>#sugarStyle_0</styleUrl><Polygon><outerBoundaryIs><LinearRing><coordinates>-97.2716,49.9234,0 -97.262,49.9234,0 -97.262,49.9286,0 -97.2716,49.9286,0 -97.2716,49.9234,0</coordinates></LinearRing></outerBoundaryIs></Polygon></Placemark>
      <Placemark><name>Patch (18,30)</name><styleUrl>#sugarStyle_0</styleUrl><Polygon><outerBoundaryIs><LinearRing><coordinates>-97.262,49.9234,0 -97.25240000000001,49.9234,0 -97.25240000000001,49.9286,0 -97.262,49.9286,0 -97.262,49.9234,0</coordinates></LinearRing></outerBoundaryIs></Polygon></Placemark>
      <Placemark><name>Patch (19,30)</name><styleUrl>#sugarStyle_1</styleUrl><Polygon><outerBoundaryIs><LinearRing><coordinates>-97.25240000000001,49.9234,0 -97.2428,49.9234,0 -97.2428,49.9286,0 -97.25240000000001,49.9286,0 -97.25240000000001,49.9234,0</coordinates></LinearRing></outerBoundaryIs></Polygon></Placemark>
      <Placemark><name>Patch (20,30)</name><styleUrl>#sugarStyle_1</styleUrl><Polygon><outerBoundaryIs><LinearRing><coordinates>-97.2428,49.9234,0 -97.23320000000001,49.9234,0 -97.23320000000001,49.9286,0 -97.2428,49.9286,0 -97.2428,49.9234,0</coordinates></LinearRing></outerBoundaryIs></Polygon></Placemark>
      <Placemark><name>Patch (21,30)</name><styleUrl>#sugarStyle_1</styleUrl><Polygon><outerBoundaryIs><LinearRing><coordinates>-97.23320000000001,49.9234,0 -97.2236,49.9234,0 -97.2236,49.9286,0 -97.23320000000001,49.9286,0 -97.23320000000001,49.9234,0</coordinates></LinearRing></outerBoundaryIs></Polygon></Placemark>
      <Placemark><name>Patch (22,30)</name><styleUrl>#sugarStyle_1</styleUrl><Polygon><outerBoundaryIs><LinearRing><coordinates>-97.2236,49.9234,0 -97.214,49.9234,0 -97.214,49.9286,0 -97.2236,49.9286,0 -97.2236,49.9234,0</coordinates></LinearRing></outerBoundaryIs></Polygon></Placemark>
      <Placemark><name>Patch (23,30)</name><styleUrl>#sugarStyle_1</styleUrl><Polygon><outerBoundaryIs><LinearRing><coordinates>-97.214,49.9234,0 -97.2044,49.9234,0 -97.2044,49.9286,0 -97.214,49.9286,0 -97.214,49.9234,0</coordinates></LinearRing></outerBoundaryIs></Polygon></Placemark>
      <Placemark><name>Patch (24,30)</name><styleUrl>#sugarStyle_0</styleUrl><Polygon><outerBoundaryIs><LinearRing><coordinates>-97.2044,49.9234,0 -97.1948,49.9234,0 -97.1948,49.9286,0 -97.2044,49.9286,0 -97.2044,49.9234,0</coordinates></LinearRing></outerBoundaryIs></Polygon></Placemark>
      <Placemark><name>Patch (25,30)</name><styleUrl>#sugarStyle_0</styleUrl><Polygon><outerBoundaryIs><LinearRing><coordinates>-97.1948,49.9234,0 -97.18520000000001,49.9234,0 -97.18520000000001,49.9286,0 -97.1948,49.9286,0 -97.1948,49.9234,0</coordinates></LinearRing></outerBoundaryIs></Polygon></Placemark>
      <Placemark><name>Patch (26,30)</name><styleUrl>#sugarStyle_1</styleUrl><Polygon><outerBoundaryIs><LinearRing><coordinates>-97.18520000000001,49.9234,0 -97.1756,49.9234,0 -97.1756,49.9286,0 -97.18520000000001,49.9286,0 -97.18520000000001,49.9234,0</coordinates></LinearRing></outerBoundaryIs></Polygon></Placemark>
      <Placemark><name>Patch (27,30)</name><styleUrl>#sugarStyle_1</styleUrl><Polygon><outerBoundaryIs><LinearRing><coordinates>-97.1756,49.9234,0 -97.16600000000001,49.9234,0 -97.16600000000001,49.9286,0 -97.1756,49.9286,0 -97.1756,49.9234,0</coordinates></LinearRing></outerBoundaryIs></Polygon></Placemark>
      <Placemark><name>Patch (28,30)</name><styleUrl>#sugarStyle_0</styleUrl><Polygon><outerBoundaryIs><LinearRing><coordinates>-97.16600000000001,49.9234,0 -97.1564,49.9234,0 -97.1564,49.9286,0 -97.16600000000001,49.9286,0 -97.16600000000001,49.9234,0</coordinates></LinearRing></outerBoundaryIs></Polygon></Placemark>
      <Placemark><name>Patch (29,30)</name><styleUrl>#sugarStyle_1</styleUrl><Polygon><outerBoundaryIs><LinearRing><coordinates>-97.1564,49.9234,0 -97.1468,49.9234,0 -97.1468,49.9286,0 -97.1564,49.9286,0 -97.1564,49.9234,0</coordinates></LinearRing></outerBoundaryIs></Polygon></Placemark>
      <Placemark><name>Patch (30,30)</name><styleUrl>#sugarStyle_1</styleUrl><Polygon><outerBoundaryIs><LinearRing><coordinates>-97.1468,49.9234,0 -97.1372,49.9234,0 -97.1372,49.9286,0 -97.1468,49.9286,0 -97.1468,49.9234,0</coordinates></LinearRing></outerBoundaryIs></Polygon></Placemark>
      <Placemark><name>Patch (31,30)</name><styleUrl>#sugarStyle_1</styleUrl><Polygon><outerBoundaryIs><LinearRing><coordinates>-97.1372,49.9234,0 -97.1276,49.9234,0 -97.1276,49.9286,0 -97.1372,49.9286,0 -97.1372,49.9234,0</coordinates></LinearRing></outerBoundaryIs></Polygon></Placemark>
      <Placemark><name>Patch (32,30)</name><styleUrl>#sugarStyle_0</styleUrl><Polygon><outerBoundaryIs><LinearRing><coordinates>-97.1276,49.9234,0 -97.11800000000001,49.9234,0 -97.11800000000001,49.9286,0 -97.1276,49.9286,0 -97.1276,49.9234,0</coordinates></LinearRing></outerBoundaryIs></Polygon></Placemark>
      <Placemark><name>Patch (33,30)</name><styleUrl>#sugarStyle_0</styleUrl><Polygon><outerBoundaryIs><LinearRing><coordinates>-97.11800000000001,49.9234,0 -97.1084,49.9234,0 -97.1084,49.9286,0 -97.11800000000001,49.9286,0 -97.11800000000001,49.9234,0</coordinates></LinearRing></outerBoundaryIs></Polygon></Placemark>
      <Placemark><name>Patch (34,30)</name><styleUrl>#sugarStyle_0</styleUrl><Polygon><outerBoundaryIs><LinearRing><coordinates>-97.1084,49.9234,0 -97.0988,49.9234,0 -97.0988,49.9286,0 -97.1084,49.9286,0 -97.1084,49.9234,0</coordinates></LinearRing></outerBoundaryIs></Polygon></Placemark>
      <Placemark><name>Patch (35,30)</name><styleUrl>#sugarStyle_0</styleUrl><Polygon><outerBoundaryIs><LinearRing><coordinates>-97.0988,49.9234,0 -97.0892,49.9234,0 -97.0892,49.9286,0 -97.0988,49.9286,0 -97.0988,49.9234,0</coordinates></LinearRing></outerBoundaryIs></Polygon></Placemark>
      <Placemark><name>Patch (36,30)</name><styleUrl>#sugarStyle_0</styleUrl><Polygon><outerBoundaryIs><LinearRing><coordinates>-97.0892,49.9234,0 -97.0796,49.9234,0 -97.0796,49.9286,0 -97.0892,49.9286,0 -97.0892,49.9234,0</coordinates></LinearRing></outerBoundaryIs></Polygon></Placemark>
      <Placemark><name>Patch (37,30)</name><styleUrl>#sugarStyle_1</styleUrl><Polygon><outerBoundaryIs><LinearRing><coordinates>-97.0796,49.9234,0 -97.07000000000001,49.9234,0 -97.07000000000001,49.9286,0 -97.0796,49.9286,0 -97.0796,49.9234,0</coordinates></LinearRing></outerBoundaryIs></Polygon></Placemark>
      <Placemark><name>Patch (38,30)</name><styleUrl>#sugarStyle_1</styleUrl><Polygon><outerBoundaryIs><LinearRing><coordinates>-97.07000000000001,49.9234,0 -97.0604,49.9234,0 -97.0604,49.9286,0 -97.07000000000001,49.9286,0 -97.07000000000001,49.9234,0</coordinates></LinearRing></outerBoundaryIs></Polygon></Placemark>
      <Placemark><name>Patch (39,30)</name><styleUrl>#sugarStyle_0</styleUrl><Polygon><outerBoundaryIs><LinearRing><coordinates>-97.0604,49.9234,0 -97.05080000000001,49.9234,0 -97.05080000000001,49.9286,0 -97.0604,49.9286,0 -97.0604,49.9234,0</coordinates></LinearRing></outerBoundaryIs></Polygon></Placemark>
      <Placemark><name>Patch (40,30)</name><styleUrl>#sugarStyle_1</styleUrl><Polygon><outerBoundaryIs><LinearRing><coordinates>-97.05080000000001,49.9234,0 -97.0412,49.9234,0 -97.0412,49.9286,0 -97.05080000000001,49.9286,0 -97.05080000000001,49.9234,0</coordinates></LinearRing></outerBoundaryIs></Polygon></Placemark>
      <Placemark><name>Patch (41,30)</name><styleUrl>#sugarStyle_0</styleUrl><Polygon><outerBoundaryIs><LinearRing><coordinates>-97.0412,49.9234,0 -97.0316,49.9234,0 -97.0316,49.9286,0 -97.0412,49.9286,0 -97.0412,49.9234,0</coordinates></LinearRing></outerBoundaryIs></Polygon></Placemark>
      <Placemark><name>Patch (42,30)</name><styleUrl>#sugarStyle_0</styleUrl><Polygon><outerBoundaryIs><LinearRing><coordinates>-97.0316,49.9234,0 -97.022,49.9234,0 -97.022,49.9286,0 -97.0316,49.9286,0 -97.0316,49.9234,0</coordinates></LinearRing></outerBoundaryIs></Polygon></Placemark>
      <Placemark><name>Patch (43,30)</name><styleUrl>#sugarStyle_0</styleUrl><Polygon><outerBoundaryIs><LinearRing><coordinates>-97.022,49.9234,0 -97.0124,49.9234,0 -97.0124,49.9286,0 -97.022,49.9286,0 -97.022,49.9234,0</coordinates></LinearRing></outerBoundaryIs></Polygon></Placemark>
      <Placemark><name>Patch (44,30)</name><styleUrl>#sugarStyle_0</styleUrl><Polygon><outerBoundaryIs><LinearRing><coordinates>-97.0124,49.9234,0 -97.00280000000001,49.9234,0 -97.00280000000001,49.9286,0 -97.0124,49.9286,0 -97.0124,49.9234,0</coordinates></LinearRing></outerBoundaryIs></Polygon></Placemark>
      <Placemark><name>Patch (45,30)</name><styleUrl>#sugarStyle_0</styleUrl><Polygon><outerBoundaryIs><LinearRing><coordinates>-97.00280000000001,49.9234,0 -96.9932,49.9234,0 -96.9932,49.9286,0 -97.00280000000001,49.9286,0 -97.00280000000001,49.9234,0</coordinates></LinearRing></outerBoundaryIs></Polygon></Placemark>
      <Placemark><name>Patch (46,30)</name><styleUrl>#sugarStyle_0</styleUrl><Polygon><outerBoundaryIs><LinearRing><coordinates>-96.9932,49.9234,0 -96.98360000000001,49.9234,0 -96.98360000000001,49.9286,0 -96.9932,49.9286,0 -96.9932,49.9234,0</coordinates></LinearRing></outerBoundaryIs></Polygon></Placemark>
      <Placemark><name>Patch (47,30)</name><styleUrl>#sugarStyle_0</styleUrl><Polygon><outerBoundaryIs><LinearRing><coordinates>-96.98360000000001,49.9234,0 -96.974,49.9234,0 -96.974,49.9286,0 -96.98360000000001,49.9286,0 -96.98360000000001,49.9234,0</coordinates></LinearRing></outerBoundaryIs></Polygon></Placemark>
      <Placemark><name>Patch (48,30)</name><styleUrl>#sugarStyle_0</styleUrl><Polygon><outerBoundaryIs><LinearRing><coordinates>-96.974,49.9234,0 -96.9644,49.9234,0 -96.9644,49.9286,0 -96.974,49.9286,0 -96.974,49.9234,0</coordinates></LinearRing></outerBoundaryIs></Polygon></Placemark>
      <Placemark><name>Patch (49,30)</name><styleUrl>#sugarStyle_0</styleUrl><Polygon><outerBoundaryIs><LinearRing><coordinates>-96.9644,49.9234,0 -96.9548,49.9234,0 -96.9548,49.9286,0 -96.9644,49.9286,0 -96.9644,49.9234,0</coordinates></LinearRing></outerBoundaryIs></Polygon></Placemark>
      <Placemark><name>Patch (50,30)</name><styleUrl>#sugarStyle_0</styleUrl><Polygon><outerBoundaryIs><LinearRing><coordinates>-96.9548,49.9234,0 -96.9452,49.9234,0 -96.9452,49.9286,0 -96.9548,49.9286,0 -96.9548,49.9234,0</coordinates></LinearRing></outerBoundaryIs></Polygon></Placemark>
      <Placemark><name>Patch (0,31)</name><styleUrl>#sugarStyle_0</styleUrl><Polygon><outerBoundaryIs><LinearRing><coordinates>-97.43480000000001,49.9286,0 -97.4252,49.9286,0 -97.4252,49.933800000000005,0 -97.43480000000001,49.933800000000005,0 -97.43480000000001,49.9286,0</coordinates></LinearRing></outerBoundaryIs></Polygon></Placemark>
      <Placemark><name>Patch (1,31)</name><styleUrl>#sugarStyle_0</styleUrl><Polygon><outerBoundaryIs><LinearRing><coordinates>-97.4252,49.9286,0 -97.41560000000001,49.9286,0 -97.41560000000001,49.933800000000005,0 -97.4252,49.933800000000005,0 -97.4252,49.9286,0</coordinates></LinearRing></outerBoundaryIs></Polygon></Placemark>
      <Placemark><name>Patch (2,31)</name><styleUrl>#sugarStyle_0</styleUrl><Polygon><outerBoundaryIs><LinearRing><coordinates>-97.41560000000001,49.9286,0 -97.406,49.9286,0 -97.406,49.933800000000005,0 -97.41560000000001,49.933800000000005,0 -97.41560000000001,49.9286,0</coordinates></LinearRing></outerBoundaryIs></Polygon></Placemark>
      <Placemark><name>Patch (3,31)</name><styleUrl>#sugarStyle_0</styleUrl><Polygon><outerBoundaryIs><LinearRing><coordinates>-97.406,49.9286,0 -97.3964,49.9286,0 -97.3964,49.933800000000005,0 -97.406,49.933800000000005,0 -97.406,49.9286,0</coordinates></LinearRing></outerBoundaryIs></Polygon></Placemark>
      <Placemark><name>Patch (4,31)</name><styleUrl>#sugarStyle_0</styleUrl><Polygon><outerBoundaryIs><LinearRing><coordinates>-97.3964,49.9286,0 -97.38680000000001,49.9286,0 -97.38680000000001,49.933800000000005,0 -97.3964,49.933800000000005,0 -97.3964,49.9286,0</coordinates></LinearRing></outerBoundaryIs></Polygon></Placemark>
      <Placemark><name>Patch (5,31)</name><styleUrl>#sugarStyle_0</styleUrl><Polygon><outerBoundaryIs><LinearRing><coordinates>-97.38680000000001,49.9286,0 -97.3772,49.9286,0 -97.3772,49.933800000000005,0 -97.38680000000001,49.933800000000005,0 -97.38680000000001,49.9286,0</coordinates></LinearRing></outerBoundaryIs></Polygon></Placemark>
      <Placemark><name>Patch (6,31)</name><styleUrl>#sugarStyle_0</styleUrl><Polygon><outerBoundaryIs><LinearRing><coordinates>-97.3772,49.9286,0 -97.36760000000001,49.9286,0 -97.36760000000001,49.933800000000005,0 -97.3772,49.933800000000005,0 -97.3772,49.9286,0</coordinates></LinearRing></outerBoundaryIs></Polygon></Placemark>
      <Placemark><name>Patch (7,31)</name><styleUrl>#sugarStyle_0</styleUrl><Polygon><outerBoundaryIs><LinearRing><coordinates>-97.36760000000001,49.9286,0 -97.358,49.9286,0 -97.358,49.933800000000005,0 -97.36760000000001,49.933800000000005,0 -97.36760000000001,49.9286,0</coordinates></LinearRing></outerBoundaryIs></Polygon></Placemark>
      <Placemark><name>Patch (8,31)</name><styleUrl>#sugarStyle_0</styleUrl><Polygon><outerBoundaryIs><LinearRing><coordinates>-97.358,49.9286,0 -97.34840000000001,49.9286,0 -97.34840000000001,49.933800000000005,0 -97.358,49.933800000000005,0 -97.358,49.9286,0</coordinates></LinearRing></outerBoundaryIs></Polygon></Placemark>
      <Placemark><name>Patch (9,31)</name><styleUrl>#sugarStyle_0</styleUrl><Polygon><outerBoundaryIs><LinearRing><coordinates>-97.34840000000001,49.9286,0 -97.3388,49.9286,0 -97.3388,49.933800000000005,0 -97.34840000000001,49.933800000000005,0 -97.34840000000001,49.9286,0</coordinates></LinearRing></outerBoundaryIs></Polygon></Placemark>
      <Placemark><name>Patch (10,31)</name><styleUrl>#sugarStyle_0</styleUrl><Polygon><outerBoundaryIs><LinearRing><coordinates>-97.3388,49.9286,0 -97.3292,49.9286,0 -97.3292,49.933800000000005,0 -97.3388,49.933800000000005,0 -97.3388,49.9286,0</coordinates></LinearRing></outerBoundaryIs></Polygon></Placemark>
      <Placemark><name>Patch (11,31)</name><styleUrl>#sugarStyle_0</styleUrl><Polygon><outerBoundaryIs><LinearRing><coordinates>-97.3292,49.9286,0 -97.31960000000001,49.9286,0 -97.31960000000001,49.933800000000005,0 -97.3292,49.933800000000005,0 -97.3292,49.9286,0</coordinates></LinearRing></outerBoundaryIs></Polygon></Placemark>
      <Placemark><name>Patch (12,31)</name><styleUrl>#sugarStyle_0</styleUrl><Polygon><outerBoundaryIs><LinearRing><coordinates>-97.31960000000001,49.9286,0 -97.31,49.9286,0 -97.31,49.933800000000005,0 -97.31960000000001,49.933800000000005,0 -97.31960000000001,49.9286,0</coordinates></LinearRing></outerBoundaryIs></Polygon></Placemark>
      <Placemark><name>Patch (13,31)</name><styleUrl>#sugarStyle_0</styleUrl><Polygon><outerBoundaryIs><LinearRing><coordinates>-97.31,49.9286,0 -97.30040000000001,49.9286,0 -97.30040000000001,49.933800000000005,0 -97.31,49.933800000000005,0 -97.31,49.9286,0</coordinates></LinearRing></outerBoundaryIs></Polygon></Placemark>
      <Placemark><name>Patch (14,31)</name><styleUrl>#sugarStyle_0</styleUrl><Polygon><outerBoundaryIs><LinearRing><coordinates>-97.30040000000001,49.9286,0 -97.2908,49.9286,0 -97.2908,49.933800000000005,0 -97.30040000000001,49.933800000000005,0 -97.30040000000001,49.9286,0</coordinates></LinearRing></outerBoundaryIs></Polygon></Placemark>
      <Placemark><name>Patch (15,31)</name><styleUrl>#sugarStyle_0</styleUrl><Polygon><outerBoundaryIs><LinearRing><coordinates>-97.2908,49.9286,0 -97.28120000000001,49.9286,0 -97.28120000000001,49.933800000000005,0 -97.2908,49.933800000000005,0 -97.2908,49.9286,0</coordinates></LinearRing></outerBoundaryIs></Polygon></Placemark>
      <Placemark><name>Patch (16,31)</name><styleUrl>#sugarStyle_0</styleUrl><Polygon><outerBoundaryIs><LinearRing><coordinates>-97.28120000000001,49.9286,0 -97.2716,49.9286,0 -97.2716,49.933800000000005,0 -97.28120000000001,49.933800000000005,0 -97.28120000000001,49.9286,0</coordinates></LinearRing></outerBoundaryIs></Polygon></Placemark>
      <Placemark><name>Patch (17,31)</name><styleUrl>#sugarStyle_0</styleUrl><Polygon><outerBoundaryIs><LinearRing><coordinates>-97.2716,49.9286,0 -97.262,49.9286,0 -97.262,49.933800000000005,0 -97.2716,49.933800000000005,0 -97.2716,49.9286,0</coordinates></LinearRing></outerBoundaryIs></Polygon></Placemark>
      <Placemark><name>Patch (18,31)</name><styleUrl>#sugarStyle_0</styleUrl><Polygon><outerBoundaryIs><LinearRing><coordinates>-97.262,49.9286,0 -97.25240000000001,49.9286,0 -97.25240000000001,49.933800000000005,0 -97.262,49.933800000000005,0 -97.262,49.9286,0</coordinates></LinearRing></outerBoundaryIs></Polygon></Placemark>
      <Placemark><name>Patch (19,31)</name><styleUrl>#sugarStyle_0</styleUrl><Polygon><outerBoundaryIs><LinearRing><coordinates>-97.25240000000001,49.9286,0 -97.2428,49.9286,0 -97.2428,49.933800000000005,0 -97.25240000000001,49.933800000000005,0 -97.25240000000001,49.9286,0</coordinates></LinearRing></outerBoundaryIs></Polygon></Placemark>
      <Placemark><name>Patch (20,31)</name><styleUrl>#sugarStyle_0</styleUrl><Polygon><outerBoundaryIs><LinearRing><coordinates>-97.2428,49.9286,0 -97.23320000000001,49.9286,0 -97.23320000000001,49.933800000000005,0 -97.2428,49.933800000000005,0 -97.2428,49.9286,0</coordinates></LinearRing></outerBoundaryIs></Polygon></Placemark>
      <Placemark><name>Patch (21,31)</name><styleUrl>#sugarStyle_1</styleUrl><Polygon><outerBoundaryIs><LinearRing><coordinates>-97.23320000000001,49.9286,0 -97.2236,49.9286,0 -97.2236,49.933800000000005,0 -97.23320000000001,49.933800000000005,0 -97.23320000000001,49.9286,0</coordinates></LinearRing></outerBoundaryIs></Polygon></Placemark>
      <Placemark><name>Patch (22,31)</name><styleUrl>#sugarStyle_1</styleUrl><Polygon><outerBoundaryIs><LinearRing><coordinates>-97.2236,49.9286,0 -97.214,49.9286,0 -97.214,49.933800000000005,0 -97.2236,49.933800000000005,0 -97.2236,49.9286,0</coordinates></LinearRing></outerBoundaryIs></Polygon></Placemark>
      <Placemark><name>Patch (23,31)</name><styleUrl>#sugarStyle_1</styleUrl><Polygon><outerBoundaryIs><LinearRing><coordinates>-97.214,49.9286,0 -97.2044,49.9286,0 -97.2044,49.933800000000005,0 -97.214,49.933800000000005,0 -97.214,49.9286,0</coordinates></LinearRing></outerBoundaryIs></Polygon></Placemark>
      <Placemark><name>Patch (24,31)</name><styleUrl>#sugarStyle_1</styleUrl><Polygon><outerBoundaryIs><LinearRing><coordinates>-97.2044,49.9286,0 -97.1948,49.9286,0 -97.1948,49.933800000000005,0 -97.2044,49.933800000000005,0 -97.2044,49.9286,0</coordinates></LinearRing></outerBoundaryIs></Polygon></Placemark>
      <Placemark><name>Patch (25,31)</name><styleUrl>#sugarStyle_1</styleUrl><Polygon><outerBoundaryIs><LinearRing><coordinates>-97.1948,49.9286,0 -97.18520000000001,49.9286,0 -97.18520000000001,49.933800000000005,0 -97.1948,49.933800000000005,0 -97.1948,49.9286,0</coordinates></LinearRing></outerBoundaryIs></Polygon></Placemark>
      <Placemark><name>Patch (26,31)</name><styleUrl>#sugarStyle_0</styleUrl><Polygon><outerBoundaryIs><LinearRing><coordinates>-97.18520000000001,49.9286,0 -97.1756,49.9286,0 -97.1756,49.933800000000005,0 -97.18520000000001,49.933800000000005,0 -97.18520000000001,49.9286,0</coordinates></LinearRing></outerBoundaryIs></Polygon></Placemark>
      <Placemark><name>Patch (27,31)</name><styleUrl>#sugarStyle_1</styleUrl><Polygon><outerBoundaryIs><LinearRing><coordinates>-97.1756,49.9286,0 -97.16600000000001,49.9286,0 -97.16600000000001,49.933800000000005,0 -97.1756,49.933800000000005,0 -97.1756,49.9286,0</coordinates></LinearRing></outerBoundaryIs></Polygon></Placemark>
      <Placemark><name>Patch (28,31)</name><styleUrl>#sugarStyle_1</styleUrl><Polygon><outerBoundaryIs><LinearRing><coordinates>-97.16600000000001,49.9286,0 -97.1564,49.9286,0 -97.1564,49.933800000000005,0 -97.16600000000001,49.933800000000005,0 -97.16600000000001,49.9286,0</coordinates></LinearRing></outerBoundaryIs></Polygon></Placemark>
      <Placemark><name>Patch (29,31)</name><styleUrl>#sugarStyle_0</styleUrl><Polygon><outerBoundaryIs><LinearRing><coordinates>-97.1564,49.9286,0 -97.1468,49.9286,0 -97.1468,49.933800000000005,0 -97.1564,49.933800000000005,0 -97.1564,49.9286,0</coordinates></LinearRing></outerBoundaryIs></Polygon></Placemark>
      <Placemark><name>Patch (30,31)</name><styleUrl>#sugarStyle_0</styleUrl><Polygon><outerBoundaryIs><LinearRing><coordinates>-97.1468,49.9286,0 -97.1372,49.9286,0 -97.1372,49.933800000000005,0 -97.1468,49.933800000000005,0 -97.1468,49.9286,0</coordinates></LinearRing></outerBoundaryIs></Polygon></Placemark>
      <Placemark><name>Patch (31,31)</name><styleUrl>#sugarStyle_0</styleUrl><Polygon><outerBoundaryIs><LinearRing><coordinates>-97.1372,49.9286,0 -97.1276,49.9286,0 -97.1276,49.933800000000005,0 -97.1372,49.933800000000005,0 -97.1372,49.9286,0</coordinates></LinearRing></outerBoundaryIs></Polygon></Placemark>
      <Placemark><name>Patch (32,31)</name><styleUrl>#sugarStyle_1</styleUrl><Polygon><outerBoundaryIs><LinearRing><coordinates>-97.1276,49.9286,0 -97.11800000000001,49.9286,0 -97.11800000000001,49.933800000000005,0 -97.1276,49.933800000000005,0 -97.1276,49.9286,0</coordinates></LinearRing></outerBoundaryIs></Polygon></Placemark>
      <Placemark><name>Patch (33,31)</name><styleUrl>#sugarStyle_1</styleUrl><Polygon><outerBoundaryIs><LinearRing><coordinates>-97.11800000000001,49.9286,0 -97.1084,49.9286,0 -97.1084,49.933800000000005,0 -97.11800000000001,49.933800000000005,0 -97.11800000000001,49.9286,0</coordinates></LinearRing></outerBoundaryIs></Polygon></Placemark>
      <Placemark><name>Patch (34,31)</name><styleUrl>#sugarStyle_0</styleUrl><Polygon><outerBoundaryIs><LinearRing><coordinates>-97.1084,49.9286,0 -97.0988,49.9286,0 -97.0988,49.933800000000005,0 -97.1084,49.933800000000005,0 -97.1084,49.9286,0</coordinates></LinearRing></outerBoundaryIs></Polygon></Placemark>
      <Placemark><name>Patch (35,31)</name><styleUrl>#sugarStyle_1</styleUrl><Polygon><outerBoundaryIs><LinearRing><coordinates>-97.0988,49.9286,0 -97.0892,49.9286,0 -97.0892,49.933800000000005,0 -97.0988,49.933800000000005,0 -97.0988,49.9286,0</coordinates></LinearRing></outerBoundaryIs></Polygon></Placemark>
      <Placemark><name>Patch (36,31)</name><styleUrl>#sugarStyle_1</styleUrl><Polygon><outerBoundaryIs><LinearRing><coordinates>-97.0892,49.9286,0 -97.0796,49.9286,0 -97.0796,49.933800000000005,0 -97.0892,49.933800000000005,0 -97.0892,49.9286,0</coordinates></LinearRing></outerBoundaryIs></Polygon></Placemark>
      <Placemark><name>Patch (37,31)</name><styleUrl>#sugarStyle_1</styleUrl><Polygon><outerBoundaryIs><LinearRing><coordinates>-97.0796,49.9286,0 -97.07000000000001,49.9286,0 -97.07000000000001,49.933800000000005,0 -97.0796,49.933800000000005,0 -97.0796,49.9286,0</coordinates></LinearRing></outerBoundaryIs></Polygon></Placemark>
      <Placemark><name>Patch (38,31)</name><styleUrl>#sugarStyle_1</styleUrl><Polygon><outerBoundaryIs><LinearRing><coordinates>-97.07000000000001,49.9286,0 -97.0604,49.9286,0 -97.0604,49.933800000000005,0 -97.07000000000001,49.933800000000005,0 -97.07000000000001,49.9286,0</coordinates></LinearRing></outerBoundaryIs></Polygon></Placemark>
      <Placemark><name>Patch (39,31)</name><styleUrl>#sugarStyle_1</styleUrl><Polygon><outerBoundaryIs><LinearRing><coordinates>-97.0604,49.9286,0 -97.05080000000001,49.9286,0 -97.05080000000001,49.933800000000005,0 -97.0604,49.933800000000005,0 -97.0604,49.9286,0</coordinates></LinearRing></outerBoundaryIs></Polygon></Placemark>
      <Placemark><name>Patch (40,31)</name><styleUrl>#sugarStyle_0</styleUrl><Polygon><outerBoundaryIs><LinearRing><coordinates>-97.05080000000001,49.9286,0 -97.0412,49.9286,0 -97.0412,49.933800000000005,0 -97.05080000000001,49.933800000000005,0 -97.05080000000001,49.9286,0</coordinates></LinearRing></outerBoundaryIs></Polygon></Placemark>
      <Placemark><name>Patch (41,31)</name><styleUrl>#sugarStyle_0</styleUrl><Polygon><outerBoundaryIs><LinearRing><coordinates>-97.0412,49.9286,0 -97.0316,49.9286,0 -97.0316,49.933800000000005,0 -97.0412,49.933800000000005,0 -97.0412,49.9286,0</coordinates></LinearRing></outerBoundaryIs></Polygon></Placemark>
      <Placemark><name>Patch (42,31)</name><styleUrl>#sugarStyle_0</styleUrl><Polygon><outerBoundaryIs><LinearRing><coordinates>-97.0316,49.9286,0 -97.022,49.9286,0 -97.022,49.933800000000005,0 -97.0316,49.933800000000005,0 -97.0316,49.9286,0</coordinates></LinearRing></outerBoundaryIs></Polygon></Placemark>
      <Placemark><name>Patch (43,31)</name><styleUrl>#sugarStyle_0</styleUrl><Polygon><outerBoundaryIs><LinearRing><coordinates>-97.022,49.9286,0 -97.0124,49.9286,0 -97.0124,49.933800000000005,0 -97.022,49.933800000000005,0 -97.022,49.9286,0</coordinates></LinearRing></outerBoundaryIs></Polygon></Placemark>
      <Placemark><name>Patch (44,31)</name><styleUrl>#sugarStyle_0</styleUrl><Polygon><outerBoundaryIs><LinearRing><coordinates>-97.0124,49.9286,0 -97.00280000000001,49.9286,0 -97.00280000000001,49.933800000000005,0 -97.0124,49.933800000000005,0 -97.0124,49.9286,0</coordinates></LinearRing></outerBoundaryIs></Polygon></Placemark>
      <Placemark><name>Patch (45,31)</name><styleUrl>#sugarStyle_0</styleUrl><Polygon><outerBoundaryIs><LinearRing><coordinates>-97.00280000000001,49.9286,0 -96.9932,49.9286,0 -96.9932,49.933800000000005,0 -97.00280000000001,49.933800000000005,0 -97.00280000000001,49.9286,0</coordinates></LinearRing></outerBoundaryIs></Polygon></Placemark>
      <Placemark><name>Patch (46,31)</name><styleUrl>#sugarStyle_0</styleUrl><Polygon><outerBoundaryIs><LinearRing><coordinates>-96.9932,49.9286,0 -96.98360000000001,49.9286,0 -96.98360000000001,49.933800000000005,0 -96.9932,49.933800000000005,0 -96.9932,49.9286,0</coordinates></LinearRing></outerBoundaryIs></Polygon></Placemark>
      <Placemark><name>Patch (47,31)</name><styleUrl>#sugarStyle_0</styleUrl><Polygon><outerBoundaryIs><LinearRing><coordinates>-96.98360000000001,49.9286,0 -96.974,49.9286,0 -96.974,49.933800000000005,0 -96.98360000000001,49.933800000000005,0 -96.98360000000001,49.9286,0</coordinates></LinearRing></outerBoundaryIs></Polygon></Placemark>
      <Placemark><name>Patch (48,31)</name><styleUrl>#sugarStyle_0</styleUrl><Polygon><outerBoundaryIs><LinearRing><coordinates>-96.974,49.9286,0 -96.9644,49.9286,0 -96.9644,49.933800000000005,0 -96.974,49.933800000000005,0 -96.974,49.9286,0</coordinates></LinearRing></outerBoundaryIs></Polygon></Placemark>
      <Placemark><name>Patch (49,31)</name><styleUrl>#sugarStyle_0</styleUrl><Polygon><outerBoundaryIs><LinearRing><coordinates>-96.9644,49.9286,0 -96.9548,49.9286,0 -96.9548,49.933800000000005,0 -96.9644,49.933800000000005,0 -96.9644,49.9286,0</coordinates></LinearRing></outerBoundaryIs></Polygon></Placemark>
      <Placemark><name>Patch (50,31)</name><styleUrl>#sugarStyle_0</styleUrl><Polygon><outerBoundaryIs><LinearRing><coordinates>-96.9548,49.9286,0 -96.9452,49.9286,0 -96.9452,49.933800000000005,0 -96.9548,49.933800000000005,0 -96.9548,49.9286,0</coordinates></LinearRing></outerBoundaryIs></Polygon></Placemark>
      <Placemark><name>Patch (0,32)</name><styleUrl>#sugarStyle_0</styleUrl><Polygon><outerBoundaryIs><LinearRing><coordinates>-97.43480000000001,49.933800000000005,0 -97.4252,49.933800000000005,0 -97.4252,49.939,0 -97.43480000000001,49.939,0 -97.43480000000001,49.933800000000005,0</coordinates></LinearRing></outerBoundaryIs></Polygon></Placemark>
      <Placemark><name>Patch (1,32)</name><styleUrl>#sugarStyle_0</styleUrl><Polygon><outerBoundaryIs><LinearRing><coordinates>-97.4252,49.933800000000005,0 -97.41560000000001,49.933800000000005,0 -97.41560000000001,49.939,0 -97.4252,49.939,0 -97.4252,49.933800000000005,0</coordinates></LinearRing></outerBoundaryIs></Polygon></Placemark>
      <Placemark><name>Patch (2,32)</name><styleUrl>#sugarStyle_0</styleUrl><Polygon><outerBoundaryIs><LinearRing><coordinates>-97.41560000000001,49.933800000000005,0 -97.406,49.933800000000005,0 -97.406,49.939,0 -97.41560000000001,49.939,0 -97.41560000000001,49.933800000000005,0</coordinates></LinearRing></outerBoundaryIs></Polygon></Placemark>
      <Placemark><name>Patch (3,32)</name><styleUrl>#sugarStyle_0</styleUrl><Polygon><outerBoundaryIs><LinearRing><coordinates>-97.406,49.933800000000005,0 -97.3964,49.933800000000005,0 -97.3964,49.939,0 -97.406,49.939,0 -97.406,49.933800000000005,0</coordinates></LinearRing></outerBoundaryIs></Polygon></Placemark>
      <Placemark><name>Patch (4,32)</name><styleUrl>#sugarStyle_0</styleUrl><Polygon><outerBoundaryIs><LinearRing><coordinates>-97.3964,49.933800000000005,0 -97.38680000000001,49.933800000000005,0 -97.38680000000001,49.939,0 -97.3964,49.939,0 -97.3964,49.933800000000005,0</coordinates></LinearRing></outerBoundaryIs></Polygon></Placemark>
      <Placemark><name>Patch (5,32)</name><styleUrl>#sugarStyle_0</styleUrl><Polygon><outerBoundaryIs><LinearRing><coordinates>-97.38680000000001,49.933800000000005,0 -97.3772,49.933800000000005,0 -97.3772,49.939,0 -97.38680000000001,49.939,0 -97.38680000000001,49.933800000000005,0</coordinates></LinearRing></outerBoundaryIs></Polygon></Placemark>
      <Placemark><name>Patch (6,32)</name><styleUrl>#sugarStyle_0</styleUrl><Polygon><outerBoundaryIs><LinearRing><coordinates>-97.3772,49.933800000000005,0 -97.36760000000001,49.933800000000005,0 -97.36760000000001,49.939,0 -97.3772,49.939,0 -97.3772,49.933800000000005,0</coordinates></LinearRing></outerBoundaryIs></Polygon></Placemark>
      <Placemark><name>Patch (7,32)</name><styleUrl>#sugarStyle_0</styleUrl><Polygon><outerBoundaryIs><LinearRing><coordinates>-97.36760000000001,49.933800000000005,0 -97.358,49.933800000000005,0 -97.358,49.939,0 -97.36760000000001,49.939,0 -97.36760000000001,49.933800000000005,0</coordinates></LinearRing></outerBoundaryIs></Polygon></Placemark>
      <Placemark><name>Patch (8,32)</name><styleUrl>#sugarStyle_0</styleUrl><Polygon><outerBoundaryIs><LinearRing><coordinates>-97.358,49.933800000000005,0 -97.34840000000001,49.933800000000005,0 -97.34840000000001,49.939,0 -97.358,49.939,0 -97.358,49.933800000000005,0</coordinates></LinearRing></outerBoundaryIs></Polygon></Placemark>
      <Placemark><name>Patch (9,32)</name><styleUrl>#sugarStyle_0</styleUrl><Polygon><outerBoundaryIs><LinearRing><coordinates>-97.34840000000001,49.933800000000005,0 -97.3388,49.933800000000005,0 -97.3388,49.939,0 -97.34840000000001,49.939,0 -97.34840000000001,49.933800000000005,0</coordinates></LinearRing></outerBoundaryIs></Polygon></Placemark>
      <Placemark><name>Patch (10,32)</name><styleUrl>#sugarStyle_0</styleUrl><Polygon><outerBoundaryIs><LinearRing><coordinates>-97.3388,49.933800000000005,0 -97.3292,49.933800000000005,0 -97.3292,49.939,0 -97.3388,49.939,0 -97.3388,49.933800000000005,0</coordinates></LinearRing></outerBoundaryIs></Polygon></Placemark>
      <Placemark><name>Patch (11,32)</name><styleUrl>#sugarStyle_0</styleUrl><Polygon><outerBoundaryIs><LinearRing><coordinates>-97.3292,49.933800000000005,0 -97.31960000000001,49.933800000000005,0 -97.31960000000001,49.939,0 -97.3292,49.939,0 -97.3292,49.933800000000005,0</coordinates></LinearRing></outerBoundaryIs></Polygon></Placemark>
      <Placemark><name>Patch (12,32)</name><styleUrl>#sugarStyle_0</styleUrl><Polygon><outerBoundaryIs><LinearRing><coordinates>-97.31960000000001,49.933800000000005,0 -97.31,49.933800000000005,0 -97.31,49.939,0 -97.31960000000001,49.939,0 -97.31960000000001,49.933800000000005,0</coordinates></LinearRing></outerBoundaryIs></Polygon></Placemark>
      <Placemark><name>Patch (13,32)</name><styleUrl>#sugarStyle_0</styleUrl><Polygon><outerBoundaryIs><LinearRing><coordinates>-97.31,49.933800000000005,0 -97.30040000000001,49.933800000000005,0 -97.30040000000001,49.939,0 -97.31,49.939,0 -97.31,49.933800000000005,0</coordinates></LinearRing></outerBoundaryIs></Polygon></Placemark>
      <Placemark><name>Patch (14,32)</name><styleUrl>#sugarStyle_0</styleUrl><Polygon><outerBoundaryIs><LinearRing><coordinates>-97.30040000000001,49.933800000000005,0 -97.2908,49.933800000000005,0 -97.2908,49.939,0 -97.30040000000001,49.939,0 -97.30040000000001,49.933800000000005,0</coordinates></LinearRing></outerBoundaryIs></Polygon></Placemark>
      <Placemark><name>Patch (15,32)</name><styleUrl>#sugarStyle_0</styleUrl><Polygon><outerBoundaryIs><LinearRing><coordinates>-97.2908,49.933800000000005,0 -97.28120000000001,49.933800000000005,0 -97.28120000000001,49.939,0 -97.2908,49.939,0 -97.2908,49.933800000000005,0</coordinates></LinearRing></outerBoundaryIs></Polygon></Placemark>
      <Placemark><name>Patch (16,32)</name><styleUrl>#sugarStyle_0</styleUrl><Polygon><outerBoundaryIs><LinearRing><coordinates>-97.28120000000001,49.933800000000005,0 -97.2716,49.933800000000005,0 -97.2716,49.939,0 -97.28120000000001,49.939,0 -97.28120000000001,49.933800000000005,0</coordinates></LinearRing></outerBoundaryIs></Polygon></Placemark>
      <Placemark><name>Patch (17,32)</name><styleUrl>#sugarStyle_0</styleUrl><Polygon><outerBoundaryIs><LinearRing><coordinates>-97.2716,49.933800000000005,0 -97.262,49.933800000000005,0 -97.262,49.939,0 -97.2716,49.939,0 -97.2716,49.933800000000005,0</coordinates></LinearRing></outerBoundaryIs></Polygon></Placemark>
      <Placemark><name>Patch (18,32)</name><styleUrl>#sugarStyle_0</styleUrl><Polygon><outerBoundaryIs><LinearRing><coordinates>-97.262,49.933800000000005,0 -97.25240000000001,49.933800000000005,0 -97.25240000000001,49.939,0 -97.262,49.939,0 -97.262,49.933800000000005,0</coordinates></LinearRing></outerBoundaryIs></Polygon></Placemark>
      <Placemark><name>Patch (19,32)</name><styleUrl>#sugarStyle_0</styleUrl><Polygon><outerBoundaryIs><LinearRing><coordinates>-97.25240000000001,49.933800000000005,0 -97.2428,49.933800000000005,0 -97.2428,49.939,0 -97.25240000000001,49.939,0 -97.25240000000001,49.933800000000005,0</coordinates></LinearRing></outerBoundaryIs></Polygon></Placemark>
      <Placemark><name>Patch (20,32)</name><styleUrl>#sugarStyle_0</styleUrl><Polygon><outerBoundaryIs><LinearRing><coordinates>-97.2428,49.933800000000005,0 -97.23320000000001,49.933800000000005,0 -97.23320000000001,49.939,0 -97.2428,49.939,0 -97.2428,49.933800000000005,0</coordinates></LinearRing></outerBoundaryIs></Polygon></Placemark>
      <Placemark><name>Patch (21,32)</name><styleUrl>#sugarStyle_1</styleUrl><Polygon><outerBoundaryIs><LinearRing><coordinates>-97.23320000000001,49.933800000000005,0 -97.2236,49.933800000000005,0 -97.2236,49.939,0 -97.23320000000001,49.939,0 -97.23320000000001,49.933800000000005,0</coordinates></LinearRing></outerBoundaryIs></Polygon></Placemark>
      <Placemark><name>Patch (22,32)</name><styleUrl>#sugarStyle_1</styleUrl><Polygon><outerBoundaryIs><LinearRing><coordinates>-97.2236,49.933800000000005,0 -97.214,49.933800000000005,0 -97.214,49.939,0 -97.2236,49.939,0 -97.2236,49.933800000000005,0</coordinates></LinearRing></outerBoundaryIs></Polygon></Placemark>
      <Placemark><name>Patch (23,32)</name><styleUrl>#sugarStyle_1</styleUrl><Polygon><outerBoundaryIs><LinearRing><coordinates>-97.214,49.933800000000005,0 -97.2044,49.933800000000005,0 -97.2044,49.939,0 -97.214,49.939,0 -97.214,49.933800000000005,0</coordinates></LinearRing></outerBoundaryIs></Polygon></Placemark>
      <Placemark><name>Patch (24,32)</name><styleUrl>#sugarStyle_1</styleUrl><Polygon><outerBoundaryIs><LinearRing><coordinates>-97.2044,49.933800000000005,0 -97.1948,49.933800000000005,0 -97.1948,49.939,0 -97.2044,49.939,0 -97.2044,49.933800000000005,0</coordinates></LinearRing></outerBoundaryIs></Polygon></Placemark>
      <Placemark><name>Patch (25,32)</name><styleUrl>#sugarStyle_1</styleUrl><Polygon><outerBoundaryIs><LinearRing><coordinates>-97.1948,49.933800000000005,0 -97.18520000000001,49.933800000000005,0 -97.18520000000001,49.939,0 -97.1948,49.939,0 -97.1948,49.933800000000005,0</coordinates></LinearRing></outerBoundaryIs></Polygon></Placemark>
      <Placemark><name>Patch (26,32)</name><styleUrl>#sugarStyle_0</styleUrl><Polygon><outerBoundaryIs><LinearRing><coordinates>-97.18520000000001,49.933800000000005,0 -97.1756,49.933800000000005,0 -97.1756,49.939,0 -97.18520000000001,49.939,0 -97.18520000000001,49.933800000000005,0</coordinates></LinearRing></outerBoundaryIs></Polygon></Placemark>
      <Placemark><name>Patch (27,32)</name><styleUrl>#sugarStyle_0</styleUrl><Polygon><outerBoundaryIs><LinearRing><coordinates>-97.1756,49.933800000000005,0 -97.16600000000001,49.933800000000005,0 -97.16600000000001,49.939,0 -97.1756,49.939,0 -97.1756,49.933800000000005,0</coordinates></LinearRing></outerBoundaryIs></Polygon></Placemark>
      <Placemark><name>Patch (28,32)</name><styleUrl>#sugarStyle_0</styleUrl><Polygon><outerBoundaryIs><LinearRing><coordinates>-97.16600000000001,49.933800000000005,0 -97.1564,49.933800000000005,0 -97.1564,49.939,0 -97.16600000000001,49.939,0 -97.16600000000001,49.933800000000005,0</coordinates></LinearRing></outerBoundaryIs></Polygon></Placemark>
      <Placemark><name>Patch (29,32)</name><styleUrl>#sugarStyle_1</styleUrl><Polygon><outerBoundaryIs><LinearRing><coordinates>-97.1564,49.933800000000005,0 -97.1468,49.933800000000005,0 -97.1468,49.939,0 -97.1564,49.939,0 -97.1564,49.933800000000005,0</coordinates></LinearRing></outerBoundaryIs></Polygon></Placemark>
      <Placemark><name>Patch (30,32)</name><styleUrl>#sugarStyle_1</styleUrl><Polygon><outerBoundaryIs><LinearRing><coordinates>-97.1468,49.933800000000005,0 -97.1372,49.933800000000005,0 -97.1372,49.939,0 -97.1468,49.939,0 -97.1468,49.933800000000005,0</coordinates></LinearRing></outerBoundaryIs></Polygon></Placemark>
      <Placemark><name>Patch (31,32)</name><styleUrl>#sugarStyle_0</styleUrl><Polygon><outerBoundaryIs><LinearRing><coordinates>-97.1372,49.933800000000005,0 -97.1276,49.933800000000005,0 -97.1276,49.939,0 -97.1372,49.939,0 -97.1372,49.933800000000005,0</coordinates></LinearRing></outerBoundaryIs></Polygon></Placemark>
      <Placemark><name>Patch (32,32)</name><styleUrl>#sugarStyle_0</styleUrl><Polygon><outerBoundaryIs><LinearRing><coordinates>-97.1276,49.933800000000005,0 -97.11800000000001,49.933800000000005,0 -97.11800000000001,49.939,0 -97.1276,49.939,0 -97.1276,49.933800000000005,0</coordinates></LinearRing></outerBoundaryIs></Polygon></Placemark>
      <Placemark><name>Patch (33,32)</name><styleUrl>#sugarStyle_0</styleUrl><Polygon><outerBoundaryIs><LinearRing><coordinates>-97.11800000000001,49.933800000000005,0 -97.1084,49.933800000000005,0 -97.1084,49.939,0 -97.11800000000001,49.939,0 -97.11800000000001,49.933800000000005,0</coordinates></LinearRing></outerBoundaryIs></Polygon></Placemark>
      <Placemark><name>Patch (34,32)</name><styleUrl>#sugarStyle_1</styleUrl><Polygon><outerBoundaryIs><LinearRing><coordinates>-97.1084,49.933800000000005,0 -97.0988,49.933800000000005,0 -97.0988,49.939,0 -97.1084,49.939,0 -97.1084,49.933800000000005,0</coordinates></LinearRing></outerBoundaryIs></Polygon></Placemark>
      <Placemark><name>Patch (35,32)</name><styleUrl>#sugarStyle_1</styleUrl><Polygon><outerBoundaryIs><LinearRing><coordinates>-97.0988,49.933800000000005,0 -97.0892,49.933800000000005,0 -97.0892,49.939,0 -97.0988,49.939,0 -97.0988,49.933800000000005,0</coordinates></LinearRing></outerBoundaryIs></Polygon></Placemark>
      <Placemark><name>Patch (36,32)</name><styleUrl>#sugarStyle_1</styleUrl><Polygon><outerBoundaryIs><LinearRing><coordinates>-97.0892,49.933800000000005,0 -97.0796,49.933800000000005,0 -97.0796,49.939,0 -97.0892,49.939,0 -97.0892,49.933800000000005,0</coordinates></LinearRing></outerBoundaryIs></Polygon></Placemark>
      <Placemark><name>Patch (37,32)</name><styleUrl>#sugarStyle_1</styleUrl><Polygon><outerBoundaryIs><LinearRing><coordinates>-97.0796,49.933800000000005,0 -97.07000000000001,49.933800000000005,0 -97.07000000000001,49.939,0 -97.0796,49.939,0 -97.0796,49.933800000000005,0</coordinates></LinearRing></outerBoundaryIs></Polygon></Placemark>
      <Placemark><name>Patch (38,32)</name><styleUrl>#sugarStyle_1</styleUrl><Polygon><outerBoundaryIs><LinearRing><coordinates>-97.07000000000001,49.933800000000005,0 -97.0604,49.933800000000005,0 -97.0604,49.939,0 -97.07000000000001,49.939,0 -97.07000000000001,49.933800000000005,0</coordinates></LinearRing></outerBoundaryIs></Polygon></Placemark>
      <Placemark><name>Patch (39,32)</name><styleUrl>#sugarStyle_1</styleUrl><Polygon><outerBoundaryIs><LinearRing><coordinates>-97.0604,49.933800000000005,0 -97.05080000000001,49.933800000000005,0 -97.05080000000001,49.939,0 -97.0604,49.939,0 -97.0604,49.933800000000005,0</coordinates></LinearRing></outerBoundaryIs></Polygon></Placemark>
      <Placemark><name>Patch (40,32)</name><styleUrl>#sugarStyle_0</styleUrl><Polygon><outerBoundaryIs><LinearRing><coordinates>-97.05080000000001,49.933800000000005,0 -97.0412,49.933800000000005,0 -97.0412,49.939,0 -97.05080000000001,49.939,0 -97.05080000000001,49.933800000000005,0</coordinates></LinearRing></outerBoundaryIs></Polygon></Placemark>
      <Placemark><name>Patch (41,32)</name><styleUrl>#sugarStyle_0</styleUrl><Polygon><outerBoundaryIs><LinearRing><coordinates>-97.0412,49.933800000000005,0 -97.0316,49.933800000000005,0 -97.0316,49.939,0 -97.0412,49.939,0 -97.0412,49.933800000000005,0</coordinates></LinearRing></outerBoundaryIs></Polygon></Placemark>
      <Placemark><name>Patch (42,32)</name><styleUrl>#sugarStyle_0</styleUrl><Polygon><outerBoundaryIs><LinearRing><coordinates>-97.0316,49.933800000000005,0 -97.022,49.933800000000005,0 -97.022,49.939,0 -97.0316,49.939,0 -97.0316,49.933800000000005,0</coordinates></LinearRing></outerBoundaryIs></Polygon></Placemark>
      <Placemark><name>Patch (43,32)</name><styleUrl>#sugarStyle_0</styleUrl><Polygon><outerBoundaryIs><LinearRing><coordinates>-97.022,49.933800000000005,0 -97.0124,49.933800000000005,0 -97.0124,49.939,0 -97.022,49.939,0 -97.022,49.933800000000005,0</coordinates></LinearRing></outerBoundaryIs></Polygon></Placemark>
      <Placemark><name>Patch (44,32)</name><styleUrl>#sugarStyle_0</styleUrl><Polygon><outerBoundaryIs><LinearRing><coordinates>-97.0124,49.933800000000005,0 -97.00280000000001,49.933800000000005,0 -97.00280000000001,49.939,0 -97.0124,49.939,0 -97.0124,49.933800000000005,0</coordinates></LinearRing></outerBoundaryIs></Polygon></Placemark>
      <Placemark><name>Patch (45,32)</name><styleUrl>#sugarStyle_0</styleUrl><Polygon><outerBoundaryIs><LinearRing><coordinates>-97.00280000000001,49.933800000000005,0 -96.9932,49.933800000000005,0 -96.9932,49.939,0 -97.00280000000001,49.939,0 -97.00280000000001,49.933800000000005,0</coordinates></LinearRing></outerBoundaryIs></Polygon></Placemark>
      <Placemark><name>Patch (46,32)</name><styleUrl>#sugarStyle_0</styleUrl><Polygon><outerBoundaryIs><LinearRing><coordinates>-96.9932,49.933800000000005,0 -96.98360000000001,49.933800000000005,0 -96.98360000000001,49.939,0 -96.9932,49.939,0 -96.9932,49.933800000000005,0</coordinates></LinearRing></outerBoundaryIs></Polygon></Placemark>
      <Placemark><name>Patch (47,32)</name><styleUrl>#sugarStyle_0</styleUrl><Polygon><outerBoundaryIs><LinearRing><coordinates>-96.98360000000001,49.933800000000005,0 -96.974,49.933800000000005,0 -96.974,49.939,0 -96.98360000000001,49.939,0 -96.98360000000001,49.933800000000005,0</coordinates></LinearRing></outerBoundaryIs></Polygon></Placemark>
      <Placemark><name>Patch (48,32)</name><styleUrl>#sugarStyle_0</styleUrl><Polygon><outerBoundaryIs><LinearRing><coordinates>-96.974,49.933800000000005,0 -96.9644,49.933800000000005,0 -96.9644,49.939,0 -96.974,49.939,0 -96.974,49.933800000000005,0</coordinates></LinearRing></outerBoundaryIs></Polygon></Placemark>
      <Placemark><name>Patch (49,32)</name><styleUrl>#sugarStyle_0</styleUrl><Polygon><outerBoundaryIs><LinearRing><coordinates>-96.9644,49.933800000000005,0 -96.9548,49.933800000000005,0 -96.9548,49.939,0 -96.9644,49.939,0 -96.9644,49.933800000000005,0</coordinates></LinearRing></outerBoundaryIs></Polygon></Placemark>
      <Placemark><name>Patch (50,32)</name><styleUrl>#sugarStyle_0</styleUrl><Polygon><outerBoundaryIs><LinearRing><coordinates>-96.9548,49.933800000000005,0 -96.9452,49.933800000000005,0 -96.9452,49.939,0 -96.9548,49.939,0 -96.9548,49.933800000000005,0</coordinates></LinearRing></outerBoundaryIs></Polygon></Placemark>
      <Placemark><name>Patch (0,33)</name><styleUrl>#sugarStyle_0</styleUrl><Polygon><outerBoundaryIs><LinearRing><coordinates>-97.43480000000001,49.939,0 -97.4252,49.939,0 -97.4252,49.9442,0 -97.43480000000001,49.9442,0 -97.43480000000001,49.939,0</coordinates></LinearRing></outerBoundaryIs></Polygon></Placemark>
      <Placemark><name>Patch (1,33)</name><styleUrl>#sugarStyle_0</styleUrl><Polygon><outerBoundaryIs><LinearRing><coordinates>-97.4252,49.939,0 -97.41560000000001,49.939,0 -97.41560000000001,49.9442,0 -97.4252,49.9442,0 -97.4252,49.939,0</coordinates></LinearRing></outerBoundaryIs></Polygon></Placemark>
      <Placemark><name>Patch (2,33)</name><styleUrl>#sugarStyle_0</styleUrl><Polygon><outerBoundaryIs><LinearRing><coordinates>-97.41560000000001,49.939,0 -97.406,49.939,0 -97.406,49.9442,0 -97.41560000000001,49.9442,0 -97.41560000000001,49.939,0</coordinates></LinearRing></outerBoundaryIs></Polygon></Placemark>
      <Placemark><name>Patch (3,33)</name><styleUrl>#sugarStyle_0</styleUrl><Polygon><outerBoundaryIs><LinearRing><coordinates>-97.406,49.939,0 -97.3964,49.939,0 -97.3964,49.9442,0 -97.406,49.9442,0 -97.406,49.939,0</coordinates></LinearRing></outerBoundaryIs></Polygon></Placemark>
      <Placemark><name>Patch (4,33)</name><styleUrl>#sugarStyle_0</styleUrl><Polygon><outerBoundaryIs><LinearRing><coordinates>-97.3964,49.939,0 -97.38680000000001,49.939,0 -97.38680000000001,49.9442,0 -97.3964,49.9442,0 -97.3964,49.939,0</coordinates></LinearRing></outerBoundaryIs></Polygon></Placemark>
      <Placemark><name>Patch (5,33)</name><styleUrl>#sugarStyle_0</styleUrl><Polygon><outerBoundaryIs><LinearRing><coordinates>-97.38680000000001,49.939,0 -97.3772,49.939,0 -97.3772,49.9442,0 -97.38680000000001,49.9442,0 -97.38680000000001,49.939,0</coordinates></LinearRing></outerBoundaryIs></Polygon></Placemark>
      <Placemark><name>Patch (6,33)</name><styleUrl>#sugarStyle_0</styleUrl><Polygon><outerBoundaryIs><LinearRing><coordinates>-97.3772,49.939,0 -97.36760000000001,49.939,0 -97.36760000000001,49.9442,0 -97.3772,49.9442,0 -97.3772,49.939,0</coordinates></LinearRing></outerBoundaryIs></Polygon></Placemark>
      <Placemark><name>Patch (7,33)</name><styleUrl>#sugarStyle_0</styleUrl><Polygon><outerBoundaryIs><LinearRing><coordinates>-97.36760000000001,49.939,0 -97.358,49.939,0 -97.358,49.9442,0 -97.36760000000001,49.9442,0 -97.36760000000001,49.939,0</coordinates></LinearRing></outerBoundaryIs></Polygon></Placemark>
      <Placemark><name>Patch (8,33)</name><styleUrl>#sugarStyle_0</styleUrl><Polygon><outerBoundaryIs><LinearRing><coordinates>-97.358,49.939,0 -97.34840000000001,49.939,0 -97.34840000000001,49.9442,0 -97.358,49.9442,0 -97.358,49.939,0</coordinates></LinearRing></outerBoundaryIs></Polygon></Placemark>
      <Placemark><name>Patch (9,33)</name><styleUrl>#sugarStyle_0</styleUrl><Polygon><outerBoundaryIs><LinearRing><coordinates>-97.34840000000001,49.939,0 -97.3388,49.939,0 -97.3388,49.9442,0 -97.34840000000001,49.9442,0 -97.34840000000001,49.939,0</coordinates></LinearRing></outerBoundaryIs></Polygon></Placemark>
      <Placemark><name>Patch (10,33)</name><styleUrl>#sugarStyle_0</styleUrl><Polygon><outerBoundaryIs><LinearRing><coordinates>-97.3388,49.939,0 -97.3292,49.939,0 -97.3292,49.9442,0 -97.3388,49.9442,0 -97.3388,49.939,0</coordinates></LinearRing></outerBoundaryIs></Polygon></Placemark>
      <Placemark><name>Patch (11,33)</name><styleUrl>#sugarStyle_0</styleUrl><Polygon><outerBoundaryIs><LinearRing><coordinates>-97.3292,49.939,0 -97.31960000000001,49.939,0 -97.31960000000001,49.9442,0 -97.3292,49.9442,0 -97.3292,49.939,0</coordinates></LinearRing></outerBoundaryIs></Polygon></Placemark>
      <Placemark><name>Patch (12,33)</name><styleUrl>#sugarStyle_0</styleUrl><Polygon><outerBoundaryIs><LinearRing><coordinates>-97.31960000000001,49.939,0 -97.31,49.939,0 -97.31,49.9442,0 -97.31960000000001,49.9442,0 -97.31960000000001,49.939,0</coordinates></LinearRing></outerBoundaryIs></Polygon></Placemark>
      <Placemark><name>Patch (13,33)</name><styleUrl>#sugarStyle_0</styleUrl><Polygon><outerBoundaryIs><LinearRing><coordinates>-97.31,49.939,0 -97.30040000000001,49.939,0 -97.30040000000001,49.9442,0 -97.31,49.9442,0 -97.31,49.939,0</coordinates></LinearRing></outerBoundaryIs></Polygon></Placemark>
      <Placemark><name>Patch (14,33)</name><styleUrl>#sugarStyle_0</styleUrl><Polygon><outerBoundaryIs><LinearRing><coordinates>-97.30040000000001,49.939,0 -97.2908,49.939,0 -97.2908,49.9442,0 -97.30040000000001,49.9442,0 -97.30040000000001,49.939,0</coordinates></LinearRing></outerBoundaryIs></Polygon></Placemark>
      <Placemark><name>Patch (15,33)</name><styleUrl>#sugarStyle_0</styleUrl><Polygon><outerBoundaryIs><LinearRing><coordinates>-97.2908,49.939,0 -97.28120000000001,49.939,0 -97.28120000000001,49.9442,0 -97.2908,49.9442,0 -97.2908,49.939,0</coordinates></LinearRing></outerBoundaryIs></Polygon></Placemark>
      <Placemark><name>Patch (16,33)</name><styleUrl>#sugarStyle_0</styleUrl><Polygon><outerBoundaryIs><LinearRing><coordinates>-97.28120000000001,49.939,0 -97.2716,49.939,0 -97.2716,49.9442,0 -97.28120000000001,49.9442,0 -97.28120000000001,49.939,0</coordinates></LinearRing></outerBoundaryIs></Polygon></Placemark>
      <Placemark><name>Patch (17,33)</name><styleUrl>#sugarStyle_0</styleUrl><Polygon><outerBoundaryIs><LinearRing><coordinates>-97.2716,49.939,0 -97.262,49.939,0 -97.262,49.9442,0 -97.2716,49.9442,0 -97.2716,49.939,0</coordinates></LinearRing></outerBoundaryIs></Polygon></Placemark>
      <Placemark><name>Patch (18,33)</name><styleUrl>#sugarStyle_0</styleUrl><Polygon><outerBoundaryIs><LinearRing><coordinates>-97.262,49.939,0 -97.25240000000001,49.939,0 -97.25240000000001,49.9442,0 -97.262,49.9442,0 -97.262,49.939,0</coordinates></LinearRing></outerBoundaryIs></Polygon></Placemark>
      <Placemark><name>Patch (19,33)</name><styleUrl>#sugarStyle_0</styleUrl><Polygon><outerBoundaryIs><LinearRing><coordinates>-97.25240000000001,49.939,0 -97.2428,49.939,0 -97.2428,49.9442,0 -97.25240000000001,49.9442,0 -97.25240000000001,49.939,0</coordinates></LinearRing></outerBoundaryIs></Polygon></Placemark>
      <Placemark><name>Patch (20,33)</name><styleUrl>#sugarStyle_0</styleUrl><Polygon><outerBoundaryIs><LinearRing><coordinates>-97.2428,49.939,0 -97.23320000000001,49.939,0 -97.23320000000001,49.9442,0 -97.2428,49.9442,0 -97.2428,49.939,0</coordinates></LinearRing></outerBoundaryIs></Polygon></Placemark>
      <Placemark><name>Patch (21,33)</name><styleUrl>#sugarStyle_1</styleUrl><Polygon><outerBoundaryIs><LinearRing><coordinates>-97.23320000000001,49.939,0 -97.2236,49.939,0 -97.2236,49.9442,0 -97.23320000000001,49.9442,0 -97.23320000000001,49.939,0</coordinates></LinearRing></outerBoundaryIs></Polygon></Placemark>
      <Placemark><name>Patch (22,33)</name><styleUrl>#sugarStyle_1</styleUrl><Polygon><outerBoundaryIs><LinearRing><coordinates>-97.2236,49.939,0 -97.214,49.939,0 -97.214,49.9442,0 -97.2236,49.9442,0 -97.2236,49.939,0</coordinates></LinearRing></outerBoundaryIs></Polygon></Placemark>
      <Placemark><name>Patch (23,33)</name><styleUrl>#sugarStyle_1</styleUrl><Polygon><outerBoundaryIs><LinearRing><coordinates>-97.214,49.939,0 -97.2044,49.939,0 -97.2044,49.9442,0 -97.214,49.9442,0 -97.214,49.939,0</coordinates></LinearRing></outerBoundaryIs></Polygon></Placemark>
      <Placemark><name>Patch (24,33)</name><styleUrl>#sugarStyle_1</styleUrl><Polygon><outerBoundaryIs><LinearRing><coordinates>-97.2044,49.939,0 -97.1948,49.939,0 -97.1948,49.9442,0 -97.2044,49.9442,0 -97.2044,49.939,0</coordinates></LinearRing></outerBoundaryIs></Polygon></Placemark>
      <Placemark><name>Patch (25,33)</name><styleUrl>#sugarStyle_1</styleUrl><Polygon><outerBoundaryIs><LinearRing><coordinates>-97.1948,49.939,0 -97.18520000000001,49.939,0 -97.18520000000001,49.9442,0 -97.1948,49.9442,0 -97.1948,49.939,0</coordinates></LinearRing></outerBoundaryIs></Polygon></Placemark>
      <Placemark><name>Patch (26,33)</name><styleUrl>#sugarStyle_1</styleUrl><Polygon><outerBoundaryIs><LinearRing><coordinates>-97.18520000000001,49.939,0 -97.1756,49.939,0 -97.1756,49.9442,0 -97.18520000000001,49.9442,0 -97.18520000000001,49.939,0</coordinates></LinearRing></outerBoundaryIs></Polygon></Placemark>
      <Placemark><name>Patch (27,33)</name><styleUrl>#sugarStyle_1</styleUrl><Polygon><outerBoundaryIs><LinearRing><coordinates>-97.1756,49.939,0 -97.16600000000001,49.939,0 -97.16600000000001,49.9442,0 -97.1756,49.9442,0 -97.1756,49.939,0</coordinates></LinearRing></outerBoundaryIs></Polygon></Placemark>
      <Placemark><name>Patch (28,33)</name><styleUrl>#sugarStyle_1</styleUrl><Polygon><outerBoundaryIs><LinearRing><coordinates>-97.16600000000001,49.939,0 -97.1564,49.939,0 -97.1564,49.9442,0 -97.16600000000001,49.9442,0 -97.16600000000001,49.939,0</coordinates></LinearRing></outerBoundaryIs></Polygon></Placemark>
      <Placemark><name>Patch (29,33)</name><styleUrl>#sugarStyle_2</styleUrl><Polygon><outerBoundaryIs><LinearRing><coordinates>-97.1564,49.939,0 -97.1468,49.939,0 -97.1468,49.9442,0 -97.1564,49.9442,0 -97.1564,49.939,0</coordinates></LinearRing></outerBoundaryIs></Polygon></Placemark>
      <Placemark><name>Patch (30,33)</name><styleUrl>#sugarStyle_0</styleUrl><Polygon><outerBoundaryIs><LinearRing><coordinates>-97.1468,49.939,0 -97.1372,49.939,0 -97.1372,49.9442,0 -97.1468,49.9442,0 -97.1468,49.939,0</coordinates></LinearRing></outerBoundaryIs></Polygon></Placemark>
      <Placemark><name>Patch (31,33)</name><styleUrl>#sugarStyle_1</styleUrl><Polygon><outerBoundaryIs><LinearRing><coordinates>-97.1372,49.939,0 -97.1276,49.939,0 -97.1276,49.9442,0 -97.1372,49.9442,0 -97.1372,49.939,0</coordinates></LinearRing></outerBoundaryIs></Polygon></Placemark>
      <Placemark><name>Patch (32,33)</name><styleUrl>#sugarStyle_1</styleUrl><Polygon><outerBoundaryIs><LinearRing><coordinates>-97.1276,49.939,0 -97.11800000000001,49.939,0 -97.11800000000001,49.9442,0 -97.1276,49.9442,0 -97.1276,49.939,0</coordinates></LinearRing></outerBoundaryIs></Polygon></Placemark>
      <Placemark><name>Patch (33,33)</name><styleUrl>#sugarStyle_1</styleUrl><Polygon><outerBoundaryIs><LinearRing><coordinates>-97.11800000000001,49.939,0 -97.1084,49.939,0 -97.1084,49.9442,0 -97.11800000000001,49.9442,0 -97.11800000000001,49.939,0</coordinates></LinearRing></outerBoundaryIs></Polygon></Placemark>
      <Placemark><name>Patch (34,33)</name><styleUrl>#sugarStyle_1</styleUrl><Polygon><outerBoundaryIs><LinearRing><coordinates>-97.1084,49.939,0 -97.0988,49.939,0 -97.0988,49.9442,0 -97.1084,49.9442,0 -97.1084,49.939,0</coordinates></LinearRing></outerBoundaryIs></Polygon></Placemark>
      <Placemark><name>Patch (35,33)</name><styleUrl>#sugarStyle_1</styleUrl><Polygon><outerBoundaryIs><LinearRing><coordinates>-97.0988,49.939,0 -97.0892,49.939,0 -97.0892,49.9442,0 -97.0988,49.9442,0 -97.0988,49.939,0</coordinates></LinearRing></outerBoundaryIs></Polygon></Placemark>
      <Placemark><name>Patch (36,33)</name><styleUrl>#sugarStyle_1</styleUrl><Polygon><outerBoundaryIs><LinearRing><coordinates>-97.0892,49.939,0 -97.0796,49.939,0 -97.0796,49.9442,0 -97.0892,49.9442,0 -97.0892,49.939,0</coordinates></LinearRing></outerBoundaryIs></Polygon></Placemark>
      <Placemark><name>Patch (37,33)</name><styleUrl>#sugarStyle_1</styleUrl><Polygon><outerBoundaryIs><LinearRing><coordinates>-97.0796,49.939,0 -97.07000000000001,49.939,0 -97.07000000000001,49.9442,0 -97.0796,49.9442,0 -97.0796,49.939,0</coordinates></LinearRing></outerBoundaryIs></Polygon></Placemark>
      <Placemark><name>Patch (38,33)</name><styleUrl>#sugarStyle_1</styleUrl><Polygon><outerBoundaryIs><LinearRing><coordinates>-97.07000000000001,49.939,0 -97.0604,49.939,0 -97.0604,49.9442,0 -97.07000000000001,49.9442,0 -97.07000000000001,49.939,0</coordinates></LinearRing></outerBoundaryIs></Polygon></Placemark>
      <Placemark><name>Patch (39,33)</name><styleUrl>#sugarStyle_0</styleUrl><Polygon><outerBoundaryIs><LinearRing><coordinates>-97.0604,49.939,0 -97.05080000000001,49.939,0 -97.05080000000001,49.9442,0 -97.0604,49.9442,0 -97.0604,49.939,0</coordinates></LinearRing></outerBoundaryIs></Polygon></Placemark>
      <Placemark><name>Patch (40,33)</name><styleUrl>#sugarStyle_0</styleUrl><Polygon><outerBoundaryIs><LinearRing><coordinates>-97.05080000000001,49.939,0 -97.0412,49.939,0 -97.0412,49.9442,0 -97.05080000000001,49.9442,0 -97.05080000000001,49.939,0</coordinates></LinearRing></outerBoundaryIs></Polygon></Placemark>
      <Placemark><name>Patch (41,33)</name><styleUrl>#sugarStyle_0</styleUrl><Polygon><outerBoundaryIs><LinearRing><coordinates>-97.0412,49.939,0 -97.0316,49.939,0 -97.0316,49.9442,0 -97.0412,49.9442,0 -97.0412,49.939,0</coordinates></LinearRing></outerBoundaryIs></Polygon></Placemark>
      <Placemark><name>Patch (42,33)</name><styleUrl>#sugarStyle_0</styleUrl><Polygon><outerBoundaryIs><LinearRing><coordinates>-97.0316,49.939,0 -97.022,49.939,0 -97.022,49.9442,0 -97.0316,49.9442,0 -97.0316,49.939,0</coordinates></LinearRing></outerBoundaryIs></Polygon></Placemark>
      <Placemark><name>Patch (43,33)</name><styleUrl>#sugarStyle_0</styleUrl><Polygon><outerBoundaryIs><LinearRing><coordinates>-97.022,49.939,0 -97.0124,49.939,0 -97.0124,49.9442,0 -97.022,49.9442,0 -97.022,49.939,0</coordinates></LinearRing></outerBoundaryIs></Polygon></Placemark>
      <Placemark><name>Patch (44,33)</name><styleUrl>#sugarStyle_0</styleUrl><Polygon><outerBoundaryIs><LinearRing><coordinates>-97.0124,49.939,0 -97.00280000000001,49.939,0 -97.00280000000001,49.9442,0 -97.0124,49.9442,0 -97.0124,49.939,0</coordinates></LinearRing></outerBoundaryIs></Polygon></Placemark>
      <Placemark><name>Patch (45,33)</name><styleUrl>#sugarStyle_0</styleUrl><Polygon><outerBoundaryIs><LinearRing><coordinates>-97.00280000000001,49.939,0 -96.9932,49.939,0 -96.9932,49.9442,0 -97.00280000000001,49.9442,0 -97.00280000000001,49.939,0</coordinates></LinearRing></outerBoundaryIs></Polygon></Placemark>
      <Placemark><name>Patch (46,33)</name><styleUrl>#sugarStyle_0</styleUrl><Polygon><outerBoundaryIs><LinearRing><coordinates>-96.9932,49.939,0 -96.98360000000001,49.939,0 -96.98360000000001,49.9442,0 -96.9932,49.9442,0 -96.9932,49.939,0</coordinates></LinearRing></outerBoundaryIs></Polygon></Placemark>
      <Placemark><name>Patch (47,33)</name><styleUrl>#sugarStyle_0</styleUrl><Polygon><outerBoundaryIs><LinearRing><coordinates>-96.98360000000001,49.939,0 -96.974,49.939,0 -96.974,49.9442,0 -96.98360000000001,49.9442,0 -96.98360000000001,49.939,0</coordinates></LinearRing></outerBoundaryIs></Polygon></Placemark>
      <Placemark><name>Patch (48,33)</name><styleUrl>#sugarStyle_0</styleUrl><Polygon><outerBoundaryIs><LinearRing><coordinates>-96.974,49.939,0 -96.9644,49.939,0 -96.9644,49.9442,0 -96.974,49.9442,0 -96.974,49.939,0</coordinates></LinearRing></outerBoundaryIs></Polygon></Placemark>
      <Placemark><name>Patch (49,33)</name><styleUrl>#sugarStyle_0</styleUrl><Polygon><outerBoundaryIs><LinearRing><coordinates>-96.9644,49.939,0 -96.9548,49.939,0 -96.9548,49.9442,0 -96.9644,49.9442,0 -96.9644,49.939,0</coordinates></LinearRing></outerBoundaryIs></Polygon></Placemark>
      <Placemark><name>Patch (50,33)</name><styleUrl>#sugarStyle_0</styleUrl><Polygon><outerBoundaryIs><LinearRing><coordinates>-96.9548,49.939,0 -96.9452,49.939,0 -96.9452,49.9442,0 -96.9548,49.9442,0 -96.9548,49.939,0</coordinates></LinearRing></outerBoundaryIs></Polygon></Placemark>
      <Placemark><name>Patch (0,34)</name><styleUrl>#sugarStyle_0</styleUrl><Polygon><outerBoundaryIs><LinearRing><coordinates>-97.43480000000001,49.9442,0 -97.4252,49.9442,0 -97.4252,49.949400000000004,0 -97.43480000000001,49.949400000000004,0 -97.43480000000001,49.9442,0</coordinates></LinearRing></outerBoundaryIs></Polygon></Placemark>
      <Placemark><name>Patch (1,34)</name><styleUrl>#sugarStyle_0</styleUrl><Polygon><outerBoundaryIs><LinearRing><coordinates>-97.4252,49.9442,0 -97.41560000000001,49.9442,0 -97.41560000000001,49.949400000000004,0 -97.4252,49.949400000000004,0 -97.4252,49.9442,0</coordinates></LinearRing></outerBoundaryIs></Polygon></Placemark>
      <Placemark><name>Patch (2,34)</name><styleUrl>#sugarStyle_0</styleUrl><Polygon><outerBoundaryIs><LinearRing><coordinates>-97.41560000000001,49.9442,0 -97.406,49.9442,0 -97.406,49.949400000000004,0 -97.41560000000001,49.949400000000004,0 -97.41560000000001,49.9442,0</coordinates></LinearRing></outerBoundaryIs></Polygon></Placemark>
      <Placemark><name>Patch (3,34)</name><styleUrl>#sugarStyle_0</styleUrl><Polygon><outerBoundaryIs><LinearRing><coordinates>-97.406,49.9442,0 -97.3964,49.9442,0 -97.3964,49.949400000000004,0 -97.406,49.949400000000004,0 -97.406,49.9442,0</coordinates></LinearRing></outerBoundaryIs></Polygon></Placemark>
      <Placemark><name>Patch (4,34)</name><styleUrl>#sugarStyle_0</styleUrl><Polygon><outerBoundaryIs><LinearRing><coordinates>-97.3964,49.9442,0 -97.38680000000001,49.9442,0 -97.38680000000001,49.949400000000004,0 -97.3964,49.949400000000004,0 -97.3964,49.9442,0</coordinates></LinearRing></outerBoundaryIs></Polygon></Placemark>
      <Placemark><name>Patch (5,34)</name><styleUrl>#sugarStyle_0</styleUrl><Polygon><outerBoundaryIs><LinearRing><coordinates>-97.38680000000001,49.9442,0 -97.3772,49.9442,0 -97.3772,49.949400000000004,0 -97.38680000000001,49.949400000000004,0 -97.38680000000001,49.9442,0</coordinates></LinearRing></outerBoundaryIs></Polygon></Placemark>
      <Placemark><name>Patch (6,34)</name><styleUrl>#sugarStyle_0</styleUrl><Polygon><outerBoundaryIs><LinearRing><coordinates>-97.3772,49.9442,0 -97.36760000000001,49.9442,0 -97.36760000000001,49.949400000000004,0 -97.3772,49.949400000000004,0 -97.3772,49.9442,0</coordinates></LinearRing></outerBoundaryIs></Polygon></Placemark>
      <Placemark><name>Patch (7,34)</name><styleUrl>#sugarStyle_0</styleUrl><Polygon><outerBoundaryIs><LinearRing><coordinates>-97.36760000000001,49.9442,0 -97.358,49.9442,0 -97.358,49.949400000000004,0 -97.36760000000001,49.949400000000004,0 -97.36760000000001,49.9442,0</coordinates></LinearRing></outerBoundaryIs></Polygon></Placemark>
      <Placemark><name>Patch (8,34)</name><styleUrl>#sugarStyle_0</styleUrl><Polygon><outerBoundaryIs><LinearRing><coordinates>-97.358,49.9442,0 -97.34840000000001,49.9442,0 -97.34840000000001,49.949400000000004,0 -97.358,49.949400000000004,0 -97.358,49.9442,0</coordinates></LinearRing></outerBoundaryIs></Polygon></Placemark>
      <Placemark><name>Patch (9,34)</name><styleUrl>#sugarStyle_0</styleUrl><Polygon><outerBoundaryIs><LinearRing><coordinates>-97.34840000000001,49.9442,0 -97.3388,49.9442,0 -97.3388,49.949400000000004,0 -97.34840000000001,49.949400000000004,0 -97.34840000000001,49.9442,0</coordinates></LinearRing></outerBoundaryIs></Polygon></Placemark>
      <Placemark><name>Patch (10,34)</name><styleUrl>#sugarStyle_0</styleUrl><Polygon><outerBoundaryIs><LinearRing><coordinates>-97.3388,49.9442,0 -97.3292,49.9442,0 -97.3292,49.949400000000004,0 -97.3388,49.949400000000004,0 -97.3388,49.9442,0</coordinates></LinearRing></outerBoundaryIs></Polygon></Placemark>
      <Placemark><name>Patch (11,34)</name><styleUrl>#sugarStyle_0</styleUrl><Polygon><outerBoundaryIs><LinearRing><coordinates>-97.3292,49.9442,0 -97.31960000000001,49.9442,0 -97.31960000000001,49.949400000000004,0 -97.3292,49.949400000000004,0 -97.3292,49.9442,0</coordinates></LinearRing></outerBoundaryIs></Polygon></Placemark>
      <Placemark><name>Patch (12,34)</name><styleUrl>#sugarStyle_0</styleUrl><Polygon><outerBoundaryIs><LinearRing><coordinates>-97.31960000000001,49.9442,0 -97.31,49.9442,0 -97.31,49.949400000000004,0 -97.31960000000001,49.949400000000004,0 -97.31960000000001,49.9442,0</coordinates></LinearRing></outerBoundaryIs></Polygon></Placemark>
      <Placemark><name>Patch (13,34)</name><styleUrl>#sugarStyle_0</styleUrl><Polygon><outerBoundaryIs><LinearRing><coordinates>-97.31,49.9442,0 -97.30040000000001,49.9442,0 -97.30040000000001,49.949400000000004,0 -97.31,49.949400000000004,0 -97.31,49.9442,0</coordinates></LinearRing></outerBoundaryIs></Polygon></Placemark>
      <Placemark><name>Patch (14,34)</name><styleUrl>#sugarStyle_0</styleUrl><Polygon><outerBoundaryIs><LinearRing><coordinates>-97.30040000000001,49.9442,0 -97.2908,49.9442,0 -97.2908,49.949400000000004,0 -97.30040000000001,49.949400000000004,0 -97.30040000000001,49.9442,0</coordinates></LinearRing></outerBoundaryIs></Polygon></Placemark>
      <Placemark><name>Patch (15,34)</name><styleUrl>#sugarStyle_0</styleUrl><Polygon><outerBoundaryIs><LinearRing><coordinates>-97.2908,49.9442,0 -97.28120000000001,49.9442,0 -97.28120000000001,49.949400000000004,0 -97.2908,49.949400000000004,0 -97.2908,49.9442,0</coordinates></LinearRing></outerBoundaryIs></Polygon></Placemark>
      <Placemark><name>Patch (16,34)</name><styleUrl>#sugarStyle_0</styleUrl><Polygon><outerBoundaryIs><LinearRing><coordinates>-97.28120000000001,49.9442,0 -97.2716,49.9442,0 -97.2716,49.949400000000004,0 -97.28120000000001,49.949400000000004,0 -97.28120000000001,49.9442,0</coordinates></LinearRing></outerBoundaryIs></Polygon></Placemark>
      <Placemark><name>Patch (17,34)</name><styleUrl>#sugarStyle_0</styleUrl><Polygon><outerBoundaryIs><LinearRing><coordinates>-97.2716,49.9442,0 -97.262,49.9442,0 -97.262,49.949400000000004,0 -97.2716,49.949400000000004,0 -97.2716,49.9442,0</coordinates></LinearRing></outerBoundaryIs></Polygon></Placemark>
      <Placemark><name>Patch (18,34)</name><styleUrl>#sugarStyle_0</styleUrl><Polygon><outerBoundaryIs><LinearRing><coordinates>-97.262,49.9442,0 -97.25240000000001,49.9442,0 -97.25240000000001,49.949400000000004,0 -97.262,49.949400000000004,0 -97.262,49.9442,0</coordinates></LinearRing></outerBoundaryIs></Polygon></Placemark>
      <Placemark><name>Patch (19,34)</name><styleUrl>#sugarStyle_0</styleUrl><Polygon><outerBoundaryIs><LinearRing><coordinates>-97.25240000000001,49.9442,0 -97.2428,49.9442,0 -97.2428,49.949400000000004,0 -97.25240000000001,49.949400000000004,0 -97.25240000000001,49.9442,0</coordinates></LinearRing></outerBoundaryIs></Polygon></Placemark>
      <Placemark><name>Patch (20,34)</name><styleUrl>#sugarStyle_0</styleUrl><Polygon><outerBoundaryIs><LinearRing><coordinates>-97.2428,49.9442,0 -97.23320000000001,49.9442,0 -97.23320000000001,49.949400000000004,0 -97.2428,49.949400000000004,0 -97.2428,49.9442,0</coordinates></LinearRing></outerBoundaryIs></Polygon></Placemark>
      <Placemark><name>Patch (21,34)</name><styleUrl>#sugarStyle_0</styleUrl><Polygon><outerBoundaryIs><LinearRing><coordinates>-97.23320000000001,49.9442,0 -97.2236,49.9442,0 -97.2236,49.949400000000004,0 -97.23320000000001,49.949400000000004,0 -97.23320000000001,49.9442,0</coordinates></LinearRing></outerBoundaryIs></Polygon></Placemark>
      <Placemark><name>Patch (22,34)</name><styleUrl>#sugarStyle_0</styleUrl><Polygon><outerBoundaryIs><LinearRing><coordinates>-97.2236,49.9442,0 -97.214,49.9442,0 -97.214,49.949400000000004,0 -97.2236,49.949400000000004,0 -97.2236,49.9442,0</coordinates></LinearRing></outerBoundaryIs></Polygon></Placemark>
      <Placemark><name>Patch (23,34)</name><styleUrl>#sugarStyle_1</styleUrl><Polygon><outerBoundaryIs><LinearRing><coordinates>-97.214,49.9442,0 -97.2044,49.9442,0 -97.2044,49.949400000000004,0 -97.214,49.949400000000004,0 -97.214,49.9442,0</coordinates></LinearRing></outerBoundaryIs></Polygon></Placemark>
      <Placemark><name>Patch (24,34)</name><styleUrl>#sugarStyle_1</styleUrl><Polygon><outerBoundaryIs><LinearRing><coordinates>-97.2044,49.9442,0 -97.1948,49.9442,0 -97.1948,49.949400000000004,0 -97.2044,49.949400000000004,0 -97.2044,49.9442,0</coordinates></LinearRing></outerBoundaryIs></Polygon></Placemark>
      <Placemark><name>Patch (25,34)</name><styleUrl>#sugarStyle_0</styleUrl><Polygon><outerBoundaryIs><LinearRing><coordinates>-97.1948,49.9442,0 -97.18520000000001,49.9442,0 -97.18520000000001,49.949400000000004,0 -97.1948,49.949400000000004,0 -97.1948,49.9442,0</coordinates></LinearRing></outerBoundaryIs></Polygon></Placemark>
      <Placemark><name>Patch (26,34)</name><styleUrl>#sugarStyle_1</styleUrl><Polygon><outerBoundaryIs><LinearRing><coordinates>-97.18520000000001,49.9442,0 -97.1756,49.9442,0 -97.1756,49.949400000000004,0 -97.18520000000001,49.949400000000004,0 -97.18520000000001,49.9442,0</coordinates></LinearRing></outerBoundaryIs></Polygon></Placemark>
      <Placemark><name>Patch (27,34)</name><styleUrl>#sugarStyle_1</styleUrl><Polygon><outerBoundaryIs><LinearRing><coordinates>-97.1756,49.9442,0 -97.16600000000001,49.9442,0 -97.16600000000001,49.949400000000004,0 -97.1756,49.949400000000004,0 -97.1756,49.9442,0</coordinates></LinearRing></outerBoundaryIs></Polygon></Placemark>
      <Placemark><name>Patch (28,34)</name><styleUrl>#sugarStyle_1</styleUrl><Polygon><outerBoundaryIs><LinearRing><coordinates>-97.16600000000001,49.9442,0 -97.1564,49.9442,0 -97.1564,49.949400000000004,0 -97.16600000000001,49.949400000000004,0 -97.16600000000001,49.9442,0</coordinates></LinearRing></outerBoundaryIs></Polygon></Placemark>
      <Placemark><name>Patch (29,34)</name><styleUrl>#sugarStyle_1</styleUrl><Polygon><outerBoundaryIs><LinearRing><coordinates>-97.1564,49.9442,0 -97.1468,49.9442,0 -97.1468,49.949400000000004,0 -97.1564,49.949400000000004,0 -97.1564,49.9442,0</coordinates></LinearRing></outerBoundaryIs></Polygon></Placemark>
      <Placemark><name>Patch (30,34)</name><styleUrl>#sugarStyle_1</styleUrl><Polygon><outerBoundaryIs><LinearRing><coordinates>-97.1468,49.9442,0 -97.1372,49.9442,0 -97.1372,49.949400000000004,0 -97.1468,49.949400000000004,0 -97.1468,49.9442,0</coordinates></LinearRing></outerBoundaryIs></Polygon></Placemark>
      <Placemark><name>Patch (31,34)</name><styleUrl>#sugarStyle_1</styleUrl><Polygon><outerBoundaryIs><LinearRing><coordinates>-97.1372,49.9442,0 -97.1276,49.9442,0 -97.1276,49.949400000000004,0 -97.1372,49.949400000000004,0 -97.1372,49.9442,0</coordinates></LinearRing></outerBoundaryIs></Polygon></Placemark>
      <Placemark><name>Patch (32,34)</name><styleUrl>#sugarStyle_1</styleUrl><Polygon><outerBoundaryIs><LinearRing><coordinates>-97.1276,49.9442,0 -97.11800000000001,49.9442,0 -97.11800000000001,49.949400000000004,0 -97.1276,49.949400000000004,0 -97.1276,49.9442,0</coordinates></LinearRing></outerBoundaryIs></Polygon></Placemark>
      <Placemark><name>Patch (33,34)</name><styleUrl>#sugarStyle_1</styleUrl><Polygon><outerBoundaryIs><LinearRing><coordinates>-97.11800000000001,49.9442,0 -97.1084,49.9442,0 -97.1084,49.949400000000004,0 -97.11800000000001,49.949400000000004,0 -97.11800000000001,49.9442,0</coordinates></LinearRing></outerBoundaryIs></Polygon></Placemark>
      <Placemark><name>Patch (34,34)</name><styleUrl>#sugarStyle_1</styleUrl><Polygon><outerBoundaryIs><LinearRing><coordinates>-97.1084,49.9442,0 -97.0988,49.9442,0 -97.0988,49.949400000000004,0 -97.1084,49.949400000000004,0 -97.1084,49.9442,0</coordinates></LinearRing></outerBoundaryIs></Polygon></Placemark>
      <Placemark><name>Patch (35,34)</name><styleUrl>#sugarStyle_1</styleUrl><Polygon><outerBoundaryIs><LinearRing><coordinates>-97.0988,49.9442,0 -97.0892,49.9442,0 -97.0892,49.949400000000004,0 -97.0988,49.949400000000004,0 -97.0988,49.9442,0</coordinates></LinearRing></outerBoundaryIs></Polygon></Placemark>
      <Placemark><name>Patch (36,34)</name><styleUrl>#sugarStyle_1</styleUrl><Polygon><outerBoundaryIs><LinearRing><coordinates>-97.0892,49.9442,0 -97.0796,49.9442,0 -97.0796,49.949400000000004,0 -97.0892,49.949400000000004,0 -97.0892,49.9442,0</coordinates></LinearRing></outerBoundaryIs></Polygon></Placemark>
      <Placemark><name>Patch (37,34)</name><styleUrl>#sugarStyle_1</styleUrl><Polygon><outerBoundaryIs><LinearRing><coordinates>-97.0796,49.9442,0 -97.07000000000001,49.9442,0 -97.07000000000001,49.949400000000004,0 -97.0796,49.949400000000004,0 -97.0796,49.9442,0</coordinates></LinearRing></outerBoundaryIs></Polygon></Placemark>
      <Placemark><name>Patch (38,34)</name><styleUrl>#sugarStyle_0</styleUrl><Polygon><outerBoundaryIs><LinearRing><coordinates>-97.07000000000001,49.9442,0 -97.0604,49.9442,0 -97.0604,49.949400000000004,0 -97.07000000000001,49.949400000000004,0 -97.07000000000001,49.9442,0</coordinates></LinearRing></outerBoundaryIs></Polygon></Placemark>
      <Placemark><name>Patch (39,34)</name><styleUrl>#sugarStyle_0</styleUrl><Polygon><outerBoundaryIs><LinearRing><coordinates>-97.0604,49.9442,0 -97.05080000000001,49.9442,0 -97.05080000000001,49.949400000000004,0 -97.0604,49.949400000000004,0 -97.0604,49.9442,0</coordinates></LinearRing></outerBoundaryIs></Polygon></Placemark>
      <Placemark><name>Patch (40,34)</name><styleUrl>#sugarStyle_0</styleUrl><Polygon><outerBoundaryIs><LinearRing><coordinates>-97.05080000000001,49.9442,0 -97.0412,49.9442,0 -97.0412,49.949400000000004,0 -97.05080000000001,49.949400000000004,0 -97.05080000000001,49.9442,0</coordinates></LinearRing></outerBoundaryIs></Polygon></Placemark>
      <Placemark><name>Patch (41,34)</name><styleUrl>#sugarStyle_0</styleUrl><Polygon><outerBoundaryIs><LinearRing><coordinates>-97.0412,49.9442,0 -97.0316,49.9442,0 -97.0316,49.949400000000004,0 -97.0412,49.949400000000004,0 -97.0412,49.9442,0</coordinates></LinearRing></outerBoundaryIs></Polygon></Placemark>
      <Placemark><name>Patch (42,34)</name><styleUrl>#sugarStyle_0</styleUrl><Polygon><outerBoundaryIs><LinearRing><coordinates>-97.0316,49.9442,0 -97.022,49.9442,0 -97.022,49.949400000000004,0 -97.0316,49.949400000000004,0 -97.0316,49.9442,0</coordinates></LinearRing></outerBoundaryIs></Polygon></Placemark>
      <Placemark><name>Patch (43,34)</name><styleUrl>#sugarStyle_0</styleUrl><Polygon><outerBoundaryIs><LinearRing><coordinates>-97.022,49.9442,0 -97.0124,49.9442,0 -97.0124,49.949400000000004,0 -97.022,49.949400000000004,0 -97.022,49.9442,0</coordinates></LinearRing></outerBoundaryIs></Polygon></Placemark>
      <Placemark><name>Patch (44,34)</name><styleUrl>#sugarStyle_0</styleUrl><Polygon><outerBoundaryIs><LinearRing><coordinates>-97.0124,49.9442,0 -97.00280000000001,49.9442,0 -97.00280000000001,49.949400000000004,0 -97.0124,49.949400000000004,0 -97.0124,49.9442,0</coordinates></LinearRing></outerBoundaryIs></Polygon></Placemark>
      <Placemark><name>Patch (45,34)</name><styleUrl>#sugarStyle_0</styleUrl><Polygon><outerBoundaryIs><LinearRing><coordinates>-97.00280000000001,49.9442,0 -96.9932,49.9442,0 -96.9932,49.949400000000004,0 -97.00280000000001,49.949400000000004,0 -97.00280000000001,49.9442,0</coordinates></LinearRing></outerBoundaryIs></Polygon></Placemark>
      <Placemark><name>Patch (46,34)</name><styleUrl>#sugarStyle_0</styleUrl><Polygon><outerBoundaryIs><LinearRing><coordinates>-96.9932,49.9442,0 -96.98360000000001,49.9442,0 -96.98360000000001,49.949400000000004,0 -96.9932,49.949400000000004,0 -96.9932,49.9442,0</coordinates></LinearRing></outerBoundaryIs></Polygon></Placemark>
      <Placemark><name>Patch (47,34)</name><styleUrl>#sugarStyle_0</styleUrl><Polygon><outerBoundaryIs><LinearRing><coordinates>-96.98360000000001,49.9442,0 -96.974,49.9442,0 -96.974,49.949400000000004,0 -96.98360000000001,49.949400000000004,0 -96.98360000000001,49.9442,0</coordinates></LinearRing></outerBoundaryIs></Polygon></Placemark>
      <Placemark><name>Patch (48,34)</name><styleUrl>#sugarStyle_0</styleUrl><Polygon><outerBoundaryIs><LinearRing><coordinates>-96.974,49.9442,0 -96.9644,49.9442,0 -96.9644,49.949400000000004,0 -96.974,49.949400000000004,0 -96.974,49.9442,0</coordinates></LinearRing></outerBoundaryIs></Polygon></Placemark>
      <Placemark><name>Patch (49,34)</name><styleUrl>#sugarStyle_0</styleUrl><Polygon><outerBoundaryIs><LinearRing><coordinates>-96.9644,49.9442,0 -96.9548,49.9442,0 -96.9548,49.949400000000004,0 -96.9644,49.949400000000004,0 -96.9644,49.9442,0</coordinates></LinearRing></outerBoundaryIs></Polygon></Placemark>
      <Placemark><name>Patch (50,34)</name><styleUrl>#sugarStyle_0</styleUrl><Polygon><outerBoundaryIs><LinearRing><coordinates>-96.9548,49.9442,0 -96.9452,49.9442,0 -96.9452,49.949400000000004,0 -96.9548,49.949400000000004,0 -96.9548,49.9442,0</coordinates></LinearRing></outerBoundaryIs></Polygon></Placemark>
      <Placemark><name>Patch (0,35)</name><styleUrl>#sugarStyle_0</styleUrl><Polygon><outerBoundaryIs><LinearRing><coordinates>-97.43480000000001,49.949400000000004,0 -97.4252,49.949400000000004,0 -97.4252,49.9546,0 -97.43480000000001,49.9546,0 -97.43480000000001,49.949400000000004,0</coordinates></LinearRing></outerBoundaryIs></Polygon></Placemark>
      <Placemark><name>Patch (1,35)</name><styleUrl>#sugarStyle_0</styleUrl><Polygon><outerBoundaryIs><LinearRing><coordinates>-97.4252,49.949400000000004,0 -97.41560000000001,49.949400000000004,0 -97.41560000000001,49.9546,0 -97.4252,49.9546,0 -97.4252,49.949400000000004,0</coordinates></LinearRing></outerBoundaryIs></Polygon></Placemark>
      <Placemark><name>Patch (2,35)</name><styleUrl>#sugarStyle_0</styleUrl><Polygon><outerBoundaryIs><LinearRing><coordinates>-97.41560000000001,49.949400000000004,0 -97.406,49.949400000000004,0 -97.406,49.9546,0 -97.41560000000001,49.9546,0 -97.41560000000001,49.949400000000004,0</coordinates></LinearRing></outerBoundaryIs></Polygon></Placemark>
      <Placemark><name>Patch (3,35)</name><styleUrl>#sugarStyle_0</styleUrl><Polygon><outerBoundaryIs><LinearRing><coordinates>-97.406,49.949400000000004,0 -97.3964,49.949400000000004,0 -97.3964,49.9546,0 -97.406,49.9546,0 -97.406,49.949400000000004,0</coordinates></LinearRing></outerBoundaryIs></Polygon></Placemark>
      <Placemark><name>Patch (4,35)</name><styleUrl>#sugarStyle_0</styleUrl><Polygon><outerBoundaryIs><LinearRing><coordinates>-97.3964,49.949400000000004,0 -97.38680000000001,49.949400000000004,0 -97.38680000000001,49.9546,0 -97.3964,49.9546,0 -97.3964,49.949400000000004,0</coordinates></LinearRing></outerBoundaryIs></Polygon></Placemark>
      <Placemark><name>Patch (5,35)</name><styleUrl>#sugarStyle_0</styleUrl><Polygon><outerBoundaryIs><LinearRing><coordinates>-97.38680000000001,49.949400000000004,0 -97.3772,49.949400000000004,0 -97.3772,49.9546,0 -97.38680000000001,49.9546,0 -97.38680000000001,49.949400000000004,0</coordinates></LinearRing></outerBoundaryIs></Polygon></Placemark>
      <Placemark><name>Patch (6,35)</name><styleUrl>#sugarStyle_0</styleUrl><Polygon><outerBoundaryIs><LinearRing><coordinates>-97.3772,49.949400000000004,0 -97.36760000000001,49.949400000000004,0 -97.36760000000001,49.9546,0 -97.3772,49.9546,0 -97.3772,49.949400000000004,0</coordinates></LinearRing></outerBoundaryIs></Polygon></Placemark>
      <Placemark><name>Patch (7,35)</name><styleUrl>#sugarStyle_0</styleUrl><Polygon><outerBoundaryIs><LinearRing><coordinates>-97.36760000000001,49.949400000000004,0 -97.358,49.949400000000004,0 -97.358,49.9546,0 -97.36760000000001,49.9546,0 -97.36760000000001,49.949400000000004,0</coordinates></LinearRing></outerBoundaryIs></Polygon></Placemark>
      <Placemark><name>Patch (8,35)</name><styleUrl>#sugarStyle_0</styleUrl><Polygon><outerBoundaryIs><LinearRing><coordinates>-97.358,49.949400000000004,0 -97.34840000000001,49.949400000000004,0 -97.34840000000001,49.9546,0 -97.358,49.9546,0 -97.358,49.949400000000004,0</coordinates></LinearRing></outerBoundaryIs></Polygon></Placemark>
      <Placemark><name>Patch (9,35)</name><styleUrl>#sugarStyle_0</styleUrl><Polygon><outerBoundaryIs><LinearRing><coordinates>-97.34840000000001,49.949400000000004,0 -97.3388,49.949400000000004,0 -97.3388,49.9546,0 -97.34840000000001,49.9546,0 -97.34840000000001,49.949400000000004,0</coordinates></LinearRing></outerBoundaryIs></Polygon></Placemark>
      <Placemark><name>Patch (10,35)</name><styleUrl>#sugarStyle_0</styleUrl><Polygon><outerBoundaryIs><LinearRing><coordinates>-97.3388,49.949400000000004,0 -97.3292,49.949400000000004,0 -97.3292,49.9546,0 -97.3388,49.9546,0 -97.3388,49.949400000000004,0</coordinates></LinearRing></outerBoundaryIs></Polygon></Placemark>
      <Placemark><name>Patch (11,35)</name><styleUrl>#sugarStyle_0</styleUrl><Polygon><outerBoundaryIs><LinearRing><coordinates>-97.3292,49.949400000000004,0 -97.31960000000001,49.949400000000004,0 -97.31960000000001,49.9546,0 -97.3292,49.9546,0 -97.3292,49.949400000000004,0</coordinates></LinearRing></outerBoundaryIs></Polygon></Placemark>
      <Placemark><name>Patch (12,35)</name><styleUrl>#sugarStyle_0</styleUrl><Polygon><outerBoundaryIs><LinearRing><coordinates>-97.31960000000001,49.949400000000004,0 -97.31,49.949400000000004,0 -97.31,49.9546,0 -97.31960000000001,49.9546,0 -97.31960000000001,49.949400000000004,0</coordinates></LinearRing></outerBoundaryIs></Polygon></Placemark>
      <Placemark><name>Patch (13,35)</name><styleUrl>#sugarStyle_0</styleUrl><Polygon><outerBoundaryIs><LinearRing><coordinates>-97.31,49.949400000000004,0 -97.30040000000001,49.949400000000004,0 -97.30040000000001,49.9546,0 -97.31,49.9546,0 -97.31,49.949400000000004,0</coordinates></LinearRing></outerBoundaryIs></Polygon></Placemark>
      <Placemark><name>Patch (14,35)</name><styleUrl>#sugarStyle_0</styleUrl><Polygon><outerBoundaryIs><LinearRing><coordinates>-97.30040000000001,49.949400000000004,0 -97.2908,49.949400000000004,0 -97.2908,49.9546,0 -97.30040000000001,49.9546,0 -97.30040000000001,49.949400000000004,0</coordinates></LinearRing></outerBoundaryIs></Polygon></Placemark>
      <Placemark><name>Patch (15,35)</name><styleUrl>#sugarStyle_0</styleUrl><Polygon><outerBoundaryIs><LinearRing><coordinates>-97.2908,49.949400000000004,0 -97.28120000000001,49.949400000000004,0 -97.28120000000001,49.9546,0 -97.2908,49.9546,0 -97.2908,49.949400000000004,0</coordinates></LinearRing></outerBoundaryIs></Polygon></Placemark>
      <Placemark><name>Patch (16,35)</name><styleUrl>#sugarStyle_0</styleUrl><Polygon><outerBoundaryIs><LinearRing><coordinates>-97.28120000000001,49.949400000000004,0 -97.2716,49.949400000000004,0 -97.2716,49.9546,0 -97.28120000000001,49.9546,0 -97.28120000000001,49.949400000000004,0</coordinates></LinearRing></outerBoundaryIs></Polygon></Placemark>
      <Placemark><name>Patch (17,35)</name><styleUrl>#sugarStyle_0</styleUrl><Polygon><outerBoundaryIs><LinearRing><coordinates>-97.2716,49.949400000000004,0 -97.262,49.949400000000004,0 -97.262,49.9546,0 -97.2716,49.9546,0 -97.2716,49.949400000000004,0</coordinates></LinearRing></outerBoundaryIs></Polygon></Placemark>
      <Placemark><name>Patch (18,35)</name><styleUrl>#sugarStyle_0</styleUrl><Polygon><outerBoundaryIs><LinearRing><coordinates>-97.262,49.949400000000004,0 -97.25240000000001,49.949400000000004,0 -97.25240000000001,49.9546,0 -97.262,49.9546,0 -97.262,49.949400000000004,0</coordinates></LinearRing></outerBoundaryIs></Polygon></Placemark>
      <Placemark><name>Patch (19,35)</name><styleUrl>#sugarStyle_0</styleUrl><Polygon><outerBoundaryIs><LinearRing><coordinates>-97.25240000000001,49.949400000000004,0 -97.2428,49.949400000000004,0 -97.2428,49.9546,0 -97.25240000000001,49.9546,0 -97.25240000000001,49.949400000000004,0</coordinates></LinearRing></outerBoundaryIs></Polygon></Placemark>
      <Placemark><name>Patch (20,35)</name><styleUrl>#sugarStyle_0</styleUrl><Polygon><outerBoundaryIs><LinearRing><coordinates>-97.2428,49.949400000000004,0 -97.23320000000001,49.949400000000004,0 -97.23320000000001,49.9546,0 -97.2428,49.9546,0 -97.2428,49.949400000000004,0</coordinates></LinearRing></outerBoundaryIs></Polygon></Placemark>
      <Placemark><name>Patch (21,35)</name><styleUrl>#sugarStyle_0</styleUrl><Polygon><outerBoundaryIs><LinearRing><coordinates>-97.23320000000001,49.949400000000004,0 -97.2236,49.949400000000004,0 -97.2236,49.9546,0 -97.23320000000001,49.9546,0 -97.23320000000001,49.949400000000004,0</coordinates></LinearRing></outerBoundaryIs></Polygon></Placemark>
      <Placemark><name>Patch (22,35)</name><styleUrl>#sugarStyle_0</styleUrl><Polygon><outerBoundaryIs><LinearRing><coordinates>-97.2236,49.949400000000004,0 -97.214,49.949400000000004,0 -97.214,49.9546,0 -97.2236,49.9546,0 -97.2236,49.949400000000004,0</coordinates></LinearRing></outerBoundaryIs></Polygon></Placemark>
      <Placemark><name>Patch (23,35)</name><styleUrl>#sugarStyle_0</styleUrl><Polygon><outerBoundaryIs><LinearRing><coordinates>-97.214,49.949400000000004,0 -97.2044,49.949400000000004,0 -97.2044,49.9546,0 -97.214,49.9546,0 -97.214,49.949400000000004,0</coordinates></LinearRing></outerBoundaryIs></Polygon></Placemark>
      <Placemark><name>Patch (24,35)</name><styleUrl>#sugarStyle_1</styleUrl><Polygon><outerBoundaryIs><LinearRing><coordinates>-97.2044,49.949400000000004,0 -97.1948,49.949400000000004,0 -97.1948,49.9546,0 -97.2044,49.9546,0 -97.2044,49.949400000000004,0</coordinates></LinearRing></outerBoundaryIs></Polygon></Placemark>
      <Placemark><name>Patch (25,35)</name><styleUrl>#sugarStyle_0</styleUrl><Polygon><outerBoundaryIs><LinearRing><coordinates>-97.1948,49.949400000000004,0 -97.18520000000001,49.949400000000004,0 -97.18520000000001,49.9546,0 -97.1948,49.9546,0 -97.1948,49.949400000000004,0</coordinates></LinearRing></outerBoundaryIs></Polygon></Placemark>
      <Placemark><name>Patch (26,35)</name><styleUrl>#sugarStyle_1</styleUrl><Polygon><outerBoundaryIs><LinearRing><coordinates>-97.18520000000001,49.949400000000004,0 -97.1756,49.949400000000004,0 -97.1756,49.9546,0 -97.18520000000001,49.9546,0 -97.18520000000001,49.949400000000004,0</coordinates></LinearRing></outerBoundaryIs></Polygon></Placemark>
      <Placemark><name>Patch (27,35)</name><styleUrl>#sugarStyle_1</styleUrl><Polygon><outerBoundaryIs><LinearRing><coordinates>-97.1756,49.949400000000004,0 -97.16600000000001,49.949400000000004,0 -97.16600000000001,49.9546,0 -97.1756,49.9546,0 -97.1756,49.949400000000004,0</coordinates></LinearRing></outerBoundaryIs></Polygon></Placemark>
      <Placemark><name>Patch (28,35)</name><styleUrl>#sugarStyle_1</styleUrl><Polygon><outerBoundaryIs><LinearRing><coordinates>-97.16600000000001,49.949400000000004,0 -97.1564,49.949400000000004,0 -97.1564,49.9546,0 -97.16600000000001,49.9546,0 -97.16600000000001,49.949400000000004,0</coordinates></LinearRing></outerBoundaryIs></Polygon></Placemark>
      <Placemark><name>Patch (29,35)</name><styleUrl>#sugarStyle_1</styleUrl><Polygon><outerBoundaryIs><LinearRing><coordinates>-97.1564,49.949400000000004,0 -97.1468,49.949400000000004,0 -97.1468,49.9546,0 -97.1564,49.9546,0 -97.1564,49.949400000000004,0</coordinates></LinearRing></outerBoundaryIs></Polygon></Placemark>
      <Placemark><name>Patch (30,35)</name><styleUrl>#sugarStyle_1</styleUrl><Polygon><outerBoundaryIs><LinearRing><coordinates>-97.1468,49.949400000000004,0 -97.1372,49.949400000000004,0 -97.1372,49.9546,0 -97.1468,49.9546,0 -97.1468,49.949400000000004,0</coordinates></LinearRing></outerBoundaryIs></Polygon></Placemark>
      <Placemark><name>Patch (31,35)</name><styleUrl>#sugarStyle_1</styleUrl><Polygon><outerBoundaryIs><LinearRing><coordinates>-97.1372,49.949400000000004,0 -97.1276,49.949400000000004,0 -97.1276,49.9546,0 -97.1372,49.9546,0 -97.1372,49.949400000000004,0</coordinates></LinearRing></outerBoundaryIs></Polygon></Placemark>
      <Placemark><name>Patch (32,35)</name><styleUrl>#sugarStyle_1</styleUrl><Polygon><outerBoundaryIs><LinearRing><coordinates>-97.1276,49.949400000000004,0 -97.11800000000001,49.949400000000004,0 -97.11800000000001,49.9546,0 -97.1276,49.9546,0 -97.1276,49.949400000000004,0</coordinates></LinearRing></outerBoundaryIs></Polygon></Placemark>
      <Placemark><name>Patch (33,35)</name><styleUrl>#sugarStyle_0</styleUrl><Polygon><outerBoundaryIs><LinearRing><coordinates>-97.11800000000001,49.949400000000004,0 -97.1084,49.949400000000004,0 -97.1084,49.9546,0 -97.11800000000001,49.9546,0 -97.11800000000001,49.949400000000004,0</coordinates></LinearRing></outerBoundaryIs></Polygon></Placemark>
      <Placemark><name>Patch (34,35)</name><styleUrl>#sugarStyle_1</styleUrl><Polygon><outerBoundaryIs><LinearRing><coordinates>-97.1084,49.949400000000004,0 -97.0988,49.949400000000004,0 -97.0988,49.9546,0 -97.1084,49.9546,0 -97.1084,49.949400000000004,0</coordinates></LinearRing></outerBoundaryIs></Polygon></Placemark>
      <Placemark><name>Patch (35,35)</name><styleUrl>#sugarStyle_1</styleUrl><Polygon><outerBoundaryIs><LinearRing><coordinates>-97.0988,49.949400000000004,0 -97.0892,49.949400000000004,0 -97.0892,49.9546,0 -97.0988,49.9546,0 -97.0988,49.949400000000004,0</coordinates></LinearRing></outerBoundaryIs></Polygon></Placemark>
      <Placemark><name>Patch (36,35)</name><styleUrl>#sugarStyle_1</styleUrl><Polygon><outerBoundaryIs><LinearRing><coordinates>-97.0892,49.949400000000004,0 -97.0796,49.949400000000004,0 -97.0796,49.9546,0 -97.0892,49.9546,0 -97.0892,49.949400000000004,0</coordinates></LinearRing></outerBoundaryIs></Polygon></Placemark>
      <Placemark><name>Patch (37,35)</name><styleUrl>#sugarStyle_0</styleUrl><Polygon><outerBoundaryIs><LinearRing><coordinates>-97.0796,49.949400000000004,0 -97.07000000000001,49.949400000000004,0 -97.07000000000001,49.9546,0 -97.0796,49.9546,0 -97.0796,49.949400000000004,0</coordinates></LinearRing></outerBoundaryIs></Polygon></Placemark>
      <Placemark><name>Patch (38,35)</name><styleUrl>#sugarStyle_0</styleUrl><Polygon><outerBoundaryIs><LinearRing><coordinates>-97.07000000000001,49.949400000000004,0 -97.0604,49.949400000000004,0 -97.0604,49.9546,0 -97.07000000000001,49.9546,0 -97.07000000000001,49.949400000000004,0</coordinates></LinearRing></outerBoundaryIs></Polygon></Placemark>
      <Placemark><name>Patch (39,35)</name><styleUrl>#sugarStyle_0</styleUrl><Polygon><outerBoundaryIs><LinearRing><coordinates>-97.0604,49.949400000000004,0 -97.05080000000001,49.949400000000004,0 -97.05080000000001,49.9546,0 -97.0604,49.9546,0 -97.0604,49.949400000000004,0</coordinates></LinearRing></outerBoundaryIs></Polygon></Placemark>
      <Placemark><name>Patch (40,35)</name><styleUrl>#sugarStyle_0</styleUrl><Polygon><outerBoundaryIs><LinearRing><coordinates>-97.05080000000001,49.949400000000004,0 -97.0412,49.949400000000004,0 -97.0412,49.9546,0 -97.05080000000001,49.9546,0 -97.05080000000001,49.949400000000004,0</coordinates></LinearRing></outerBoundaryIs></Polygon></Placemark>
      <Placemark><name>Patch (41,35)</name><styleUrl>#sugarStyle_0</styleUrl><Polygon><outerBoundaryIs><LinearRing><coordinates>-97.0412,49.949400000000004,0 -97.0316,49.949400000000004,0 -97.0316,49.9546,0 -97.0412,49.9546,0 -97.0412,49.949400000000004,0</coordinates></LinearRing></outerBoundaryIs></Polygon></Placemark>
      <Placemark><name>Patch (42,35)</name><styleUrl>#sugarStyle_0</styleUrl><Polygon><outerBoundaryIs><LinearRing><coordinates>-97.0316,49.949400000000004,0 -97.022,49.949400000000004,0 -97.022,49.9546,0 -97.0316,49.9546,0 -97.0316,49.949400000000004,0</coordinates></LinearRing></outerBoundaryIs></Polygon></Placemark>
      <Placemark><name>Patch (43,35)</name><styleUrl>#sugarStyle_0</styleUrl><Polygon><outerBoundaryIs><LinearRing><coordinates>-97.022,49.949400000000004,0 -97.0124,49.949400000000004,0 -97.0124,49.9546,0 -97.022,49.9546,0 -97.022,49.949400000000004,0</coordinates></LinearRing></outerBoundaryIs></Polygon></Placemark>
      <Placemark><name>Patch (44,35)</name><styleUrl>#sugarStyle_0</styleUrl><Polygon><outerBoundaryIs><LinearRing><coordinates>-97.0124,49.949400000000004,0 -97.00280000000001,49.949400000000004,0 -97.00280000000001,49.9546,0 -97.0124,49.9546,0 -97.0124,49.949400000000004,0</coordinates></LinearRing></outerBoundaryIs></Polygon></Placemark>
      <Placemark><name>Patch (45,35)</name><styleUrl>#sugarStyle_0</styleUrl><Polygon><outerBoundaryIs><LinearRing><coordinates>-97.00280000000001,49.949400000000004,0 -96.9932,49.949400000000004,0 -96.9932,49.9546,0 -97.00280000000001,49.9546,0 -97.00280000000001,49.949400000000004,0</coordinates></LinearRing></outerBoundaryIs></Polygon></Placemark>
      <Placemark><name>Patch (46,35)</name><styleUrl>#sugarStyle_0</styleUrl><Polygon><outerBoundaryIs><LinearRing><coordinates>-96.9932,49.949400000000004,0 -96.98360000000001,49.949400000000004,0 -96.98360000000001,49.9546,0 -96.9932,49.9546,0 -96.9932,49.949400000000004,0</coordinates></LinearRing></outerBoundaryIs></Polygon></Placemark>
      <Placemark><name>Patch (47,35)</name><styleUrl>#sugarStyle_0</styleUrl><Polygon><outerBoundaryIs><LinearRing><coordinates>-96.98360000000001,49.949400000000004,0 -96.974,49.949400000000004,0 -96.974,49.9546,0 -96.98360000000001,49.9546,0 -96.98360000000001,49.949400000000004,0</coordinates></LinearRing></outerBoundaryIs></Polygon></Placemark>
      <Placemark><name>Patch (48,35)</name><styleUrl>#sugarStyle_0</styleUrl><Polygon><outerBoundaryIs><LinearRing><coordinates>-96.974,49.949400000000004,0 -96.9644,49.949400000000004,0 -96.9644,49.9546,0 -96.974,49.9546,0 -96.974,49.949400000000004,0</coordinates></LinearRing></outerBoundaryIs></Polygon></Placemark>
      <Placemark><name>Patch (49,35)</name><styleUrl>#sugarStyle_0</styleUrl><Polygon><outerBoundaryIs><LinearRing><coordinates>-96.9644,49.949400000000004,0 -96.9548,49.949400000000004,0 -96.9548,49.9546,0 -96.9644,49.9546,0 -96.9644,49.949400000000004,0</coordinates></LinearRing></outerBoundaryIs></Polygon></Placemark>
      <Placemark><name>Patch (50,35)</name><styleUrl>#sugarStyle_0</styleUrl><Polygon><outerBoundaryIs><LinearRing><coordinates>-96.9548,49.949400000000004,0 -96.9452,49.949400000000004,0 -96.9452,49.9546,0 -96.9548,49.9546,0 -96.9548,49.949400000000004,0</coordinates></LinearRing></outerBoundaryIs></Polygon></Placemark>
      <Placemark><name>Patch (0,36)</name><styleUrl>#sugarStyle_0</styleUrl><Polygon><outerBoundaryIs><LinearRing><coordinates>-97.43480000000001,49.9546,0 -97.4252,49.9546,0 -97.4252,49.9598,0 -97.43480000000001,49.9598,0 -97.43480000000001,49.9546,0</coordinates></LinearRing></outerBoundaryIs></Polygon></Placemark>
      <Placemark><name>Patch (1,36)</name><styleUrl>#sugarStyle_0</styleUrl><Polygon><outerBoundaryIs><LinearRing><coordinates>-97.4252,49.9546,0 -97.41560000000001,49.9546,0 -97.41560000000001,49.9598,0 -97.4252,49.9598,0 -97.4252,49.9546,0</coordinates></LinearRing></outerBoundaryIs></Polygon></Placemark>
      <Placemark><name>Patch (2,36)</name><styleUrl>#sugarStyle_0</styleUrl><Polygon><outerBoundaryIs><LinearRing><coordinates>-97.41560000000001,49.9546,0 -97.406,49.9546,0 -97.406,49.9598,0 -97.41560000000001,49.9598,0 -97.41560000000001,49.9546,0</coordinates></LinearRing></outerBoundaryIs></Polygon></Placemark>
      <Placemark><name>Patch (3,36)</name><styleUrl>#sugarStyle_0</styleUrl><Polygon><outerBoundaryIs><LinearRing><coordinates>-97.406,49.9546,0 -97.3964,49.9546,0 -97.3964,49.9598,0 -97.406,49.9598,0 -97.406,49.9546,0</coordinates></LinearRing></outerBoundaryIs></Polygon></Placemark>
      <Placemark><name>Patch (4,36)</name><styleUrl>#sugarStyle_0</styleUrl><Polygon><outerBoundaryIs><LinearRing><coordinates>-97.3964,49.9546,0 -97.38680000000001,49.9546,0 -97.38680000000001,49.9598,0 -97.3964,49.9598,0 -97.3964,49.9546,0</coordinates></LinearRing></outerBoundaryIs></Polygon></Placemark>
      <Placemark><name>Patch (5,36)</name><styleUrl>#sugarStyle_0</styleUrl><Polygon><outerBoundaryIs><LinearRing><coordinates>-97.38680000000001,49.9546,0 -97.3772,49.9546,0 -97.3772,49.9598,0 -97.38680000000001,49.9598,0 -97.38680000000001,49.9546,0</coordinates></LinearRing></outerBoundaryIs></Polygon></Placemark>
      <Placemark><name>Patch (6,36)</name><styleUrl>#sugarStyle_0</styleUrl><Polygon><outerBoundaryIs><LinearRing><coordinates>-97.3772,49.9546,0 -97.36760000000001,49.9546,0 -97.36760000000001,49.9598,0 -97.3772,49.9598,0 -97.3772,49.9546,0</coordinates></LinearRing></outerBoundaryIs></Polygon></Placemark>
      <Placemark><name>Patch (7,36)</name><styleUrl>#sugarStyle_0</styleUrl><Polygon><outerBoundaryIs><LinearRing><coordinates>-97.36760000000001,49.9546,0 -97.358,49.9546,0 -97.358,49.9598,0 -97.36760000000001,49.9598,0 -97.36760000000001,49.9546,0</coordinates></LinearRing></outerBoundaryIs></Polygon></Placemark>
      <Placemark><name>Patch (8,36)</name><styleUrl>#sugarStyle_0</styleUrl><Polygon><outerBoundaryIs><LinearRing><coordinates>-97.358,49.9546,0 -97.34840000000001,49.9546,0 -97.34840000000001,49.9598,0 -97.358,49.9598,0 -97.358,49.9546,0</coordinates></LinearRing></outerBoundaryIs></Polygon></Placemark>
      <Placemark><name>Patch (9,36)</name><styleUrl>#sugarStyle_0</styleUrl><Polygon><outerBoundaryIs><LinearRing><coordinates>-97.34840000000001,49.9546,0 -97.3388,49.9546,0 -97.3388,49.9598,0 -97.34840000000001,49.9598,0 -97.34840000000001,49.9546,0</coordinates></LinearRing></outerBoundaryIs></Polygon></Placemark>
      <Placemark><name>Patch (10,36)</name><styleUrl>#sugarStyle_0</styleUrl><Polygon><outerBoundaryIs><LinearRing><coordinates>-97.3388,49.9546,0 -97.3292,49.9546,0 -97.3292,49.9598,0 -97.3388,49.9598,0 -97.3388,49.9546,0</coordinates></LinearRing></outerBoundaryIs></Polygon></Placemark>
      <Placemark><name>Patch (11,36)</name><styleUrl>#sugarStyle_0</styleUrl><Polygon><outerBoundaryIs><LinearRing><coordinates>-97.3292,49.9546,0 -97.31960000000001,49.9546,0 -97.31960000000001,49.9598,0 -97.3292,49.9598,0 -97.3292,49.9546,0</coordinates></LinearRing></outerBoundaryIs></Polygon></Placemark>
      <Placemark><name>Patch (12,36)</name><styleUrl>#sugarStyle_0</styleUrl><Polygon><outerBoundaryIs><LinearRing><coordinates>-97.31960000000001,49.9546,0 -97.31,49.9546,0 -97.31,49.9598,0 -97.31960000000001,49.9598,0 -97.31960000000001,49.9546,0</coordinates></LinearRing></outerBoundaryIs></Polygon></Placemark>
      <Placemark><name>Patch (13,36)</name><styleUrl>#sugarStyle_0</styleUrl><Polygon><outerBoundaryIs><LinearRing><coordinates>-97.31,49.9546,0 -97.30040000000001,49.9546,0 -97.30040000000001,49.9598,0 -97.31,49.9598,0 -97.31,49.9546,0</coordinates></LinearRing></outerBoundaryIs></Polygon></Placemark>
      <Placemark><name>Patch (14,36)</name><styleUrl>#sugarStyle_0</styleUrl><Polygon><outerBoundaryIs><LinearRing><coordinates>-97.30040000000001,49.9546,0 -97.2908,49.9546,0 -97.2908,49.9598,0 -97.30040000000001,49.9598,0 -97.30040000000001,49.9546,0</coordinates></LinearRing></outerBoundaryIs></Polygon></Placemark>
      <Placemark><name>Patch (15,36)</name><styleUrl>#sugarStyle_0</styleUrl><Polygon><outerBoundaryIs><LinearRing><coordinates>-97.2908,49.9546,0 -97.28120000000001,49.9546,0 -97.28120000000001,49.9598,0 -97.2908,49.9598,0 -97.2908,49.9546,0</coordinates></LinearRing></outerBoundaryIs></Polygon></Placemark>
      <Placemark><name>Patch (16,36)</name><styleUrl>#sugarStyle_0</styleUrl><Polygon><outerBoundaryIs><LinearRing><coordinates>-97.28120000000001,49.9546,0 -97.2716,49.9546,0 -97.2716,49.9598,0 -97.28120000000001,49.9598,0 -97.28120000000001,49.9546,0</coordinates></LinearRing></outerBoundaryIs></Polygon></Placemark>
      <Placemark><name>Patch (17,36)</name><styleUrl>#sugarStyle_0</styleUrl><Polygon><outerBoundaryIs><LinearRing><coordinates>-97.2716,49.9546,0 -97.262,49.9546,0 -97.262,49.9598,0 -97.2716,49.9598,0 -97.2716,49.9546,0</coordinates></LinearRing></outerBoundaryIs></Polygon></Placemark>
      <Placemark><name>Patch (18,36)</name><styleUrl>#sugarStyle_0</styleUrl><Polygon><outerBoundaryIs><LinearRing><coordinates>-97.262,49.9546,0 -97.25240000000001,49.9546,0 -97.25240000000001,49.9598,0 -97.262,49.9598,0 -97.262,49.9546,0</coordinates></LinearRing></outerBoundaryIs></Polygon></Placemark>
      <Placemark><name>Patch (19,36)</name><styleUrl>#sugarStyle_0</styleUrl><Polygon><outerBoundaryIs><LinearRing><coordinates>-97.25240000000001,49.9546,0 -97.2428,49.9546,0 -97.2428,49.9598,0 -97.25240000000001,49.9598,0 -97.25240000000001,49.9546,0</coordinates></LinearRing></outerBoundaryIs></Polygon></Placemark>
      <Placemark><name>Patch (20,36)</name><styleUrl>#sugarStyle_0</styleUrl><Polygon><outerBoundaryIs><LinearRing><coordinates>-97.2428,49.9546,0 -97.23320000000001,49.9546,0 -97.23320000000001,49.9598,0 -97.2428,49.9598,0 -97.2428,49.9546,0</coordinates></LinearRing></outerBoundaryIs></Polygon></Placemark>
      <Placemark><name>Patch (21,36)</name><styleUrl>#sugarStyle_0</styleUrl><Polygon><outerBoundaryIs><LinearRing><coordinates>-97.23320000000001,49.9546,0 -97.2236,49.9546,0 -97.2236,49.9598,0 -97.23320000000001,49.9598,0 -97.23320000000001,49.9546,0</coordinates></LinearRing></outerBoundaryIs></Polygon></Placemark>
      <Placemark><name>Patch (22,36)</name><styleUrl>#sugarStyle_0</styleUrl><Polygon><outerBoundaryIs><LinearRing><coordinates>-97.2236,49.9546,0 -97.214,49.9546,0 -97.214,49.9598,0 -97.2236,49.9598,0 -97.2236,49.9546,0</coordinates></LinearRing></outerBoundaryIs></Polygon></Placemark>
      <Placemark><name>Patch (23,36)</name><styleUrl>#sugarStyle_0</styleUrl><Polygon><outerBoundaryIs><LinearRing><coordinates>-97.214,49.9546,0 -97.2044,49.9546,0 -97.2044,49.9598,0 -97.214,49.9598,0 -97.214,49.9546,0</coordinates></LinearRing></outerBoundaryIs></Polygon></Placemark>
      <Placemark><name>Patch (24,36)</name><styleUrl>#sugarStyle_0</styleUrl><Polygon><outerBoundaryIs><LinearRing><coordinates>-97.2044,49.9546,0 -97.1948,49.9546,0 -97.1948,49.9598,0 -97.2044,49.9598,0 -97.2044,49.9546,0</coordinates></LinearRing></outerBoundaryIs></Polygon></Placemark>
      <Placemark><name>Patch (25,36)</name><styleUrl>#sugarStyle_0</styleUrl><Polygon><outerBoundaryIs><LinearRing><coordinates>-97.1948,49.9546,0 -97.18520000000001,49.9546,0 -97.18520000000001,49.9598,0 -97.1948,49.9598,0 -97.1948,49.9546,0</coordinates></LinearRing></outerBoundaryIs></Polygon></Placemark>
      <Placemark><name>Patch (26,36)</name><styleUrl>#sugarStyle_0</styleUrl><Polygon><outerBoundaryIs><LinearRing><coordinates>-97.18520000000001,49.9546,0 -97.1756,49.9546,0 -97.1756,49.9598,0 -97.18520000000001,49.9598,0 -97.18520000000001,49.9546,0</coordinates></LinearRing></outerBoundaryIs></Polygon></Placemark>
      <Placemark><name>Patch (27,36)</name><styleUrl>#sugarStyle_0</styleUrl><Polygon><outerBoundaryIs><LinearRing><coordinates>-97.1756,49.9546,0 -97.16600000000001,49.9546,0 -97.16600000000001,49.9598,0 -97.1756,49.9598,0 -97.1756,49.9546,0</coordinates></LinearRing></outerBoundaryIs></Polygon></Placemark>
      <Placemark><name>Patch (28,36)</name><styleUrl>#sugarStyle_1</styleUrl><Polygon><outerBoundaryIs><LinearRing><coordinates>-97.16600000000001,49.9546,0 -97.1564,49.9546,0 -97.1564,49.9598,0 -97.16600000000001,49.9598,0 -97.16600000000001,49.9546,0</coordinates></LinearRing></outerBoundaryIs></Polygon></Placemark>
      <Placemark><name>Patch (29,36)</name><styleUrl>#sugarStyle_1</styleUrl><Polygon><outerBoundaryIs><LinearRing><coordinates>-97.1564,49.9546,0 -97.1468,49.9546,0 -97.1468,49.9598,0 -97.1564,49.9598,0 -97.1564,49.9546,0</coordinates></LinearRing></outerBoundaryIs></Polygon></Placemark>
      <Placemark><name>Patch (30,36)</name><styleUrl>#sugarStyle_1</styleUrl><Polygon><outerBoundaryIs><LinearRing><coordinates>-97.1468,49.9546,0 -97.1372,49.9546,0 -97.1372,49.9598,0 -97.1468,49.9598,0 -97.1468,49.9546,0</coordinates></LinearRing></outerBoundaryIs></Polygon></Placemark>
      <Placemark><name>Patch (31,36)</name><styleUrl>#sugarStyle_0</styleUrl><Polygon><outerBoundaryIs><LinearRing><coordinates>-97.1372,49.9546,0 -97.1276,49.9546,0 -97.1276,49.9598,0 -97.1372,49.9598,0 -97.1372,49.9546,0</coordinates></LinearRing></outerBoundaryIs></Polygon></Placemark>
      <Placemark><name>Patch (32,36)</name><styleUrl>#sugarStyle_0</styleUrl><Polygon><outerBoundaryIs><LinearRing><coordinates>-97.1276,49.9546,0 -97.11800000000001,49.9546,0 -97.11800000000001,49.9598,0 -97.1276,49.9598,0 -97.1276,49.9546,0</coordinates></LinearRing></outerBoundaryIs></Polygon></Placemark>
      <Placemark><name>Patch (33,36)</name><styleUrl>#sugarStyle_1</styleUrl><Polygon><outerBoundaryIs><LinearRing><coordinates>-97.11800000000001,49.9546,0 -97.1084,49.9546,0 -97.1084,49.9598,0 -97.11800000000001,49.9598,0 -97.11800000000001,49.9546,0</coordinates></LinearRing></outerBoundaryIs></Polygon></Placemark>
      <Placemark><name>Patch (34,36)</name><styleUrl>#sugarStyle_1</styleUrl><Polygon><outerBoundaryIs><LinearRing><coordinates>-97.1084,49.9546,0 -97.0988,49.9546,0 -97.0988,49.9598,0 -97.1084,49.9598,0 -97.1084,49.9546,0</coordinates></LinearRing></outerBoundaryIs></Polygon></Placemark>
      <Placemark><name>Patch (35,36)</name><styleUrl>#sugarStyle_0</styleUrl><Polygon><outerBoundaryIs><LinearRing><coordinates>-97.0988,49.9546,0 -97.0892,49.9546,0 -97.0892,49.9598,0 -97.0988,49.9598,0 -97.0988,49.9546,0</coordinates></LinearRing></outerBoundaryIs></Polygon></Placemark>
      <Placemark><name>Patch (36,36)</name><styleUrl>#sugarStyle_0</styleUrl><Polygon><outerBoundaryIs><LinearRing><coordinates>-97.0892,49.9546,0 -97.0796,49.9546,0 -97.0796,49.9598,0 -97.0892,49.9598,0 -97.0892,49.9546,0</coordinates></LinearRing></outerBoundaryIs></Polygon></Placemark>
      <Placemark><name>Patch (37,36)</name><styleUrl>#sugarStyle_0</styleUrl><Polygon><outerBoundaryIs><LinearRing><coordinates>-97.0796,49.9546,0 -97.07000000000001,49.9546,0 -97.07000000000001,49.9598,0 -97.0796,49.9598,0 -97.0796,49.9546,0</coordinates></LinearRing></outerBoundaryIs></Polygon></Placemark>
      <Placemark><name>Patch (38,36)</name><styleUrl>#sugarStyle_0</styleUrl><Polygon><outerBoundaryIs><LinearRing><coordinates>-97.07000000000001,49.9546,0 -97.0604,49.9546,0 -97.0604,49.9598,0 -97.07000000000001,49.9598,0 -97.07000000000001,49.9546,0</coordinates></LinearRing></outerBoundaryIs></Polygon></Placemark>
      <Placemark><name>Patch (39,36)</name><styleUrl>#sugarStyle_0</styleUrl><Polygon><outerBoundaryIs><LinearRing><coordinates>-97.0604,49.9546,0 -97.05080000000001,49.9546,0 -97.05080000000001,49.9598,0 -97.0604,49.9598,0 -97.0604,49.9546,0</coordinates></LinearRing></outerBoundaryIs></Polygon></Placemark>
      <Placemark><name>Patch (40,36)</name><styleUrl>#sugarStyle_0</styleUrl><Polygon><outerBoundaryIs><LinearRing><coordinates>-97.05080000000001,49.9546,0 -97.0412,49.9546,0 -97.0412,49.9598,0 -97.05080000000001,49.9598,0 -97.05080000000001,49.9546,0</coordinates></LinearRing></outerBoundaryIs></Polygon></Placemark>
      <Placemark><name>Patch (41,36)</name><styleUrl>#sugarStyle_0</styleUrl><Polygon><outerBoundaryIs><LinearRing><coordinates>-97.0412,49.9546,0 -97.0316,49.9546,0 -97.0316,49.9598,0 -97.0412,49.9598,0 -97.0412,49.9546,0</coordinates></LinearRing></outerBoundaryIs></Polygon></Placemark>
      <Placemark><name>Patch (42,36)</name><styleUrl>#sugarStyle_0</styleUrl><Polygon><outerBoundaryIs><LinearRing><coordinates>-97.0316,49.9546,0 -97.022,49.9546,0 -97.022,49.9598,0 -97.0316,49.9598,0 -97.0316,49.9546,0</coordinates></LinearRing></outerBoundaryIs></Polygon></Placemark>
      <Placemark><name>Patch (43,36)</name><styleUrl>#sugarStyle_0</styleUrl><Polygon><outerBoundaryIs><LinearRing><coordinates>-97.022,49.9546,0 -97.0124,49.9546,0 -97.0124,49.9598,0 -97.022,49.9598,0 -97.022,49.9546,0</coordinates></LinearRing></outerBoundaryIs></Polygon></Placemark>
      <Placemark><name>Patch (44,36)</name><styleUrl>#sugarStyle_0</styleUrl><Polygon><outerBoundaryIs><LinearRing><coordinates>-97.0124,49.9546,0 -97.00280000000001,49.9546,0 -97.00280000000001,49.9598,0 -97.0124,49.9598,0 -97.0124,49.9546,0</coordinates></LinearRing></outerBoundaryIs></Polygon></Placemark>
      <Placemark><name>Patch (45,36)</name><styleUrl>#sugarStyle_0</styleUrl><Polygon><outerBoundaryIs><LinearRing><coordinates>-97.00280000000001,49.9546,0 -96.9932,49.9546,0 -96.9932,49.9598,0 -97.00280000000001,49.9598,0 -97.00280000000001,49.9546,0</coordinates></LinearRing></outerBoundaryIs></Polygon></Placemark>
      <Placemark><name>Patch (46,36)</name><styleUrl>#sugarStyle_0</styleUrl><Polygon><outerBoundaryIs><LinearRing><coordinates>-96.9932,49.9546,0 -96.98360000000001,49.9546,0 -96.98360000000001,49.9598,0 -96.9932,49.9598,0 -96.9932,49.9546,0</coordinates></LinearRing></outerBoundaryIs></Polygon></Placemark>
      <Placemark><name>Patch (47,36)</name><styleUrl>#sugarStyle_0</styleUrl><Polygon><outerBoundaryIs><LinearRing><coordinates>-96.98360000000001,49.9546,0 -96.974,49.9546,0 -96.974,49.9598,0 -96.98360000000001,49.9598,0 -96.98360000000001,49.9546,0</coordinates></LinearRing></outerBoundaryIs></Polygon></Placemark>
      <Placemark><name>Patch (48,36)</name><styleUrl>#sugarStyle_0</styleUrl><Polygon><outerBoundaryIs><LinearRing><coordinates>-96.974,49.9546,0 -96.9644,49.9546,0 -96.9644,49.9598,0 -96.974,49.9598,0 -96.974,49.9546,0</coordinates></LinearRing></outerBoundaryIs></Polygon></Placemark>
      <Placemark><name>Patch (49,36)</name><styleUrl>#sugarStyle_0</styleUrl><Polygon><outerBoundaryIs><LinearRing><coordinates>-96.9644,49.9546,0 -96.9548,49.9546,0 -96.9548,49.9598,0 -96.9644,49.9598,0 -96.9644,49.9546,0</coordinates></LinearRing></outerBoundaryIs></Polygon></Placemark>
      <Placemark><name>Patch (50,36)</name><styleUrl>#sugarStyle_0</styleUrl><Polygon><outerBoundaryIs><LinearRing><coordinates>-96.9548,49.9546,0 -96.9452,49.9546,0 -96.9452,49.9598,0 -96.9548,49.9598,0 -96.9548,49.9546,0</coordinates></LinearRing></outerBoundaryIs></Polygon></Placemark>
      <Placemark><name>Patch (0,37)</name><styleUrl>#sugarStyle_0</styleUrl><Polygon><outerBoundaryIs><LinearRing><coordinates>-97.43480000000001,49.9598,0 -97.4252,49.9598,0 -97.4252,49.965,0 -97.43480000000001,49.965,0 -97.43480000000001,49.9598,0</coordinates></LinearRing></outerBoundaryIs></Polygon></Placemark>
      <Placemark><name>Patch (1,37)</name><styleUrl>#sugarStyle_0</styleUrl><Polygon><outerBoundaryIs><LinearRing><coordinates>-97.4252,49.9598,0 -97.41560000000001,49.9598,0 -97.41560000000001,49.965,0 -97.4252,49.965,0 -97.4252,49.9598,0</coordinates></LinearRing></outerBoundaryIs></Polygon></Placemark>
      <Placemark><name>Patch (2,37)</name><styleUrl>#sugarStyle_0</styleUrl><Polygon><outerBoundaryIs><LinearRing><coordinates>-97.41560000000001,49.9598,0 -97.406,49.9598,0 -97.406,49.965,0 -97.41560000000001,49.965,0 -97.41560000000001,49.9598,0</coordinates></LinearRing></outerBoundaryIs></Polygon></Placemark>
      <Placemark><name>Patch (3,37)</name><styleUrl>#sugarStyle_0</styleUrl><Polygon><outerBoundaryIs><LinearRing><coordinates>-97.406,49.9598,0 -97.3964,49.9598,0 -97.3964,49.965,0 -97.406,49.965,0 -97.406,49.9598,0</coordinates></LinearRing></outerBoundaryIs></Polygon></Placemark>
      <Placemark><name>Patch (4,37)</name><styleUrl>#sugarStyle_0</styleUrl><Polygon><outerBoundaryIs><LinearRing><coordinates>-97.3964,49.9598,0 -97.38680000000001,49.9598,0 -97.38680000000001,49.965,0 -97.3964,49.965,0 -97.3964,49.9598,0</coordinates></LinearRing></outerBoundaryIs></Polygon></Placemark>
      <Placemark><name>Patch (5,37)</name><styleUrl>#sugarStyle_0</styleUrl><Polygon><outerBoundaryIs><LinearRing><coordinates>-97.38680000000001,49.9598,0 -97.3772,49.9598,0 -97.3772,49.965,0 -97.38680000000001,49.965,0 -97.38680000000001,49.9598,0</coordinates></LinearRing></outerBoundaryIs></Polygon></Placemark>
      <Placemark><name>Patch (6,37)</name><styleUrl>#sugarStyle_0</styleUrl><Polygon><outerBoundaryIs><LinearRing><coordinates>-97.3772,49.9598,0 -97.36760000000001,49.9598,0 -97.36760000000001,49.965,0 -97.3772,49.965,0 -97.3772,49.9598,0</coordinates></LinearRing></outerBoundaryIs></Polygon></Placemark>
      <Placemark><name>Patch (7,37)</name><styleUrl>#sugarStyle_0</styleUrl><Polygon><outerBoundaryIs><LinearRing><coordinates>-97.36760000000001,49.9598,0 -97.358,49.9598,0 -97.358,49.965,0 -97.36760000000001,49.965,0 -97.36760000000001,49.9598,0</coordinates></LinearRing></outerBoundaryIs></Polygon></Placemark>
      <Placemark><name>Patch (8,37)</name><styleUrl>#sugarStyle_0</styleUrl><Polygon><outerBoundaryIs><LinearRing><coordinates>-97.358,49.9598,0 -97.34840000000001,49.9598,0 -97.34840000000001,49.965,0 -97.358,49.965,0 -97.358,49.9598,0</coordinates></LinearRing></outerBoundaryIs></Polygon></Placemark>
      <Placemark><name>Patch (9,37)</name><styleUrl>#sugarStyle_0</styleUrl><Polygon><outerBoundaryIs><LinearRing><coordinates>-97.34840000000001,49.9598,0 -97.3388,49.9598,0 -97.3388,49.965,0 -97.34840000000001,49.965,0 -97.34840000000001,49.9598,0</coordinates></LinearRing></outerBoundaryIs></Polygon></Placemark>
      <Placemark><name>Patch (10,37)</name><styleUrl>#sugarStyle_0</styleUrl><Polygon><outerBoundaryIs><LinearRing><coordinates>-97.3388,49.9598,0 -97.3292,49.9598,0 -97.3292,49.965,0 -97.3388,49.965,0 -97.3388,49.9598,0</coordinates></LinearRing></outerBoundaryIs></Polygon></Placemark>
      <Placemark><name>Patch (11,37)</name><styleUrl>#sugarStyle_0</styleUrl><Polygon><outerBoundaryIs><LinearRing><coordinates>-97.3292,49.9598,0 -97.31960000000001,49.9598,0 -97.31960000000001,49.965,0 -97.3292,49.965,0 -97.3292,49.9598,0</coordinates></LinearRing></outerBoundaryIs></Polygon></Placemark>
      <Placemark><name>Patch (12,37)</name><styleUrl>#sugarStyle_0</styleUrl><Polygon><outerBoundaryIs><LinearRing><coordinates>-97.31960000000001,49.9598,0 -97.31,49.9598,0 -97.31,49.965,0 -97.31960000000001,49.965,0 -97.31960000000001,49.9598,0</coordinates></LinearRing></outerBoundaryIs></Polygon></Placemark>
      <Placemark><name>Patch (13,37)</name><styleUrl>#sugarStyle_0</styleUrl><Polygon><outerBoundaryIs><LinearRing><coordinates>-97.31,49.9598,0 -97.30040000000001,49.9598,0 -97.30040000000001,49.965,0 -97.31,49.965,0 -97.31,49.9598,0</coordinates></LinearRing></outerBoundaryIs></Polygon></Placemark>
      <Placemark><name>Patch (14,37)</name><styleUrl>#sugarStyle_0</styleUrl><Polygon><outerBoundaryIs><LinearRing><coordinates>-97.30040000000001,49.9598,0 -97.2908,49.9598,0 -97.2908,49.965,0 -97.30040000000001,49.965,0 -97.30040000000001,49.9598,0</coordinates></LinearRing></outerBoundaryIs></Polygon></Placemark>
      <Placemark><name>Patch (15,37)</name><styleUrl>#sugarStyle_0</styleUrl><Polygon><outerBoundaryIs><LinearRing><coordinates>-97.2908,49.9598,0 -97.28120000000001,49.9598,0 -97.28120000000001,49.965,0 -97.2908,49.965,0 -97.2908,49.9598,0</coordinates></LinearRing></outerBoundaryIs></Polygon></Placemark>
      <Placemark><name>Patch (16,37)</name><styleUrl>#sugarStyle_0</styleUrl><Polygon><outerBoundaryIs><LinearRing><coordinates>-97.28120000000001,49.9598,0 -97.2716,49.9598,0 -97.2716,49.965,0 -97.28120000000001,49.965,0 -97.28120000000001,49.9598,0</coordinates></LinearRing></outerBoundaryIs></Polygon></Placemark>
      <Placemark><name>Patch (17,37)</name><styleUrl>#sugarStyle_0</styleUrl><Polygon><outerBoundaryIs><LinearRing><coordinates>-97.2716,49.9598,0 -97.262,49.9598,0 -97.262,49.965,0 -97.2716,49.965,0 -97.2716,49.9598,0</coordinates></LinearRing></outerBoundaryIs></Polygon></Placemark>
      <Placemark><name>Patch (18,37)</name><styleUrl>#sugarStyle_0</styleUrl><Polygon><outerBoundaryIs><LinearRing><coordinates>-97.262,49.9598,0 -97.25240000000001,49.9598,0 -97.25240000000001,49.965,0 -97.262,49.965,0 -97.262,49.9598,0</coordinates></LinearRing></outerBoundaryIs></Polygon></Placemark>
      <Placemark><name>Patch (19,37)</name><styleUrl>#sugarStyle_0</styleUrl><Polygon><outerBoundaryIs><LinearRing><coordinates>-97.25240000000001,49.9598,0 -97.2428,49.9598,0 -97.2428,49.965,0 -97.25240000000001,49.965,0 -97.25240000000001,49.9598,0</coordinates></LinearRing></outerBoundaryIs></Polygon></Placemark>
      <Placemark><name>Patch (20,37)</name><styleUrl>#sugarStyle_0</styleUrl><Polygon><outerBoundaryIs><LinearRing><coordinates>-97.2428,49.9598,0 -97.23320000000001,49.9598,0 -97.23320000000001,49.965,0 -97.2428,49.965,0 -97.2428,49.9598,0</coordinates></LinearRing></outerBoundaryIs></Polygon></Placemark>
      <Placemark><name>Patch (21,37)</name><styleUrl>#sugarStyle_0</styleUrl><Polygon><outerBoundaryIs><LinearRing><coordinates>-97.23320000000001,49.9598,0 -97.2236,49.9598,0 -97.2236,49.965,0 -97.23320000000001,49.965,0 -97.23320000000001,49.9598,0</coordinates></LinearRing></outerBoundaryIs></Polygon></Placemark>
      <Placemark><name>Patch (22,37)</name><styleUrl>#sugarStyle_0</styleUrl><Polygon><outerBoundaryIs><LinearRing><coordinates>-97.2236,49.9598,0 -97.214,49.9598,0 -97.214,49.965,0 -97.2236,49.965,0 -97.2236,49.9598,0</coordinates></LinearRing></outerBoundaryIs></Polygon></Placemark>
      <Placemark><name>Patch (23,37)</name><styleUrl>#sugarStyle_0</styleUrl><Polygon><outerBoundaryIs><LinearRing><coordinates>-97.214,49.9598,0 -97.2044,49.9598,0 -97.2044,49.965,0 -97.214,49.965,0 -97.214,49.9598,0</coordinates></LinearRing></outerBoundaryIs></Polygon></Placemark>
      <Placemark><name>Patch (24,37)</name><styleUrl>#sugarStyle_0</styleUrl><Polygon><outerBoundaryIs><LinearRing><coordinates>-97.2044,49.9598,0 -97.1948,49.9598,0 -97.1948,49.965,0 -97.2044,49.965,0 -97.2044,49.9598,0</coordinates></LinearRing></outerBoundaryIs></Polygon></Placemark>
      <Placemark><name>Patch (25,37)</name><styleUrl>#sugarStyle_0</styleUrl><Polygon><outerBoundaryIs><LinearRing><coordinates>-97.1948,49.9598,0 -97.18520000000001,49.9598,0 -97.18520000000001,49.965,0 -97.1948,49.965,0 -97.1948,49.9598,0</coordinates></LinearRing></outerBoundaryIs></Polygon></Placemark>
      <Placemark><name>Patch (26,37)</name><styleUrl>#sugarStyle_0</styleUrl><Polygon><outerBoundaryIs><LinearRing><coordinates>-97.18520000000001,49.9598,0 -97.1756,49.9598,0 -97.1756,49.965,0 -97.18520000000001,49.965,0 -97.18520000000001,49.9598,0</coordinates></LinearRing></outerBoundaryIs></Polygon></Placemark>
      <Placemark><name>Patch (27,37)</name><styleUrl>#sugarStyle_0</styleUrl><Polygon><outerBoundaryIs><LinearRing><coordinates>-97.1756,49.9598,0 -97.16600000000001,49.9598,0 -97.16600000000001,49.965,0 -97.1756,49.965,0 -97.1756,49.9598,0</coordinates></LinearRing></outerBoundaryIs></Polygon></Placemark>
      <Placemark><name>Patch (28,37)</name><styleUrl>#sugarStyle_0</styleUrl><Polygon><outerBoundaryIs><LinearRing><coordinates>-97.16600000000001,49.9598,0 -97.1564,49.9598,0 -97.1564,49.965,0 -97.16600000000001,49.965,0 -97.16600000000001,49.9598,0</coordinates></LinearRing></outerBoundaryIs></Polygon></Placemark>
      <Placemark><name>Patch (29,37)</name><styleUrl>#sugarStyle_0</styleUrl><Polygon><outerBoundaryIs><LinearRing><coordinates>-97.1564,49.9598,0 -97.1468,49.9598,0 -97.1468,49.965,0 -97.1564,49.965,0 -97.1564,49.9598,0</coordinates></LinearRing></outerBoundaryIs></Polygon></Placemark>
      <Placemark><name>Patch (30,37)</name><styleUrl>#sugarStyle_0</styleUrl><Polygon><outerBoundaryIs><LinearRing><coordinates>-97.1468,49.9598,0 -97.1372,49.9598,0 -97.1372,49.965,0 -97.1468,49.965,0 -97.1468,49.9598,0</coordinates></LinearRing></outerBoundaryIs></Polygon></Placemark>
      <Placemark><name>Patch (31,37)</name><styleUrl>#sugarStyle_0</styleUrl><Polygon><outerBoundaryIs><LinearRing><coordinates>-97.1372,49.9598,0 -97.1276,49.9598,0 -97.1276,49.965,0 -97.1372,49.965,0 -97.1372,49.9598,0</coordinates></LinearRing></outerBoundaryIs></Polygon></Placemark>
      <Placemark><name>Patch (32,37)</name><styleUrl>#sugarStyle_0</styleUrl><Polygon><outerBoundaryIs><LinearRing><coordinates>-97.1276,49.9598,0 -97.11800000000001,49.9598,0 -97.11800000000001,49.965,0 -97.1276,49.965,0 -97.1276,49.9598,0</coordinates></LinearRing></outerBoundaryIs></Polygon></Placemark>
      <Placemark><name>Patch (33,37)</name><styleUrl>#sugarStyle_0</styleUrl><Polygon><outerBoundaryIs><LinearRing><coordinates>-97.11800000000001,49.9598,0 -97.1084,49.9598,0 -97.1084,49.965,0 -97.11800000000001,49.965,0 -97.11800000000001,49.9598,0</coordinates></LinearRing></outerBoundaryIs></Polygon></Placemark>
      <Placemark><name>Patch (34,37)</name><styleUrl>#sugarStyle_0</styleUrl><Polygon><outerBoundaryIs><LinearRing><coordinates>-97.1084,49.9598,0 -97.0988,49.9598,0 -97.0988,49.965,0 -97.1084,49.965,0 -97.1084,49.9598,0</coordinates></LinearRing></outerBoundaryIs></Polygon></Placemark>
      <Placemark><name>Patch (35,37)</name><styleUrl>#sugarStyle_0</styleUrl><Polygon><outerBoundaryIs><LinearRing><coordinates>-97.0988,49.9598,0 -97.0892,49.9598,0 -97.0892,49.965,0 -97.0988,49.965,0 -97.0988,49.9598,0</coordinates></LinearRing></outerBoundaryIs></Polygon></Placemark>
      <Placemark><name>Patch (36,37)</name><styleUrl>#sugarStyle_0</styleUrl><Polygon><outerBoundaryIs><LinearRing><coordinates>-97.0892,49.9598,0 -97.0796,49.9598,0 -97.0796,49.965,0 -97.0892,49.965,0 -97.0892,49.9598,0</coordinates></LinearRing></outerBoundaryIs></Polygon></Placemark>
      <Placemark><name>Patch (37,37)</name><styleUrl>#sugarStyle_0</styleUrl><Polygon><outerBoundaryIs><LinearRing><coordinates>-97.0796,49.9598,0 -97.07000000000001,49.9598,0 -97.07000000000001,49.965,0 -97.0796,49.965,0 -97.0796,49.9598,0</coordinates></LinearRing></outerBoundaryIs></Polygon></Placemark>
      <Placemark><name>Patch (38,37)</name><styleUrl>#sugarStyle_0</styleUrl><Polygon><outerBoundaryIs><LinearRing><coordinates>-97.07000000000001,49.9598,0 -97.0604,49.9598,0 -97.0604,49.965,0 -97.07000000000001,49.965,0 -97.07000000000001,49.9598,0</coordinates></LinearRing></outerBoundaryIs></Polygon></Placemark>
      <Placemark><name>Patch (39,37)</name><styleUrl>#sugarStyle_0</styleUrl><Polygon><outerBoundaryIs><LinearRing><coordinates>-97.0604,49.9598,0 -97.05080000000001,49.9598,0 -97.05080000000001,49.965,0 -97.0604,49.965,0 -97.0604,49.9598,0</coordinates></LinearRing></outerBoundaryIs></Polygon></Placemark>
      <Placemark><name>Patch (40,37)</name><styleUrl>#sugarStyle_0</styleUrl><Polygon><outerBoundaryIs><LinearRing><coordinates>-97.05080000000001,49.9598,0 -97.0412,49.9598,0 -97.0412,49.965,0 -97.05080000000001,49.965,0 -97.05080000000001,49.9598,0</coordinates></LinearRing></outerBoundaryIs></Polygon></Placemark>
      <Placemark><name>Patch (41,37)</name><styleUrl>#sugarStyle_0</styleUrl><Polygon><outerBoundaryIs><LinearRing><coordinates>-97.0412,49.9598,0 -97.0316,49.9598,0 -97.0316,49.965,0 -97.0412,49.965,0 -97.0412,49.9598,0</coordinates></LinearRing></outerBoundaryIs></Polygon></Placemark>
      <Placemark><name>Patch (42,37)</name><styleUrl>#sugarStyle_0</styleUrl><Polygon><outerBoundaryIs><LinearRing><coordinates>-97.0316,49.9598,0 -97.022,49.9598,0 -97.022,49.965,0 -97.0316,49.965,0 -97.0316,49.9598,0</coordinates></LinearRing></outerBoundaryIs></Polygon></Placemark>
      <Placemark><name>Patch (43,37)</name><styleUrl>#sugarStyle_0</styleUrl><Polygon><outerBoundaryIs><LinearRing><coordinates>-97.022,49.9598,0 -97.0124,49.9598,0 -97.0124,49.965,0 -97.022,49.965,0 -97.022,49.9598,0</coordinates></LinearRing></outerBoundaryIs></Polygon></Placemark>
      <Placemark><name>Patch (44,37)</name><styleUrl>#sugarStyle_0</styleUrl><Polygon><outerBoundaryIs><LinearRing><coordinates>-97.0124,49.9598,0 -97.00280000000001,49.9598,0 -97.00280000000001,49.965,0 -97.0124,49.965,0 -97.0124,49.9598,0</coordinates></LinearRing></outerBoundaryIs></Polygon></Placemark>
      <Placemark><name>Patch (45,37)</name><styleUrl>#sugarStyle_0</styleUrl><Polygon><outerBoundaryIs><LinearRing><coordinates>-97.00280000000001,49.9598,0 -96.9932,49.9598,0 -96.9932,49.965,0 -97.00280000000001,49.965,0 -97.00280000000001,49.9598,0</coordinates></LinearRing></outerBoundaryIs></Polygon></Placemark>
      <Placemark><name>Patch (46,37)</name><styleUrl>#sugarStyle_0</styleUrl><Polygon><outerBoundaryIs><LinearRing><coordinates>-96.9932,49.9598,0 -96.98360000000001,49.9598,0 -96.98360000000001,49.965,0 -96.9932,49.965,0 -96.9932,49.9598,0</coordinates></LinearRing></outerBoundaryIs></Polygon></Placemark>
      <Placemark><name>Patch (47,37)</name><styleUrl>#sugarStyle_0</styleUrl><Polygon><outerBoundaryIs><LinearRing><coordinates>-96.98360000000001,49.9598,0 -96.974,49.9598,0 -96.974,49.965,0 -96.98360000000001,49.965,0 -96.98360000000001,49.9598,0</coordinates></LinearRing></outerBoundaryIs></Polygon></Placemark>
      <Placemark><name>Patch (48,37)</name><styleUrl>#sugarStyle_0</styleUrl><Polygon><outerBoundaryIs><LinearRing><coordinates>-96.974,49.9598,0 -96.9644,49.9598,0 -96.9644,49.965,0 -96.974,49.965,0 -96.974,49.9598,0</coordinates></LinearRing></outerBoundaryIs></Polygon></Placemark>
      <Placemark><name>Patch (49,37)</name><styleUrl>#sugarStyle_0</styleUrl><Polygon><outerBoundaryIs><LinearRing><coordinates>-96.9644,49.9598,0 -96.9548,49.9598,0 -96.9548,49.965,0 -96.9644,49.965,0 -96.9644,49.9598,0</coordinates></LinearRing></outerBoundaryIs></Polygon></Placemark>
      <Placemark><name>Patch (50,37)</name><styleUrl>#sugarStyle_0</styleUrl><Polygon><outerBoundaryIs><LinearRing><coordinates>-96.9548,49.9598,0 -96.9452,49.9598,0 -96.9452,49.965,0 -96.9548,49.965,0 -96.9548,49.9598,0</coordinates></LinearRing></outerBoundaryIs></Polygon></Placemark>
      <Placemark><name>Patch (0,38)</name><styleUrl>#sugarStyle_0</styleUrl><Polygon><outerBoundaryIs><LinearRing><coordinates>-97.43480000000001,49.965,0 -97.4252,49.965,0 -97.4252,49.9702,0 -97.43480000000001,49.9702,0 -97.43480000000001,49.965,0</coordinates></LinearRing></outerBoundaryIs></Polygon></Placemark>
      <Placemark><name>Patch (1,38)</name><styleUrl>#sugarStyle_0</styleUrl><Polygon><outerBoundaryIs><LinearRing><coordinates>-97.4252,49.965,0 -97.41560000000001,49.965,0 -97.41560000000001,49.9702,0 -97.4252,49.9702,0 -97.4252,49.965,0</coordinates></LinearRing></outerBoundaryIs></Polygon></Placemark>
      <Placemark><name>Patch (2,38)</name><styleUrl>#sugarStyle_0</styleUrl><Polygon><outerBoundaryIs><LinearRing><coordinates>-97.41560000000001,49.965,0 -97.406,49.965,0 -97.406,49.9702,0 -97.41560000000001,49.9702,0 -97.41560000000001,49.965,0</coordinates></LinearRing></outerBoundaryIs></Polygon></Placemark>
      <Placemark><name>Patch (3,38)</name><styleUrl>#sugarStyle_0</styleUrl><Polygon><outerBoundaryIs><LinearRing><coordinates>-97.406,49.965,0 -97.3964,49.965,0 -97.3964,49.9702,0 -97.406,49.9702,0 -97.406,49.965,0</coordinates></LinearRing></outerBoundaryIs></Polygon></Placemark>
      <Placemark><name>Patch (4,38)</name><styleUrl>#sugarStyle_0</styleUrl><Polygon><outerBoundaryIs><LinearRing><coordinates>-97.3964,49.965,0 -97.38680000000001,49.965,0 -97.38680000000001,49.9702,0 -97.3964,49.9702,0 -97.3964,49.965,0</coordinates></LinearRing></outerBoundaryIs></Polygon></Placemark>
      <Placemark><name>Patch (5,38)</name><styleUrl>#sugarStyle_0</styleUrl><Polygon><outerBoundaryIs><LinearRing><coordinates>-97.38680000000001,49.965,0 -97.3772,49.965,0 -97.3772,49.9702,0 -97.38680000000001,49.9702,0 -97.38680000000001,49.965,0</coordinates></LinearRing></outerBoundaryIs></Polygon></Placemark>
      <Placemark><name>Patch (6,38)</name><styleUrl>#sugarStyle_0</styleUrl><Polygon><outerBoundaryIs><LinearRing><coordinates>-97.3772,49.965,0 -97.36760000000001,49.965,0 -97.36760000000001,49.9702,0 -97.3772,49.9702,0 -97.3772,49.965,0</coordinates></LinearRing></outerBoundaryIs></Polygon></Placemark>
      <Placemark><name>Patch (7,38)</name><styleUrl>#sugarStyle_0</styleUrl><Polygon><outerBoundaryIs><LinearRing><coordinates>-97.36760000000001,49.965,0 -97.358,49.965,0 -97.358,49.9702,0 -97.36760000000001,49.9702,0 -97.36760000000001,49.965,0</coordinates></LinearRing></outerBoundaryIs></Polygon></Placemark>
      <Placemark><name>Patch (8,38)</name><styleUrl>#sugarStyle_0</styleUrl><Polygon><outerBoundaryIs><LinearRing><coordinates>-97.358,49.965,0 -97.34840000000001,49.965,0 -97.34840000000001,49.9702,0 -97.358,49.9702,0 -97.358,49.965,0</coordinates></LinearRing></outerBoundaryIs></Polygon></Placemark>
      <Placemark><name>Patch (9,38)</name><styleUrl>#sugarStyle_0</styleUrl><Polygon><outerBoundaryIs><LinearRing><coordinates>-97.34840000000001,49.965,0 -97.3388,49.965,0 -97.3388,49.9702,0 -97.34840000000001,49.9702,0 -97.34840000000001,49.965,0</coordinates></LinearRing></outerBoundaryIs></Polygon></Placemark>
      <Placemark><name>Patch (10,38)</name><styleUrl>#sugarStyle_0</styleUrl><Polygon><outerBoundaryIs><LinearRing><coordinates>-97.3388,49.965,0 -97.3292,49.965,0 -97.3292,49.9702,0 -97.3388,49.9702,0 -97.3388,49.965,0</coordinates></LinearRing></outerBoundaryIs></Polygon></Placemark>
      <Placemark><name>Patch (11,38)</name><styleUrl>#sugarStyle_0</styleUrl><Polygon><outerBoundaryIs><LinearRing><coordinates>-97.3292,49.965,0 -97.31960000000001,49.965,0 -97.31960000000001,49.9702,0 -97.3292,49.9702,0 -97.3292,49.965,0</coordinates></LinearRing></outerBoundaryIs></Polygon></Placemark>
      <Placemark><name>Patch (12,38)</name><styleUrl>#sugarStyle_0</styleUrl><Polygon><outerBoundaryIs><LinearRing><coordinates>-97.31960000000001,49.965,0 -97.31,49.965,0 -97.31,49.9702,0 -97.31960000000001,49.9702,0 -97.31960000000001,49.965,0</coordinates></LinearRing></outerBoundaryIs></Polygon></Placemark>
      <Placemark><name>Patch (13,38)</name><styleUrl>#sugarStyle_0</styleUrl><Polygon><outerBoundaryIs><LinearRing><coordinates>-97.31,49.965,0 -97.30040000000001,49.965,0 -97.30040000000001,49.9702,0 -97.31,49.9702,0 -97.31,49.965,0</coordinates></LinearRing></outerBoundaryIs></Polygon></Placemark>
      <Placemark><name>Patch (14,38)</name><styleUrl>#sugarStyle_0</styleUrl><Polygon><outerBoundaryIs><LinearRing><coordinates>-97.30040000000001,49.965,0 -97.2908,49.965,0 -97.2908,49.9702,0 -97.30040000000001,49.9702,0 -97.30040000000001,49.965,0</coordinates></LinearRing></outerBoundaryIs></Polygon></Placemark>
      <Placemark><name>Patch (15,38)</name><styleUrl>#sugarStyle_0</styleUrl><Polygon><outerBoundaryIs><LinearRing><coordinates>-97.2908,49.965,0 -97.28120000000001,49.965,0 -97.28120000000001,49.9702,0 -97.2908,49.9702,0 -97.2908,49.965,0</coordinates></LinearRing></outerBoundaryIs></Polygon></Placemark>
      <Placemark><name>Patch (16,38)</name><styleUrl>#sugarStyle_0</styleUrl><Polygon><outerBoundaryIs><LinearRing><coordinates>-97.28120000000001,49.965,0 -97.2716,49.965,0 -97.2716,49.9702,0 -97.28120000000001,49.9702,0 -97.28120000000001,49.965,0</coordinates></LinearRing></outerBoundaryIs></Polygon></Placemark>
      <Placemark><name>Patch (17,38)</name><styleUrl>#sugarStyle_0</styleUrl><Polygon><outerBoundaryIs><LinearRing><coordinates>-97.2716,49.965,0 -97.262,49.965,0 -97.262,49.9702,0 -97.2716,49.9702,0 -97.2716,49.965,0</coordinates></LinearRing></outerBoundaryIs></Polygon></Placemark>
      <Placemark><name>Patch (18,38)</name><styleUrl>#sugarStyle_0</styleUrl><Polygon><outerBoundaryIs><LinearRing><coordinates>-97.262,49.965,0 -97.25240000000001,49.965,0 -97.25240000000001,49.9702,0 -97.262,49.9702,0 -97.262,49.965,0</coordinates></LinearRing></outerBoundaryIs></Polygon></Placemark>
      <Placemark><name>Patch (19,38)</name><styleUrl>#sugarStyle_0</styleUrl><Polygon><outerBoundaryIs><LinearRing><coordinates>-97.25240000000001,49.965,0 -97.2428,49.965,0 -97.2428,49.9702,0 -97.25240000000001,49.9702,0 -97.25240000000001,49.965,0</coordinates></LinearRing></outerBoundaryIs></Polygon></Placemark>
      <Placemark><name>Patch (20,38)</name><styleUrl>#sugarStyle_0</styleUrl><Polygon><outerBoundaryIs><LinearRing><coordinates>-97.2428,49.965,0 -97.23320000000001,49.965,0 -97.23320000000001,49.9702,0 -97.2428,49.9702,0 -97.2428,49.965,0</coordinates></LinearRing></outerBoundaryIs></Polygon></Placemark>
      <Placemark><name>Patch (21,38)</name><styleUrl>#sugarStyle_0</styleUrl><Polygon><outerBoundaryIs><LinearRing><coordinates>-97.23320000000001,49.965,0 -97.2236,49.965,0 -97.2236,49.9702,0 -97.23320000000001,49.9702,0 -97.23320000000001,49.965,0</coordinates></LinearRing></outerBoundaryIs></Polygon></Placemark>
      <Placemark><name>Patch (22,38)</name><styleUrl>#sugarStyle_0</styleUrl><Polygon><outerBoundaryIs><LinearRing><coordinates>-97.2236,49.965,0 -97.214,49.965,0 -97.214,49.9702,0 -97.2236,49.9702,0 -97.2236,49.965,0</coordinates></LinearRing></outerBoundaryIs></Polygon></Placemark>
      <Placemark><name>Patch (23,38)</name><styleUrl>#sugarStyle_0</styleUrl><Polygon><outerBoundaryIs><LinearRing><coordinates>-97.214,49.965,0 -97.2044,49.965,0 -97.2044,49.9702,0 -97.214,49.9702,0 -97.214,49.965,0</coordinates></LinearRing></outerBoundaryIs></Polygon></Placemark>
      <Placemark><name>Patch (24,38)</name><styleUrl>#sugarStyle_0</styleUrl><Polygon><outerBoundaryIs><LinearRing><coordinates>-97.2044,49.965,0 -97.1948,49.965,0 -97.1948,49.9702,0 -97.2044,49.9702,0 -97.2044,49.965,0</coordinates></LinearRing></outerBoundaryIs></Polygon></Placemark>
      <Placemark><name>Patch (25,38)</name><styleUrl>#sugarStyle_0</styleUrl><Polygon><outerBoundaryIs><LinearRing><coordinates>-97.1948,49.965,0 -97.18520000000001,49.965,0 -97.18520000000001,49.9702,0 -97.1948,49.9702,0 -97.1948,49.965,0</coordinates></LinearRing></outerBoundaryIs></Polygon></Placemark>
      <Placemark><name>Patch (26,38)</name><styleUrl>#sugarStyle_0</styleUrl><Polygon><outerBoundaryIs><LinearRing><coordinates>-97.18520000000001,49.965,0 -97.1756,49.965,0 -97.1756,49.9702,0 -97.18520000000001,49.9702,0 -97.18520000000001,49.965,0</coordinates></LinearRing></outerBoundaryIs></Polygon></Placemark>
      <Placemark><name>Patch (27,38)</name><styleUrl>#sugarStyle_0</styleUrl><Polygon><outerBoundaryIs><LinearRing><coordinates>-97.1756,49.965,0 -97.16600000000001,49.965,0 -97.16600000000001,49.9702,0 -97.1756,49.9702,0 -97.1756,49.965,0</coordinates></LinearRing></outerBoundaryIs></Polygon></Placemark>
      <Placemark><name>Patch (28,38)</name><styleUrl>#sugarStyle_0</styleUrl><Polygon><outerBoundaryIs><LinearRing><coordinates>-97.16600000000001,49.965,0 -97.1564,49.965,0 -97.1564,49.9702,0 -97.16600000000001,49.9702,0 -97.16600000000001,49.965,0</coordinates></LinearRing></outerBoundaryIs></Polygon></Placemark>
      <Placemark><name>Patch (29,38)</name><styleUrl>#sugarStyle_0</styleUrl><Polygon><outerBoundaryIs><LinearRing><coordinates>-97.1564,49.965,0 -97.1468,49.965,0 -97.1468,49.9702,0 -97.1564,49.9702,0 -97.1564,49.965,0</coordinates></LinearRing></outerBoundaryIs></Polygon></Placemark>
      <Placemark><name>Patch (30,38)</name><styleUrl>#sugarStyle_0</styleUrl><Polygon><outerBoundaryIs><LinearRing><coordinates>-97.1468,49.965,0 -97.1372,49.965,0 -97.1372,49.9702,0 -97.1468,49.9702,0 -97.1468,49.965,0</coordinates></LinearRing></outerBoundaryIs></Polygon></Placemark>
      <Placemark><name>Patch (31,38)</name><styleUrl>#sugarStyle_0</styleUrl><Polygon><outerBoundaryIs><LinearRing><coordinates>-97.1372,49.965,0 -97.1276,49.965,0 -97.1276,49.9702,0 -97.1372,49.9702,0 -97.1372,49.965,0</coordinates></LinearRing></outerBoundaryIs></Polygon></Placemark>
      <Placemark><name>Patch (32,38)</name><styleUrl>#sugarStyle_0</styleUrl><Polygon><outerBoundaryIs><LinearRing><coordinates>-97.1276,49.965,0 -97.11800000000001,49.965,0 -97.11800000000001,49.9702,0 -97.1276,49.9702,0 -97.1276,49.965,0</coordinates></LinearRing></outerBoundaryIs></Polygon></Placemark>
      <Placemark><name>Patch (33,38)</name><styleUrl>#sugarStyle_0</styleUrl><Polygon><outerBoundaryIs><LinearRing><coordinates>-97.11800000000001,49.965,0 -97.1084,49.965,0 -97.1084,49.9702,0 -97.11800000000001,49.9702,0 -97.11800000000001,49.965,0</coordinates></LinearRing></outerBoundaryIs></Polygon></Placemark>
      <Placemark><name>Patch (34,38)</name><styleUrl>#sugarStyle_0</styleUrl><Polygon><outerBoundaryIs><LinearRing><coordinates>-97.1084,49.965,0 -97.0988,49.965,0 -97.0988,49.9702,0 -97.1084,49.9702,0 -97.1084,49.965,0</coordinates></LinearRing></outerBoundaryIs></Polygon></Placemark>
      <Placemark><name>Patch (35,38)</name><styleUrl>#sugarStyle_0</styleUrl><Polygon><outerBoundaryIs><LinearRing><coordinates>-97.0988,49.965,0 -97.0892,49.965,0 -97.0892,49.9702,0 -97.0988,49.9702,0 -97.0988,49.965,0</coordinates></LinearRing></outerBoundaryIs></Polygon></Placemark>
      <Placemark><name>Patch (36,38)</name><styleUrl>#sugarStyle_0</styleUrl><Polygon><outerBoundaryIs><LinearRing><coordinates>-97.0892,49.965,0 -97.0796,49.965,0 -97.0796,49.9702,0 -97.0892,49.9702,0 -97.0892,49.965,0</coordinates></LinearRing></outerBoundaryIs></Polygon></Placemark>
      <Placemark><name>Patch (37,38)</name><styleUrl>#sugarStyle_0</styleUrl><Polygon><outerBoundaryIs><LinearRing><coordinates>-97.0796,49.965,0 -97.07000000000001,49.965,0 -97.07000000000001,49.9702,0 -97.0796,49.9702,0 -97.0796,49.965,0</coordinates></LinearRing></outerBoundaryIs></Polygon></Placemark>
      <Placemark><name>Patch (38,38)</name><styleUrl>#sugarStyle_0</styleUrl><Polygon><outerBoundaryIs><LinearRing><coordinates>-97.07000000000001,49.965,0 -97.0604,49.965,0 -97.0604,49.9702,0 -97.07000000000001,49.9702,0 -97.07000000000001,49.965,0</coordinates></LinearRing></outerBoundaryIs></Polygon></Placemark>
      <Placemark><name>Patch (39,38)</name><styleUrl>#sugarStyle_0</styleUrl><Polygon><outerBoundaryIs><LinearRing><coordinates>-97.0604,49.965,0 -97.05080000000001,49.965,0 -97.05080000000001,49.9702,0 -97.0604,49.9702,0 -97.0604,49.965,0</coordinates></LinearRing></outerBoundaryIs></Polygon></Placemark>
      <Placemark><name>Patch (40,38)</name><styleUrl>#sugarStyle_0</styleUrl><Polygon><outerBoundaryIs><LinearRing><coordinates>-97.05080000000001,49.965,0 -97.0412,49.965,0 -97.0412,49.9702,0 -97.05080000000001,49.9702,0 -97.05080000000001,49.965,0</coordinates></LinearRing></outerBoundaryIs></Polygon></Placemark>
      <Placemark><name>Patch (41,38)</name><styleUrl>#sugarStyle_0</styleUrl><Polygon><outerBoundaryIs><LinearRing><coordinates>-97.0412,49.965,0 -97.0316,49.965,0 -97.0316,49.9702,0 -97.0412,49.9702,0 -97.0412,49.965,0</coordinates></LinearRing></outerBoundaryIs></Polygon></Placemark>
      <Placemark><name>Patch (42,38)</name><styleUrl>#sugarStyle_0</styleUrl><Polygon><outerBoundaryIs><LinearRing><coordinates>-97.0316,49.965,0 -97.022,49.965,0 -97.022,49.9702,0 -97.0316,49.9702,0 -97.0316,49.965,0</coordinates></LinearRing></outerBoundaryIs></Polygon></Placemark>
      <Placemark><name>Patch (43,38)</name><styleUrl>#sugarStyle_0</styleUrl><Polygon><outerBoundaryIs><LinearRing><coordinates>-97.022,49.965,0 -97.0124,49.965,0 -97.0124,49.9702,0 -97.022,49.9702,0 -97.022,49.965,0</coordinates></LinearRing></outerBoundaryIs></Polygon></Placemark>
      <Placemark><name>Patch (44,38)</name><styleUrl>#sugarStyle_0</styleUrl><Polygon><outerBoundaryIs><LinearRing><coordinates>-97.0124,49.965,0 -97.00280000000001,49.965,0 -97.00280000000001,49.9702,0 -97.0124,49.9702,0 -97.0124,49.965,0</coordinates></LinearRing></outerBoundaryIs></Polygon></Placemark>
      <Placemark><name>Patch (45,38)</name><styleUrl>#sugarStyle_0</styleUrl><Polygon><outerBoundaryIs><LinearRing><coordinates>-97.00280000000001,49.965,0 -96.9932,49.965,0 -96.9932,49.9702,0 -97.00280000000001,49.9702,0 -97.00280000000001,49.965,0</coordinates></LinearRing></outerBoundaryIs></Polygon></Placemark>
      <Placemark><name>Patch (46,38)</name><styleUrl>#sugarStyle_0</styleUrl><Polygon><outerBoundaryIs><LinearRing><coordinates>-96.9932,49.965,0 -96.98360000000001,49.965,0 -96.98360000000001,49.9702,0 -96.9932,49.9702,0 -96.9932,49.965,0</coordinates></LinearRing></outerBoundaryIs></Polygon></Placemark>
      <Placemark><name>Patch (47,38)</name><styleUrl>#sugarStyle_0</styleUrl><Polygon><outerBoundaryIs><LinearRing><coordinates>-96.98360000000001,49.965,0 -96.974,49.965,0 -96.974,49.9702,0 -96.98360000000001,49.9702,0 -96.98360000000001,49.965,0</coordinates></LinearRing></outerBoundaryIs></Polygon></Placemark>
      <Placemark><name>Patch (48,38)</name><styleUrl>#sugarStyle_0</styleUrl><Polygon><outerBoundaryIs><LinearRing><coordinates>-96.974,49.965,0 -96.9644,49.965,0 -96.9644,49.9702,0 -96.974,49.9702,0 -96.974,49.965,0</coordinates></LinearRing></outerBoundaryIs></Polygon></Placemark>
      <Placemark><name>Patch (49,38)</name><styleUrl>#sugarStyle_0</styleUrl><Polygon><outerBoundaryIs><LinearRing><coordinates>-96.9644,49.965,0 -96.9548,49.965,0 -96.9548,49.9702,0 -96.9644,49.9702,0 -96.9644,49.965,0</coordinates></LinearRing></outerBoundaryIs></Polygon></Placemark>
      <Placemark><name>Patch (50,38)</name><styleUrl>#sugarStyle_0</styleUrl><Polygon><outerBoundaryIs><LinearRing><coordinates>-96.9548,49.965,0 -96.9452,49.965,0 -96.9452,49.9702,0 -96.9548,49.9702,0 -96.9548,49.965,0</coordinates></LinearRing></outerBoundaryIs></Polygon></Placemark>
      <Placemark><name>Patch (0,39)</name><styleUrl>#sugarStyle_0</styleUrl><Polygon><outerBoundaryIs><LinearRing><coordinates>-97.43480000000001,49.9702,0 -97.4252,49.9702,0 -97.4252,49.9754,0 -97.43480000000001,49.9754,0 -97.43480000000001,49.9702,0</coordinates></LinearRing></outerBoundaryIs></Polygon></Placemark>
      <Placemark><name>Patch (1,39)</name><styleUrl>#sugarStyle_0</styleUrl><Polygon><outerBoundaryIs><LinearRing><coordinates>-97.4252,49.9702,0 -97.41560000000001,49.9702,0 -97.41560000000001,49.9754,0 -97.4252,49.9754,0 -97.4252,49.9702,0</coordinates></LinearRing></outerBoundaryIs></Polygon></Placemark>
      <Placemark><name>Patch (2,39)</name><styleUrl>#sugarStyle_0</styleUrl><Polygon><outerBoundaryIs><LinearRing><coordinates>-97.41560000000001,49.9702,0 -97.406,49.9702,0 -97.406,49.9754,0 -97.41560000000001,49.9754,0 -97.41560000000001,49.9702,0</coordinates></LinearRing></outerBoundaryIs></Polygon></Placemark>
      <Placemark><name>Patch (3,39)</name><styleUrl>#sugarStyle_0</styleUrl><Polygon><outerBoundaryIs><LinearRing><coordinates>-97.406,49.9702,0 -97.3964,49.9702,0 -97.3964,49.9754,0 -97.406,49.9754,0 -97.406,49.9702,0</coordinates></LinearRing></outerBoundaryIs></Polygon></Placemark>
      <Placemark><name>Patch (4,39)</name><styleUrl>#sugarStyle_0</styleUrl><Polygon><outerBoundaryIs><LinearRing><coordinates>-97.3964,49.9702,0 -97.38680000000001,49.9702,0 -97.38680000000001,49.9754,0 -97.3964,49.9754,0 -97.3964,49.9702,0</coordinates></LinearRing></outerBoundaryIs></Polygon></Placemark>
      <Placemark><name>Patch (5,39)</name><styleUrl>#sugarStyle_0</styleUrl><Polygon><outerBoundaryIs><LinearRing><coordinates>-97.38680000000001,49.9702,0 -97.3772,49.9702,0 -97.3772,49.9754,0 -97.38680000000001,49.9754,0 -97.38680000000001,49.9702,0</coordinates></LinearRing></outerBoundaryIs></Polygon></Placemark>
      <Placemark><name>Patch (6,39)</name><styleUrl>#sugarStyle_0</styleUrl><Polygon><outerBoundaryIs><LinearRing><coordinates>-97.3772,49.9702,0 -97.36760000000001,49.9702,0 -97.36760000000001,49.9754,0 -97.3772,49.9754,0 -97.3772,49.9702,0</coordinates></LinearRing></outerBoundaryIs></Polygon></Placemark>
      <Placemark><name>Patch (7,39)</name><styleUrl>#sugarStyle_0</styleUrl><Polygon><outerBoundaryIs><LinearRing><coordinates>-97.36760000000001,49.9702,0 -97.358,49.9702,0 -97.358,49.9754,0 -97.36760000000001,49.9754,0 -97.36760000000001,49.9702,0</coordinates></LinearRing></outerBoundaryIs></Polygon></Placemark>
      <Placemark><name>Patch (8,39)</name><styleUrl>#sugarStyle_0</styleUrl><Polygon><outerBoundaryIs><LinearRing><coordinates>-97.358,49.9702,0 -97.34840000000001,49.9702,0 -97.34840000000001,49.9754,0 -97.358,49.9754,0 -97.358,49.9702,0</coordinates></LinearRing></outerBoundaryIs></Polygon></Placemark>
      <Placemark><name>Patch (9,39)</name><styleUrl>#sugarStyle_0</styleUrl><Polygon><outerBoundaryIs><LinearRing><coordinates>-97.34840000000001,49.9702,0 -97.3388,49.9702,0 -97.3388,49.9754,0 -97.34840000000001,49.9754,0 -97.34840000000001,49.9702,0</coordinates></LinearRing></outerBoundaryIs></Polygon></Placemark>
      <Placemark><name>Patch (10,39)</name><styleUrl>#sugarStyle_0</styleUrl><Polygon><outerBoundaryIs><LinearRing><coordinates>-97.3388,49.9702,0 -97.3292,49.9702,0 -97.3292,49.9754,0 -97.3388,49.9754,0 -97.3388,49.9702,0</coordinates></LinearRing></outerBoundaryIs></Polygon></Placemark>
      <Placemark><name>Patch (11,39)</name><styleUrl>#sugarStyle_0</styleUrl><Polygon><outerBoundaryIs><LinearRing><coordinates>-97.3292,49.9702,0 -97.31960000000001,49.9702,0 -97.31960000000001,49.9754,0 -97.3292,49.9754,0 -97.3292,49.9702,0</coordinates></LinearRing></outerBoundaryIs></Polygon></Placemark>
      <Placemark><name>Patch (12,39)</name><styleUrl>#sugarStyle_0</styleUrl><Polygon><outerBoundaryIs><LinearRing><coordinates>-97.31960000000001,49.9702,0 -97.31,49.9702,0 -97.31,49.9754,0 -97.31960000000001,49.9754,0 -97.31960000000001,49.9702,0</coordinates></LinearRing></outerBoundaryIs></Polygon></Placemark>
      <Placemark><name>Patch (13,39)</name><styleUrl>#sugarStyle_0</styleUrl><Polygon><outerBoundaryIs><LinearRing><coordinates>-97.31,49.9702,0 -97.30040000000001,49.9702,0 -97.30040000000001,49.9754,0 -97.31,49.9754,0 -97.31,49.9702,0</coordinates></LinearRing></outerBoundaryIs></Polygon></Placemark>
      <Placemark><name>Patch (14,39)</name><styleUrl>#sugarStyle_0</styleUrl><Polygon><outerBoundaryIs><LinearRing><coordinates>-97.30040000000001,49.9702,0 -97.2908,49.9702,0 -97.2908,49.9754,0 -97.30040000000001,49.9754,0 -97.30040000000001,49.9702,0</coordinates></LinearRing></outerBoundaryIs></Polygon></Placemark>
      <Placemark><name>Patch (15,39)</name><styleUrl>#sugarStyle_0</styleUrl><Polygon><outerBoundaryIs><LinearRing><coordinates>-97.2908,49.9702,0 -97.28120000000001,49.9702,0 -97.28120000000001,49.9754,0 -97.2908,49.9754,0 -97.2908,49.9702,0</coordinates></LinearRing></outerBoundaryIs></Polygon></Placemark>
      <Placemark><name>Patch (16,39)</name><styleUrl>#sugarStyle_0</styleUrl><Polygon><outerBoundaryIs><LinearRing><coordinates>-97.28120000000001,49.9702,0 -97.2716,49.9702,0 -97.2716,49.9754,0 -97.28120000000001,49.9754,0 -97.28120000000001,49.9702,0</coordinates></LinearRing></outerBoundaryIs></Polygon></Placemark>
      <Placemark><name>Patch (17,39)</name><styleUrl>#sugarStyle_0</styleUrl><Polygon><outerBoundaryIs><LinearRing><coordinates>-97.2716,49.9702,0 -97.262,49.9702,0 -97.262,49.9754,0 -97.2716,49.9754,0 -97.2716,49.9702,0</coordinates></LinearRing></outerBoundaryIs></Polygon></Placemark>
      <Placemark><name>Patch (18,39)</name><styleUrl>#sugarStyle_0</styleUrl><Polygon><outerBoundaryIs><LinearRing><coordinates>-97.262,49.9702,0 -97.25240000000001,49.9702,0 -97.25240000000001,49.9754,0 -97.262,49.9754,0 -97.262,49.9702,0</coordinates></LinearRing></outerBoundaryIs></Polygon></Placemark>
      <Placemark><name>Patch (19,39)</name><styleUrl>#sugarStyle_0</styleUrl><Polygon><outerBoundaryIs><LinearRing><coordinates>-97.25240000000001,49.9702,0 -97.2428,49.9702,0 -97.2428,49.9754,0 -97.25240000000001,49.9754,0 -97.25240000000001,49.9702,0</coordinates></LinearRing></outerBoundaryIs></Polygon></Placemark>
      <Placemark><name>Patch (20,39)</name><styleUrl>#sugarStyle_0</styleUrl><Polygon><outerBoundaryIs><LinearRing><coordinates>-97.2428,49.9702,0 -97.23320000000001,49.9702,0 -97.23320000000001,49.9754,0 -97.2428,49.9754,0 -97.2428,49.9702,0</coordinates></LinearRing></outerBoundaryIs></Polygon></Placemark>
      <Placemark><name>Patch (21,39)</name><styleUrl>#sugarStyle_0</styleUrl><Polygon><outerBoundaryIs><LinearRing><coordinates>-97.23320000000001,49.9702,0 -97.2236,49.9702,0 -97.2236,49.9754,0 -97.23320000000001,49.9754,0 -97.23320000000001,49.9702,0</coordinates></LinearRing></outerBoundaryIs></Polygon></Placemark>
      <Placemark><name>Patch (22,39)</name><styleUrl>#sugarStyle_0</styleUrl><Polygon><outerBoundaryIs><LinearRing><coordinates>-97.2236,49.9702,0 -97.214,49.9702,0 -97.214,49.9754,0 -97.2236,49.9754,0 -97.2236,49.9702,0</coordinates></LinearRing></outerBoundaryIs></Polygon></Placemark>
      <Placemark><name>Patch (23,39)</name><styleUrl>#sugarStyle_0</styleUrl><Polygon><outerBoundaryIs><LinearRing><coordinates>-97.214,49.9702,0 -97.2044,49.9702,0 -97.2044,49.9754,0 -97.214,49.9754,0 -97.214,49.9702,0</coordinates></LinearRing></outerBoundaryIs></Polygon></Placemark>
      <Placemark><name>Patch (24,39)</name><styleUrl>#sugarStyle_0</styleUrl><Polygon><outerBoundaryIs><LinearRing><coordinates>-97.2044,49.9702,0 -97.1948,49.9702,0 -97.1948,49.9754,0 -97.2044,49.9754,0 -97.2044,49.9702,0</coordinates></LinearRing></outerBoundaryIs></Polygon></Placemark>
      <Placemark><name>Patch (25,39)</name><styleUrl>#sugarStyle_0</styleUrl><Polygon><outerBoundaryIs><LinearRing><coordinates>-97.1948,49.9702,0 -97.18520000000001,49.9702,0 -97.18520000000001,49.9754,0 -97.1948,49.9754,0 -97.1948,49.9702,0</coordinates></LinearRing></outerBoundaryIs></Polygon></Placemark>
      <Placemark><name>Patch (26,39)</name><styleUrl>#sugarStyle_0</styleUrl><Polygon><outerBoundaryIs><LinearRing><coordinates>-97.18520000000001,49.9702,0 -97.1756,49.9702,0 -97.1756,49.9754,0 -97.18520000000001,49.9754,0 -97.18520000000001,49.9702,0</coordinates></LinearRing></outerBoundaryIs></Polygon></Placemark>
      <Placemark><name>Patch (27,39)</name><styleUrl>#sugarStyle_0</styleUrl><Polygon><outerBoundaryIs><LinearRing><coordinates>-97.1756,49.9702,0 -97.16600000000001,49.9702,0 -97.16600000000001,49.9754,0 -97.1756,49.9754,0 -97.1756,49.9702,0</coordinates></LinearRing></outerBoundaryIs></Polygon></Placemark>
      <Placemark><name>Patch (28,39)</name><styleUrl>#sugarStyle_0</styleUrl><Polygon><outerBoundaryIs><LinearRing><coordinates>-97.16600000000001,49.9702,0 -97.1564,49.9702,0 -97.1564,49.9754,0 -97.16600000000001,49.9754,0 -97.16600000000001,49.9702,0</coordinates></LinearRing></outerBoundaryIs></Polygon></Placemark>
      <Placemark><name>Patch (29,39)</name><styleUrl>#sugarStyle_0</styleUrl><Polygon><outerBoundaryIs><LinearRing><coordinates>-97.1564,49.9702,0 -97.1468,49.9702,0 -97.1468,49.9754,0 -97.1564,49.9754,0 -97.1564,49.9702,0</coordinates></LinearRing></outerBoundaryIs></Polygon></Placemark>
      <Placemark><name>Patch (30,39)</name><styleUrl>#sugarStyle_0</styleUrl><Polygon><outerBoundaryIs><LinearRing><coordinates>-97.1468,49.9702,0 -97.1372,49.9702,0 -97.1372,49.9754,0 -97.1468,49.9754,0 -97.1468,49.9702,0</coordinates></LinearRing></outerBoundaryIs></Polygon></Placemark>
      <Placemark><name>Patch (31,39)</name><styleUrl>#sugarStyle_0</styleUrl><Polygon><outerBoundaryIs><LinearRing><coordinates>-97.1372,49.9702,0 -97.1276,49.9702,0 -97.1276,49.9754,0 -97.1372,49.9754,0 -97.1372,49.9702,0</coordinates></LinearRing></outerBoundaryIs></Polygon></Placemark>
      <Placemark><name>Patch (32,39)</name><styleUrl>#sugarStyle_0</styleUrl><Polygon><outerBoundaryIs><LinearRing><coordinates>-97.1276,49.9702,0 -97.11800000000001,49.9702,0 -97.11800000000001,49.9754,0 -97.1276,49.9754,0 -97.1276,49.9702,0</coordinates></LinearRing></outerBoundaryIs></Polygon></Placemark>
      <Placemark><name>Patch (33,39)</name><styleUrl>#sugarStyle_0</styleUrl><Polygon><outerBoundaryIs><LinearRing><coordinates>-97.11800000000001,49.9702,0 -97.1084,49.9702,0 -97.1084,49.9754,0 -97.11800000000001,49.9754,0 -97.11800000000001,49.9702,0</coordinates></LinearRing></outerBoundaryIs></Polygon></Placemark>
      <Placemark><name>Patch (34,39)</name><styleUrl>#sugarStyle_0</styleUrl><Polygon><outerBoundaryIs><LinearRing><coordinates>-97.1084,49.9702,0 -97.0988,49.9702,0 -97.0988,49.9754,0 -97.1084,49.9754,0 -97.1084,49.9702,0</coordinates></LinearRing></outerBoundaryIs></Polygon></Placemark>
      <Placemark><name>Patch (35,39)</name><styleUrl>#sugarStyle_0</styleUrl><Polygon><outerBoundaryIs><LinearRing><coordinates>-97.0988,49.9702,0 -97.0892,49.9702,0 -97.0892,49.9754,0 -97.0988,49.9754,0 -97.0988,49.9702,0</coordinates></LinearRing></outerBoundaryIs></Polygon></Placemark>
      <Placemark><name>Patch (36,39)</name><styleUrl>#sugarStyle_0</styleUrl><Polygon><outerBoundaryIs><LinearRing><coordinates>-97.0892,49.9702,0 -97.0796,49.9702,0 -97.0796,49.9754,0 -97.0892,49.9754,0 -97.0892,49.9702,0</coordinates></LinearRing></outerBoundaryIs></Polygon></Placemark>
      <Placemark><name>Patch (37,39)</name><styleUrl>#sugarStyle_0</styleUrl><Polygon><outerBoundaryIs><LinearRing><coordinates>-97.0796,49.9702,0 -97.07000000000001,49.9702,0 -97.07000000000001,49.9754,0 -97.0796,49.9754,0 -97.0796,49.9702,0</coordinates></LinearRing></outerBoundaryIs></Polygon></Placemark>
      <Placemark><name>Patch (38,39)</name><styleUrl>#sugarStyle_0</styleUrl><Polygon><outerBoundaryIs><LinearRing><coordinates>-97.07000000000001,49.9702,0 -97.0604,49.9702,0 -97.0604,49.9754,0 -97.07000000000001,49.9754,0 -97.07000000000001,49.9702,0</coordinates></LinearRing></outerBoundaryIs></Polygon></Placemark>
      <Placemark><name>Patch (39,39)</name><styleUrl>#sugarStyle_0</styleUrl><Polygon><outerBoundaryIs><LinearRing><coordinates>-97.0604,49.9702,0 -97.05080000000001,49.9702,0 -97.05080000000001,49.9754,0 -97.0604,49.9754,0 -97.0604,49.9702,0</coordinates></LinearRing></outerBoundaryIs></Polygon></Placemark>
      <Placemark><name>Patch (40,39)</name><styleUrl>#sugarStyle_0</styleUrl><Polygon><outerBoundaryIs><LinearRing><coordinates>-97.05080000000001,49.9702,0 -97.0412,49.9702,0 -97.0412,49.9754,0 -97.05080000000001,49.9754,0 -97.05080000000001,49.9702,0</coordinates></LinearRing></outerBoundaryIs></Polygon></Placemark>
      <Placemark><name>Patch (41,39)</name><styleUrl>#sugarStyle_0</styleUrl><Polygon><outerBoundaryIs><LinearRing><coordinates>-97.0412,49.9702,0 -97.0316,49.9702,0 -97.0316,49.9754,0 -97.0412,49.9754,0 -97.0412,49.9702,0</coordinates></LinearRing></outerBoundaryIs></Polygon></Placemark>
      <Placemark><name>Patch (42,39)</name><styleUrl>#sugarStyle_0</styleUrl><Polygon><outerBoundaryIs><LinearRing><coordinates>-97.0316,49.9702,0 -97.022,49.9702,0 -97.022,49.9754,0 -97.0316,49.9754,0 -97.0316,49.9702,0</coordinates></LinearRing></outerBoundaryIs></Polygon></Placemark>
      <Placemark><name>Patch (43,39)</name><styleUrl>#sugarStyle_0</styleUrl><Polygon><outerBoundaryIs><LinearRing><coordinates>-97.022,49.9702,0 -97.0124,49.9702,0 -97.0124,49.9754,0 -97.022,49.9754,0 -97.022,49.9702,0</coordinates></LinearRing></outerBoundaryIs></Polygon></Placemark>
      <Placemark><name>Patch (44,39)</name><styleUrl>#sugarStyle_0</styleUrl><Polygon><outerBoundaryIs><LinearRing><coordinates>-97.0124,49.9702,0 -97.00280000000001,49.9702,0 -97.00280000000001,49.9754,0 -97.0124,49.9754,0 -97.0124,49.9702,0</coordinates></LinearRing></outerBoundaryIs></Polygon></Placemark>
      <Placemark><name>Patch (45,39)</name><styleUrl>#sugarStyle_0</styleUrl><Polygon><outerBoundaryIs><LinearRing><coordinates>-97.00280000000001,49.9702,0 -96.9932,49.9702,0 -96.9932,49.9754,0 -97.00280000000001,49.9754,0 -97.00280000000001,49.9702,0</coordinates></LinearRing></outerBoundaryIs></Polygon></Placemark>
      <Placemark><name>Patch (46,39)</name><styleUrl>#sugarStyle_0</styleUrl><Polygon><outerBoundaryIs><LinearRing><coordinates>-96.9932,49.9702,0 -96.98360000000001,49.9702,0 -96.98360000000001,49.9754,0 -96.9932,49.9754,0 -96.9932,49.9702,0</coordinates></LinearRing></outerBoundaryIs></Polygon></Placemark>
      <Placemark><name>Patch (47,39)</name><styleUrl>#sugarStyle_0</styleUrl><Polygon><outerBoundaryIs><LinearRing><coordinates>-96.98360000000001,49.9702,0 -96.974,49.9702,0 -96.974,49.9754,0 -96.98360000000001,49.9754,0 -96.98360000000001,49.9702,0</coordinates></LinearRing></outerBoundaryIs></Polygon></Placemark>
      <Placemark><name>Patch (48,39)</name><styleUrl>#sugarStyle_0</styleUrl><Polygon><outerBoundaryIs><LinearRing><coordinates>-96.974,49.9702,0 -96.9644,49.9702,0 -96.9644,49.9754,0 -96.974,49.9754,0 -96.974,49.9702,0</coordinates></LinearRing></outerBoundaryIs></Polygon></Placemark>
      <Placemark><name>Patch (49,39)</name><styleUrl>#sugarStyle_0</styleUrl><Polygon><outerBoundaryIs><LinearRing><coordinates>-96.9644,49.9702,0 -96.9548,49.9702,0 -96.9548,49.9754,0 -96.9644,49.9754,0 -96.9644,49.9702,0</coordinates></LinearRing></outerBoundaryIs></Polygon></Placemark>
      <Placemark><name>Patch (50,39)</name><styleUrl>#sugarStyle_0</styleUrl><Polygon><outerBoundaryIs><LinearRing><coordinates>-96.9548,49.9702,0 -96.9452,49.9702,0 -96.9452,49.9754,0 -96.9548,49.9754,0 -96.9548,49.9702,0</coordinates></LinearRing></outerBoundaryIs></Polygon></Placemark>
      <Placemark><name>Patch (0,40)</name><styleUrl>#sugarStyle_0</styleUrl><Polygon><outerBoundaryIs><LinearRing><coordinates>-97.43480000000001,49.9754,0 -97.4252,49.9754,0 -97.4252,49.9806,0 -97.43480000000001,49.9806,0 -97.43480000000001,49.9754,0</coordinates></LinearRing></outerBoundaryIs></Polygon></Placemark>
      <Placemark><name>Patch (1,40)</name><styleUrl>#sugarStyle_0</styleUrl><Polygon><outerBoundaryIs><LinearRing><coordinates>-97.4252,49.9754,0 -97.41560000000001,49.9754,0 -97.41560000000001,49.9806,0 -97.4252,49.9806,0 -97.4252,49.9754,0</coordinates></LinearRing></outerBoundaryIs></Polygon></Placemark>
      <Placemark><name>Patch (2,40)</name><styleUrl>#sugarStyle_0</styleUrl><Polygon><outerBoundaryIs><LinearRing><coordinates>-97.41560000000001,49.9754,0 -97.406,49.9754,0 -97.406,49.9806,0 -97.41560000000001,49.9806,0 -97.41560000000001,49.9754,0</coordinates></LinearRing></outerBoundaryIs></Polygon></Placemark>
      <Placemark><name>Patch (3,40)</name><styleUrl>#sugarStyle_0</styleUrl><Polygon><outerBoundaryIs><LinearRing><coordinates>-97.406,49.9754,0 -97.3964,49.9754,0 -97.3964,49.9806,0 -97.406,49.9806,0 -97.406,49.9754,0</coordinates></LinearRing></outerBoundaryIs></Polygon></Placemark>
      <Placemark><name>Patch (4,40)</name><styleUrl>#sugarStyle_0</styleUrl><Polygon><outerBoundaryIs><LinearRing><coordinates>-97.3964,49.9754,0 -97.38680000000001,49.9754,0 -97.38680000000001,49.9806,0 -97.3964,49.9806,0 -97.3964,49.9754,0</coordinates></LinearRing></outerBoundaryIs></Polygon></Placemark>
      <Placemark><name>Patch (5,40)</name><styleUrl>#sugarStyle_0</styleUrl><Polygon><outerBoundaryIs><LinearRing><coordinates>-97.38680000000001,49.9754,0 -97.3772,49.9754,0 -97.3772,49.9806,0 -97.38680000000001,49.9806,0 -97.38680000000001,49.9754,0</coordinates></LinearRing></outerBoundaryIs></Polygon></Placemark>
      <Placemark><name>Patch (6,40)</name><styleUrl>#sugarStyle_0</styleUrl><Polygon><outerBoundaryIs><LinearRing><coordinates>-97.3772,49.9754,0 -97.36760000000001,49.9754,0 -97.36760000000001,49.9806,0 -97.3772,49.9806,0 -97.3772,49.9754,0</coordinates></LinearRing></outerBoundaryIs></Polygon></Placemark>
      <Placemark><name>Patch (7,40)</name><styleUrl>#sugarStyle_0</styleUrl><Polygon><outerBoundaryIs><LinearRing><coordinates>-97.36760000000001,49.9754,0 -97.358,49.9754,0 -97.358,49.9806,0 -97.36760000000001,49.9806,0 -97.36760000000001,49.9754,0</coordinates></LinearRing></outerBoundaryIs></Polygon></Placemark>
      <Placemark><name>Patch (8,40)</name><styleUrl>#sugarStyle_0</styleUrl><Polygon><outerBoundaryIs><LinearRing><coordinates>-97.358,49.9754,0 -97.34840000000001,49.9754,0 -97.34840000000001,49.9806,0 -97.358,49.9806,0 -97.358,49.9754,0</coordinates></LinearRing></outerBoundaryIs></Polygon></Placemark>
      <Placemark><name>Patch (9,40)</name><styleUrl>#sugarStyle_0</styleUrl><Polygon><outerBoundaryIs><LinearRing><coordinates>-97.34840000000001,49.9754,0 -97.3388,49.9754,0 -97.3388,49.9806,0 -97.34840000000001,49.9806,0 -97.34840000000001,49.9754,0</coordinates></LinearRing></outerBoundaryIs></Polygon></Placemark>
      <Placemark><name>Patch (10,40)</name><styleUrl>#sugarStyle_0</styleUrl><Polygon><outerBoundaryIs><LinearRing><coordinates>-97.3388,49.9754,0 -97.3292,49.9754,0 -97.3292,49.9806,0 -97.3388,49.9806,0 -97.3388,49.9754,0</coordinates></LinearRing></outerBoundaryIs></Polygon></Placemark>
      <Placemark><name>Patch (11,40)</name><styleUrl>#sugarStyle_0</styleUrl><Polygon><outerBoundaryIs><LinearRing><coordinates>-97.3292,49.9754,0 -97.31960000000001,49.9754,0 -97.31960000000001,49.9806,0 -97.3292,49.9806,0 -97.3292,49.9754,0</coordinates></LinearRing></outerBoundaryIs></Polygon></Placemark>
      <Placemark><name>Patch (12,40)</name><styleUrl>#sugarStyle_0</styleUrl><Polygon><outerBoundaryIs><LinearRing><coordinates>-97.31960000000001,49.9754,0 -97.31,49.9754,0 -97.31,49.9806,0 -97.31960000000001,49.9806,0 -97.31960000000001,49.9754,0</coordinates></LinearRing></outerBoundaryIs></Polygon></Placemark>
      <Placemark><name>Patch (13,40)</name><styleUrl>#sugarStyle_0</styleUrl><Polygon><outerBoundaryIs><LinearRing><coordinates>-97.31,49.9754,0 -97.30040000000001,49.9754,0 -97.30040000000001,49.9806,0 -97.31,49.9806,0 -97.31,49.9754,0</coordinates></LinearRing></outerBoundaryIs></Polygon></Placemark>
      <Placemark><name>Patch (14,40)</name><styleUrl>#sugarStyle_0</styleUrl><Polygon><outerBoundaryIs><LinearRing><coordinates>-97.30040000000001,49.9754,0 -97.2908,49.9754,0 -97.2908,49.9806,0 -97.30040000000001,49.9806,0 -97.30040000000001,49.9754,0</coordinates></LinearRing></outerBoundaryIs></Polygon></Placemark>
      <Placemark><name>Patch (15,40)</name><styleUrl>#sugarStyle_0</styleUrl><Polygon><outerBoundaryIs><LinearRing><coordinates>-97.2908,49.9754,0 -97.28120000000001,49.9754,0 -97.28120000000001,49.9806,0 -97.2908,49.9806,0 -97.2908,49.9754,0</coordinates></LinearRing></outerBoundaryIs></Polygon></Placemark>
      <Placemark><name>Patch (16,40)</name><styleUrl>#sugarStyle_0</styleUrl><Polygon><outerBoundaryIs><LinearRing><coordinates>-97.28120000000001,49.9754,0 -97.2716,49.9754,0 -97.2716,49.9806,0 -97.28120000000001,49.9806,0 -97.28120000000001,49.9754,0</coordinates></LinearRing></outerBoundaryIs></Polygon></Placemark>
      <Placemark><name>Patch (17,40)</name><styleUrl>#sugarStyle_0</styleUrl><Polygon><outerBoundaryIs><LinearRing><coordinates>-97.2716,49.9754,0 -97.262,49.9754,0 -97.262,49.9806,0 -97.2716,49.9806,0 -97.2716,49.9754,0</coordinates></LinearRing></outerBoundaryIs></Polygon></Placemark>
      <Placemark><name>Patch (18,40)</name><styleUrl>#sugarStyle_0</styleUrl><Polygon><outerBoundaryIs><LinearRing><coordinates>-97.262,49.9754,0 -97.25240000000001,49.9754,0 -97.25240000000001,49.9806,0 -97.262,49.9806,0 -97.262,49.9754,0</coordinates></LinearRing></outerBoundaryIs></Polygon></Placemark>
      <Placemark><name>Patch (19,40)</name><styleUrl>#sugarStyle_0</styleUrl><Polygon><outerBoundaryIs><LinearRing><coordinates>-97.25240000000001,49.9754,0 -97.2428,49.9754,0 -97.2428,49.9806,0 -97.25240000000001,49.9806,0 -97.25240000000001,49.9754,0</coordinates></LinearRing></outerBoundaryIs></Polygon></Placemark>
      <Placemark><name>Patch (20,40)</name><styleUrl>#sugarStyle_0</styleUrl><Polygon><outerBoundaryIs><LinearRing><coordinates>-97.2428,49.9754,0 -97.23320000000001,49.9754,0 -97.23320000000001,49.9806,0 -97.2428,49.9806,0 -97.2428,49.9754,0</coordinates></LinearRing></outerBoundaryIs></Polygon></Placemark>
      <Placemark><name>Patch (21,40)</name><styleUrl>#sugarStyle_0</styleUrl><Polygon><outerBoundaryIs><LinearRing><coordinates>-97.23320000000001,49.9754,0 -97.2236,49.9754,0 -97.2236,49.9806,0 -97.23320000000001,49.9806,0 -97.23320000000001,49.9754,0</coordinates></LinearRing></outerBoundaryIs></Polygon></Placemark>
      <Placemark><name>Patch (22,40)</name><styleUrl>#sugarStyle_0</styleUrl><Polygon><outerBoundaryIs><LinearRing><coordinates>-97.2236,49.9754,0 -97.214,49.9754,0 -97.214,49.9806,0 -97.2236,49.9806,0 -97.2236,49.9754,0</coordinates></LinearRing></outerBoundaryIs></Polygon></Placemark>
      <Placemark><name>Patch (23,40)</name><styleUrl>#sugarStyle_0</styleUrl><Polygon><outerBoundaryIs><LinearRing><coordinates>-97.214,49.9754,0 -97.2044,49.9754,0 -97.2044,49.9806,0 -97.214,49.9806,0 -97.214,49.9754,0</coordinates></LinearRing></outerBoundaryIs></Polygon></Placemark>
      <Placemark><name>Patch (24,40)</name><styleUrl>#sugarStyle_0</styleUrl><Polygon><outerBoundaryIs><LinearRing><coordinates>-97.2044,49.9754,0 -97.1948,49.9754,0 -97.1948,49.9806,0 -97.2044,49.9806,0 -97.2044,49.9754,0</coordinates></LinearRing></outerBoundaryIs></Polygon></Placemark>
      <Placemark><name>Patch (25,40)</name><styleUrl>#sugarStyle_0</styleUrl><Polygon><outerBoundaryIs><LinearRing><coordinates>-97.1948,49.9754,0 -97.18520000000001,49.9754,0 -97.18520000000001,49.9806,0 -97.1948,49.9806,0 -97.1948,49.9754,0</coordinates></LinearRing></outerBoundaryIs></Polygon></Placemark>
      <Placemark><name>Patch (26,40)</name><styleUrl>#sugarStyle_0</styleUrl><Polygon><outerBoundaryIs><LinearRing><coordinates>-97.18520000000001,49.9754,0 -97.1756,49.9754,0 -97.1756,49.9806,0 -97.18520000000001,49.9806,0 -97.18520000000001,49.9754,0</coordinates></LinearRing></outerBoundaryIs></Polygon></Placemark>
      <Placemark><name>Patch (27,40)</name><styleUrl>#sugarStyle_0</styleUrl><Polygon><outerBoundaryIs><LinearRing><coordinates>-97.1756,49.9754,0 -97.16600000000001,49.9754,0 -97.16600000000001,49.9806,0 -97.1756,49.9806,0 -97.1756,49.9754,0</coordinates></LinearRing></outerBoundaryIs></Polygon></Placemark>
      <Placemark><name>Patch (28,40)</name><styleUrl>#sugarStyle_0</styleUrl><Polygon><outerBoundaryIs><LinearRing><coordinates>-97.16600000000001,49.9754,0 -97.1564,49.9754,0 -97.1564,49.9806,0 -97.16600000000001,49.9806,0 -97.16600000000001,49.9754,0</coordinates></LinearRing></outerBoundaryIs></Polygon></Placemark>
      <Placemark><name>Patch (29,40)</name><styleUrl>#sugarStyle_0</styleUrl><Polygon><outerBoundaryIs><LinearRing><coordinates>-97.1564,49.9754,0 -97.1468,49.9754,0 -97.1468,49.9806,0 -97.1564,49.9806,0 -97.1564,49.9754,0</coordinates></LinearRing></outerBoundaryIs></Polygon></Placemark>
      <Placemark><name>Patch (30,40)</name><styleUrl>#sugarStyle_0</styleUrl><Polygon><outerBoundaryIs><LinearRing><coordinates>-97.1468,49.9754,0 -97.1372,49.9754,0 -97.1372,49.9806,0 -97.1468,49.9806,0 -97.1468,49.9754,0</coordinates></LinearRing></outerBoundaryIs></Polygon></Placemark>
      <Placemark><name>Patch (31,40)</name><styleUrl>#sugarStyle_0</styleUrl><Polygon><outerBoundaryIs><LinearRing><coordinates>-97.1372,49.9754,0 -97.1276,49.9754,0 -97.1276,49.9806,0 -97.1372,49.9806,0 -97.1372,49.9754,0</coordinates></LinearRing></outerBoundaryIs></Polygon></Placemark>
      <Placemark><name>Patch (32,40)</name><styleUrl>#sugarStyle_0</styleUrl><Polygon><outerBoundaryIs><LinearRing><coordinates>-97.1276,49.9754,0 -97.11800000000001,49.9754,0 -97.11800000000001,49.9806,0 -97.1276,49.9806,0 -97.1276,49.9754,0</coordinates></LinearRing></outerBoundaryIs></Polygon></Placemark>
      <Placemark><name>Patch (33,40)</name><styleUrl>#sugarStyle_0</styleUrl><Polygon><outerBoundaryIs><LinearRing><coordinates>-97.11800000000001,49.9754,0 -97.1084,49.9754,0 -97.1084,49.9806,0 -97.11800000000001,49.9806,0 -97.11800000000001,49.9754,0</coordinates></LinearRing></outerBoundaryIs></Polygon></Placemark>
      <Placemark><name>Patch (34,40)</name><styleUrl>#sugarStyle_0</styleUrl><Polygon><outerBoundaryIs><LinearRing><coordinates>-97.1084,49.9754,0 -97.0988,49.9754,0 -97.0988,49.9806,0 -97.1084,49.9806,0 -97.1084,49.9754,0</coordinates></LinearRing></outerBoundaryIs></Polygon></Placemark>
      <Placemark><name>Patch (35,40)</name><styleUrl>#sugarStyle_0</styleUrl><Polygon><outerBoundaryIs><LinearRing><coordinates>-97.0988,49.9754,0 -97.0892,49.9754,0 -97.0892,49.9806,0 -97.0988,49.9806,0 -97.0988,49.9754,0</coordinates></LinearRing></outerBoundaryIs></Polygon></Placemark>
      <Placemark><name>Patch (36,40)</name><styleUrl>#sugarStyle_0</styleUrl><Polygon><outerBoundaryIs><LinearRing><coordinates>-97.0892,49.9754,0 -97.0796,49.9754,0 -97.0796,49.9806,0 -97.0892,49.9806,0 -97.0892,49.9754,0</coordinates></LinearRing></outerBoundaryIs></Polygon></Placemark>
      <Placemark><name>Patch (37,40)</name><styleUrl>#sugarStyle_0</styleUrl><Polygon><outerBoundaryIs><LinearRing><coordinates>-97.0796,49.9754,0 -97.07000000000001,49.9754,0 -97.07000000000001,49.9806,0 -97.0796,49.9806,0 -97.0796,49.9754,0</coordinates></LinearRing></outerBoundaryIs></Polygon></Placemark>
      <Placemark><name>Patch (38,40)</name><styleUrl>#sugarStyle_0</styleUrl><Polygon><outerBoundaryIs><LinearRing><coordinates>-97.07000000000001,49.9754,0 -97.0604,49.9754,0 -97.0604,49.9806,0 -97.07000000000001,49.9806,0 -97.07000000000001,49.9754,0</coordinates></LinearRing></outerBoundaryIs></Polygon></Placemark>
      <Placemark><name>Patch (39,40)</name><styleUrl>#sugarStyle_0</styleUrl><Polygon><outerBoundaryIs><LinearRing><coordinates>-97.0604,49.9754,0 -97.05080000000001,49.9754,0 -97.05080000000001,49.9806,0 -97.0604,49.9806,0 -97.0604,49.9754,0</coordinates></LinearRing></outerBoundaryIs></Polygon></Placemark>
      <Placemark><name>Patch (40,40)</name><styleUrl>#sugarStyle_0</styleUrl><Polygon><outerBoundaryIs><LinearRing><coordinates>-97.05080000000001,49.9754,0 -97.0412,49.9754,0 -97.0412,49.9806,0 -97.05080000000001,49.9806,0 -97.05080000000001,49.9754,0</coordinates></LinearRing></outerBoundaryIs></Polygon></Placemark>
      <Placemark><name>Patch (41,40)</name><styleUrl>#sugarStyle_0</styleUrl><Polygon><outerBoundaryIs><LinearRing><coordinates>-97.0412,49.9754,0 -97.0316,49.9754,0 -97.0316,49.9806,0 -97.0412,49.9806,0 -97.0412,49.9754,0</coordinates></LinearRing></outerBoundaryIs></Polygon></Placemark>
      <Placemark><name>Patch (42,40)</name><styleUrl>#sugarStyle_0</styleUrl><Polygon><outerBoundaryIs><LinearRing><coordinates>-97.0316,49.9754,0 -97.022,49.9754,0 -97.022,49.9806,0 -97.0316,49.9806,0 -97.0316,49.9754,0</coordinates></LinearRing></outerBoundaryIs></Polygon></Placemark>
      <Placemark><name>Patch (43,40)</name><styleUrl>#sugarStyle_0</styleUrl><Polygon><outerBoundaryIs><LinearRing><coordinates>-97.022,49.9754,0 -97.0124,49.9754,0 -97.0124,49.9806,0 -97.022,49.9806,0 -97.022,49.9754,0</coordinates></LinearRing></outerBoundaryIs></Polygon></Placemark>
      <Placemark><name>Patch (44,40)</name><styleUrl>#sugarStyle_0</styleUrl><Polygon><outerBoundaryIs><LinearRing><coordinates>-97.0124,49.9754,0 -97.00280000000001,49.9754,0 -97.00280000000001,49.9806,0 -97.0124,49.9806,0 -97.0124,49.9754,0</coordinates></LinearRing></outerBoundaryIs></Polygon></Placemark>
      <Placemark><name>Patch (45,40)</name><styleUrl>#sugarStyle_0</styleUrl><Polygon><outerBoundaryIs><LinearRing><coordinates>-97.00280000000001,49.9754,0 -96.9932,49.9754,0 -96.9932,49.9806,0 -97.00280000000001,49.9806,0 -97.00280000000001,49.9754,0</coordinates></LinearRing></outerBoundaryIs></Polygon></Placemark>
      <Placemark><name>Patch (46,40)</name><styleUrl>#sugarStyle_0</styleUrl><Polygon><outerBoundaryIs><LinearRing><coordinates>-96.9932,49.9754,0 -96.98360000000001,49.9754,0 -96.98360000000001,49.9806,0 -96.9932,49.9806,0 -96.9932,49.9754,0</coordinates></LinearRing></outerBoundaryIs></Polygon></Placemark>
      <Placemark><name>Patch (47,40)</name><styleUrl>#sugarStyle_0</styleUrl><Polygon><outerBoundaryIs><LinearRing><coordinates>-96.98360000000001,49.9754,0 -96.974,49.9754,0 -96.974,49.9806,0 -96.98360000000001,49.9806,0 -96.98360000000001,49.9754,0</coordinates></LinearRing></outerBoundaryIs></Polygon></Placemark>
      <Placemark><name>Patch (48,40)</name><styleUrl>#sugarStyle_0</styleUrl><Polygon><outerBoundaryIs><LinearRing><coordinates>-96.974,49.9754,0 -96.9644,49.9754,0 -96.9644,49.9806,0 -96.974,49.9806,0 -96.974,49.9754,0</coordinates></LinearRing></outerBoundaryIs></Polygon></Placemark>
      <Placemark><name>Patch (49,40)</name><styleUrl>#sugarStyle_0</styleUrl><Polygon><outerBoundaryIs><LinearRing><coordinates>-96.9644,49.9754,0 -96.9548,49.9754,0 -96.9548,49.9806,0 -96.9644,49.9806,0 -96.9644,49.9754,0</coordinates></LinearRing></outerBoundaryIs></Polygon></Placemark>
      <Placemark><name>Patch (50,40)</name><styleUrl>#sugarStyle_0</styleUrl><Polygon><outerBoundaryIs><LinearRing><coordinates>-96.9548,49.9754,0 -96.9452,49.9754,0 -96.9452,49.9806,0 -96.9548,49.9806,0 -96.9548,49.9754,0</coordinates></LinearRing></outerBoundaryIs></Polygon></Placemark>
      <Placemark><name>Patch (0,41)</name><styleUrl>#sugarStyle_0</styleUrl><Polygon><outerBoundaryIs><LinearRing><coordinates>-97.43480000000001,49.9806,0 -97.4252,49.9806,0 -97.4252,49.985800000000005,0 -97.43480000000001,49.985800000000005,0 -97.43480000000001,49.9806,0</coordinates></LinearRing></outerBoundaryIs></Polygon></Placemark>
      <Placemark><name>Patch (1,41)</name><styleUrl>#sugarStyle_0</styleUrl><Polygon><outerBoundaryIs><LinearRing><coordinates>-97.4252,49.9806,0 -97.41560000000001,49.9806,0 -97.41560000000001,49.985800000000005,0 -97.4252,49.985800000000005,0 -97.4252,49.9806,0</coordinates></LinearRing></outerBoundaryIs></Polygon></Placemark>
      <Placemark><name>Patch (2,41)</name><styleUrl>#sugarStyle_0</styleUrl><Polygon><outerBoundaryIs><LinearRing><coordinates>-97.41560000000001,49.9806,0 -97.406,49.9806,0 -97.406,49.985800000000005,0 -97.41560000000001,49.985800000000005,0 -97.41560000000001,49.9806,0</coordinates></LinearRing></outerBoundaryIs></Polygon></Placemark>
      <Placemark><name>Patch (3,41)</name><styleUrl>#sugarStyle_0</styleUrl><Polygon><outerBoundaryIs><LinearRing><coordinates>-97.406,49.9806,0 -97.3964,49.9806,0 -97.3964,49.985800000000005,0 -97.406,49.985800000000005,0 -97.406,49.9806,0</coordinates></LinearRing></outerBoundaryIs></Polygon></Placemark>
      <Placemark><name>Patch (4,41)</name><styleUrl>#sugarStyle_0</styleUrl><Polygon><outerBoundaryIs><LinearRing><coordinates>-97.3964,49.9806,0 -97.38680000000001,49.9806,0 -97.38680000000001,49.985800000000005,0 -97.3964,49.985800000000005,0 -97.3964,49.9806,0</coordinates></LinearRing></outerBoundaryIs></Polygon></Placemark>
      <Placemark><name>Patch (5,41)</name><styleUrl>#sugarStyle_0</styleUrl><Polygon><outerBoundaryIs><LinearRing><coordinates>-97.38680000000001,49.9806,0 -97.3772,49.9806,0 -97.3772,49.985800000000005,0 -97.38680000000001,49.985800000000005,0 -97.38680000000001,49.9806,0</coordinates></LinearRing></outerBoundaryIs></Polygon></Placemark>
      <Placemark><name>Patch (6,41)</name><styleUrl>#sugarStyle_0</styleUrl><Polygon><outerBoundaryIs><LinearRing><coordinates>-97.3772,49.9806,0 -97.36760000000001,49.9806,0 -97.36760000000001,49.985800000000005,0 -97.3772,49.985800000000005,0 -97.3772,49.9806,0</coordinates></LinearRing></outerBoundaryIs></Polygon></Placemark>
      <Placemark><name>Patch (7,41)</name><styleUrl>#sugarStyle_0</styleUrl><Polygon><outerBoundaryIs><LinearRing><coordinates>-97.36760000000001,49.9806,0 -97.358,49.9806,0 -97.358,49.985800000000005,0 -97.36760000000001,49.985800000000005,0 -97.36760000000001,49.9806,0</coordinates></LinearRing></outerBoundaryIs></Polygon></Placemark>
      <Placemark><name>Patch (8,41)</name><styleUrl>#sugarStyle_0</styleUrl><Polygon><outerBoundaryIs><LinearRing><coordinates>-97.358,49.9806,0 -97.34840000000001,49.9806,0 -97.34840000000001,49.985800000000005,0 -97.358,49.985800000000005,0 -97.358,49.9806,0</coordinates></LinearRing></outerBoundaryIs></Polygon></Placemark>
      <Placemark><name>Patch (9,41)</name><styleUrl>#sugarStyle_0</styleUrl><Polygon><outerBoundaryIs><LinearRing><coordinates>-97.34840000000001,49.9806,0 -97.3388,49.9806,0 -97.3388,49.985800000000005,0 -97.34840000000001,49.985800000000005,0 -97.34840000000001,49.9806,0</coordinates></LinearRing></outerBoundaryIs></Polygon></Placemark>
      <Placemark><name>Patch (10,41)</name><styleUrl>#sugarStyle_0</styleUrl><Polygon><outerBoundaryIs><LinearRing><coordinates>-97.3388,49.9806,0 -97.3292,49.9806,0 -97.3292,49.985800000000005,0 -97.3388,49.985800000000005,0 -97.3388,49.9806,0</coordinates></LinearRing></outerBoundaryIs></Polygon></Placemark>
      <Placemark><name>Patch (11,41)</name><styleUrl>#sugarStyle_0</styleUrl><Polygon><outerBoundaryIs><LinearRing><coordinates>-97.3292,49.9806,0 -97.31960000000001,49.9806,0 -97.31960000000001,49.985800000000005,0 -97.3292,49.985800000000005,0 -97.3292,49.9806,0</coordinates></LinearRing></outerBoundaryIs></Polygon></Placemark>
      <Placemark><name>Patch (12,41)</name><styleUrl>#sugarStyle_0</styleUrl><Polygon><outerBoundaryIs><LinearRing><coordinates>-97.31960000000001,49.9806,0 -97.31,49.9806,0 -97.31,49.985800000000005,0 -97.31960000000001,49.985800000000005,0 -97.31960000000001,49.9806,0</coordinates></LinearRing></outerBoundaryIs></Polygon></Placemark>
      <Placemark><name>Patch (13,41)</name><styleUrl>#sugarStyle_0</styleUrl><Polygon><outerBoundaryIs><LinearRing><coordinates>-97.31,49.9806,0 -97.30040000000001,49.9806,0 -97.30040000000001,49.985800000000005,0 -97.31,49.985800000000005,0 -97.31,49.9806,0</coordinates></LinearRing></outerBoundaryIs></Polygon></Placemark>
      <Placemark><name>Patch (14,41)</name><styleUrl>#sugarStyle_0</styleUrl><Polygon><outerBoundaryIs><LinearRing><coordinates>-97.30040000000001,49.9806,0 -97.2908,49.9806,0 -97.2908,49.985800000000005,0 -97.30040000000001,49.985800000000005,0 -97.30040000000001,49.9806,0</coordinates></LinearRing></outerBoundaryIs></Polygon></Placemark>
      <Placemark><name>Patch (15,41)</name><styleUrl>#sugarStyle_0</styleUrl><Polygon><outerBoundaryIs><LinearRing><coordinates>-97.2908,49.9806,0 -97.28120000000001,49.9806,0 -97.28120000000001,49.985800000000005,0 -97.2908,49.985800000000005,0 -97.2908,49.9806,0</coordinates></LinearRing></outerBoundaryIs></Polygon></Placemark>
      <Placemark><name>Patch (16,41)</name><styleUrl>#sugarStyle_0</styleUrl><Polygon><outerBoundaryIs><LinearRing><coordinates>-97.28120000000001,49.9806,0 -97.2716,49.9806,0 -97.2716,49.985800000000005,0 -97.28120000000001,49.985800000000005,0 -97.28120000000001,49.9806,0</coordinates></LinearRing></outerBoundaryIs></Polygon></Placemark>
      <Placemark><name>Patch (17,41)</name><styleUrl>#sugarStyle_0</styleUrl><Polygon><outerBoundaryIs><LinearRing><coordinates>-97.2716,49.9806,0 -97.262,49.9806,0 -97.262,49.985800000000005,0 -97.2716,49.985800000000005,0 -97.2716,49.9806,0</coordinates></LinearRing></outerBoundaryIs></Polygon></Placemark>
      <Placemark><name>Patch (18,41)</name><styleUrl>#sugarStyle_0</styleUrl><Polygon><outerBoundaryIs><LinearRing><coordinates>-97.262,49.9806,0 -97.25240000000001,49.9806,0 -97.25240000000001,49.985800000000005,0 -97.262,49.985800000000005,0 -97.262,49.9806,0</coordinates></LinearRing></outerBoundaryIs></Polygon></Placemark>
      <Placemark><name>Patch (19,41)</name><styleUrl>#sugarStyle_0</styleUrl><Polygon><outerBoundaryIs><LinearRing><coordinates>-97.25240000000001,49.9806,0 -97.2428,49.9806,0 -97.2428,49.985800000000005,0 -97.25240000000001,49.985800000000005,0 -97.25240000000001,49.9806,0</coordinates></LinearRing></outerBoundaryIs></Polygon></Placemark>
      <Placemark><name>Patch (20,41)</name><styleUrl>#sugarStyle_0</styleUrl><Polygon><outerBoundaryIs><LinearRing><coordinates>-97.2428,49.9806,0 -97.23320000000001,49.9806,0 -97.23320000000001,49.985800000000005,0 -97.2428,49.985800000000005,0 -97.2428,49.9806,0</coordinates></LinearRing></outerBoundaryIs></Polygon></Placemark>
      <Placemark><name>Patch (21,41)</name><styleUrl>#sugarStyle_0</styleUrl><Polygon><outerBoundaryIs><LinearRing><coordinates>-97.23320000000001,49.9806,0 -97.2236,49.9806,0 -97.2236,49.985800000000005,0 -97.23320000000001,49.985800000000005,0 -97.23320000000001,49.9806,0</coordinates></LinearRing></outerBoundaryIs></Polygon></Placemark>
      <Placemark><name>Patch (22,41)</name><styleUrl>#sugarStyle_0</styleUrl><Polygon><outerBoundaryIs><LinearRing><coordinates>-97.2236,49.9806,0 -97.214,49.9806,0 -97.214,49.985800000000005,0 -97.2236,49.985800000000005,0 -97.2236,49.9806,0</coordinates></LinearRing></outerBoundaryIs></Polygon></Placemark>
      <Placemark><name>Patch (23,41)</name><styleUrl>#sugarStyle_0</styleUrl><Polygon><outerBoundaryIs><LinearRing><coordinates>-97.214,49.9806,0 -97.2044,49.9806,0 -97.2044,49.985800000000005,0 -97.214,49.985800000000005,0 -97.214,49.9806,0</coordinates></LinearRing></outerBoundaryIs></Polygon></Placemark>
      <Placemark><name>Patch (24,41)</name><styleUrl>#sugarStyle_0</styleUrl><Polygon><outerBoundaryIs><LinearRing><coordinates>-97.2044,49.9806,0 -97.1948,49.9806,0 -97.1948,49.985800000000005,0 -97.2044,49.985800000000005,0 -97.2044,49.9806,0</coordinates></LinearRing></outerBoundaryIs></Polygon></Placemark>
      <Placemark><name>Patch (25,41)</name><styleUrl>#sugarStyle_0</styleUrl><Polygon><outerBoundaryIs><LinearRing><coordinates>-97.1948,49.9806,0 -97.18520000000001,49.9806,0 -97.18520000000001,49.985800000000005,0 -97.1948,49.985800000000005,0 -97.1948,49.9806,0</coordinates></LinearRing></outerBoundaryIs></Polygon></Placemark>
      <Placemark><name>Patch (26,41)</name><styleUrl>#sugarStyle_0</styleUrl><Polygon><outerBoundaryIs><LinearRing><coordinates>-97.18520000000001,49.9806,0 -97.1756,49.9806,0 -97.1756,49.985800000000005,0 -97.18520000000001,49.985800000000005,0 -97.18520000000001,49.9806,0</coordinates></LinearRing></outerBoundaryIs></Polygon></Placemark>
      <Placemark><name>Patch (27,41)</name><styleUrl>#sugarStyle_0</styleUrl><Polygon><outerBoundaryIs><LinearRing><coordinates>-97.1756,49.9806,0 -97.16600000000001,49.9806,0 -97.16600000000001,49.985800000000005,0 -97.1756,49.985800000000005,0 -97.1756,49.9806,0</coordinates></LinearRing></outerBoundaryIs></Polygon></Placemark>
      <Placemark><name>Patch (28,41)</name><styleUrl>#sugarStyle_0</styleUrl><Polygon><outerBoundaryIs><LinearRing><coordinates>-97.16600000000001,49.9806,0 -97.1564,49.9806,0 -97.1564,49.985800000000005,0 -97.16600000000001,49.985800000000005,0 -97.16600000000001,49.9806,0</coordinates></LinearRing></outerBoundaryIs></Polygon></Placemark>
      <Placemark><name>Patch (29,41)</name><styleUrl>#sugarStyle_0</styleUrl><Polygon><outerBoundaryIs><LinearRing><coordinates>-97.1564,49.9806,0 -97.1468,49.9806,0 -97.1468,49.985800000000005,0 -97.1564,49.985800000000005,0 -97.1564,49.9806,0</coordinates></LinearRing></outerBoundaryIs></Polygon></Placemark>
      <Placemark><name>Patch (30,41)</name><styleUrl>#sugarStyle_0</styleUrl><Polygon><outerBoundaryIs><LinearRing><coordinates>-97.1468,49.9806,0 -97.1372,49.9806,0 -97.1372,49.985800000000005,0 -97.1468,49.985800000000005,0 -97.1468,49.9806,0</coordinates></LinearRing></outerBoundaryIs></Polygon></Placemark>
      <Placemark><name>Patch (31,41)</name><styleUrl>#sugarStyle_0</styleUrl><Polygon><outerBoundaryIs><LinearRing><coordinates>-97.1372,49.9806,0 -97.1276,49.9806,0 -97.1276,49.985800000000005,0 -97.1372,49.985800000000005,0 -97.1372,49.9806,0</coordinates></LinearRing></outerBoundaryIs></Polygon></Placemark>
      <Placemark><name>Patch (32,41)</name><styleUrl>#sugarStyle_0</styleUrl><Polygon><outerBoundaryIs><LinearRing><coordinates>-97.1276,49.9806,0 -97.11800000000001,49.9806,0 -97.11800000000001,49.985800000000005,0 -97.1276,49.985800000000005,0 -97.1276,49.9806,0</coordinates></LinearRing></outerBoundaryIs></Polygon></Placemark>
      <Placemark><name>Patch (33,41)</name><styleUrl>#sugarStyle_0</styleUrl><Polygon><outerBoundaryIs><LinearRing><coordinates>-97.11800000000001,49.9806,0 -97.1084,49.9806,0 -97.1084,49.985800000000005,0 -97.11800000000001,49.985800000000005,0 -97.11800000000001,49.9806,0</coordinates></LinearRing></outerBoundaryIs></Polygon></Placemark>
      <Placemark><name>Patch (34,41)</name><styleUrl>#sugarStyle_0</styleUrl><Polygon><outerBoundaryIs><LinearRing><coordinates>-97.1084,49.9806,0 -97.0988,49.9806,0 -97.0988,49.985800000000005,0 -97.1084,49.985800000000005,0 -97.1084,49.9806,0</coordinates></LinearRing></outerBoundaryIs></Polygon></Placemark>
      <Placemark><name>Patch (35,41)</name><styleUrl>#sugarStyle_0</styleUrl><Polygon><outerBoundaryIs><LinearRing><coordinates>-97.0988,49.9806,0 -97.0892,49.9806,0 -97.0892,49.985800000000005,0 -97.0988,49.985800000000005,0 -97.0988,49.9806,0</coordinates></LinearRing></outerBoundaryIs></Polygon></Placemark>
      <Placemark><name>Patch (36,41)</name><styleUrl>#sugarStyle_0</styleUrl><Polygon><outerBoundaryIs><LinearRing><coordinates>-97.0892,49.9806,0 -97.0796,49.9806,0 -97.0796,49.985800000000005,0 -97.0892,49.985800000000005,0 -97.0892,49.9806,0</coordinates></LinearRing></outerBoundaryIs></Polygon></Placemark>
      <Placemark><name>Patch (37,41)</name><styleUrl>#sugarStyle_0</styleUrl><Polygon><outerBoundaryIs><LinearRing><coordinates>-97.0796,49.9806,0 -97.07000000000001,49.9806,0 -97.07000000000001,49.985800000000005,0 -97.0796,49.985800000000005,0 -97.0796,49.9806,0</coordinates></LinearRing></outerBoundaryIs></Polygon></Placemark>
      <Placemark><name>Patch (38,41)</name><styleUrl>#sugarStyle_0</styleUrl><Polygon><outerBoundaryIs><LinearRing><coordinates>-97.07000000000001,49.9806,0 -97.0604,49.9806,0 -97.0604,49.985800000000005,0 -97.07000000000001,49.985800000000005,0 -97.07000000000001,49.9806,0</coordinates></LinearRing></outerBoundaryIs></Polygon></Placemark>
      <Placemark><name>Patch (39,41)</name><styleUrl>#sugarStyle_0</styleUrl><Polygon><outerBoundaryIs><LinearRing><coordinates>-97.0604,49.9806,0 -97.05080000000001,49.9806,0 -97.05080000000001,49.985800000000005,0 -97.0604,49.985800000000005,0 -97.0604,49.9806,0</coordinates></LinearRing></outerBoundaryIs></Polygon></Placemark>
      <Placemark><name>Patch (40,41)</name><styleUrl>#sugarStyle_0</styleUrl><Polygon><outerBoundaryIs><LinearRing><coordinates>-97.05080000000001,49.9806,0 -97.0412,49.9806,0 -97.0412,49.985800000000005,0 -97.05080000000001,49.985800000000005,0 -97.05080000000001,49.9806,0</coordinates></LinearRing></outerBoundaryIs></Polygon></Placemark>
      <Placemark><name>Patch (41,41)</name><styleUrl>#sugarStyle_0</styleUrl><Polygon><outerBoundaryIs><LinearRing><coordinates>-97.0412,49.9806,0 -97.0316,49.9806,0 -97.0316,49.985800000000005,0 -97.0412,49.985800000000005,0 -97.0412,49.9806,0</coordinates></LinearRing></outerBoundaryIs></Polygon></Placemark>
      <Placemark><name>Patch (42,41)</name><styleUrl>#sugarStyle_0</styleUrl><Polygon><outerBoundaryIs><LinearRing><coordinates>-97.0316,49.9806,0 -97.022,49.9806,0 -97.022,49.985800000000005,0 -97.0316,49.985800000000005,0 -97.0316,49.9806,0</coordinates></LinearRing></outerBoundaryIs></Polygon></Placemark>
      <Placemark><name>Patch (43,41)</name><styleUrl>#sugarStyle_0</styleUrl><Polygon><outerBoundaryIs><LinearRing><coordinates>-97.022,49.9806,0 -97.0124,49.9806,0 -97.0124,49.985800000000005,0 -97.022,49.985800000000005,0 -97.022,49.9806,0</coordinates></LinearRing></outerBoundaryIs></Polygon></Placemark>
      <Placemark><name>Patch (44,41)</name><styleUrl>#sugarStyle_0</styleUrl><Polygon><outerBoundaryIs><LinearRing><coordinates>-97.0124,49.9806,0 -97.00280000000001,49.9806,0 -97.00280000000001,49.985800000000005,0 -97.0124,49.985800000000005,0 -97.0124,49.9806,0</coordinates></LinearRing></outerBoundaryIs></Polygon></Placemark>
      <Placemark><name>Patch (45,41)</name><styleUrl>#sugarStyle_0</styleUrl><Polygon><outerBoundaryIs><LinearRing><coordinates>-97.00280000000001,49.9806,0 -96.9932,49.9806,0 -96.9932,49.985800000000005,0 -97.00280000000001,49.985800000000005,0 -97.00280000000001,49.9806,0</coordinates></LinearRing></outerBoundaryIs></Polygon></Placemark>
      <Placemark><name>Patch (46,41)</name><styleUrl>#sugarStyle_0</styleUrl><Polygon><outerBoundaryIs><LinearRing><coordinates>-96.9932,49.9806,0 -96.98360000000001,49.9806,0 -96.98360000000001,49.985800000000005,0 -96.9932,49.985800000000005,0 -96.9932,49.9806,0</coordinates></LinearRing></outerBoundaryIs></Polygon></Placemark>
      <Placemark><name>Patch (47,41)</name><styleUrl>#sugarStyle_0</styleUrl><Polygon><outerBoundaryIs><LinearRing><coordinates>-96.98360000000001,49.9806,0 -96.974,49.9806,0 -96.974,49.985800000000005,0 -96.98360000000001,49.985800000000005,0 -96.98360000000001,49.9806,0</coordinates></LinearRing></outerBoundaryIs></Polygon></Placemark>
      <Placemark><name>Patch (48,41)</name><styleUrl>#sugarStyle_0</styleUrl><Polygon><outerBoundaryIs><LinearRing><coordinates>-96.974,49.9806,0 -96.9644,49.9806,0 -96.9644,49.985800000000005,0 -96.974,49.985800000000005,0 -96.974,49.9806,0</coordinates></LinearRing></outerBoundaryIs></Polygon></Placemark>
      <Placemark><name>Patch (49,41)</name><styleUrl>#sugarStyle_0</styleUrl><Polygon><outerBoundaryIs><LinearRing><coordinates>-96.9644,49.9806,0 -96.9548,49.9806,0 -96.9548,49.985800000000005,0 -96.9644,49.985800000000005,0 -96.9644,49.9806,0</coordinates></LinearRing></outerBoundaryIs></Polygon></Placemark>
      <Placemark><name>Patch (50,41)</name><styleUrl>#sugarStyle_0</styleUrl><Polygon><outerBoundaryIs><LinearRing><coordinates>-96.9548,49.9806,0 -96.9452,49.9806,0 -96.9452,49.985800000000005,0 -96.9548,49.985800000000005,0 -96.9548,49.9806,0</coordinates></LinearRing></outerBoundaryIs></Polygon></Placemark>
      <Placemark><name>Patch (0,42)</name><styleUrl>#sugarStyle_0</styleUrl><Polygon><outerBoundaryIs><LinearRing><coordinates>-97.43480000000001,49.985800000000005,0 -97.4252,49.985800000000005,0 -97.4252,49.991,0 -97.43480000000001,49.991,0 -97.43480000000001,49.985800000000005,0</coordinates></LinearRing></outerBoundaryIs></Polygon></Placemark>
      <Placemark><name>Patch (1,42)</name><styleUrl>#sugarStyle_0</styleUrl><Polygon><outerBoundaryIs><LinearRing><coordinates>-97.4252,49.985800000000005,0 -97.41560000000001,49.985800000000005,0 -97.41560000000001,49.991,0 -97.4252,49.991,0 -97.4252,49.985800000000005,0</coordinates></LinearRing></outerBoundaryIs></Polygon></Placemark>
      <Placemark><name>Patch (2,42)</name><styleUrl>#sugarStyle_0</styleUrl><Polygon><outerBoundaryIs><LinearRing><coordinates>-97.41560000000001,49.985800000000005,0 -97.406,49.985800000000005,0 -97.406,49.991,0 -97.41560000000001,49.991,0 -97.41560000000001,49.985800000000005,0</coordinates></LinearRing></outerBoundaryIs></Polygon></Placemark>
      <Placemark><name>Patch (3,42)</name><styleUrl>#sugarStyle_0</styleUrl><Polygon><outerBoundaryIs><LinearRing><coordinates>-97.406,49.985800000000005,0 -97.3964,49.985800000000005,0 -97.3964,49.991,0 -97.406,49.991,0 -97.406,49.985800000000005,0</coordinates></LinearRing></outerBoundaryIs></Polygon></Placemark>
      <Placemark><name>Patch (4,42)</name><styleUrl>#sugarStyle_0</styleUrl><Polygon><outerBoundaryIs><LinearRing><coordinates>-97.3964,49.985800000000005,0 -97.38680000000001,49.985800000000005,0 -97.38680000000001,49.991,0 -97.3964,49.991,0 -97.3964,49.985800000000005,0</coordinates></LinearRing></outerBoundaryIs></Polygon></Placemark>
      <Placemark><name>Patch (5,42)</name><styleUrl>#sugarStyle_0</styleUrl><Polygon><outerBoundaryIs><LinearRing><coordinates>-97.38680000000001,49.985800000000005,0 -97.3772,49.985800000000005,0 -97.3772,49.991,0 -97.38680000000001,49.991,0 -97.38680000000001,49.985800000000005,0</coordinates></LinearRing></outerBoundaryIs></Polygon></Placemark>
      <Placemark><name>Patch (6,42)</name><styleUrl>#sugarStyle_0</styleUrl><Polygon><outerBoundaryIs><LinearRing><coordinates>-97.3772,49.985800000000005,0 -97.36760000000001,49.985800000000005,0 -97.36760000000001,49.991,0 -97.3772,49.991,0 -97.3772,49.985800000000005,0</coordinates></LinearRing></outerBoundaryIs></Polygon></Placemark>
      <Placemark><name>Patch (7,42)</name><styleUrl>#sugarStyle_0</styleUrl><Polygon><outerBoundaryIs><LinearRing><coordinates>-97.36760000000001,49.985800000000005,0 -97.358,49.985800000000005,0 -97.358,49.991,0 -97.36760000000001,49.991,0 -97.36760000000001,49.985800000000005,0</coordinates></LinearRing></outerBoundaryIs></Polygon></Placemark>
      <Placemark><name>Patch (8,42)</name><styleUrl>#sugarStyle_0</styleUrl><Polygon><outerBoundaryIs><LinearRing><coordinates>-97.358,49.985800000000005,0 -97.34840000000001,49.985800000000005,0 -97.34840000000001,49.991,0 -97.358,49.991,0 -97.358,49.985800000000005,0</coordinates></LinearRing></outerBoundaryIs></Polygon></Placemark>
      <Placemark><name>Patch (9,42)</name><styleUrl>#sugarStyle_0</styleUrl><Polygon><outerBoundaryIs><LinearRing><coordinates>-97.34840000000001,49.985800000000005,0 -97.3388,49.985800000000005,0 -97.3388,49.991,0 -97.34840000000001,49.991,0 -97.34840000000001,49.985800000000005,0</coordinates></LinearRing></outerBoundaryIs></Polygon></Placemark>
      <Placemark><name>Patch (10,42)</name><styleUrl>#sugarStyle_0</styleUrl><Polygon><outerBoundaryIs><LinearRing><coordinates>-97.3388,49.985800000000005,0 -97.3292,49.985800000000005,0 -97.3292,49.991,0 -97.3388,49.991,0 -97.3388,49.985800000000005,0</coordinates></LinearRing></outerBoundaryIs></Polygon></Placemark>
      <Placemark><name>Patch (11,42)</name><styleUrl>#sugarStyle_0</styleUrl><Polygon><outerBoundaryIs><LinearRing><coordinates>-97.3292,49.985800000000005,0 -97.31960000000001,49.985800000000005,0 -97.31960000000001,49.991,0 -97.3292,49.991,0 -97.3292,49.985800000000005,0</coordinates></LinearRing></outerBoundaryIs></Polygon></Placemark>
      <Placemark><name>Patch (12,42)</name><styleUrl>#sugarStyle_0</styleUrl><Polygon><outerBoundaryIs><LinearRing><coordinates>-97.31960000000001,49.985800000000005,0 -97.31,49.985800000000005,0 -97.31,49.991,0 -97.31960000000001,49.991,0 -97.31960000000001,49.985800000000005,0</coordinates></LinearRing></outerBoundaryIs></Polygon></Placemark>
      <Placemark><name>Patch (13,42)</name><styleUrl>#sugarStyle_0</styleUrl><Polygon><outerBoundaryIs><LinearRing><coordinates>-97.31,49.985800000000005,0 -97.30040000000001,49.985800000000005,0 -97.30040000000001,49.991,0 -97.31,49.991,0 -97.31,49.985800000000005,0</coordinates></LinearRing></outerBoundaryIs></Polygon></Placemark>
      <Placemark><name>Patch (14,42)</name><styleUrl>#sugarStyle_0</styleUrl><Polygon><outerBoundaryIs><LinearRing><coordinates>-97.30040000000001,49.985800000000005,0 -97.2908,49.985800000000005,0 -97.2908,49.991,0 -97.30040000000001,49.991,0 -97.30040000000001,49.985800000000005,0</coordinates></LinearRing></outerBoundaryIs></Polygon></Placemark>
      <Placemark><name>Patch (15,42)</name><styleUrl>#sugarStyle_0</styleUrl><Polygon><outerBoundaryIs><LinearRing><coordinates>-97.2908,49.985800000000005,0 -97.28120000000001,49.985800000000005,0 -97.28120000000001,49.991,0 -97.2908,49.991,0 -97.2908,49.985800000000005,0</coordinates></LinearRing></outerBoundaryIs></Polygon></Placemark>
      <Placemark><name>Patch (16,42)</name><styleUrl>#sugarStyle_0</styleUrl><Polygon><outerBoundaryIs><LinearRing><coordinates>-97.28120000000001,49.985800000000005,0 -97.2716,49.985800000000005,0 -97.2716,49.991,0 -97.28120000000001,49.991,0 -97.28120000000001,49.985800000000005,0</coordinates></LinearRing></outerBoundaryIs></Polygon></Placemark>
      <Placemark><name>Patch (17,42)</name><styleUrl>#sugarStyle_0</styleUrl><Polygon><outerBoundaryIs><LinearRing><coordinates>-97.2716,49.985800000000005,0 -97.262,49.985800000000005,0 -97.262,49.991,0 -97.2716,49.991,0 -97.2716,49.985800000000005,0</coordinates></LinearRing></outerBoundaryIs></Polygon></Placemark>
      <Placemark><name>Patch (18,42)</name><styleUrl>#sugarStyle_0</styleUrl><Polygon><outerBoundaryIs><LinearRing><coordinates>-97.262,49.985800000000005,0 -97.25240000000001,49.985800000000005,0 -97.25240000000001,49.991,0 -97.262,49.991,0 -97.262,49.985800000000005,0</coordinates></LinearRing></outerBoundaryIs></Polygon></Placemark>
      <Placemark><name>Patch (19,42)</name><styleUrl>#sugarStyle_0</styleUrl><Polygon><outerBoundaryIs><LinearRing><coordinates>-97.25240000000001,49.985800000000005,0 -97.2428,49.985800000000005,0 -97.2428,49.991,0 -97.25240000000001,49.991,0 -97.25240000000001,49.985800000000005,0</coordinates></LinearRing></outerBoundaryIs></Polygon></Placemark>
      <Placemark><name>Patch (20,42)</name><styleUrl>#sugarStyle_0</styleUrl><Polygon><outerBoundaryIs><LinearRing><coordinates>-97.2428,49.985800000000005,0 -97.23320000000001,49.985800000000005,0 -97.23320000000001,49.991,0 -97.2428,49.991,0 -97.2428,49.985800000000005,0</coordinates></LinearRing></outerBoundaryIs></Polygon></Placemark>
      <Placemark><name>Patch (21,42)</name><styleUrl>#sugarStyle_0</styleUrl><Polygon><outerBoundaryIs><LinearRing><coordinates>-97.23320000000001,49.985800000000005,0 -97.2236,49.985800000000005,0 -97.2236,49.991,0 -97.23320000000001,49.991,0 -97.23320000000001,49.985800000000005,0</coordinates></LinearRing></outerBoundaryIs></Polygon></Placemark>
      <Placemark><name>Patch (22,42)</name><styleUrl>#sugarStyle_0</styleUrl><Polygon><outerBoundaryIs><LinearRing><coordinates>-97.2236,49.985800000000005,0 -97.214,49.985800000000005,0 -97.214,49.991,0 -97.2236,49.991,0 -97.2236,49.985800000000005,0</coordinates></LinearRing></outerBoundaryIs></Polygon></Placemark>
      <Placemark><name>Patch (23,42)</name><styleUrl>#sugarStyle_0</styleUrl><Polygon><outerBoundaryIs><LinearRing><coordinates>-97.214,49.985800000000005,0 -97.2044,49.985800000000005,0 -97.2044,49.991,0 -97.214,49.991,0 -97.214,49.985800000000005,0</coordinates></LinearRing></outerBoundaryIs></Polygon></Placemark>
      <Placemark><name>Patch (24,42)</name><styleUrl>#sugarStyle_0</styleUrl><Polygon><outerBoundaryIs><LinearRing><coordinates>-97.2044,49.985800000000005,0 -97.1948,49.985800000000005,0 -97.1948,49.991,0 -97.2044,49.991,0 -97.2044,49.985800000000005,0</coordinates></LinearRing></outerBoundaryIs></Polygon></Placemark>
      <Placemark><name>Patch (25,42)</name><styleUrl>#sugarStyle_0</styleUrl><Polygon><outerBoundaryIs><LinearRing><coordinates>-97.1948,49.985800000000005,0 -97.18520000000001,49.985800000000005,0 -97.18520000000001,49.991,0 -97.1948,49.991,0 -97.1948,49.985800000000005,0</coordinates></LinearRing></outerBoundaryIs></Polygon></Placemark>
      <Placemark><name>Patch (26,42)</name><styleUrl>#sugarStyle_0</styleUrl><Polygon><outerBoundaryIs><LinearRing><coordinates>-97.18520000000001,49.985800000000005,0 -97.1756,49.985800000000005,0 -97.1756,49.991,0 -97.18520000000001,49.991,0 -97.18520000000001,49.985800000000005,0</coordinates></LinearRing></outerBoundaryIs></Polygon></Placemark>
      <Placemark><name>Patch (27,42)</name><styleUrl>#sugarStyle_0</styleUrl><Polygon><outerBoundaryIs><LinearRing><coordinates>-97.1756,49.985800000000005,0 -97.16600000000001,49.985800000000005,0 -97.16600000000001,49.991,0 -97.1756,49.991,0 -97.1756,49.985800000000005,0</coordinates></LinearRing></outerBoundaryIs></Polygon></Placemark>
      <Placemark><name>Patch (28,42)</name><styleUrl>#sugarStyle_0</styleUrl><Polygon><outerBoundaryIs><LinearRing><coordinates>-97.16600000000001,49.985800000000005,0 -97.1564,49.985800000000005,0 -97.1564,49.991,0 -97.16600000000001,49.991,0 -97.16600000000001,49.985800000000005,0</coordinates></LinearRing></outerBoundaryIs></Polygon></Placemark>
      <Placemark><name>Patch (29,42)</name><styleUrl>#sugarStyle_0</styleUrl><Polygon><outerBoundaryIs><LinearRing><coordinates>-97.1564,49.985800000000005,0 -97.1468,49.985800000000005,0 -97.1468,49.991,0 -97.1564,49.991,0 -97.1564,49.985800000000005,0</coordinates></LinearRing></outerBoundaryIs></Polygon></Placemark>
      <Placemark><name>Patch (30,42)</name><styleUrl>#sugarStyle_0</styleUrl><Polygon><outerBoundaryIs><LinearRing><coordinates>-97.1468,49.985800000000005,0 -97.1372,49.985800000000005,0 -97.1372,49.991,0 -97.1468,49.991,0 -97.1468,49.985800000000005,0</coordinates></LinearRing></outerBoundaryIs></Polygon></Placemark>
      <Placemark><name>Patch (31,42)</name><styleUrl>#sugarStyle_0</styleUrl><Polygon><outerBoundaryIs><LinearRing><coordinates>-97.1372,49.985800000000005,0 -97.1276,49.985800000000005,0 -97.1276,49.991,0 -97.1372,49.991,0 -97.1372,49.985800000000005,0</coordinates></LinearRing></outerBoundaryIs></Polygon></Placemark>
      <Placemark><name>Patch (32,42)</name><styleUrl>#sugarStyle_0</styleUrl><Polygon><outerBoundaryIs><LinearRing><coordinates>-97.1276,49.985800000000005,0 -97.11800000000001,49.985800000000005,0 -97.11800000000001,49.991,0 -97.1276,49.991,0 -97.1276,49.985800000000005,0</coordinates></LinearRing></outerBoundaryIs></Polygon></Placemark>
      <Placemark><name>Patch (33,42)</name><styleUrl>#sugarStyle_0</styleUrl><Polygon><outerBoundaryIs><LinearRing><coordinates>-97.11800000000001,49.985800000000005,0 -97.1084,49.985800000000005,0 -97.1084,49.991,0 -97.11800000000001,49.991,0 -97.11800000000001,49.985800000000005,0</coordinates></LinearRing></outerBoundaryIs></Polygon></Placemark>
      <Placemark><name>Patch (34,42)</name><styleUrl>#sugarStyle_0</styleUrl><Polygon><outerBoundaryIs><LinearRing><coordinates>-97.1084,49.985800000000005,0 -97.0988,49.985800000000005,0 -97.0988,49.991,0 -97.1084,49.991,0 -97.1084,49.985800000000005,0</coordinates></LinearRing></outerBoundaryIs></Polygon></Placemark>
      <Placemark><name>Patch (35,42)</name><styleUrl>#sugarStyle_0</styleUrl><Polygon><outerBoundaryIs><LinearRing><coordinates>-97.0988,49.985800000000005,0 -97.0892,49.985800000000005,0 -97.0892,49.991,0 -97.0988,49.991,0 -97.0988,49.985800000000005,0</coordinates></LinearRing></outerBoundaryIs></Polygon></Placemark>
      <Placemark><name>Patch (36,42)</name><styleUrl>#sugarStyle_0</styleUrl><Polygon><outerBoundaryIs><LinearRing><coordinates>-97.0892,49.985800000000005,0 -97.0796,49.985800000000005,0 -97.0796,49.991,0 -97.0892,49.991,0 -97.0892,49.985800000000005,0</coordinates></LinearRing></outerBoundaryIs></Polygon></Placemark>
      <Placemark><name>Patch (37,42)</name><styleUrl>#sugarStyle_0</styleUrl><Polygon><outerBoundaryIs><LinearRing><coordinates>-97.0796,49.985800000000005,0 -97.07000000000001,49.985800000000005,0 -97.07000000000001,49.991,0 -97.0796,49.991,0 -97.0796,49.985800000000005,0</coordinates></LinearRing></outerBoundaryIs></Polygon></Placemark>
      <Placemark><name>Patch (38,42)</name><styleUrl>#sugarStyle_0</styleUrl><Polygon><outerBoundaryIs><LinearRing><coordinates>-97.07000000000001,49.985800000000005,0 -97.0604,49.985800000000005,0 -97.0604,49.991,0 -97.07000000000001,49.991,0 -97.07000000000001,49.985800000000005,0</coordinates></LinearRing></outerBoundaryIs></Polygon></Placemark>
      <Placemark><name>Patch (39,42)</name><styleUrl>#sugarStyle_0</styleUrl><Polygon><outerBoundaryIs><LinearRing><coordinates>-97.0604,49.985800000000005,0 -97.05080000000001,49.985800000000005,0 -97.05080000000001,49.991,0 -97.0604,49.991,0 -97.0604,49.985800000000005,0</coordinates></LinearRing></outerBoundaryIs></Polygon></Placemark>
      <Placemark><name>Patch (40,42)</name><styleUrl>#sugarStyle_0</styleUrl><Polygon><outerBoundaryIs><LinearRing><coordinates>-97.05080000000001,49.985800000000005,0 -97.0412,49.985800000000005,0 -97.0412,49.991,0 -97.05080000000001,49.991,0 -97.05080000000001,49.985800000000005,0</coordinates></LinearRing></outerBoundaryIs></Polygon></Placemark>
      <Placemark><name>Patch (41,42)</name><styleUrl>#sugarStyle_0</styleUrl><Polygon><outerBoundaryIs><LinearRing><coordinates>-97.0412,49.985800000000005,0 -97.0316,49.985800000000005,0 -97.0316,49.991,0 -97.0412,49.991,0 -97.0412,49.985800000000005,0</coordinates></LinearRing></outerBoundaryIs></Polygon></Placemark>
      <Placemark><name>Patch (42,42)</name><styleUrl>#sugarStyle_0</styleUrl><Polygon><outerBoundaryIs><LinearRing><coordinates>-97.0316,49.985800000000005,0 -97.022,49.985800000000005,0 -97.022,49.991,0 -97.0316,49.991,0 -97.0316,49.985800000000005,0</coordinates></LinearRing></outerBoundaryIs></Polygon></Placemark>
      <Placemark><name>Patch (43,42)</name><styleUrl>#sugarStyle_0</styleUrl><Polygon><outerBoundaryIs><LinearRing><coordinates>-97.022,49.985800000000005,0 -97.0124,49.985800000000005,0 -97.0124,49.991,0 -97.022,49.991,0 -97.022,49.985800000000005,0</coordinates></LinearRing></outerBoundaryIs></Polygon></Placemark>
      <Placemark><name>Patch (44,42)</name><styleUrl>#sugarStyle_0</styleUrl><Polygon><outerBoundaryIs><LinearRing><coordinates>-97.0124,49.985800000000005,0 -97.00280000000001,49.985800000000005,0 -97.00280000000001,49.991,0 -97.0124,49.991,0 -97.0124,49.985800000000005,0</coordinates></LinearRing></outerBoundaryIs></Polygon></Placemark>
      <Placemark><name>Patch (45,42)</name><styleUrl>#sugarStyle_0</styleUrl><Polygon><outerBoundaryIs><LinearRing><coordinates>-97.00280000000001,49.985800000000005,0 -96.9932,49.985800000000005,0 -96.9932,49.991,0 -97.00280000000001,49.991,0 -97.00280000000001,49.985800000000005,0</coordinates></LinearRing></outerBoundaryIs></Polygon></Placemark>
      <Placemark><name>Patch (46,42)</name><styleUrl>#sugarStyle_0</styleUrl><Polygon><outerBoundaryIs><LinearRing><coordinates>-96.9932,49.985800000000005,0 -96.98360000000001,49.985800000000005,0 -96.98360000000001,49.991,0 -96.9932,49.991,0 -96.9932,49.985800000000005,0</coordinates></LinearRing></outerBoundaryIs></Polygon></Placemark>
      <Placemark><name>Patch (47,42)</name><styleUrl>#sugarStyle_0</styleUrl><Polygon><outerBoundaryIs><LinearRing><coordinates>-96.98360000000001,49.985800000000005,0 -96.974,49.985800000000005,0 -96.974,49.991,0 -96.98360000000001,49.991,0 -96.98360000000001,49.985800000000005,0</coordinates></LinearRing></outerBoundaryIs></Polygon></Placemark>
      <Placemark><name>Patch (48,42)</name><styleUrl>#sugarStyle_0</styleUrl><Polygon><outerBoundaryIs><LinearRing><coordinates>-96.974,49.985800000000005,0 -96.9644,49.985800000000005,0 -96.9644,49.991,0 -96.974,49.991,0 -96.974,49.985800000000005,0</coordinates></LinearRing></outerBoundaryIs></Polygon></Placemark>
      <Placemark><name>Patch (49,42)</name><styleUrl>#sugarStyle_0</styleUrl><Polygon><outerBoundaryIs><LinearRing><coordinates>-96.9644,49.985800000000005,0 -96.9548,49.985800000000005,0 -96.9548,49.991,0 -96.9644,49.991,0 -96.9644,49.985800000000005,0</coordinates></LinearRing></outerBoundaryIs></Polygon></Placemark>
      <Placemark><name>Patch (50,42)</name><styleUrl>#sugarStyle_0</styleUrl><Polygon><outerBoundaryIs><LinearRing><coordinates>-96.9548,49.985800000000005,0 -96.9452,49.985800000000005,0 -96.9452,49.991,0 -96.9548,49.991,0 -96.9548,49.985800000000005,0</coordinates></LinearRing></outerBoundaryIs></Polygon></Placemark>
      <Placemark><name>Patch (0,43)</name><styleUrl>#sugarStyle_0</styleUrl><Polygon><outerBoundaryIs><LinearRing><coordinates>-97.43480000000001,49.991,0 -97.4252,49.991,0 -97.4252,49.9962,0 -97.43480000000001,49.9962,0 -97.43480000000001,49.991,0</coordinates></LinearRing></outerBoundaryIs></Polygon></Placemark>
      <Placemark><name>Patch (1,43)</name><styleUrl>#sugarStyle_0</styleUrl><Polygon><outerBoundaryIs><LinearRing><coordinates>-97.4252,49.991,0 -97.41560000000001,49.991,0 -97.41560000000001,49.9962,0 -97.4252,49.9962,0 -97.4252,49.991,0</coordinates></LinearRing></outerBoundaryIs></Polygon></Placemark>
      <Placemark><name>Patch (2,43)</name><styleUrl>#sugarStyle_0</styleUrl><Polygon><outerBoundaryIs><LinearRing><coordinates>-97.41560000000001,49.991,0 -97.406,49.991,0 -97.406,49.9962,0 -97.41560000000001,49.9962,0 -97.41560000000001,49.991,0</coordinates></LinearRing></outerBoundaryIs></Polygon></Placemark>
      <Placemark><name>Patch (3,43)</name><styleUrl>#sugarStyle_0</styleUrl><Polygon><outerBoundaryIs><LinearRing><coordinates>-97.406,49.991,0 -97.3964,49.991,0 -97.3964,49.9962,0 -97.406,49.9962,0 -97.406,49.991,0</coordinates></LinearRing></outerBoundaryIs></Polygon></Placemark>
      <Placemark><name>Patch (4,43)</name><styleUrl>#sugarStyle_0</styleUrl><Polygon><outerBoundaryIs><LinearRing><coordinates>-97.3964,49.991,0 -97.38680000000001,49.991,0 -97.38680000000001,49.9962,0 -97.3964,49.9962,0 -97.3964,49.991,0</coordinates></LinearRing></outerBoundaryIs></Polygon></Placemark>
      <Placemark><name>Patch (5,43)</name><styleUrl>#sugarStyle_0</styleUrl><Polygon><outerBoundaryIs><LinearRing><coordinates>-97.38680000000001,49.991,0 -97.3772,49.991,0 -97.3772,49.9962,0 -97.38680000000001,49.9962,0 -97.38680000000001,49.991,0</coordinates></LinearRing></outerBoundaryIs></Polygon></Placemark>
      <Placemark><name>Patch (6,43)</name><styleUrl>#sugarStyle_0</styleUrl><Polygon><outerBoundaryIs><LinearRing><coordinates>-97.3772,49.991,0 -97.36760000000001,49.991,0 -97.36760000000001,49.9962,0 -97.3772,49.9962,0 -97.3772,49.991,0</coordinates></LinearRing></outerBoundaryIs></Polygon></Placemark>
      <Placemark><name>Patch (7,43)</name><styleUrl>#sugarStyle_0</styleUrl><Polygon><outerBoundaryIs><LinearRing><coordinates>-97.36760000000001,49.991,0 -97.358,49.991,0 -97.358,49.9962,0 -97.36760000000001,49.9962,0 -97.36760000000001,49.991,0</coordinates></LinearRing></outerBoundaryIs></Polygon></Placemark>
      <Placemark><name>Patch (8,43)</name><styleUrl>#sugarStyle_0</styleUrl><Polygon><outerBoundaryIs><LinearRing><coordinates>-97.358,49.991,0 -97.34840000000001,49.991,0 -97.34840000000001,49.9962,0 -97.358,49.9962,0 -97.358,49.991,0</coordinates></LinearRing></outerBoundaryIs></Polygon></Placemark>
      <Placemark><name>Patch (9,43)</name><styleUrl>#sugarStyle_0</styleUrl><Polygon><outerBoundaryIs><LinearRing><coordinates>-97.34840000000001,49.991,0 -97.3388,49.991,0 -97.3388,49.9962,0 -97.34840000000001,49.9962,0 -97.34840000000001,49.991,0</coordinates></LinearRing></outerBoundaryIs></Polygon></Placemark>
      <Placemark><name>Patch (10,43)</name><styleUrl>#sugarStyle_0</styleUrl><Polygon><outerBoundaryIs><LinearRing><coordinates>-97.3388,49.991,0 -97.3292,49.991,0 -97.3292,49.9962,0 -97.3388,49.9962,0 -97.3388,49.991,0</coordinates></LinearRing></outerBoundaryIs></Polygon></Placemark>
      <Placemark><name>Patch (11,43)</name><styleUrl>#sugarStyle_0</styleUrl><Polygon><outerBoundaryIs><LinearRing><coordinates>-97.3292,49.991,0 -97.31960000000001,49.991,0 -97.31960000000001,49.9962,0 -97.3292,49.9962,0 -97.3292,49.991,0</coordinates></LinearRing></outerBoundaryIs></Polygon></Placemark>
      <Placemark><name>Patch (12,43)</name><styleUrl>#sugarStyle_0</styleUrl><Polygon><outerBoundaryIs><LinearRing><coordinates>-97.31960000000001,49.991,0 -97.31,49.991,0 -97.31,49.9962,0 -97.31960000000001,49.9962,0 -97.31960000000001,49.991,0</coordinates></LinearRing></outerBoundaryIs></Polygon></Placemark>
      <Placemark><name>Patch (13,43)</name><styleUrl>#sugarStyle_0</styleUrl><Polygon><outerBoundaryIs><LinearRing><coordinates>-97.31,49.991,0 -97.30040000000001,49.991,0 -97.30040000000001,49.9962,0 -97.31,49.9962,0 -97.31,49.991,0</coordinates></LinearRing></outerBoundaryIs></Polygon></Placemark>
      <Placemark><name>Patch (14,43)</name><styleUrl>#sugarStyle_0</styleUrl><Polygon><outerBoundaryIs><LinearRing><coordinates>-97.30040000000001,49.991,0 -97.2908,49.991,0 -97.2908,49.9962,0 -97.30040000000001,49.9962,0 -97.30040000000001,49.991,0</coordinates></LinearRing></outerBoundaryIs></Polygon></Placemark>
      <Placemark><name>Patch (15,43)</name><styleUrl>#sugarStyle_0</styleUrl><Polygon><outerBoundaryIs><LinearRing><coordinates>-97.2908,49.991,0 -97.28120000000001,49.991,0 -97.28120000000001,49.9962,0 -97.2908,49.9962,0 -97.2908,49.991,0</coordinates></LinearRing></outerBoundaryIs></Polygon></Placemark>
      <Placemark><name>Patch (16,43)</name><styleUrl>#sugarStyle_0</styleUrl><Polygon><outerBoundaryIs><LinearRing><coordinates>-97.28120000000001,49.991,0 -97.2716,49.991,0 -97.2716,49.9962,0 -97.28120000000001,49.9962,0 -97.28120000000001,49.991,0</coordinates></LinearRing></outerBoundaryIs></Polygon></Placemark>
      <Placemark><name>Patch (17,43)</name><styleUrl>#sugarStyle_0</styleUrl><Polygon><outerBoundaryIs><LinearRing><coordinates>-97.2716,49.991,0 -97.262,49.991,0 -97.262,49.9962,0 -97.2716,49.9962,0 -97.2716,49.991,0</coordinates></LinearRing></outerBoundaryIs></Polygon></Placemark>
      <Placemark><name>Patch (18,43)</name><styleUrl>#sugarStyle_0</styleUrl><Polygon><outerBoundaryIs><LinearRing><coordinates>-97.262,49.991,0 -97.25240000000001,49.991,0 -97.25240000000001,49.9962,0 -97.262,49.9962,0 -97.262,49.991,0</coordinates></LinearRing></outerBoundaryIs></Polygon></Placemark>
      <Placemark><name>Patch (19,43)</name><styleUrl>#sugarStyle_0</styleUrl><Polygon><outerBoundaryIs><LinearRing><coordinates>-97.25240000000001,49.991,0 -97.2428,49.991,0 -97.2428,49.9962,0 -97.25240000000001,49.9962,0 -97.25240000000001,49.991,0</coordinates></LinearRing></outerBoundaryIs></Polygon></Placemark>
      <Placemark><name>Patch (20,43)</name><styleUrl>#sugarStyle_0</styleUrl><Polygon><outerBoundaryIs><LinearRing><coordinates>-97.2428,49.991,0 -97.23320000000001,49.991,0 -97.23320000000001,49.9962,0 -97.2428,49.9962,0 -97.2428,49.991,0</coordinates></LinearRing></outerBoundaryIs></Polygon></Placemark>
      <Placemark><name>Patch (21,43)</name><styleUrl>#sugarStyle_0</styleUrl><Polygon><outerBoundaryIs><LinearRing><coordinates>-97.23320000000001,49.991,0 -97.2236,49.991,0 -97.2236,49.9962,0 -97.23320000000001,49.9962,0 -97.23320000000001,49.991,0</coordinates></LinearRing></outerBoundaryIs></Polygon></Placemark>
      <Placemark><name>Patch (22,43)</name><styleUrl>#sugarStyle_0</styleUrl><Polygon><outerBoundaryIs><LinearRing><coordinates>-97.2236,49.991,0 -97.214,49.991,0 -97.214,49.9962,0 -97.2236,49.9962,0 -97.2236,49.991,0</coordinates></LinearRing></outerBoundaryIs></Polygon></Placemark>
      <Placemark><name>Patch (23,43)</name><styleUrl>#sugarStyle_0</styleUrl><Polygon><outerBoundaryIs><LinearRing><coordinates>-97.214,49.991,0 -97.2044,49.991,0 -97.2044,49.9962,0 -97.214,49.9962,0 -97.214,49.991,0</coordinates></LinearRing></outerBoundaryIs></Polygon></Placemark>
      <Placemark><name>Patch (24,43)</name><styleUrl>#sugarStyle_0</styleUrl><Polygon><outerBoundaryIs><LinearRing><coordinates>-97.2044,49.991,0 -97.1948,49.991,0 -97.1948,49.9962,0 -97.2044,49.9962,0 -97.2044,49.991,0</coordinates></LinearRing></outerBoundaryIs></Polygon></Placemark>
      <Placemark><name>Patch (25,43)</name><styleUrl>#sugarStyle_0</styleUrl><Polygon><outerBoundaryIs><LinearRing><coordinates>-97.1948,49.991,0 -97.18520000000001,49.991,0 -97.18520000000001,49.9962,0 -97.1948,49.9962,0 -97.1948,49.991,0</coordinates></LinearRing></outerBoundaryIs></Polygon></Placemark>
      <Placemark><name>Patch (26,43)</name><styleUrl>#sugarStyle_0</styleUrl><Polygon><outerBoundaryIs><LinearRing><coordinates>-97.18520000000001,49.991,0 -97.1756,49.991,0 -97.1756,49.9962,0 -97.18520000000001,49.9962,0 -97.18520000000001,49.991,0</coordinates></LinearRing></outerBoundaryIs></Polygon></Placemark>
      <Placemark><name>Patch (27,43)</name><styleUrl>#sugarStyle_0</styleUrl><Polygon><outerBoundaryIs><LinearRing><coordinates>-97.1756,49.991,0 -97.16600000000001,49.991,0 -97.16600000000001,49.9962,0 -97.1756,49.9962,0 -97.1756,49.991,0</coordinates></LinearRing></outerBoundaryIs></Polygon></Placemark>
      <Placemark><name>Patch (28,43)</name><styleUrl>#sugarStyle_0</styleUrl><Polygon><outerBoundaryIs><LinearRing><coordinates>-97.16600000000001,49.991,0 -97.1564,49.991,0 -97.1564,49.9962,0 -97.16600000000001,49.9962,0 -97.16600000000001,49.991,0</coordinates></LinearRing></outerBoundaryIs></Polygon></Placemark>
      <Placemark><name>Patch (29,43)</name><styleUrl>#sugarStyle_0</styleUrl><Polygon><outerBoundaryIs><LinearRing><coordinates>-97.1564,49.991,0 -97.1468,49.991,0 -97.1468,49.9962,0 -97.1564,49.9962,0 -97.1564,49.991,0</coordinates></LinearRing></outerBoundaryIs></Polygon></Placemark>
      <Placemark><name>Patch (30,43)</name><styleUrl>#sugarStyle_0</styleUrl><Polygon><outerBoundaryIs><LinearRing><coordinates>-97.1468,49.991,0 -97.1372,49.991,0 -97.1372,49.9962,0 -97.1468,49.9962,0 -97.1468,49.991,0</coordinates></LinearRing></outerBoundaryIs></Polygon></Placemark>
      <Placemark><name>Patch (31,43)</name><styleUrl>#sugarStyle_0</styleUrl><Polygon><outerBoundaryIs><LinearRing><coordinates>-97.1372,49.991,0 -97.1276,49.991,0 -97.1276,49.9962,0 -97.1372,49.9962,0 -97.1372,49.991,0</coordinates></LinearRing></outerBoundaryIs></Polygon></Placemark>
      <Placemark><name>Patch (32,43)</name><styleUrl>#sugarStyle_0</styleUrl><Polygon><outerBoundaryIs><LinearRing><coordinates>-97.1276,49.991,0 -97.11800000000001,49.991,0 -97.11800000000001,49.9962,0 -97.1276,49.9962,0 -97.1276,49.991,0</coordinates></LinearRing></outerBoundaryIs></Polygon></Placemark>
      <Placemark><name>Patch (33,43)</name><styleUrl>#sugarStyle_0</styleUrl><Polygon><outerBoundaryIs><LinearRing><coordinates>-97.11800000000001,49.991,0 -97.1084,49.991,0 -97.1084,49.9962,0 -97.11800000000001,49.9962,0 -97.11800000000001,49.991,0</coordinates></LinearRing></outerBoundaryIs></Polygon></Placemark>
      <Placemark><name>Patch (34,43)</name><styleUrl>#sugarStyle_0</styleUrl><Polygon><outerBoundaryIs><LinearRing><coordinates>-97.1084,49.991,0 -97.0988,49.991,0 -97.0988,49.9962,0 -97.1084,49.9962,0 -97.1084,49.991,0</coordinates></LinearRing></outerBoundaryIs></Polygon></Placemark>
      <Placemark><name>Patch (35,43)</name><styleUrl>#sugarStyle_0</styleUrl><Polygon><outerBoundaryIs><LinearRing><coordinates>-97.0988,49.991,0 -97.0892,49.991,0 -97.0892,49.9962,0 -97.0988,49.9962,0 -97.0988,49.991,0</coordinates></LinearRing></outerBoundaryIs></Polygon></Placemark>
      <Placemark><name>Patch (36,43)</name><styleUrl>#sugarStyle_0</styleUrl><Polygon><outerBoundaryIs><LinearRing><coordinates>-97.0892,49.991,0 -97.0796,49.991,0 -97.0796,49.9962,0 -97.0892,49.9962,0 -97.0892,49.991,0</coordinates></LinearRing></outerBoundaryIs></Polygon></Placemark>
      <Placemark><name>Patch (37,43)</name><styleUrl>#sugarStyle_0</styleUrl><Polygon><outerBoundaryIs><LinearRing><coordinates>-97.0796,49.991,0 -97.07000000000001,49.991,0 -97.07000000000001,49.9962,0 -97.0796,49.9962,0 -97.0796,49.991,0</coordinates></LinearRing></outerBoundaryIs></Polygon></Placemark>
      <Placemark><name>Patch (38,43)</name><styleUrl>#sugarStyle_0</styleUrl><Polygon><outerBoundaryIs><LinearRing><coordinates>-97.07000000000001,49.991,0 -97.0604,49.991,0 -97.0604,49.9962,0 -97.07000000000001,49.9962,0 -97.07000000000001,49.991,0</coordinates></LinearRing></outerBoundaryIs></Polygon></Placemark>
      <Placemark><name>Patch (39,43)</name><styleUrl>#sugarStyle_0</styleUrl><Polygon><outerBoundaryIs><LinearRing><coordinates>-97.0604,49.991,0 -97.05080000000001,49.991,0 -97.05080000000001,49.9962,0 -97.0604,49.9962,0 -97.0604,49.991,0</coordinates></LinearRing></outerBoundaryIs></Polygon></Placemark>
      <Placemark><name>Patch (40,43)</name><styleUrl>#sugarStyle_0</styleUrl><Polygon><outerBoundaryIs><LinearRing><coordinates>-97.05080000000001,49.991,0 -97.0412,49.991,0 -97.0412,49.9962,0 -97.05080000000001,49.9962,0 -97.05080000000001,49.991,0</coordinates></LinearRing></outerBoundaryIs></Polygon></Placemark>
      <Placemark><name>Patch (41,43)</name><styleUrl>#sugarStyle_0</styleUrl><Polygon><outerBoundaryIs><LinearRing><coordinates>-97.0412,49.991,0 -97.0316,49.991,0 -97.0316,49.9962,0 -97.0412,49.9962,0 -97.0412,49.991,0</coordinates></LinearRing></outerBoundaryIs></Polygon></Placemark>
      <Placemark><name>Patch (42,43)</name><styleUrl>#sugarStyle_0</styleUrl><Polygon><outerBoundaryIs><LinearRing><coordinates>-97.0316,49.991,0 -97.022,49.991,0 -97.022,49.9962,0 -97.0316,49.9962,0 -97.0316,49.991,0</coordinates></LinearRing></outerBoundaryIs></Polygon></Placemark>
      <Placemark><name>Patch (43,43)</name><styleUrl>#sugarStyle_0</styleUrl><Polygon><outerBoundaryIs><LinearRing><coordinates>-97.022,49.991,0 -97.0124,49.991,0 -97.0124,49.9962,0 -97.022,49.9962,0 -97.022,49.991,0</coordinates></LinearRing></outerBoundaryIs></Polygon></Placemark>
      <Placemark><name>Patch (44,43)</name><styleUrl>#sugarStyle_0</styleUrl><Polygon><outerBoundaryIs><LinearRing><coordinates>-97.0124,49.991,0 -97.00280000000001,49.991,0 -97.00280000000001,49.9962,0 -97.0124,49.9962,0 -97.0124,49.991,0</coordinates></LinearRing></outerBoundaryIs></Polygon></Placemark>
      <Placemark><name>Patch (45,43)</name><styleUrl>#sugarStyle_0</styleUrl><Polygon><outerBoundaryIs><LinearRing><coordinates>-97.00280000000001,49.991,0 -96.9932,49.991,0 -96.9932,49.9962,0 -97.00280000000001,49.9962,0 -97.00280000000001,49.991,0</coordinates></LinearRing></outerBoundaryIs></Polygon></Placemark>
      <Placemark><name>Patch (46,43)</name><styleUrl>#sugarStyle_0</styleUrl><Polygon><outerBoundaryIs><LinearRing><coordinates>-96.9932,49.991,0 -96.98360000000001,49.991,0 -96.98360000000001,49.9962,0 -96.9932,49.9962,0 -96.9932,49.991,0</coordinates></LinearRing></outerBoundaryIs></Polygon></Placemark>
      <Placemark><name>Patch (47,43)</name><styleUrl>#sugarStyle_0</styleUrl><Polygon><outerBoundaryIs><LinearRing><coordinates>-96.98360000000001,49.991,0 -96.974,49.991,0 -96.974,49.9962,0 -96.98360000000001,49.9962,0 -96.98360000000001,49.991,0</coordinates></LinearRing></outerBoundaryIs></Polygon></Placemark>
      <Placemark><name>Patch (48,43)</name><styleUrl>#sugarStyle_0</styleUrl><Polygon><outerBoundaryIs><LinearRing><coordinates>-96.974,49.991,0 -96.9644,49.991,0 -96.9644,49.9962,0 -96.974,49.9962,0 -96.974,49.991,0</coordinates></LinearRing></outerBoundaryIs></Polygon></Placemark>
      <Placemark><name>Patch (49,43)</name><styleUrl>#sugarStyle_0</styleUrl><Polygon><outerBoundaryIs><LinearRing><coordinates>-96.9644,49.991,0 -96.9548,49.991,0 -96.9548,49.9962,0 -96.9644,49.9962,0 -96.9644,49.991,0</coordinates></LinearRing></outerBoundaryIs></Polygon></Placemark>
      <Placemark><name>Patch (50,43)</name><styleUrl>#sugarStyle_0</styleUrl><Polygon><outerBoundaryIs><LinearRing><coordinates>-96.9548,49.991,0 -96.9452,49.991,0 -96.9452,49.9962,0 -96.9548,49.9962,0 -96.9548,49.991,0</coordinates></LinearRing></outerBoundaryIs></Polygon></Placemark>
      <Placemark><name>Patch (0,44)</name><styleUrl>#sugarStyle_0</styleUrl><Polygon><outerBoundaryIs><LinearRing><coordinates>-97.43480000000001,49.9962,0 -97.4252,49.9962,0 -97.4252,50.001400000000004,0 -97.43480000000001,50.001400000000004,0 -97.43480000000001,49.9962,0</coordinates></LinearRing></outerBoundaryIs></Polygon></Placemark>
      <Placemark><name>Patch (1,44)</name><styleUrl>#sugarStyle_0</styleUrl><Polygon><outerBoundaryIs><LinearRing><coordinates>-97.4252,49.9962,0 -97.41560000000001,49.9962,0 -97.41560000000001,50.001400000000004,0 -97.4252,50.001400000000004,0 -97.4252,49.9962,0</coordinates></LinearRing></outerBoundaryIs></Polygon></Placemark>
      <Placemark><name>Patch (2,44)</name><styleUrl>#sugarStyle_0</styleUrl><Polygon><outerBoundaryIs><LinearRing><coordinates>-97.41560000000001,49.9962,0 -97.406,49.9962,0 -97.406,50.001400000000004,0 -97.41560000000001,50.001400000000004,0 -97.41560000000001,49.9962,0</coordinates></LinearRing></outerBoundaryIs></Polygon></Placemark>
      <Placemark><name>Patch (3,44)</name><styleUrl>#sugarStyle_0</styleUrl><Polygon><outerBoundaryIs><LinearRing><coordinates>-97.406,49.9962,0 -97.3964,49.9962,0 -97.3964,50.001400000000004,0 -97.406,50.001400000000004,0 -97.406,49.9962,0</coordinates></LinearRing></outerBoundaryIs></Polygon></Placemark>
      <Placemark><name>Patch (4,44)</name><styleUrl>#sugarStyle_0</styleUrl><Polygon><outerBoundaryIs><LinearRing><coordinates>-97.3964,49.9962,0 -97.38680000000001,49.9962,0 -97.38680000000001,50.001400000000004,0 -97.3964,50.001400000000004,0 -97.3964,49.9962,0</coordinates></LinearRing></outerBoundaryIs></Polygon></Placemark>
      <Placemark><name>Patch (5,44)</name><styleUrl>#sugarStyle_0</styleUrl><Polygon><outerBoundaryIs><LinearRing><coordinates>-97.38680000000001,49.9962,0 -97.3772,49.9962,0 -97.3772,50.001400000000004,0 -97.38680000000001,50.001400000000004,0 -97.38680000000001,49.9962,0</coordinates></LinearRing></outerBoundaryIs></Polygon></Placemark>
      <Placemark><name>Patch (6,44)</name><styleUrl>#sugarStyle_0</styleUrl><Polygon><outerBoundaryIs><LinearRing><coordinates>-97.3772,49.9962,0 -97.36760000000001,49.9962,0 -97.36760000000001,50.001400000000004,0 -97.3772,50.001400000000004,0 -97.3772,49.9962,0</coordinates></LinearRing></outerBoundaryIs></Polygon></Placemark>
      <Placemark><name>Patch (7,44)</name><styleUrl>#sugarStyle_0</styleUrl><Polygon><outerBoundaryIs><LinearRing><coordinates>-97.36760000000001,49.9962,0 -97.358,49.9962,0 -97.358,50.001400000000004,0 -97.36760000000001,50.001400000000004,0 -97.36760000000001,49.9962,0</coordinates></LinearRing></outerBoundaryIs></Polygon></Placemark>
      <Placemark><name>Patch (8,44)</name><styleUrl>#sugarStyle_0</styleUrl><Polygon><outerBoundaryIs><LinearRing><coordinates>-97.358,49.9962,0 -97.34840000000001,49.9962,0 -97.34840000000001,50.001400000000004,0 -97.358,50.001400000000004,0 -97.358,49.9962,0</coordinates></LinearRing></outerBoundaryIs></Polygon></Placemark>
      <Placemark><name>Patch (9,44)</name><styleUrl>#sugarStyle_0</styleUrl><Polygon><outerBoundaryIs><LinearRing><coordinates>-97.34840000000001,49.9962,0 -97.3388,49.9962,0 -97.3388,50.001400000000004,0 -97.34840000000001,50.001400000000004,0 -97.34840000000001,49.9962,0</coordinates></LinearRing></outerBoundaryIs></Polygon></Placemark>
      <Placemark><name>Patch (10,44)</name><styleUrl>#sugarStyle_0</styleUrl><Polygon><outerBoundaryIs><LinearRing><coordinates>-97.3388,49.9962,0 -97.3292,49.9962,0 -97.3292,50.001400000000004,0 -97.3388,50.001400000000004,0 -97.3388,49.9962,0</coordinates></LinearRing></outerBoundaryIs></Polygon></Placemark>
      <Placemark><name>Patch (11,44)</name><styleUrl>#sugarStyle_0</styleUrl><Polygon><outerBoundaryIs><LinearRing><coordinates>-97.3292,49.9962,0 -97.31960000000001,49.9962,0 -97.31960000000001,50.001400000000004,0 -97.3292,50.001400000000004,0 -97.3292,49.9962,0</coordinates></LinearRing></outerBoundaryIs></Polygon></Placemark>
      <Placemark><name>Patch (12,44)</name><styleUrl>#sugarStyle_0</styleUrl><Polygon><outerBoundaryIs><LinearRing><coordinates>-97.31960000000001,49.9962,0 -97.31,49.9962,0 -97.31,50.001400000000004,0 -97.31960000000001,50.001400000000004,0 -97.31960000000001,49.9962,0</coordinates></LinearRing></outerBoundaryIs></Polygon></Placemark>
      <Placemark><name>Patch (13,44)</name><styleUrl>#sugarStyle_0</styleUrl><Polygon><outerBoundaryIs><LinearRing><coordinates>-97.31,49.9962,0 -97.30040000000001,49.9962,0 -97.30040000000001,50.001400000000004,0 -97.31,50.001400000000004,0 -97.31,49.9962,0</coordinates></LinearRing></outerBoundaryIs></Polygon></Placemark>
      <Placemark><name>Patch (14,44)</name><styleUrl>#sugarStyle_0</styleUrl><Polygon><outerBoundaryIs><LinearRing><coordinates>-97.30040000000001,49.9962,0 -97.2908,49.9962,0 -97.2908,50.001400000000004,0 -97.30040000000001,50.001400000000004,0 -97.30040000000001,49.9962,0</coordinates></LinearRing></outerBoundaryIs></Polygon></Placemark>
      <Placemark><name>Patch (15,44)</name><styleUrl>#sugarStyle_0</styleUrl><Polygon><outerBoundaryIs><LinearRing><coordinates>-97.2908,49.9962,0 -97.28120000000001,49.9962,0 -97.28120000000001,50.001400000000004,0 -97.2908,50.001400000000004,0 -97.2908,49.9962,0</coordinates></LinearRing></outerBoundaryIs></Polygon></Placemark>
      <Placemark><name>Patch (16,44)</name><styleUrl>#sugarStyle_0</styleUrl><Polygon><outerBoundaryIs><LinearRing><coordinates>-97.28120000000001,49.9962,0 -97.2716,49.9962,0 -97.2716,50.001400000000004,0 -97.28120000000001,50.001400000000004,0 -97.28120000000001,49.9962,0</coordinates></LinearRing></outerBoundaryIs></Polygon></Placemark>
      <Placemark><name>Patch (17,44)</name><styleUrl>#sugarStyle_0</styleUrl><Polygon><outerBoundaryIs><LinearRing><coordinates>-97.2716,49.9962,0 -97.262,49.9962,0 -97.262,50.001400000000004,0 -97.2716,50.001400000000004,0 -97.2716,49.9962,0</coordinates></LinearRing></outerBoundaryIs></Polygon></Placemark>
      <Placemark><name>Patch (18,44)</name><styleUrl>#sugarStyle_0</styleUrl><Polygon><outerBoundaryIs><LinearRing><coordinates>-97.262,49.9962,0 -97.25240000000001,49.9962,0 -97.25240000000001,50.001400000000004,0 -97.262,50.001400000000004,0 -97.262,49.9962,0</coordinates></LinearRing></outerBoundaryIs></Polygon></Placemark>
      <Placemark><name>Patch (19,44)</name><styleUrl>#sugarStyle_0</styleUrl><Polygon><outerBoundaryIs><LinearRing><coordinates>-97.25240000000001,49.9962,0 -97.2428,49.9962,0 -97.2428,50.001400000000004,0 -97.25240000000001,50.001400000000004,0 -97.25240000000001,49.9962,0</coordinates></LinearRing></outerBoundaryIs></Polygon></Placemark>
      <Placemark><name>Patch (20,44)</name><styleUrl>#sugarStyle_0</styleUrl><Polygon><outerBoundaryIs><LinearRing><coordinates>-97.2428,49.9962,0 -97.23320000000001,49.9962,0 -97.23320000000001,50.001400000000004,0 -97.2428,50.001400000000004,0 -97.2428,49.9962,0</coordinates></LinearRing></outerBoundaryIs></Polygon></Placemark>
      <Placemark><name>Patch (21,44)</name><styleUrl>#sugarStyle_0</styleUrl><Polygon><outerBoundaryIs><LinearRing><coordinates>-97.23320000000001,49.9962,0 -97.2236,49.9962,0 -97.2236,50.001400000000004,0 -97.23320000000001,50.001400000000004,0 -97.23320000000001,49.9962,0</coordinates></LinearRing></outerBoundaryIs></Polygon></Placemark>
      <Placemark><name>Patch (22,44)</name><styleUrl>#sugarStyle_0</styleUrl><Polygon><outerBoundaryIs><LinearRing><coordinates>-97.2236,49.9962,0 -97.214,49.9962,0 -97.214,50.001400000000004,0 -97.2236,50.001400000000004,0 -97.2236,49.9962,0</coordinates></LinearRing></outerBoundaryIs></Polygon></Placemark>
      <Placemark><name>Patch (23,44)</name><styleUrl>#sugarStyle_0</styleUrl><Polygon><outerBoundaryIs><LinearRing><coordinates>-97.214,49.9962,0 -97.2044,49.9962,0 -97.2044,50.001400000000004,0 -97.214,50.001400000000004,0 -97.214,49.9962,0</coordinates></LinearRing></outerBoundaryIs></Polygon></Placemark>
      <Placemark><name>Patch (24,44)</name><styleUrl>#sugarStyle_0</styleUrl><Polygon><outerBoundaryIs><LinearRing><coordinates>-97.2044,49.9962,0 -97.1948,49.9962,0 -97.1948,50.001400000000004,0 -97.2044,50.001400000000004,0 -97.2044,49.9962,0</coordinates></LinearRing></outerBoundaryIs></Polygon></Placemark>
      <Placemark><name>Patch (25,44)</name><styleUrl>#sugarStyle_0</styleUrl><Polygon><outerBoundaryIs><LinearRing><coordinates>-97.1948,49.9962,0 -97.18520000000001,49.9962,0 -97.18520000000001,50.001400000000004,0 -97.1948,50.001400000000004,0 -97.1948,49.9962,0</coordinates></LinearRing></outerBoundaryIs></Polygon></Placemark>
      <Placemark><name>Patch (26,44)</name><styleUrl>#sugarStyle_0</styleUrl><Polygon><outerBoundaryIs><LinearRing><coordinates>-97.18520000000001,49.9962,0 -97.1756,49.9962,0 -97.1756,50.001400000000004,0 -97.18520000000001,50.001400000000004,0 -97.18520000000001,49.9962,0</coordinates></LinearRing></outerBoundaryIs></Polygon></Placemark>
      <Placemark><name>Patch (27,44)</name><styleUrl>#sugarStyle_0</styleUrl><Polygon><outerBoundaryIs><LinearRing><coordinates>-97.1756,49.9962,0 -97.16600000000001,49.9962,0 -97.16600000000001,50.001400000000004,0 -97.1756,50.001400000000004,0 -97.1756,49.9962,0</coordinates></LinearRing></outerBoundaryIs></Polygon></Placemark>
      <Placemark><name>Patch (28,44)</name><styleUrl>#sugarStyle_0</styleUrl><Polygon><outerBoundaryIs><LinearRing><coordinates>-97.16600000000001,49.9962,0 -97.1564,49.9962,0 -97.1564,50.001400000000004,0 -97.16600000000001,50.001400000000004,0 -97.16600000000001,49.9962,0</coordinates></LinearRing></outerBoundaryIs></Polygon></Placemark>
      <Placemark><name>Patch (29,44)</name><styleUrl>#sugarStyle_0</styleUrl><Polygon><outerBoundaryIs><LinearRing><coordinates>-97.1564,49.9962,0 -97.1468,49.9962,0 -97.1468,50.001400000000004,0 -97.1564,50.001400000000004,0 -97.1564,49.9962,0</coordinates></LinearRing></outerBoundaryIs></Polygon></Placemark>
      <Placemark><name>Patch (30,44)</name><styleUrl>#sugarStyle_0</styleUrl><Polygon><outerBoundaryIs><LinearRing><coordinates>-97.1468,49.9962,0 -97.1372,49.9962,0 -97.1372,50.001400000000004,0 -97.1468,50.001400000000004,0 -97.1468,49.9962,0</coordinates></LinearRing></outerBoundaryIs></Polygon></Placemark>
      <Placemark><name>Patch (31,44)</name><styleUrl>#sugarStyle_0</styleUrl><Polygon><outerBoundaryIs><LinearRing><coordinates>-97.1372,49.9962,0 -97.1276,49.9962,0 -97.1276,50.001400000000004,0 -97.1372,50.001400000000004,0 -97.1372,49.9962,0</coordinates></LinearRing></outerBoundaryIs></Polygon></Placemark>
      <Placemark><name>Patch (32,44)</name><styleUrl>#sugarStyle_0</styleUrl><Polygon><outerBoundaryIs><LinearRing><coordinates>-97.1276,49.9962,0 -97.11800000000001,49.9962,0 -97.11800000000001,50.001400000000004,0 -97.1276,50.001400000000004,0 -97.1276,49.9962,0</coordinates></LinearRing></outerBoundaryIs></Polygon></Placemark>
      <Placemark><name>Patch (33,44)</name><styleUrl>#sugarStyle_0</styleUrl><Polygon><outerBoundaryIs><LinearRing><coordinates>-97.11800000000001,49.9962,0 -97.1084,49.9962,0 -97.1084,50.001400000000004,0 -97.11800000000001,50.001400000000004,0 -97.11800000000001,49.9962,0</coordinates></LinearRing></outerBoundaryIs></Polygon></Placemark>
      <Placemark><name>Patch (34,44)</name><styleUrl>#sugarStyle_0</styleUrl><Polygon><outerBoundaryIs><LinearRing><coordinates>-97.1084,49.9962,0 -97.0988,49.9962,0 -97.0988,50.001400000000004,0 -97.1084,50.001400000000004,0 -97.1084,49.9962,0</coordinates></LinearRing></outerBoundaryIs></Polygon></Placemark>
      <Placemark><name>Patch (35,44)</name><styleUrl>#sugarStyle_0</styleUrl><Polygon><outerBoundaryIs><LinearRing><coordinates>-97.0988,49.9962,0 -97.0892,49.9962,0 -97.0892,50.001400000000004,0 -97.0988,50.001400000000004,0 -97.0988,49.9962,0</coordinates></LinearRing></outerBoundaryIs></Polygon></Placemark>
      <Placemark><name>Patch (36,44)</name><styleUrl>#sugarStyle_0</styleUrl><Polygon><outerBoundaryIs><LinearRing><coordinates>-97.0892,49.9962,0 -97.0796,49.9962,0 -97.0796,50.001400000000004,0 -97.0892,50.001400000000004,0 -97.0892,49.9962,0</coordinates></LinearRing></outerBoundaryIs></Polygon></Placemark>
      <Placemark><name>Patch (37,44)</name><styleUrl>#sugarStyle_0</styleUrl><Polygon><outerBoundaryIs><LinearRing><coordinates>-97.0796,49.9962,0 -97.07000000000001,49.9962,0 -97.07000000000001,50.001400000000004,0 -97.0796,50.001400000000004,0 -97.0796,49.9962,0</coordinates></LinearRing></outerBoundaryIs></Polygon></Placemark>
      <Placemark><name>Patch (38,44)</name><styleUrl>#sugarStyle_0</styleUrl><Polygon><outerBoundaryIs><LinearRing><coordinates>-97.07000000000001,49.9962,0 -97.0604,49.9962,0 -97.0604,50.001400000000004,0 -97.07000000000001,50.001400000000004,0 -97.07000000000001,49.9962,0</coordinates></LinearRing></outerBoundaryIs></Polygon></Placemark>
      <Placemark><name>Patch (39,44)</name><styleUrl>#sugarStyle_0</styleUrl><Polygon><outerBoundaryIs><LinearRing><coordinates>-97.0604,49.9962,0 -97.05080000000001,49.9962,0 -97.05080000000001,50.001400000000004,0 -97.0604,50.001400000000004,0 -97.0604,49.9962,0</coordinates></LinearRing></outerBoundaryIs></Polygon></Placemark>
      <Placemark><name>Patch (40,44)</name><styleUrl>#sugarStyle_0</styleUrl><Polygon><outerBoundaryIs><LinearRing><coordinates>-97.05080000000001,49.9962,0 -97.0412,49.9962,0 -97.0412,50.001400000000004,0 -97.05080000000001,50.001400000000004,0 -97.05080000000001,49.9962,0</coordinates></LinearRing></outerBoundaryIs></Polygon></Placemark>
      <Placemark><name>Patch (41,44)</name><styleUrl>#sugarStyle_0</styleUrl><Polygon><outerBoundaryIs><LinearRing><coordinates>-97.0412,49.9962,0 -97.0316,49.9962,0 -97.0316,50.001400000000004,0 -97.0412,50.001400000000004,0 -97.0412,49.9962,0</coordinates></LinearRing></outerBoundaryIs></Polygon></Placemark>
      <Placemark><name>Patch (42,44)</name><styleUrl>#sugarStyle_0</styleUrl><Polygon><outerBoundaryIs><LinearRing><coordinates>-97.0316,49.9962,0 -97.022,49.9962,0 -97.022,50.001400000000004,0 -97.0316,50.001400000000004,0 -97.0316,49.9962,0</coordinates></LinearRing></outerBoundaryIs></Polygon></Placemark>
      <Placemark><name>Patch (43,44)</name><styleUrl>#sugarStyle_0</styleUrl><Polygon><outerBoundaryIs><LinearRing><coordinates>-97.022,49.9962,0 -97.0124,49.9962,0 -97.0124,50.001400000000004,0 -97.022,50.001400000000004,0 -97.022,49.9962,0</coordinates></LinearRing></outerBoundaryIs></Polygon></Placemark>
      <Placemark><name>Patch (44,44)</name><styleUrl>#sugarStyle_0</styleUrl><Polygon><outerBoundaryIs><LinearRing><coordinates>-97.0124,49.9962,0 -97.00280000000001,49.9962,0 -97.00280000000001,50.001400000000004,0 -97.0124,50.001400000000004,0 -97.0124,49.9962,0</coordinates></LinearRing></outerBoundaryIs></Polygon></Placemark>
      <Placemark><name>Patch (45,44)</name><styleUrl>#sugarStyle_0</styleUrl><Polygon><outerBoundaryIs><LinearRing><coordinates>-97.00280000000001,49.9962,0 -96.9932,49.9962,0 -96.9932,50.001400000000004,0 -97.00280000000001,50.001400000000004,0 -97.00280000000001,49.9962,0</coordinates></LinearRing></outerBoundaryIs></Polygon></Placemark>
      <Placemark><name>Patch (46,44)</name><styleUrl>#sugarStyle_0</styleUrl><Polygon><outerBoundaryIs><LinearRing><coordinates>-96.9932,49.9962,0 -96.98360000000001,49.9962,0 -96.98360000000001,50.001400000000004,0 -96.9932,50.001400000000004,0 -96.9932,49.9962,0</coordinates></LinearRing></outerBoundaryIs></Polygon></Placemark>
      <Placemark><name>Patch (47,44)</name><styleUrl>#sugarStyle_0</styleUrl><Polygon><outerBoundaryIs><LinearRing><coordinates>-96.98360000000001,49.9962,0 -96.974,49.9962,0 -96.974,50.001400000000004,0 -96.98360000000001,50.001400000000004,0 -96.98360000000001,49.9962,0</coordinates></LinearRing></outerBoundaryIs></Polygon></Placemark>
      <Placemark><name>Patch (48,44)</name><styleUrl>#sugarStyle_0</styleUrl><Polygon><outerBoundaryIs><LinearRing><coordinates>-96.974,49.9962,0 -96.9644,49.9962,0 -96.9644,50.001400000000004,0 -96.974,50.001400000000004,0 -96.974,49.9962,0</coordinates></LinearRing></outerBoundaryIs></Polygon></Placemark>
      <Placemark><name>Patch (49,44)</name><styleUrl>#sugarStyle_0</styleUrl><Polygon><outerBoundaryIs><LinearRing><coordinates>-96.9644,49.9962,0 -96.9548,49.9962,0 -96.9548,50.001400000000004,0 -96.9644,50.001400000000004,0 -96.9644,49.9962,0</coordinates></LinearRing></outerBoundaryIs></Polygon></Placemark>
      <Placemark><name>Patch (50,44)</name><styleUrl>#sugarStyle_0</styleUrl><Polygon><outerBoundaryIs><LinearRing><coordinates>-96.9548,49.9962,0 -96.9452,49.9962,0 -96.9452,50.001400000000004,0 -96.9548,50.001400000000004,0 -96.9548,49.9962,0</coordinates></LinearRing></outerBoundaryIs></Polygon></Placemark>
      <Placemark><name>Patch (0,45)</name><styleUrl>#sugarStyle_0</styleUrl><Polygon><outerBoundaryIs><LinearRing><coordinates>-97.43480000000001,50.001400000000004,0 -97.4252,50.001400000000004,0 -97.4252,50.0066,0 -97.43480000000001,50.0066,0 -97.43480000000001,50.001400000000004,0</coordinates></LinearRing></outerBoundaryIs></Polygon></Placemark>
      <Placemark><name>Patch (1,45)</name><styleUrl>#sugarStyle_0</styleUrl><Polygon><outerBoundaryIs><LinearRing><coordinates>-97.4252,50.001400000000004,0 -97.41560000000001,50.001400000000004,0 -97.41560000000001,50.0066,0 -97.4252,50.0066,0 -97.4252,50.001400000000004,0</coordinates></LinearRing></outerBoundaryIs></Polygon></Placemark>
      <Placemark><name>Patch (2,45)</name><styleUrl>#sugarStyle_0</styleUrl><Polygon><outerBoundaryIs><LinearRing><coordinates>-97.41560000000001,50.001400000000004,0 -97.406,50.001400000000004,0 -97.406,50.0066,0 -97.41560000000001,50.0066,0 -97.41560000000001,50.001400000000004,0</coordinates></LinearRing></outerBoundaryIs></Polygon></Placemark>
      <Placemark><name>Patch (3,45)</name><styleUrl>#sugarStyle_0</styleUrl><Polygon><outerBoundaryIs><LinearRing><coordinates>-97.406,50.001400000000004,0 -97.3964,50.001400000000004,0 -97.3964,50.0066,0 -97.406,50.0066,0 -97.406,50.001400000000004,0</coordinates></LinearRing></outerBoundaryIs></Polygon></Placemark>
      <Placemark><name>Patch (4,45)</name><styleUrl>#sugarStyle_0</styleUrl><Polygon><outerBoundaryIs><LinearRing><coordinates>-97.3964,50.001400000000004,0 -97.38680000000001,50.001400000000004,0 -97.38680000000001,50.0066,0 -97.3964,50.0066,0 -97.3964,50.001400000000004,0</coordinates></LinearRing></outerBoundaryIs></Polygon></Placemark>
      <Placemark><name>Patch (5,45)</name><styleUrl>#sugarStyle_0</styleUrl><Polygon><outerBoundaryIs><LinearRing><coordinates>-97.38680000000001,50.001400000000004,0 -97.3772,50.001400000000004,0 -97.3772,50.0066,0 -97.38680000000001,50.0066,0 -97.38680000000001,50.001400000000004,0</coordinates></LinearRing></outerBoundaryIs></Polygon></Placemark>
      <Placemark><name>Patch (6,45)</name><styleUrl>#sugarStyle_0</styleUrl><Polygon><outerBoundaryIs><LinearRing><coordinates>-97.3772,50.001400000000004,0 -97.36760000000001,50.001400000000004,0 -97.36760000000001,50.0066,0 -97.3772,50.0066,0 -97.3772,50.001400000000004,0</coordinates></LinearRing></outerBoundaryIs></Polygon></Placemark>
      <Placemark><name>Patch (7,45)</name><styleUrl>#sugarStyle_0</styleUrl><Polygon><outerBoundaryIs><LinearRing><coordinates>-97.36760000000001,50.001400000000004,0 -97.358,50.001400000000004,0 -97.358,50.0066,0 -97.36760000000001,50.0066,0 -97.36760000000001,50.001400000000004,0</coordinates></LinearRing></outerBoundaryIs></Polygon></Placemark>
      <Placemark><name>Patch (8,45)</name><styleUrl>#sugarStyle_0</styleUrl><Polygon><outerBoundaryIs><LinearRing><coordinates>-97.358,50.001400000000004,0 -97.34840000000001,50.001400000000004,0 -97.34840000000001,50.0066,0 -97.358,50.0066,0 -97.358,50.001400000000004,0</coordinates></LinearRing></outerBoundaryIs></Polygon></Placemark>
      <Placemark><name>Patch (9,45)</name><styleUrl>#sugarStyle_0</styleUrl><Polygon><outerBoundaryIs><LinearRing><coordinates>-97.34840000000001,50.001400000000004,0 -97.3388,50.001400000000004,0 -97.3388,50.0066,0 -97.34840000000001,50.0066,0 -97.34840000000001,50.001400000000004,0</coordinates></LinearRing></outerBoundaryIs></Polygon></Placemark>
      <Placemark><name>Patch (10,45)</name><styleUrl>#sugarStyle_0</styleUrl><Polygon><outerBoundaryIs><LinearRing><coordinates>-97.3388,50.001400000000004,0 -97.3292,50.001400000000004,0 -97.3292,50.0066,0 -97.3388,50.0066,0 -97.3388,50.001400000000004,0</coordinates></LinearRing></outerBoundaryIs></Polygon></Placemark>
      <Placemark><name>Patch (11,45)</name><styleUrl>#sugarStyle_0</styleUrl><Polygon><outerBoundaryIs><LinearRing><coordinates>-97.3292,50.001400000000004,0 -97.31960000000001,50.001400000000004,0 -97.31960000000001,50.0066,0 -97.3292,50.0066,0 -97.3292,50.001400000000004,0</coordinates></LinearRing></outerBoundaryIs></Polygon></Placemark>
      <Placemark><name>Patch (12,45)</name><styleUrl>#sugarStyle_0</styleUrl><Polygon><outerBoundaryIs><LinearRing><coordinates>-97.31960000000001,50.001400000000004,0 -97.31,50.001400000000004,0 -97.31,50.0066,0 -97.31960000000001,50.0066,0 -97.31960000000001,50.001400000000004,0</coordinates></LinearRing></outerBoundaryIs></Polygon></Placemark>
      <Placemark><name>Patch (13,45)</name><styleUrl>#sugarStyle_0</styleUrl><Polygon><outerBoundaryIs><LinearRing><coordinates>-97.31,50.001400000000004,0 -97.30040000000001,50.001400000000004,0 -97.30040000000001,50.0066,0 -97.31,50.0066,0 -97.31,50.001400000000004,0</coordinates></LinearRing></outerBoundaryIs></Polygon></Placemark>
      <Placemark><name>Patch (14,45)</name><styleUrl>#sugarStyle_0</styleUrl><Polygon><outerBoundaryIs><LinearRing><coordinates>-97.30040000000001,50.001400000000004,0 -97.2908,50.001400000000004,0 -97.2908,50.0066,0 -97.30040000000001,50.0066,0 -97.30040000000001,50.001400000000004,0</coordinates></LinearRing></outerBoundaryIs></Polygon></Placemark>
      <Placemark><name>Patch (15,45)</name><styleUrl>#sugarStyle_0</styleUrl><Polygon><outerBoundaryIs><LinearRing><coordinates>-97.2908,50.001400000000004,0 -97.28120000000001,50.001400000000004,0 -97.28120000000001,50.0066,0 -97.2908,50.0066,0 -97.2908,50.001400000000004,0</coordinates></LinearRing></outerBoundaryIs></Polygon></Placemark>
      <Placemark><name>Patch (16,45)</name><styleUrl>#sugarStyle_0</styleUrl><Polygon><outerBoundaryIs><LinearRing><coordinates>-97.28120000000001,50.001400000000004,0 -97.2716,50.001400000000004,0 -97.2716,50.0066,0 -97.28120000000001,50.0066,0 -97.28120000000001,50.001400000000004,0</coordinates></LinearRing></outerBoundaryIs></Polygon></Placemark>
      <Placemark><name>Patch (17,45)</name><styleUrl>#sugarStyle_0</styleUrl><Polygon><outerBoundaryIs><LinearRing><coordinates>-97.2716,50.001400000000004,0 -97.262,50.001400000000004,0 -97.262,50.0066,0 -97.2716,50.0066,0 -97.2716,50.001400000000004,0</coordinates></LinearRing></outerBoundaryIs></Polygon></Placemark>
      <Placemark><name>Patch (18,45)</name><styleUrl>#sugarStyle_0</styleUrl><Polygon><outerBoundaryIs><LinearRing><coordinates>-97.262,50.001400000000004,0 -97.25240000000001,50.001400000000004,0 -97.25240000000001,50.0066,0 -97.262,50.0066,0 -97.262,50.001400000000004,0</coordinates></LinearRing></outerBoundaryIs></Polygon></Placemark>
      <Placemark><name>Patch (19,45)</name><styleUrl>#sugarStyle_0</styleUrl><Polygon><outerBoundaryIs><LinearRing><coordinates>-97.25240000000001,50.001400000000004,0 -97.2428,50.001400000000004,0 -97.2428,50.0066,0 -97.25240000000001,50.0066,0 -97.25240000000001,50.001400000000004,0</coordinates></LinearRing></outerBoundaryIs></Polygon></Placemark>
      <Placemark><name>Patch (20,45)</name><styleUrl>#sugarStyle_0</styleUrl><Polygon><outerBoundaryIs><LinearRing><coordinates>-97.2428,50.001400000000004,0 -97.23320000000001,50.001400000000004,0 -97.23320000000001,50.0066,0 -97.2428,50.0066,0 -97.2428,50.001400000000004,0</coordinates></LinearRing></outerBoundaryIs></Polygon></Placemark>
      <Placemark><name>Patch (21,45)</name><styleUrl>#sugarStyle_0</styleUrl><Polygon><outerBoundaryIs><LinearRing><coordinates>-97.23320000000001,50.001400000000004,0 -97.2236,50.001400000000004,0 -97.2236,50.0066,0 -97.23320000000001,50.0066,0 -97.23320000000001,50.001400000000004,0</coordinates></LinearRing></outerBoundaryIs></Polygon></Placemark>
      <Placemark><name>Patch (22,45)</name><styleUrl>#sugarStyle_0</styleUrl><Polygon><outerBoundaryIs><LinearRing><coordinates>-97.2236,50.001400000000004,0 -97.214,50.001400000000004,0 -97.214,50.0066,0 -97.2236,50.0066,0 -97.2236,50.001400000000004,0</coordinates></LinearRing></outerBoundaryIs></Polygon></Placemark>
      <Placemark><name>Patch (23,45)</name><styleUrl>#sugarStyle_0</styleUrl><Polygon><outerBoundaryIs><LinearRing><coordinates>-97.214,50.001400000000004,0 -97.2044,50.001400000000004,0 -97.2044,50.0066,0 -97.214,50.0066,0 -97.214,50.001400000000004,0</coordinates></LinearRing></outerBoundaryIs></Polygon></Placemark>
      <Placemark><name>Patch (24,45)</name><styleUrl>#sugarStyle_0</styleUrl><Polygon><outerBoundaryIs><LinearRing><coordinates>-97.2044,50.001400000000004,0 -97.1948,50.001400000000004,0 -97.1948,50.0066,0 -97.2044,50.0066,0 -97.2044,50.001400000000004,0</coordinates></LinearRing></outerBoundaryIs></Polygon></Placemark>
      <Placemark><name>Patch (25,45)</name><styleUrl>#sugarStyle_0</styleUrl><Polygon><outerBoundaryIs><LinearRing><coordinates>-97.1948,50.001400000000004,0 -97.18520000000001,50.001400000000004,0 -97.18520000000001,50.0066,0 -97.1948,50.0066,0 -97.1948,50.001400000000004,0</coordinates></LinearRing></outerBoundaryIs></Polygon></Placemark>
      <Placemark><name>Patch (26,45)</name><styleUrl>#sugarStyle_0</styleUrl><Polygon><outerBoundaryIs><LinearRing><coordinates>-97.18520000000001,50.001400000000004,0 -97.1756,50.001400000000004,0 -97.1756,50.0066,0 -97.18520000000001,50.0066,0 -97.18520000000001,50.001400000000004,0</coordinates></LinearRing></outerBoundaryIs></Polygon></Placemark>
      <Placemark><name>Patch (27,45)</name><styleUrl>#sugarStyle_0</styleUrl><Polygon><outerBoundaryIs><LinearRing><coordinates>-97.1756,50.001400000000004,0 -97.16600000000001,50.001400000000004,0 -97.16600000000001,50.0066,0 -97.1756,50.0066,0 -97.1756,50.001400000000004,0</coordinates></LinearRing></outerBoundaryIs></Polygon></Placemark>
      <Placemark><name>Patch (28,45)</name><styleUrl>#sugarStyle_0</styleUrl><Polygon><outerBoundaryIs><LinearRing><coordinates>-97.16600000000001,50.001400000000004,0 -97.1564,50.001400000000004,0 -97.1564,50.0066,0 -97.16600000000001,50.0066,0 -97.16600000000001,50.001400000000004,0</coordinates></LinearRing></outerBoundaryIs></Polygon></Placemark>
      <Placemark><name>Patch (29,45)</name><styleUrl>#sugarStyle_0</styleUrl><Polygon><outerBoundaryIs><LinearRing><coordinates>-97.1564,50.001400000000004,0 -97.1468,50.001400000000004,0 -97.1468,50.0066,0 -97.1564,50.0066,0 -97.1564,50.001400000000004,0</coordinates></LinearRing></outerBoundaryIs></Polygon></Placemark>
      <Placemark><name>Patch (30,45)</name><styleUrl>#sugarStyle_0</styleUrl><Polygon><outerBoundaryIs><LinearRing><coordinates>-97.1468,50.001400000000004,0 -97.1372,50.001400000000004,0 -97.1372,50.0066,0 -97.1468,50.0066,0 -97.1468,50.001400000000004,0</coordinates></LinearRing></outerBoundaryIs></Polygon></Placemark>
      <Placemark><name>Patch (31,45)</name><styleUrl>#sugarStyle_0</styleUrl><Polygon><outerBoundaryIs><LinearRing><coordinates>-97.1372,50.001400000000004,0 -97.1276,50.001400000000004,0 -97.1276,50.0066,0 -97.1372,50.0066,0 -97.1372,50.001400000000004,0</coordinates></LinearRing></outerBoundaryIs></Polygon></Placemark>
      <Placemark><name>Patch (32,45)</name><styleUrl>#sugarStyle_0</styleUrl><Polygon><outerBoundaryIs><LinearRing><coordinates>-97.1276,50.001400000000004,0 -97.11800000000001,50.001400000000004,0 -97.11800000000001,50.0066,0 -97.1276,50.0066,0 -97.1276,50.001400000000004,0</coordinates></LinearRing></outerBoundaryIs></Polygon></Placemark>
      <Placemark><name>Patch (33,45)</name><styleUrl>#sugarStyle_0</styleUrl><Polygon><outerBoundaryIs><LinearRing><coordinates>-97.11800000000001,50.001400000000004,0 -97.1084,50.001400000000004,0 -97.1084,50.0066,0 -97.11800000000001,50.0066,0 -97.11800000000001,50.001400000000004,0</coordinates></LinearRing></outerBoundaryIs></Polygon></Placemark>
      <Placemark><name>Patch (34,45)</name><styleUrl>#sugarStyle_0</styleUrl><Polygon><outerBoundaryIs><LinearRing><coordinates>-97.1084,50.001400000000004,0 -97.0988,50.001400000000004,0 -97.0988,50.0066,0 -97.1084,50.0066,0 -97.1084,50.001400000000004,0</coordinates></LinearRing></outerBoundaryIs></Polygon></Placemark>
      <Placemark><name>Patch (35,45)</name><styleUrl>#sugarStyle_0</styleUrl><Polygon><outerBoundaryIs><LinearRing><coordinates>-97.0988,50.001400000000004,0 -97.0892,50.001400000000004,0 -97.0892,50.0066,0 -97.0988,50.0066,0 -97.0988,50.001400000000004,0</coordinates></LinearRing></outerBoundaryIs></Polygon></Placemark>
      <Placemark><name>Patch (36,45)</name><styleUrl>#sugarStyle_0</styleUrl><Polygon><outerBoundaryIs><LinearRing><coordinates>-97.0892,50.001400000000004,0 -97.0796,50.001400000000004,0 -97.0796,50.0066,0 -97.0892,50.0066,0 -97.0892,50.001400000000004,0</coordinates></LinearRing></outerBoundaryIs></Polygon></Placemark>
      <Placemark><name>Patch (37,45)</name><styleUrl>#sugarStyle_0</styleUrl><Polygon><outerBoundaryIs><LinearRing><coordinates>-97.0796,50.001400000000004,0 -97.07000000000001,50.001400000000004,0 -97.07000000000001,50.0066,0 -97.0796,50.0066,0 -97.0796,50.001400000000004,0</coordinates></LinearRing></outerBoundaryIs></Polygon></Placemark>
      <Placemark><name>Patch (38,45)</name><styleUrl>#sugarStyle_0</styleUrl><Polygon><outerBoundaryIs><LinearRing><coordinates>-97.07000000000001,50.001400000000004,0 -97.0604,50.001400000000004,0 -97.0604,50.0066,0 -97.07000000000001,50.0066,0 -97.07000000000001,50.001400000000004,0</coordinates></LinearRing></outerBoundaryIs></Polygon></Placemark>
      <Placemark><name>Patch (39,45)</name><styleUrl>#sugarStyle_0</styleUrl><Polygon><outerBoundaryIs><LinearRing><coordinates>-97.0604,50.001400000000004,0 -97.05080000000001,50.001400000000004,0 -97.05080000000001,50.0066,0 -97.0604,50.0066,0 -97.0604,50.001400000000004,0</coordinates></LinearRing></outerBoundaryIs></Polygon></Placemark>
      <Placemark><name>Patch (40,45)</name><styleUrl>#sugarStyle_0</styleUrl><Polygon><outerBoundaryIs><LinearRing><coordinates>-97.05080000000001,50.001400000000004,0 -97.0412,50.001400000000004,0 -97.0412,50.0066,0 -97.05080000000001,50.0066,0 -97.05080000000001,50.001400000000004,0</coordinates></LinearRing></outerBoundaryIs></Polygon></Placemark>
      <Placemark><name>Patch (41,45)</name><styleUrl>#sugarStyle_0</styleUrl><Polygon><outerBoundaryIs><LinearRing><coordinates>-97.0412,50.001400000000004,0 -97.0316,50.001400000000004,0 -97.0316,50.0066,0 -97.0412,50.0066,0 -97.0412,50.001400000000004,0</coordinates></LinearRing></outerBoundaryIs></Polygon></Placemark>
      <Placemark><name>Patch (42,45)</name><styleUrl>#sugarStyle_0</styleUrl><Polygon><outerBoundaryIs><LinearRing><coordinates>-97.0316,50.001400000000004,0 -97.022,50.001400000000004,0 -97.022,50.0066,0 -97.0316,50.0066,0 -97.0316,50.001400000000004,0</coordinates></LinearRing></outerBoundaryIs></Polygon></Placemark>
      <Placemark><name>Patch (43,45)</name><styleUrl>#sugarStyle_0</styleUrl><Polygon><outerBoundaryIs><LinearRing><coordinates>-97.022,50.001400000000004,0 -97.0124,50.001400000000004,0 -97.0124,50.0066,0 -97.022,50.0066,0 -97.022,50.001400000000004,0</coordinates></LinearRing></outerBoundaryIs></Polygon></Placemark>
      <Placemark><name>Patch (44,45)</name><styleUrl>#sugarStyle_0</styleUrl><Polygon><outerBoundaryIs><LinearRing><coordinates>-97.0124,50.001400000000004,0 -97.00280000000001,50.001400000000004,0 -97.00280000000001,50.0066,0 -97.0124,50.0066,0 -97.0124,50.001400000000004,0</coordinates></LinearRing></outerBoundaryIs></Polygon></Placemark>
      <Placemark><name>Patch (45,45)</name><styleUrl>#sugarStyle_0</styleUrl><Polygon><outerBoundaryIs><LinearRing><coordinates>-97.00280000000001,50.001400000000004,0 -96.9932,50.001400000000004,0 -96.9932,50.0066,0 -97.00280000000001,50.0066,0 -97.00280000000001,50.001400000000004,0</coordinates></LinearRing></outerBoundaryIs></Polygon></Placemark>
      <Placemark><name>Patch (46,45)</name><styleUrl>#sugarStyle_0</styleUrl><Polygon><outerBoundaryIs><LinearRing><coordinates>-96.9932,50.001400000000004,0 -96.98360000000001,50.001400000000004,0 -96.98360000000001,50.0066,0 -96.9932,50.0066,0 -96.9932,50.001400000000004,0</coordinates></LinearRing></outerBoundaryIs></Polygon></Placemark>
      <Placemark><name>Patch (47,45)</name><styleUrl>#sugarStyle_0</styleUrl><Polygon><outerBoundaryIs><LinearRing><coordinates>-96.98360000000001,50.001400000000004,0 -96.974,50.001400000000004,0 -96.974,50.0066,0 -96.98360000000001,50.0066,0 -96.98360000000001,50.001400000000004,0</coordinates></LinearRing></outerBoundaryIs></Polygon></Placemark>
      <Placemark><name>Patch (48,45)</name><styleUrl>#sugarStyle_0</styleUrl><Polygon><outerBoundaryIs><LinearRing><coordinates>-96.974,50.001400000000004,0 -96.9644,50.001400000000004,0 -96.9644,50.0066,0 -96.974,50.0066,0 -96.974,50.001400000000004,0</coordinates></LinearRing></outerBoundaryIs></Polygon></Placemark>
      <Placemark><name>Patch (49,45)</name><styleUrl>#sugarStyle_0</styleUrl><Polygon><outerBoundaryIs><LinearRing><coordinates>-96.9644,50.001400000000004,0 -96.9548,50.001400000000004,0 -96.9548,50.0066,0 -96.9644,50.0066,0 -96.9644,50.001400000000004,0</coordinates></LinearRing></outerBoundaryIs></Polygon></Placemark>
      <Placemark><name>Patch (50,45)</name><styleUrl>#sugarStyle_0</styleUrl><Polygon><outerBoundaryIs><LinearRing><coordinates>-96.9548,50.001400000000004,0 -96.9452,50.001400000000004,0 -96.9452,50.0066,0 -96.9548,50.0066,0 -96.9548,50.001400000000004,0</coordinates></LinearRing></outerBoundaryIs></Polygon></Placemark>
      <Placemark><name>Patch (0,46)</name><styleUrl>#sugarStyle_0</styleUrl><Polygon><outerBoundaryIs><LinearRing><coordinates>-97.43480000000001,50.0066,0 -97.4252,50.0066,0 -97.4252,50.0118,0 -97.43480000000001,50.0118,0 -97.43480000000001,50.0066,0</coordinates></LinearRing></outerBoundaryIs></Polygon></Placemark>
      <Placemark><name>Patch (1,46)</name><styleUrl>#sugarStyle_0</styleUrl><Polygon><outerBoundaryIs><LinearRing><coordinates>-97.4252,50.0066,0 -97.41560000000001,50.0066,0 -97.41560000000001,50.0118,0 -97.4252,50.0118,0 -97.4252,50.0066,0</coordinates></LinearRing></outerBoundaryIs></Polygon></Placemark>
      <Placemark><name>Patch (2,46)</name><styleUrl>#sugarStyle_0</styleUrl><Polygon><outerBoundaryIs><LinearRing><coordinates>-97.41560000000001,50.0066,0 -97.406,50.0066,0 -97.406,50.0118,0 -97.41560000000001,50.0118,0 -97.41560000000001,50.0066,0</coordinates></LinearRing></outerBoundaryIs></Polygon></Placemark>
      <Placemark><name>Patch (3,46)</name><styleUrl>#sugarStyle_0</styleUrl><Polygon><outerBoundaryIs><LinearRing><coordinates>-97.406,50.0066,0 -97.3964,50.0066,0 -97.3964,50.0118,0 -97.406,50.0118,0 -97.406,50.0066,0</coordinates></LinearRing></outerBoundaryIs></Polygon></Placemark>
      <Placemark><name>Patch (4,46)</name><styleUrl>#sugarStyle_0</styleUrl><Polygon><outerBoundaryIs><LinearRing><coordinates>-97.3964,50.0066,0 -97.38680000000001,50.0066,0 -97.38680000000001,50.0118,0 -97.3964,50.0118,0 -97.3964,50.0066,0</coordinates></LinearRing></outerBoundaryIs></Polygon></Placemark>
      <Placemark><name>Patch (5,46)</name><styleUrl>#sugarStyle_0</styleUrl><Polygon><outerBoundaryIs><LinearRing><coordinates>-97.38680000000001,50.0066,0 -97.3772,50.0066,0 -97.3772,50.0118,0 -97.38680000000001,50.0118,0 -97.38680000000001,50.0066,0</coordinates></LinearRing></outerBoundaryIs></Polygon></Placemark>
      <Placemark><name>Patch (6,46)</name><styleUrl>#sugarStyle_0</styleUrl><Polygon><outerBoundaryIs><LinearRing><coordinates>-97.3772,50.0066,0 -97.36760000000001,50.0066,0 -97.36760000000001,50.0118,0 -97.3772,50.0118,0 -97.3772,50.0066,0</coordinates></LinearRing></outerBoundaryIs></Polygon></Placemark>
      <Placemark><name>Patch (7,46)</name><styleUrl>#sugarStyle_0</styleUrl><Polygon><outerBoundaryIs><LinearRing><coordinates>-97.36760000000001,50.0066,0 -97.358,50.0066,0 -97.358,50.0118,0 -97.36760000000001,50.0118,0 -97.36760000000001,50.0066,0</coordinates></LinearRing></outerBoundaryIs></Polygon></Placemark>
      <Placemark><name>Patch (8,46)</name><styleUrl>#sugarStyle_0</styleUrl><Polygon><outerBoundaryIs><LinearRing><coordinates>-97.358,50.0066,0 -97.34840000000001,50.0066,0 -97.34840000000001,50.0118,0 -97.358,50.0118,0 -97.358,50.0066,0</coordinates></LinearRing></outerBoundaryIs></Polygon></Placemark>
      <Placemark><name>Patch (9,46)</name><styleUrl>#sugarStyle_0</styleUrl><Polygon><outerBoundaryIs><LinearRing><coordinates>-97.34840000000001,50.0066,0 -97.3388,50.0066,0 -97.3388,50.0118,0 -97.34840000000001,50.0118,0 -97.34840000000001,50.0066,0</coordinates></LinearRing></outerBoundaryIs></Polygon></Placemark>
      <Placemark><name>Patch (10,46)</name><styleUrl>#sugarStyle_0</styleUrl><Polygon><outerBoundaryIs><LinearRing><coordinates>-97.3388,50.0066,0 -97.3292,50.0066,0 -97.3292,50.0118,0 -97.3388,50.0118,0 -97.3388,50.0066,0</coordinates></LinearRing></outerBoundaryIs></Polygon></Placemark>
      <Placemark><name>Patch (11,46)</name><styleUrl>#sugarStyle_0</styleUrl><Polygon><outerBoundaryIs><LinearRing><coordinates>-97.3292,50.0066,0 -97.31960000000001,50.0066,0 -97.31960000000001,50.0118,0 -97.3292,50.0118,0 -97.3292,50.0066,0</coordinates></LinearRing></outerBoundaryIs></Polygon></Placemark>
      <Placemark><name>Patch (12,46)</name><styleUrl>#sugarStyle_0</styleUrl><Polygon><outerBoundaryIs><LinearRing><coordinates>-97.31960000000001,50.0066,0 -97.31,50.0066,0 -97.31,50.0118,0 -97.31960000000001,50.0118,0 -97.31960000000001,50.0066,0</coordinates></LinearRing></outerBoundaryIs></Polygon></Placemark>
      <Placemark><name>Patch (13,46)</name><styleUrl>#sugarStyle_0</styleUrl><Polygon><outerBoundaryIs><LinearRing><coordinates>-97.31,50.0066,0 -97.30040000000001,50.0066,0 -97.30040000000001,50.0118,0 -97.31,50.0118,0 -97.31,50.0066,0</coordinates></LinearRing></outerBoundaryIs></Polygon></Placemark>
      <Placemark><name>Patch (14,46)</name><styleUrl>#sugarStyle_0</styleUrl><Polygon><outerBoundaryIs><LinearRing><coordinates>-97.30040000000001,50.0066,0 -97.2908,50.0066,0 -97.2908,50.0118,0 -97.30040000000001,50.0118,0 -97.30040000000001,50.0066,0</coordinates></LinearRing></outerBoundaryIs></Polygon></Placemark>
      <Placemark><name>Patch (15,46)</name><styleUrl>#sugarStyle_0</styleUrl><Polygon><outerBoundaryIs><LinearRing><coordinates>-97.2908,50.0066,0 -97.28120000000001,50.0066,0 -97.28120000000001,50.0118,0 -97.2908,50.0118,0 -97.2908,50.0066,0</coordinates></LinearRing></outerBoundaryIs></Polygon></Placemark>
      <Placemark><name>Patch (16,46)</name><styleUrl>#sugarStyle_0</styleUrl><Polygon><outerBoundaryIs><LinearRing><coordinates>-97.28120000000001,50.0066,0 -97.2716,50.0066,0 -97.2716,50.0118,0 -97.28120000000001,50.0118,0 -97.28120000000001,50.0066,0</coordinates></LinearRing></outerBoundaryIs></Polygon></Placemark>
      <Placemark><name>Patch (17,46)</name><styleUrl>#sugarStyle_0</styleUrl><Polygon><outerBoundaryIs><LinearRing><coordinates>-97.2716,50.0066,0 -97.262,50.0066,0 -97.262,50.0118,0 -97.2716,50.0118,0 -97.2716,50.0066,0</coordinates></LinearRing></outerBoundaryIs></Polygon></Placemark>
      <Placemark><name>Patch (18,46)</name><styleUrl>#sugarStyle_0</styleUrl><Polygon><outerBoundaryIs><LinearRing><coordinates>-97.262,50.0066,0 -97.25240000000001,50.0066,0 -97.25240000000001,50.0118,0 -97.262,50.0118,0 -97.262,50.0066,0</coordinates></LinearRing></outerBoundaryIs></Polygon></Placemark>
      <Placemark><name>Patch (19,46)</name><styleUrl>#sugarStyle_0</styleUrl><Polygon><outerBoundaryIs><LinearRing><coordinates>-97.25240000000001,50.0066,0 -97.2428,50.0066,0 -97.2428,50.0118,0 -97.25240000000001,50.0118,0 -97.25240000000001,50.0066,0</coordinates></LinearRing></outerBoundaryIs></Polygon></Placemark>
      <Placemark><name>Patch (20,46)</name><styleUrl>#sugarStyle_0</styleUrl><Polygon><outerBoundaryIs><LinearRing><coordinates>-97.2428,50.0066,0 -97.23320000000001,50.0066,0 -97.23320000000001,50.0118,0 -97.2428,50.0118,0 -97.2428,50.0066,0</coordinates></LinearRing></outerBoundaryIs></Polygon></Placemark>
      <Placemark><name>Patch (21,46)</name><styleUrl>#sugarStyle_0</styleUrl><Polygon><outerBoundaryIs><LinearRing><coordinates>-97.23320000000001,50.0066,0 -97.2236,50.0066,0 -97.2236,50.0118,0 -97.23320000000001,50.0118,0 -97.23320000000001,50.0066,0</coordinates></LinearRing></outerBoundaryIs></Polygon></Placemark>
      <Placemark><name>Patch (22,46)</name><styleUrl>#sugarStyle_0</styleUrl><Polygon><outerBoundaryIs><LinearRing><coordinates>-97.2236,50.0066,0 -97.214,50.0066,0 -97.214,50.0118,0 -97.2236,50.0118,0 -97.2236,50.0066,0</coordinates></LinearRing></outerBoundaryIs></Polygon></Placemark>
      <Placemark><name>Patch (23,46)</name><styleUrl>#sugarStyle_0</styleUrl><Polygon><outerBoundaryIs><LinearRing><coordinates>-97.214,50.0066,0 -97.2044,50.0066,0 -97.2044,50.0118,0 -97.214,50.0118,0 -97.214,50.0066,0</coordinates></LinearRing></outerBoundaryIs></Polygon></Placemark>
      <Placemark><name>Patch (24,46)</name><styleUrl>#sugarStyle_0</styleUrl><Polygon><outerBoundaryIs><LinearRing><coordinates>-97.2044,50.0066,0 -97.1948,50.0066,0 -97.1948,50.0118,0 -97.2044,50.0118,0 -97.2044,50.0066,0</coordinates></LinearRing></outerBoundaryIs></Polygon></Placemark>
      <Placemark><name>Patch (25,46)</name><styleUrl>#sugarStyle_0</styleUrl><Polygon><outerBoundaryIs><LinearRing><coordinates>-97.1948,50.0066,0 -97.18520000000001,50.0066,0 -97.18520000000001,50.0118,0 -97.1948,50.0118,0 -97.1948,50.0066,0</coordinates></LinearRing></outerBoundaryIs></Polygon></Placemark>
      <Placemark><name>Patch (26,46)</name><styleUrl>#sugarStyle_0</styleUrl><Polygon><outerBoundaryIs><LinearRing><coordinates>-97.18520000000001,50.0066,0 -97.1756,50.0066,0 -97.1756,50.0118,0 -97.18520000000001,50.0118,0 -97.18520000000001,50.0066,0</coordinates></LinearRing></outerBoundaryIs></Polygon></Placemark>
      <Placemark><name>Patch (27,46)</name><styleUrl>#sugarStyle_0</styleUrl><Polygon><outerBoundaryIs><LinearRing><coordinates>-97.1756,50.0066,0 -97.16600000000001,50.0066,0 -97.16600000000001,50.0118,0 -97.1756,50.0118,0 -97.1756,50.0066,0</coordinates></LinearRing></outerBoundaryIs></Polygon></Placemark>
      <Placemark><name>Patch (28,46)</name><styleUrl>#sugarStyle_0</styleUrl><Polygon><outerBoundaryIs><LinearRing><coordinates>-97.16600000000001,50.0066,0 -97.1564,50.0066,0 -97.1564,50.0118,0 -97.16600000000001,50.0118,0 -97.16600000000001,50.0066,0</coordinates></LinearRing></outerBoundaryIs></Polygon></Placemark>
      <Placemark><name>Patch (29,46)</name><styleUrl>#sugarStyle_0</styleUrl><Polygon><outerBoundaryIs><LinearRing><coordinates>-97.1564,50.0066,0 -97.1468,50.0066,0 -97.1468,50.0118,0 -97.1564,50.0118,0 -97.1564,50.0066,0</coordinates></LinearRing></outerBoundaryIs></Polygon></Placemark>
      <Placemark><name>Patch (30,46)</name><styleUrl>#sugarStyle_0</styleUrl><Polygon><outerBoundaryIs><LinearRing><coordinates>-97.1468,50.0066,0 -97.1372,50.0066,0 -97.1372,50.0118,0 -97.1468,50.0118,0 -97.1468,50.0066,0</coordinates></LinearRing></outerBoundaryIs></Polygon></Placemark>
      <Placemark><name>Patch (31,46)</name><styleUrl>#sugarStyle_0</styleUrl><Polygon><outerBoundaryIs><LinearRing><coordinates>-97.1372,50.0066,0 -97.1276,50.0066,0 -97.1276,50.0118,0 -97.1372,50.0118,0 -97.1372,50.0066,0</coordinates></LinearRing></outerBoundaryIs></Polygon></Placemark>
      <Placemark><name>Patch (32,46)</name><styleUrl>#sugarStyle_0</styleUrl><Polygon><outerBoundaryIs><LinearRing><coordinates>-97.1276,50.0066,0 -97.11800000000001,50.0066,0 -97.11800000000001,50.0118,0 -97.1276,50.0118,0 -97.1276,50.0066,0</coordinates></LinearRing></outerBoundaryIs></Polygon></Placemark>
      <Placemark><name>Patch (33,46)</name><styleUrl>#sugarStyle_0</styleUrl><Polygon><outerBoundaryIs><LinearRing><coordinates>-97.11800000000001,50.0066,0 -97.1084,50.0066,0 -97.1084,50.0118,0 -97.11800000000001,50.0118,0 -97.11800000000001,50.0066,0</coordinates></LinearRing></outerBoundaryIs></Polygon></Placemark>
      <Placemark><name>Patch (34,46)</name><styleUrl>#sugarStyle_0</styleUrl><Polygon><outerBoundaryIs><LinearRing><coordinates>-97.1084,50.0066,0 -97.0988,50.0066,0 -97.0988,50.0118,0 -97.1084,50.0118,0 -97.1084,50.0066,0</coordinates></LinearRing></outerBoundaryIs></Polygon></Placemark>
      <Placemark><name>Patch (35,46)</name><styleUrl>#sugarStyle_0</styleUrl><Polygon><outerBoundaryIs><LinearRing><coordinates>-97.0988,50.0066,0 -97.0892,50.0066,0 -97.0892,50.0118,0 -97.0988,50.0118,0 -97.0988,50.0066,0</coordinates></LinearRing></outerBoundaryIs></Polygon></Placemark>
      <Placemark><name>Patch (36,46)</name><styleUrl>#sugarStyle_0</styleUrl><Polygon><outerBoundaryIs><LinearRing><coordinates>-97.0892,50.0066,0 -97.0796,50.0066,0 -97.0796,50.0118,0 -97.0892,50.0118,0 -97.0892,50.0066,0</coordinates></LinearRing></outerBoundaryIs></Polygon></Placemark>
      <Placemark><name>Patch (37,46)</name><styleUrl>#sugarStyle_0</styleUrl><Polygon><outerBoundaryIs><LinearRing><coordinates>-97.0796,50.0066,0 -97.07000000000001,50.0066,0 -97.07000000000001,50.0118,0 -97.0796,50.0118,0 -97.0796,50.0066,0</coordinates></LinearRing></outerBoundaryIs></Polygon></Placemark>
      <Placemark><name>Patch (38,46)</name><styleUrl>#sugarStyle_0</styleUrl><Polygon><outerBoundaryIs><LinearRing><coordinates>-97.07000000000001,50.0066,0 -97.0604,50.0066,0 -97.0604,50.0118,0 -97.07000000000001,50.0118,0 -97.07000000000001,50.0066,0</coordinates></LinearRing></outerBoundaryIs></Polygon></Placemark>
      <Placemark><name>Patch (39,46)</name><styleUrl>#sugarStyle_0</styleUrl><Polygon><outerBoundaryIs><LinearRing><coordinates>-97.0604,50.0066,0 -97.05080000000001,50.0066,0 -97.05080000000001,50.0118,0 -97.0604,50.0118,0 -97.0604,50.0066,0</coordinates></LinearRing></outerBoundaryIs></Polygon></Placemark>
      <Placemark><name>Patch (40,46)</name><styleUrl>#sugarStyle_0</styleUrl><Polygon><outerBoundaryIs><LinearRing><coordinates>-97.05080000000001,50.0066,0 -97.0412,50.0066,0 -97.0412,50.0118,0 -97.05080000000001,50.0118,0 -97.05080000000001,50.0066,0</coordinates></LinearRing></outerBoundaryIs></Polygon></Placemark>
      <Placemark><name>Patch (41,46)</name><styleUrl>#sugarStyle_0</styleUrl><Polygon><outerBoundaryIs><LinearRing><coordinates>-97.0412,50.0066,0 -97.0316,50.0066,0 -97.0316,50.0118,0 -97.0412,50.0118,0 -97.0412,50.0066,0</coordinates></LinearRing></outerBoundaryIs></Polygon></Placemark>
      <Placemark><name>Patch (42,46)</name><styleUrl>#sugarStyle_0</styleUrl><Polygon><outerBoundaryIs><LinearRing><coordinates>-97.0316,50.0066,0 -97.022,50.0066,0 -97.022,50.0118,0 -97.0316,50.0118,0 -97.0316,50.0066,0</coordinates></LinearRing></outerBoundaryIs></Polygon></Placemark>
      <Placemark><name>Patch (43,46)</name><styleUrl>#sugarStyle_0</styleUrl><Polygon><outerBoundaryIs><LinearRing><coordinates>-97.022,50.0066,0 -97.0124,50.0066,0 -97.0124,50.0118,0 -97.022,50.0118,0 -97.022,50.0066,0</coordinates></LinearRing></outerBoundaryIs></Polygon></Placemark>
      <Placemark><name>Patch (44,46)</name><styleUrl>#sugarStyle_0</styleUrl><Polygon><outerBoundaryIs><LinearRing><coordinates>-97.0124,50.0066,0 -97.00280000000001,50.0066,0 -97.00280000000001,50.0118,0 -97.0124,50.0118,0 -97.0124,50.0066,0</coordinates></LinearRing></outerBoundaryIs></Polygon></Placemark>
      <Placemark><name>Patch (45,46)</name><styleUrl>#sugarStyle_0</styleUrl><Polygon><outerBoundaryIs><LinearRing><coordinates>-97.00280000000001,50.0066,0 -96.9932,50.0066,0 -96.9932,50.0118,0 -97.00280000000001,50.0118,0 -97.00280000000001,50.0066,0</coordinates></LinearRing></outerBoundaryIs></Polygon></Placemark>
      <Placemark><name>Patch (46,46)</name><styleUrl>#sugarStyle_0</styleUrl><Polygon><outerBoundaryIs><LinearRing><coordinates>-96.9932,50.0066,0 -96.98360000000001,50.0066,0 -96.98360000000001,50.0118,0 -96.9932,50.0118,0 -96.9932,50.0066,0</coordinates></LinearRing></outerBoundaryIs></Polygon></Placemark>
      <Placemark><name>Patch (47,46)</name><styleUrl>#sugarStyle_0</styleUrl><Polygon><outerBoundaryIs><LinearRing><coordinates>-96.98360000000001,50.0066,0 -96.974,50.0066,0 -96.974,50.0118,0 -96.98360000000001,50.0118,0 -96.98360000000001,50.0066,0</coordinates></LinearRing></outerBoundaryIs></Polygon></Placemark>
      <Placemark><name>Patch (48,46)</name><styleUrl>#sugarStyle_0</styleUrl><Polygon><outerBoundaryIs><LinearRing><coordinates>-96.974,50.0066,0 -96.9644,50.0066,0 -96.9644,50.0118,0 -96.974,50.0118,0 -96.974,50.0066,0</coordinates></LinearRing></outerBoundaryIs></Polygon></Placemark>
      <Placemark><name>Patch (49,46)</name><styleUrl>#sugarStyle_0</styleUrl><Polygon><outerBoundaryIs><LinearRing><coordinates>-96.9644,50.0066,0 -96.9548,50.0066,0 -96.9548,50.0118,0 -96.9644,50.0118,0 -96.9644,50.0066,0</coordinates></LinearRing></outerBoundaryIs></Polygon></Placemark>
      <Placemark><name>Patch (50,46)</name><styleUrl>#sugarStyle_0</styleUrl><Polygon><outerBoundaryIs><LinearRing><coordinates>-96.9548,50.0066,0 -96.9452,50.0066,0 -96.9452,50.0118,0 -96.9548,50.0118,0 -96.9548,50.0066,0</coordinates></LinearRing></outerBoundaryIs></Polygon></Placemark>
      <Placemark><name>Patch (0,47)</name><styleUrl>#sugarStyle_0</styleUrl><Polygon><outerBoundaryIs><LinearRing><coordinates>-97.43480000000001,50.0118,0 -97.4252,50.0118,0 -97.4252,50.017,0 -97.43480000000001,50.017,0 -97.43480000000001,50.0118,0</coordinates></LinearRing></outerBoundaryIs></Polygon></Placemark>
      <Placemark><name>Patch (1,47)</name><styleUrl>#sugarStyle_0</styleUrl><Polygon><outerBoundaryIs><LinearRing><coordinates>-97.4252,50.0118,0 -97.41560000000001,50.0118,0 -97.41560000000001,50.017,0 -97.4252,50.017,0 -97.4252,50.0118,0</coordinates></LinearRing></outerBoundaryIs></Polygon></Placemark>
      <Placemark><name>Patch (2,47)</name><styleUrl>#sugarStyle_0</styleUrl><Polygon><outerBoundaryIs><LinearRing><coordinates>-97.41560000000001,50.0118,0 -97.406,50.0118,0 -97.406,50.017,0 -97.41560000000001,50.017,0 -97.41560000000001,50.0118,0</coordinates></LinearRing></outerBoundaryIs></Polygon></Placemark>
      <Placemark><name>Patch (3,47)</name><styleUrl>#sugarStyle_0</styleUrl><Polygon><outerBoundaryIs><LinearRing><coordinates>-97.406,50.0118,0 -97.3964,50.0118,0 -97.3964,50.017,0 -97.406,50.017,0 -97.406,50.0118,0</coordinates></LinearRing></outerBoundaryIs></Polygon></Placemark>
      <Placemark><name>Patch (4,47)</name><styleUrl>#sugarStyle_0</styleUrl><Polygon><outerBoundaryIs><LinearRing><coordinates>-97.3964,50.0118,0 -97.38680000000001,50.0118,0 -97.38680000000001,50.017,0 -97.3964,50.017,0 -97.3964,50.0118,0</coordinates></LinearRing></outerBoundaryIs></Polygon></Placemark>
      <Placemark><name>Patch (5,47)</name><styleUrl>#sugarStyle_0</styleUrl><Polygon><outerBoundaryIs><LinearRing><coordinates>-97.38680000000001,50.0118,0 -97.3772,50.0118,0 -97.3772,50.017,0 -97.38680000000001,50.017,0 -97.38680000000001,50.0118,0</coordinates></LinearRing></outerBoundaryIs></Polygon></Placemark>
      <Placemark><name>Patch (6,47)</name><styleUrl>#sugarStyle_0</styleUrl><Polygon><outerBoundaryIs><LinearRing><coordinates>-97.3772,50.0118,0 -97.36760000000001,50.0118,0 -97.36760000000001,50.017,0 -97.3772,50.017,0 -97.3772,50.0118,0</coordinates></LinearRing></outerBoundaryIs></Polygon></Placemark>
      <Placemark><name>Patch (7,47)</name><styleUrl>#sugarStyle_0</styleUrl><Polygon><outerBoundaryIs><LinearRing><coordinates>-97.36760000000001,50.0118,0 -97.358,50.0118,0 -97.358,50.017,0 -97.36760000000001,50.017,0 -97.36760000000001,50.0118,0</coordinates></LinearRing></outerBoundaryIs></Polygon></Placemark>
      <Placemark><name>Patch (8,47)</name><styleUrl>#sugarStyle_0</styleUrl><Polygon><outerBoundaryIs><LinearRing><coordinates>-97.358,50.0118,0 -97.34840000000001,50.0118,0 -97.34840000000001,50.017,0 -97.358,50.017,0 -97.358,50.0118,0</coordinates></LinearRing></outerBoundaryIs></Polygon></Placemark>
      <Placemark><name>Patch (9,47)</name><styleUrl>#sugarStyle_0</styleUrl><Polygon><outerBoundaryIs><LinearRing><coordinates>-97.34840000000001,50.0118,0 -97.3388,50.0118,0 -97.3388,50.017,0 -97.34840000000001,50.017,0 -97.34840000000001,50.0118,0</coordinates></LinearRing></outerBoundaryIs></Polygon></Placemark>
      <Placemark><name>Patch (10,47)</name><styleUrl>#sugarStyle_0</styleUrl><Polygon><outerBoundaryIs><LinearRing><coordinates>-97.3388,50.0118,0 -97.3292,50.0118,0 -97.3292,50.017,0 -97.3388,50.017,0 -97.3388,50.0118,0</coordinates></LinearRing></outerBoundaryIs></Polygon></Placemark>
      <Placemark><name>Patch (11,47)</name><styleUrl>#sugarStyle_0</styleUrl><Polygon><outerBoundaryIs><LinearRing><coordinates>-97.3292,50.0118,0 -97.31960000000001,50.0118,0 -97.31960000000001,50.017,0 -97.3292,50.017,0 -97.3292,50.0118,0</coordinates></LinearRing></outerBoundaryIs></Polygon></Placemark>
      <Placemark><name>Patch (12,47)</name><styleUrl>#sugarStyle_0</styleUrl><Polygon><outerBoundaryIs><LinearRing><coordinates>-97.31960000000001,50.0118,0 -97.31,50.0118,0 -97.31,50.017,0 -97.31960000000001,50.017,0 -97.31960000000001,50.0118,0</coordinates></LinearRing></outerBoundaryIs></Polygon></Placemark>
      <Placemark><name>Patch (13,47)</name><styleUrl>#sugarStyle_0</styleUrl><Polygon><outerBoundaryIs><LinearRing><coordinates>-97.31,50.0118,0 -97.30040000000001,50.0118,0 -97.30040000000001,50.017,0 -97.31,50.017,0 -97.31,50.0118,0</coordinates></LinearRing></outerBoundaryIs></Polygon></Placemark>
      <Placemark><name>Patch (14,47)</name><styleUrl>#sugarStyle_0</styleUrl><Polygon><outerBoundaryIs><LinearRing><coordinates>-97.30040000000001,50.0118,0 -97.2908,50.0118,0 -97.2908,50.017,0 -97.30040000000001,50.017,0 -97.30040000000001,50.0118,0</coordinates></LinearRing></outerBoundaryIs></Polygon></Placemark>
      <Placemark><name>Patch (15,47)</name><styleUrl>#sugarStyle_0</styleUrl><Polygon><outerBoundaryIs><LinearRing><coordinates>-97.2908,50.0118,0 -97.28120000000001,50.0118,0 -97.28120000000001,50.017,0 -97.2908,50.017,0 -97.2908,50.0118,0</coordinates></LinearRing></outerBoundaryIs></Polygon></Placemark>
      <Placemark><name>Patch (16,47)</name><styleUrl>#sugarStyle_0</styleUrl><Polygon><outerBoundaryIs><LinearRing><coordinates>-97.28120000000001,50.0118,0 -97.2716,50.0118,0 -97.2716,50.017,0 -97.28120000000001,50.017,0 -97.28120000000001,50.0118,0</coordinates></LinearRing></outerBoundaryIs></Polygon></Placemark>
      <Placemark><name>Patch (17,47)</name><styleUrl>#sugarStyle_0</styleUrl><Polygon><outerBoundaryIs><LinearRing><coordinates>-97.2716,50.0118,0 -97.262,50.0118,0 -97.262,50.017,0 -97.2716,50.017,0 -97.2716,50.0118,0</coordinates></LinearRing></outerBoundaryIs></Polygon></Placemark>
      <Placemark><name>Patch (18,47)</name><styleUrl>#sugarStyle_0</styleUrl><Polygon><outerBoundaryIs><LinearRing><coordinates>-97.262,50.0118,0 -97.25240000000001,50.0118,0 -97.25240000000001,50.017,0 -97.262,50.017,0 -97.262,50.0118,0</coordinates></LinearRing></outerBoundaryIs></Polygon></Placemark>
      <Placemark><name>Patch (19,47)</name><styleUrl>#sugarStyle_0</styleUrl><Polygon><outerBoundaryIs><LinearRing><coordinates>-97.25240000000001,50.0118,0 -97.2428,50.0118,0 -97.2428,50.017,0 -97.25240000000001,50.017,0 -97.25240000000001,50.0118,0</coordinates></LinearRing></outerBoundaryIs></Polygon></Placemark>
      <Placemark><name>Patch (20,47)</name><styleUrl>#sugarStyle_0</styleUrl><Polygon><outerBoundaryIs><LinearRing><coordinates>-97.2428,50.0118,0 -97.23320000000001,50.0118,0 -97.23320000000001,50.017,0 -97.2428,50.017,0 -97.2428,50.0118,0</coordinates></LinearRing></outerBoundaryIs></Polygon></Placemark>
      <Placemark><name>Patch (21,47)</name><styleUrl>#sugarStyle_0</styleUrl><Polygon><outerBoundaryIs><LinearRing><coordinates>-97.23320000000001,50.0118,0 -97.2236,50.0118,0 -97.2236,50.017,0 -97.23320000000001,50.017,0 -97.23320000000001,50.0118,0</coordinates></LinearRing></outerBoundaryIs></Polygon></Placemark>
      <Placemark><name>Patch (22,47)</name><styleUrl>#sugarStyle_0</styleUrl><Polygon><outerBoundaryIs><LinearRing><coordinates>-97.2236,50.0118,0 -97.214,50.0118,0 -97.214,50.017,0 -97.2236,50.017,0 -97.2236,50.0118,0</coordinates></LinearRing></outerBoundaryIs></Polygon></Placemark>
      <Placemark><name>Patch (23,47)</name><styleUrl>#sugarStyle_0</styleUrl><Polygon><outerBoundaryIs><LinearRing><coordinates>-97.214,50.0118,0 -97.2044,50.0118,0 -97.2044,50.017,0 -97.214,50.017,0 -97.214,50.0118,0</coordinates></LinearRing></outerBoundaryIs></Polygon></Placemark>
      <Placemark><name>Patch (24,47)</name><styleUrl>#sugarStyle_0</styleUrl><Polygon><outerBoundaryIs><LinearRing><coordinates>-97.2044,50.0118,0 -97.1948,50.0118,0 -97.1948,50.017,0 -97.2044,50.017,0 -97.2044,50.0118,0</coordinates></LinearRing></outerBoundaryIs></Polygon></Placemark>
      <Placemark><name>Patch (25,47)</name><styleUrl>#sugarStyle_0</styleUrl><Polygon><outerBoundaryIs><LinearRing><coordinates>-97.1948,50.0118,0 -97.18520000000001,50.0118,0 -97.18520000000001,50.017,0 -97.1948,50.017,0 -97.1948,50.0118,0</coordinates></LinearRing></outerBoundaryIs></Polygon></Placemark>
      <Placemark><name>Patch (26,47)</name><styleUrl>#sugarStyle_0</styleUrl><Polygon><outerBoundaryIs><LinearRing><coordinates>-97.18520000000001,50.0118,0 -97.1756,50.0118,0 -97.1756,50.017,0 -97.18520000000001,50.017,0 -97.18520000000001,50.0118,0</coordinates></LinearRing></outerBoundaryIs></Polygon></Placemark>
      <Placemark><name>Patch (27,47)</name><styleUrl>#sugarStyle_0</styleUrl><Polygon><outerBoundaryIs><LinearRing><coordinates>-97.1756,50.0118,0 -97.16600000000001,50.0118,0 -97.16600000000001,50.017,0 -97.1756,50.017,0 -97.1756,50.0118,0</coordinates></LinearRing></outerBoundaryIs></Polygon></Placemark>
      <Placemark><name>Patch (28,47)</name><styleUrl>#sugarStyle_0</styleUrl><Polygon><outerBoundaryIs><LinearRing><coordinates>-97.16600000000001,50.0118,0 -97.1564,50.0118,0 -97.1564,50.017,0 -97.16600000000001,50.017,0 -97.16600000000001,50.0118,0</coordinates></LinearRing></outerBoundaryIs></Polygon></Placemark>
      <Placemark><name>Patch (29,47)</name><styleUrl>#sugarStyle_0</styleUrl><Polygon><outerBoundaryIs><LinearRing><coordinates>-97.1564,50.0118,0 -97.1468,50.0118,0 -97.1468,50.017,0 -97.1564,50.017,0 -97.1564,50.0118,0</coordinates></LinearRing></outerBoundaryIs></Polygon></Placemark>
      <Placemark><name>Patch (30,47)</name><styleUrl>#sugarStyle_0</styleUrl><Polygon><outerBoundaryIs><LinearRing><coordinates>-97.1468,50.0118,0 -97.1372,50.0118,0 -97.1372,50.017,0 -97.1468,50.017,0 -97.1468,50.0118,0</coordinates></LinearRing></outerBoundaryIs></Polygon></Placemark>
      <Placemark><name>Patch (31,47)</name><styleUrl>#sugarStyle_0</styleUrl><Polygon><outerBoundaryIs><LinearRing><coordinates>-97.1372,50.0118,0 -97.1276,50.0118,0 -97.1276,50.017,0 -97.1372,50.017,0 -97.1372,50.0118,0</coordinates></LinearRing></outerBoundaryIs></Polygon></Placemark>
      <Placemark><name>Patch (32,47)</name><styleUrl>#sugarStyle_0</styleUrl><Polygon><outerBoundaryIs><LinearRing><coordinates>-97.1276,50.0118,0 -97.11800000000001,50.0118,0 -97.11800000000001,50.017,0 -97.1276,50.017,0 -97.1276,50.0118,0</coordinates></LinearRing></outerBoundaryIs></Polygon></Placemark>
      <Placemark><name>Patch (33,47)</name><styleUrl>#sugarStyle_0</styleUrl><Polygon><outerBoundaryIs><LinearRing><coordinates>-97.11800000000001,50.0118,0 -97.1084,50.0118,0 -97.1084,50.017,0 -97.11800000000001,50.017,0 -97.11800000000001,50.0118,0</coordinates></LinearRing></outerBoundaryIs></Polygon></Placemark>
      <Placemark><name>Patch (34,47)</name><styleUrl>#sugarStyle_0</styleUrl><Polygon><outerBoundaryIs><LinearRing><coordinates>-97.1084,50.0118,0 -97.0988,50.0118,0 -97.0988,50.017,0 -97.1084,50.017,0 -97.1084,50.0118,0</coordinates></LinearRing></outerBoundaryIs></Polygon></Placemark>
      <Placemark><name>Patch (35,47)</name><styleUrl>#sugarStyle_0</styleUrl><Polygon><outerBoundaryIs><LinearRing><coordinates>-97.0988,50.0118,0 -97.0892,50.0118,0 -97.0892,50.017,0 -97.0988,50.017,0 -97.0988,50.0118,0</coordinates></LinearRing></outerBoundaryIs></Polygon></Placemark>
      <Placemark><name>Patch (36,47)</name><styleUrl>#sugarStyle_0</styleUrl><Polygon><outerBoundaryIs><LinearRing><coordinates>-97.0892,50.0118,0 -97.0796,50.0118,0 -97.0796,50.017,0 -97.0892,50.017,0 -97.0892,50.0118,0</coordinates></LinearRing></outerBoundaryIs></Polygon></Placemark>
      <Placemark><name>Patch (37,47)</name><styleUrl>#sugarStyle_0</styleUrl><Polygon><outerBoundaryIs><LinearRing><coordinates>-97.0796,50.0118,0 -97.07000000000001,50.0118,0 -97.07000000000001,50.017,0 -97.0796,50.017,0 -97.0796,50.0118,0</coordinates></LinearRing></outerBoundaryIs></Polygon></Placemark>
      <Placemark><name>Patch (38,47)</name><styleUrl>#sugarStyle_0</styleUrl><Polygon><outerBoundaryIs><LinearRing><coordinates>-97.07000000000001,50.0118,0 -97.0604,50.0118,0 -97.0604,50.017,0 -97.07000000000001,50.017,0 -97.07000000000001,50.0118,0</coordinates></LinearRing></outerBoundaryIs></Polygon></Placemark>
      <Placemark><name>Patch (39,47)</name><styleUrl>#sugarStyle_0</styleUrl><Polygon><outerBoundaryIs><LinearRing><coordinates>-97.0604,50.0118,0 -97.05080000000001,50.0118,0 -97.05080000000001,50.017,0 -97.0604,50.017,0 -97.0604,50.0118,0</coordinates></LinearRing></outerBoundaryIs></Polygon></Placemark>
      <Placemark><name>Patch (40,47)</name><styleUrl>#sugarStyle_0</styleUrl><Polygon><outerBoundaryIs><LinearRing><coordinates>-97.05080000000001,50.0118,0 -97.0412,50.0118,0 -97.0412,50.017,0 -97.05080000000001,50.017,0 -97.05080000000001,50.0118,0</coordinates></LinearRing></outerBoundaryIs></Polygon></Placemark>
      <Placemark><name>Patch (41,47)</name><styleUrl>#sugarStyle_0</styleUrl><Polygon><outerBoundaryIs><LinearRing><coordinates>-97.0412,50.0118,0 -97.0316,50.0118,0 -97.0316,50.017,0 -97.0412,50.017,0 -97.0412,50.0118,0</coordinates></LinearRing></outerBoundaryIs></Polygon></Placemark>
      <Placemark><name>Patch (42,47)</name><styleUrl>#sugarStyle_0</styleUrl><Polygon><outerBoundaryIs><LinearRing><coordinates>-97.0316,50.0118,0 -97.022,50.0118,0 -97.022,50.017,0 -97.0316,50.017,0 -97.0316,50.0118,0</coordinates></LinearRing></outerBoundaryIs></Polygon></Placemark>
      <Placemark><name>Patch (43,47)</name><styleUrl>#sugarStyle_0</styleUrl><Polygon><outerBoundaryIs><LinearRing><coordinates>-97.022,50.0118,0 -97.0124,50.0118,0 -97.0124,50.017,0 -97.022,50.017,0 -97.022,50.0118,0</coordinates></LinearRing></outerBoundaryIs></Polygon></Placemark>
      <Placemark><name>Patch (44,47)</name><styleUrl>#sugarStyle_0</styleUrl><Polygon><outerBoundaryIs><LinearRing><coordinates>-97.0124,50.0118,0 -97.00280000000001,50.0118,0 -97.00280000000001,50.017,0 -97.0124,50.017,0 -97.0124,50.0118,0</coordinates></LinearRing></outerBoundaryIs></Polygon></Placemark>
      <Placemark><name>Patch (45,47)</name><styleUrl>#sugarStyle_0</styleUrl><Polygon><outerBoundaryIs><LinearRing><coordinates>-97.00280000000001,50.0118,0 -96.9932,50.0118,0 -96.9932,50.017,0 -97.00280000000001,50.017,0 -97.00280000000001,50.0118,0</coordinates></LinearRing></outerBoundaryIs></Polygon></Placemark>
      <Placemark><name>Patch (46,47)</name><styleUrl>#sugarStyle_0</styleUrl><Polygon><outerBoundaryIs><LinearRing><coordinates>-96.9932,50.0118,0 -96.98360000000001,50.0118,0 -96.98360000000001,50.017,0 -96.9932,50.017,0 -96.9932,50.0118,0</coordinates></LinearRing></outerBoundaryIs></Polygon></Placemark>
      <Placemark><name>Patch (47,47)</name><styleUrl>#sugarStyle_0</styleUrl><Polygon><outerBoundaryIs><LinearRing><coordinates>-96.98360000000001,50.0118,0 -96.974,50.0118,0 -96.974,50.017,0 -96.98360000000001,50.017,0 -96.98360000000001,50.0118,0</coordinates></LinearRing></outerBoundaryIs></Polygon></Placemark>
      <Placemark><name>Patch (48,47)</name><styleUrl>#sugarStyle_0</styleUrl><Polygon><outerBoundaryIs><LinearRing><coordinates>-96.974,50.0118,0 -96.9644,50.0118,0 -96.9644,50.017,0 -96.974,50.017,0 -96.974,50.0118,0</coordinates></LinearRing></outerBoundaryIs></Polygon></Placemark>
      <Placemark><name>Patch (49,47)</name><styleUrl>#sugarStyle_0</styleUrl><Polygon><outerBoundaryIs><LinearRing><coordinates>-96.9644,50.0118,0 -96.9548,50.0118,0 -96.9548,50.017,0 -96.9644,50.017,0 -96.9644,50.0118,0</coordinates></LinearRing></outerBoundaryIs></Polygon></Placemark>
      <Placemark><name>Patch (50,47)</name><styleUrl>#sugarStyle_0</styleUrl><Polygon><outerBoundaryIs><LinearRing><coordinates>-96.9548,50.0118,0 -96.9452,50.0118,0 -96.9452,50.017,0 -96.9548,50.017,0 -96.9548,50.0118,0</coordinates></LinearRing></outerBoundaryIs></Polygon></Placemark>
      <Placemark><name>Patch (0,48)</name><styleUrl>#sugarStyle_0</styleUrl><Polygon><outerBoundaryIs><LinearRing><coordinates>-97.43480000000001,50.017,0 -97.4252,50.017,0 -97.4252,50.0222,0 -97.43480000000001,50.0222,0 -97.43480000000001,50.017,0</coordinates></LinearRing></outerBoundaryIs></Polygon></Placemark>
      <Placemark><name>Patch (1,48)</name><styleUrl>#sugarStyle_0</styleUrl><Polygon><outerBoundaryIs><LinearRing><coordinates>-97.4252,50.017,0 -97.41560000000001,50.017,0 -97.41560000000001,50.0222,0 -97.4252,50.0222,0 -97.4252,50.017,0</coordinates></LinearRing></outerBoundaryIs></Polygon></Placemark>
      <Placemark><name>Patch (2,48)</name><styleUrl>#sugarStyle_0</styleUrl><Polygon><outerBoundaryIs><LinearRing><coordinates>-97.41560000000001,50.017,0 -97.406,50.017,0 -97.406,50.0222,0 -97.41560000000001,50.0222,0 -97.41560000000001,50.017,0</coordinates></LinearRing></outerBoundaryIs></Polygon></Placemark>
      <Placemark><name>Patch (3,48)</name><styleUrl>#sugarStyle_0</styleUrl><Polygon><outerBoundaryIs><LinearRing><coordinates>-97.406,50.017,0 -97.3964,50.017,0 -97.3964,50.0222,0 -97.406,50.0222,0 -97.406,50.017,0</coordinates></LinearRing></outerBoundaryIs></Polygon></Placemark>
      <Placemark><name>Patch (4,48)</name><styleUrl>#sugarStyle_0</styleUrl><Polygon><outerBoundaryIs><LinearRing><coordinates>-97.3964,50.017,0 -97.38680000000001,50.017,0 -97.38680000000001,50.0222,0 -97.3964,50.0222,0 -97.3964,50.017,0</coordinates></LinearRing></outerBoundaryIs></Polygon></Placemark>
      <Placemark><name>Patch (5,48)</name><styleUrl>#sugarStyle_0</styleUrl><Polygon><outerBoundaryIs><LinearRing><coordinates>-97.38680000000001,50.017,0 -97.3772,50.017,0 -97.3772,50.0222,0 -97.38680000000001,50.0222,0 -97.38680000000001,50.017,0</coordinates></LinearRing></outerBoundaryIs></Polygon></Placemark>
      <Placemark><name>Patch (6,48)</name><styleUrl>#sugarStyle_0</styleUrl><Polygon><outerBoundaryIs><LinearRing><coordinates>-97.3772,50.017,0 -97.36760000000001,50.017,0 -97.36760000000001,50.0222,0 -97.3772,50.0222,0 -97.3772,50.017,0</coordinates></LinearRing></outerBoundaryIs></Polygon></Placemark>
      <Placemark><name>Patch (7,48)</name><styleUrl>#sugarStyle_0</styleUrl><Polygon><outerBoundaryIs><LinearRing><coordinates>-97.36760000000001,50.017,0 -97.358,50.017,0 -97.358,50.0222,0 -97.36760000000001,50.0222,0 -97.36760000000001,50.017,0</coordinates></LinearRing></outerBoundaryIs></Polygon></Placemark>
      <Placemark><name>Patch (8,48)</name><styleUrl>#sugarStyle_0</styleUrl><Polygon><outerBoundaryIs><LinearRing><coordinates>-97.358,50.017,0 -97.34840000000001,50.017,0 -97.34840000000001,50.0222,0 -97.358,50.0222,0 -97.358,50.017,0</coordinates></LinearRing></outerBoundaryIs></Polygon></Placemark>
      <Placemark><name>Patch (9,48)</name><styleUrl>#sugarStyle_0</styleUrl><Polygon><outerBoundaryIs><LinearRing><coordinates>-97.34840000000001,50.017,0 -97.3388,50.017,0 -97.3388,50.0222,0 -97.34840000000001,50.0222,0 -97.34840000000001,50.017,0</coordinates></LinearRing></outerBoundaryIs></Polygon></Placemark>
      <Placemark><name>Patch (10,48)</name><styleUrl>#sugarStyle_0</styleUrl><Polygon><outerBoundaryIs><LinearRing><coordinates>-97.3388,50.017,0 -97.3292,50.017,0 -97.3292,50.0222,0 -97.3388,50.0222,0 -97.3388,50.017,0</coordinates></LinearRing></outerBoundaryIs></Polygon></Placemark>
      <Placemark><name>Patch (11,48)</name><styleUrl>#sugarStyle_0</styleUrl><Polygon><outerBoundaryIs><LinearRing><coordinates>-97.3292,50.017,0 -97.31960000000001,50.017,0 -97.31960000000001,50.0222,0 -97.3292,50.0222,0 -97.3292,50.017,0</coordinates></LinearRing></outerBoundaryIs></Polygon></Placemark>
      <Placemark><name>Patch (12,48)</name><styleUrl>#sugarStyle_0</styleUrl><Polygon><outerBoundaryIs><LinearRing><coordinates>-97.31960000000001,50.017,0 -97.31,50.017,0 -97.31,50.0222,0 -97.31960000000001,50.0222,0 -97.31960000000001,50.017,0</coordinates></LinearRing></outerBoundaryIs></Polygon></Placemark>
      <Placemark><name>Patch (13,48)</name><styleUrl>#sugarStyle_0</styleUrl><Polygon><outerBoundaryIs><LinearRing><coordinates>-97.31,50.017,0 -97.30040000000001,50.017,0 -97.30040000000001,50.0222,0 -97.31,50.0222,0 -97.31,50.017,0</coordinates></LinearRing></outerBoundaryIs></Polygon></Placemark>
      <Placemark><name>Patch (14,48)</name><styleUrl>#sugarStyle_0</styleUrl><Polygon><outerBoundaryIs><LinearRing><coordinates>-97.30040000000001,50.017,0 -97.2908,50.017,0 -97.2908,50.0222,0 -97.30040000000001,50.0222,0 -97.30040000000001,50.017,0</coordinates></LinearRing></outerBoundaryIs></Polygon></Placemark>
      <Placemark><name>Patch (15,48)</name><styleUrl>#sugarStyle_0</styleUrl><Polygon><outerBoundaryIs><LinearRing><coordinates>-97.2908,50.017,0 -97.28120000000001,50.017,0 -97.28120000000001,50.0222,0 -97.2908,50.0222,0 -97.2908,50.017,0</coordinates></LinearRing></outerBoundaryIs></Polygon></Placemark>
      <Placemark><name>Patch (16,48)</name><styleUrl>#sugarStyle_0</styleUrl><Polygon><outerBoundaryIs><LinearRing><coordinates>-97.28120000000001,50.017,0 -97.2716,50.017,0 -97.2716,50.0222,0 -97.28120000000001,50.0222,0 -97.28120000000001,50.017,0</coordinates></LinearRing></outerBoundaryIs></Polygon></Placemark>
      <Placemark><name>Patch (17,48)</name><styleUrl>#sugarStyle_0</styleUrl><Polygon><outerBoundaryIs><LinearRing><coordinates>-97.2716,50.017,0 -97.262,50.017,0 -97.262,50.0222,0 -97.2716,50.0222,0 -97.2716,50.017,0</coordinates></LinearRing></outerBoundaryIs></Polygon></Placemark>
      <Placemark><name>Patch (18,48)</name><styleUrl>#sugarStyle_0</styleUrl><Polygon><outerBoundaryIs><LinearRing><coordinates>-97.262,50.017,0 -97.25240000000001,50.017,0 -97.25240000000001,50.0222,0 -97.262,50.0222,0 -97.262,50.017,0</coordinates></LinearRing></outerBoundaryIs></Polygon></Placemark>
      <Placemark><name>Patch (19,48)</name><styleUrl>#sugarStyle_0</styleUrl><Polygon><outerBoundaryIs><LinearRing><coordinates>-97.25240000000001,50.017,0 -97.2428,50.017,0 -97.2428,50.0222,0 -97.25240000000001,50.0222,0 -97.25240000000001,50.017,0</coordinates></LinearRing></outerBoundaryIs></Polygon></Placemark>
      <Placemark><name>Patch (20,48)</name><styleUrl>#sugarStyle_0</styleUrl><Polygon><outerBoundaryIs><LinearRing><coordinates>-97.2428,50.017,0 -97.23320000000001,50.017,0 -97.23320000000001,50.0222,0 -97.2428,50.0222,0 -97.2428,50.017,0</coordinates></LinearRing></outerBoundaryIs></Polygon></Placemark>
      <Placemark><name>Patch (21,48)</name><styleUrl>#sugarStyle_0</styleUrl><Polygon><outerBoundaryIs><LinearRing><coordinates>-97.23320000000001,50.017,0 -97.2236,50.017,0 -97.2236,50.0222,0 -97.23320000000001,50.0222,0 -97.23320000000001,50.017,0</coordinates></LinearRing></outerBoundaryIs></Polygon></Placemark>
      <Placemark><name>Patch (22,48)</name><styleUrl>#sugarStyle_0</styleUrl><Polygon><outerBoundaryIs><LinearRing><coordinates>-97.2236,50.017,0 -97.214,50.017,0 -97.214,50.0222,0 -97.2236,50.0222,0 -97.2236,50.017,0</coordinates></LinearRing></outerBoundaryIs></Polygon></Placemark>
      <Placemark><name>Patch (23,48)</name><styleUrl>#sugarStyle_0</styleUrl><Polygon><outerBoundaryIs><LinearRing><coordinates>-97.214,50.017,0 -97.2044,50.017,0 -97.2044,50.0222,0 -97.214,50.0222,0 -97.214,50.017,0</coordinates></LinearRing></outerBoundaryIs></Polygon></Placemark>
      <Placemark><name>Patch (24,48)</name><styleUrl>#sugarStyle_0</styleUrl><Polygon><outerBoundaryIs><LinearRing><coordinates>-97.2044,50.017,0 -97.1948,50.017,0 -97.1948,50.0222,0 -97.2044,50.0222,0 -97.2044,50.017,0</coordinates></LinearRing></outerBoundaryIs></Polygon></Placemark>
      <Placemark><name>Patch (25,48)</name><styleUrl>#sugarStyle_0</styleUrl><Polygon><outerBoundaryIs><LinearRing><coordinates>-97.1948,50.017,0 -97.18520000000001,50.017,0 -97.18520000000001,50.0222,0 -97.1948,50.0222,0 -97.1948,50.017,0</coordinates></LinearRing></outerBoundaryIs></Polygon></Placemark>
      <Placemark><name>Patch (26,48)</name><styleUrl>#sugarStyle_0</styleUrl><Polygon><outerBoundaryIs><LinearRing><coordinates>-97.18520000000001,50.017,0 -97.1756,50.017,0 -97.1756,50.0222,0 -97.18520000000001,50.0222,0 -97.18520000000001,50.017,0</coordinates></LinearRing></outerBoundaryIs></Polygon></Placemark>
      <Placemark><name>Patch (27,48)</name><styleUrl>#sugarStyle_0</styleUrl><Polygon><outerBoundaryIs><LinearRing><coordinates>-97.1756,50.017,0 -97.16600000000001,50.017,0 -97.16600000000001,50.0222,0 -97.1756,50.0222,0 -97.1756,50.017,0</coordinates></LinearRing></outerBoundaryIs></Polygon></Placemark>
      <Placemark><name>Patch (28,48)</name><styleUrl>#sugarStyle_0</styleUrl><Polygon><outerBoundaryIs><LinearRing><coordinates>-97.16600000000001,50.017,0 -97.1564,50.017,0 -97.1564,50.0222,0 -97.16600000000001,50.0222,0 -97.16600000000001,50.017,0</coordinates></LinearRing></outerBoundaryIs></Polygon></Placemark>
      <Placemark><name>Patch (29,48)</name><styleUrl>#sugarStyle_0</styleUrl><Polygon><outerBoundaryIs><LinearRing><coordinates>-97.1564,50.017,0 -97.1468,50.017,0 -97.1468,50.0222,0 -97.1564,50.0222,0 -97.1564,50.017,0</coordinates></LinearRing></outerBoundaryIs></Polygon></Placemark>
      <Placemark><name>Patch (30,48)</name><styleUrl>#sugarStyle_0</styleUrl><Polygon><outerBoundaryIs><LinearRing><coordinates>-97.1468,50.017,0 -97.1372,50.017,0 -97.1372,50.0222,0 -97.1468,50.0222,0 -97.1468,50.017,0</coordinates></LinearRing></outerBoundaryIs></Polygon></Placemark>
      <Placemark><name>Patch (31,48)</name><styleUrl>#sugarStyle_0</styleUrl><Polygon><outerBoundaryIs><LinearRing><coordinates>-97.1372,50.017,0 -97.1276,50.017,0 -97.1276,50.0222,0 -97.1372,50.0222,0 -97.1372,50.017,0</coordinates></LinearRing></outerBoundaryIs></Polygon></Placemark>
      <Placemark><name>Patch (32,48)</name><styleUrl>#sugarStyle_0</styleUrl><Polygon><outerBoundaryIs><LinearRing><coordinates>-97.1276,50.017,0 -97.11800000000001,50.017,0 -97.11800000000001,50.0222,0 -97.1276,50.0222,0 -97.1276,50.017,0</coordinates></LinearRing></outerBoundaryIs></Polygon></Placemark>
      <Placemark><name>Patch (33,48)</name><styleUrl>#sugarStyle_0</styleUrl><Polygon><outerBoundaryIs><LinearRing><coordinates>-97.11800000000001,50.017,0 -97.1084,50.017,0 -97.1084,50.0222,0 -97.11800000000001,50.0222,0 -97.11800000000001,50.017,0</coordinates></LinearRing></outerBoundaryIs></Polygon></Placemark>
      <Placemark><name>Patch (34,48)</name><styleUrl>#sugarStyle_0</styleUrl><Polygon><outerBoundaryIs><LinearRing><coordinates>-97.1084,50.017,0 -97.0988,50.017,0 -97.0988,50.0222,0 -97.1084,50.0222,0 -97.1084,50.017,0</coordinates></LinearRing></outerBoundaryIs></Polygon></Placemark>
      <Placemark><name>Patch (35,48)</name><styleUrl>#sugarStyle_0</styleUrl><Polygon><outerBoundaryIs><LinearRing><coordinates>-97.0988,50.017,0 -97.0892,50.017,0 -97.0892,50.0222,0 -97.0988,50.0222,0 -97.0988,50.017,0</coordinates></LinearRing></outerBoundaryIs></Polygon></Placemark>
      <Placemark><name>Patch (36,48)</name><styleUrl>#sugarStyle_0</styleUrl><Polygon><outerBoundaryIs><LinearRing><coordinates>-97.0892,50.017,0 -97.0796,50.017,0 -97.0796,50.0222,0 -97.0892,50.0222,0 -97.0892,50.017,0</coordinates></LinearRing></outerBoundaryIs></Polygon></Placemark>
      <Placemark><name>Patch (37,48)</name><styleUrl>#sugarStyle_0</styleUrl><Polygon><outerBoundaryIs><LinearRing><coordinates>-97.0796,50.017,0 -97.07000000000001,50.017,0 -97.07000000000001,50.0222,0 -97.0796,50.0222,0 -97.0796,50.017,0</coordinates></LinearRing></outerBoundaryIs></Polygon></Placemark>
      <Placemark><name>Patch (38,48)</name><styleUrl>#sugarStyle_0</styleUrl><Polygon><outerBoundaryIs><LinearRing><coordinates>-97.07000000000001,50.017,0 -97.0604,50.017,0 -97.0604,50.0222,0 -97.07000000000001,50.0222,0 -97.07000000000001,50.017,0</coordinates></LinearRing></outerBoundaryIs></Polygon></Placemark>
      <Placemark><name>Patch (39,48)</name><styleUrl>#sugarStyle_0</styleUrl><Polygon><outerBoundaryIs><LinearRing><coordinates>-97.0604,50.017,0 -97.05080000000001,50.017,0 -97.05080000000001,50.0222,0 -97.0604,50.0222,0 -97.0604,50.017,0</coordinates></LinearRing></outerBoundaryIs></Polygon></Placemark>
      <Placemark><name>Patch (40,48)</name><styleUrl>#sugarStyle_0</styleUrl><Polygon><outerBoundaryIs><LinearRing><coordinates>-97.05080000000001,50.017,0 -97.0412,50.017,0 -97.0412,50.0222,0 -97.05080000000001,50.0222,0 -97.05080000000001,50.017,0</coordinates></LinearRing></outerBoundaryIs></Polygon></Placemark>
      <Placemark><name>Patch (41,48)</name><styleUrl>#sugarStyle_0</styleUrl><Polygon><outerBoundaryIs><LinearRing><coordinates>-97.0412,50.017,0 -97.0316,50.017,0 -97.0316,50.0222,0 -97.0412,50.0222,0 -97.0412,50.017,0</coordinates></LinearRing></outerBoundaryIs></Polygon></Placemark>
      <Placemark><name>Patch (42,48)</name><styleUrl>#sugarStyle_0</styleUrl><Polygon><outerBoundaryIs><LinearRing><coordinates>-97.0316,50.017,0 -97.022,50.017,0 -97.022,50.0222,0 -97.0316,50.0222,0 -97.0316,50.017,0</coordinates></LinearRing></outerBoundaryIs></Polygon></Placemark>
      <Placemark><name>Patch (43,48)</name><styleUrl>#sugarStyle_0</styleUrl><Polygon><outerBoundaryIs><LinearRing><coordinates>-97.022,50.017,0 -97.0124,50.017,0 -97.0124,50.0222,0 -97.022,50.0222,0 -97.022,50.017,0</coordinates></LinearRing></outerBoundaryIs></Polygon></Placemark>
      <Placemark><name>Patch (44,48)</name><styleUrl>#sugarStyle_0</styleUrl><Polygon><outerBoundaryIs><LinearRing><coordinates>-97.0124,50.017,0 -97.00280000000001,50.017,0 -97.00280000000001,50.0222,0 -97.0124,50.0222,0 -97.0124,50.017,0</coordinates></LinearRing></outerBoundaryIs></Polygon></Placemark>
      <Placemark><name>Patch (45,48)</name><styleUrl>#sugarStyle_0</styleUrl><Polygon><outerBoundaryIs><LinearRing><coordinates>-97.00280000000001,50.017,0 -96.9932,50.017,0 -96.9932,50.0222,0 -97.00280000000001,50.0222,0 -97.00280000000001,50.017,0</coordinates></LinearRing></outerBoundaryIs></Polygon></Placemark>
      <Placemark><name>Patch (46,48)</name><styleUrl>#sugarStyle_0</styleUrl><Polygon><outerBoundaryIs><LinearRing><coordinates>-96.9932,50.017,0 -96.98360000000001,50.017,0 -96.98360000000001,50.0222,0 -96.9932,50.0222,0 -96.9932,50.017,0</coordinates></LinearRing></outerBoundaryIs></Polygon></Placemark>
      <Placemark><name>Patch (47,48)</name><styleUrl>#sugarStyle_0</styleUrl><Polygon><outerBoundaryIs><LinearRing><coordinates>-96.98360000000001,50.017,0 -96.974,50.017,0 -96.974,50.0222,0 -96.98360000000001,50.0222,0 -96.98360000000001,50.017,0</coordinates></LinearRing></outerBoundaryIs></Polygon></Placemark>
      <Placemark><name>Patch (48,48)</name><styleUrl>#sugarStyle_0</styleUrl><Polygon><outerBoundaryIs><LinearRing><coordinates>-96.974,50.017,0 -96.9644,50.017,0 -96.9644,50.0222,0 -96.974,50.0222,0 -96.974,50.017,0</coordinates></LinearRing></outerBoundaryIs></Polygon></Placemark>
      <Placemark><name>Patch (49,48)</name><styleUrl>#sugarStyle_0</styleUrl><Polygon><outerBoundaryIs><LinearRing><coordinates>-96.9644,50.017,0 -96.9548,50.017,0 -96.9548,50.0222,0 -96.9644,50.0222,0 -96.9644,50.017,0</coordinates></LinearRing></outerBoundaryIs></Polygon></Placemark>
      <Placemark><name>Patch (50,48)</name><styleUrl>#sugarStyle_0</styleUrl><Polygon><outerBoundaryIs><LinearRing><coordinates>-96.9548,50.017,0 -96.9452,50.017,0 -96.9452,50.0222,0 -96.9548,50.0222,0 -96.9548,50.017,0</coordinates></LinearRing></outerBoundaryIs></Polygon></Placemark>
      <Placemark><name>Patch (0,49)</name><styleUrl>#sugarStyle_0</styleUrl><Polygon><outerBoundaryIs><LinearRing><coordinates>-97.43480000000001,50.0222,0 -97.4252,50.0222,0 -97.4252,50.0274,0 -97.43480000000001,50.0274,0 -97.43480000000001,50.0222,0</coordinates></LinearRing></outerBoundaryIs></Polygon></Placemark>
      <Placemark><name>Patch (1,49)</name><styleUrl>#sugarStyle_0</styleUrl><Polygon><outerBoundaryIs><LinearRing><coordinates>-97.4252,50.0222,0 -97.41560000000001,50.0222,0 -97.41560000000001,50.0274,0 -97.4252,50.0274,0 -97.4252,50.0222,0</coordinates></LinearRing></outerBoundaryIs></Polygon></Placemark>
      <Placemark><name>Patch (2,49)</name><styleUrl>#sugarStyle_0</styleUrl><Polygon><outerBoundaryIs><LinearRing><coordinates>-97.41560000000001,50.0222,0 -97.406,50.0222,0 -97.406,50.0274,0 -97.41560000000001,50.0274,0 -97.41560000000001,50.0222,0</coordinates></LinearRing></outerBoundaryIs></Polygon></Placemark>
      <Placemark><name>Patch (3,49)</name><styleUrl>#sugarStyle_0</styleUrl><Polygon><outerBoundaryIs><LinearRing><coordinates>-97.406,50.0222,0 -97.3964,50.0222,0 -97.3964,50.0274,0 -97.406,50.0274,0 -97.406,50.0222,0</coordinates></LinearRing></outerBoundaryIs></Polygon></Placemark>
      <Placemark><name>Patch (4,49)</name><styleUrl>#sugarStyle_0</styleUrl><Polygon><outerBoundaryIs><LinearRing><coordinates>-97.3964,50.0222,0 -97.38680000000001,50.0222,0 -97.38680000000001,50.0274,0 -97.3964,50.0274,0 -97.3964,50.0222,0</coordinates></LinearRing></outerBoundaryIs></Polygon></Placemark>
      <Placemark><name>Patch (5,49)</name><styleUrl>#sugarStyle_0</styleUrl><Polygon><outerBoundaryIs><LinearRing><coordinates>-97.38680000000001,50.0222,0 -97.3772,50.0222,0 -97.3772,50.0274,0 -97.38680000000001,50.0274,0 -97.38680000000001,50.0222,0</coordinates></LinearRing></outerBoundaryIs></Polygon></Placemark>
      <Placemark><name>Patch (6,49)</name><styleUrl>#sugarStyle_0</styleUrl><Polygon><outerBoundaryIs><LinearRing><coordinates>-97.3772,50.0222,0 -97.36760000000001,50.0222,0 -97.36760000000001,50.0274,0 -97.3772,50.0274,0 -97.3772,50.0222,0</coordinates></LinearRing></outerBoundaryIs></Polygon></Placemark>
      <Placemark><name>Patch (7,49)</name><styleUrl>#sugarStyle_0</styleUrl><Polygon><outerBoundaryIs><LinearRing><coordinates>-97.36760000000001,50.0222,0 -97.358,50.0222,0 -97.358,50.0274,0 -97.36760000000001,50.0274,0 -97.36760000000001,50.0222,0</coordinates></LinearRing></outerBoundaryIs></Polygon></Placemark>
      <Placemark><name>Patch (8,49)</name><styleUrl>#sugarStyle_0</styleUrl><Polygon><outerBoundaryIs><LinearRing><coordinates>-97.358,50.0222,0 -97.34840000000001,50.0222,0 -97.34840000000001,50.0274,0 -97.358,50.0274,0 -97.358,50.0222,0</coordinates></LinearRing></outerBoundaryIs></Polygon></Placemark>
      <Placemark><name>Patch (9,49)</name><styleUrl>#sugarStyle_0</styleUrl><Polygon><outerBoundaryIs><LinearRing><coordinates>-97.34840000000001,50.0222,0 -97.3388,50.0222,0 -97.3388,50.0274,0 -97.34840000000001,50.0274,0 -97.34840000000001,50.0222,0</coordinates></LinearRing></outerBoundaryIs></Polygon></Placemark>
      <Placemark><name>Patch (10,49)</name><styleUrl>#sugarStyle_0</styleUrl><Polygon><outerBoundaryIs><LinearRing><coordinates>-97.3388,50.0222,0 -97.3292,50.0222,0 -97.3292,50.0274,0 -97.3388,50.0274,0 -97.3388,50.0222,0</coordinates></LinearRing></outerBoundaryIs></Polygon></Placemark>
      <Placemark><name>Patch (11,49)</name><styleUrl>#sugarStyle_0</styleUrl><Polygon><outerBoundaryIs><LinearRing><coordinates>-97.3292,50.0222,0 -97.31960000000001,50.0222,0 -97.31960000000001,50.0274,0 -97.3292,50.0274,0 -97.3292,50.0222,0</coordinates></LinearRing></outerBoundaryIs></Polygon></Placemark>
      <Placemark><name>Patch (12,49)</name><styleUrl>#sugarStyle_0</styleUrl><Polygon><outerBoundaryIs><LinearRing><coordinates>-97.31960000000001,50.0222,0 -97.31,50.0222,0 -97.31,50.0274,0 -97.31960000000001,50.0274,0 -97.31960000000001,50.0222,0</coordinates></LinearRing></outerBoundaryIs></Polygon></Placemark>
      <Placemark><name>Patch (13,49)</name><styleUrl>#sugarStyle_0</styleUrl><Polygon><outerBoundaryIs><LinearRing><coordinates>-97.31,50.0222,0 -97.30040000000001,50.0222,0 -97.30040000000001,50.0274,0 -97.31,50.0274,0 -97.31,50.0222,0</coordinates></LinearRing></outerBoundaryIs></Polygon></Placemark>
      <Placemark><name>Patch (14,49)</name><styleUrl>#sugarStyle_0</styleUrl><Polygon><outerBoundaryIs><LinearRing><coordinates>-97.30040000000001,50.0222,0 -97.2908,50.0222,0 -97.2908,50.0274,0 -97.30040000000001,50.0274,0 -97.30040000000001,50.0222,0</coordinates></LinearRing></outerBoundaryIs></Polygon></Placemark>
      <Placemark><name>Patch (15,49)</name><styleUrl>#sugarStyle_0</styleUrl><Polygon><outerBoundaryIs><LinearRing><coordinates>-97.2908,50.0222,0 -97.28120000000001,50.0222,0 -97.28120000000001,50.0274,0 -97.2908,50.0274,0 -97.2908,50.0222,0</coordinates></LinearRing></outerBoundaryIs></Polygon></Placemark>
      <Placemark><name>Patch (16,49)</name><styleUrl>#sugarStyle_0</styleUrl><Polygon><outerBoundaryIs><LinearRing><coordinates>-97.28120000000001,50.0222,0 -97.2716,50.0222,0 -97.2716,50.0274,0 -97.28120000000001,50.0274,0 -97.28120000000001,50.0222,0</coordinates></LinearRing></outerBoundaryIs></Polygon></Placemark>
      <Placemark><name>Patch (17,49)</name><styleUrl>#sugarStyle_0</styleUrl><Polygon><outerBoundaryIs><LinearRing><coordinates>-97.2716,50.0222,0 -97.262,50.0222,0 -97.262,50.0274,0 -97.2716,50.0274,0 -97.2716,50.0222,0</coordinates></LinearRing></outerBoundaryIs></Polygon></Placemark>
      <Placemark><name>Patch (18,49)</name><styleUrl>#sugarStyle_0</styleUrl><Polygon><outerBoundaryIs><LinearRing><coordinates>-97.262,50.0222,0 -97.25240000000001,50.0222,0 -97.25240000000001,50.0274,0 -97.262,50.0274,0 -97.262,50.0222,0</coordinates></LinearRing></outerBoundaryIs></Polygon></Placemark>
      <Placemark><name>Patch (19,49)</name><styleUrl>#sugarStyle_0</styleUrl><Polygon><outerBoundaryIs><LinearRing><coordinates>-97.25240000000001,50.0222,0 -97.2428,50.0222,0 -97.2428,50.0274,0 -97.25240000000001,50.0274,0 -97.25240000000001,50.0222,0</coordinates></LinearRing></outerBoundaryIs></Polygon></Placemark>
      <Placemark><name>Patch (20,49)</name><styleUrl>#sugarStyle_0</styleUrl><Polygon><outerBoundaryIs><LinearRing><coordinates>-97.2428,50.0222,0 -97.23320000000001,50.0222,0 -97.23320000000001,50.0274,0 -97.2428,50.0274,0 -97.2428,50.0222,0</coordinates></LinearRing></outerBoundaryIs></Polygon></Placemark>
      <Placemark><name>Patch (21,49)</name><styleUrl>#sugarStyle_0</styleUrl><Polygon><outerBoundaryIs><LinearRing><coordinates>-97.23320000000001,50.0222,0 -97.2236,50.0222,0 -97.2236,50.0274,0 -97.23320000000001,50.0274,0 -97.23320000000001,50.0222,0</coordinates></LinearRing></outerBoundaryIs></Polygon></Placemark>
      <Placemark><name>Patch (22,49)</name><styleUrl>#sugarStyle_0</styleUrl><Polygon><outerBoundaryIs><LinearRing><coordinates>-97.2236,50.0222,0 -97.214,50.0222,0 -97.214,50.0274,0 -97.2236,50.0274,0 -97.2236,50.0222,0</coordinates></LinearRing></outerBoundaryIs></Polygon></Placemark>
      <Placemark><name>Patch (23,49)</name><styleUrl>#sugarStyle_0</styleUrl><Polygon><outerBoundaryIs><LinearRing><coordinates>-97.214,50.0222,0 -97.2044,50.0222,0 -97.2044,50.0274,0 -97.214,50.0274,0 -97.214,50.0222,0</coordinates></LinearRing></outerBoundaryIs></Polygon></Placemark>
      <Placemark><name>Patch (24,49)</name><styleUrl>#sugarStyle_0</styleUrl><Polygon><outerBoundaryIs><LinearRing><coordinates>-97.2044,50.0222,0 -97.1948,50.0222,0 -97.1948,50.0274,0 -97.2044,50.0274,0 -97.2044,50.0222,0</coordinates></LinearRing></outerBoundaryIs></Polygon></Placemark>
      <Placemark><name>Patch (25,49)</name><styleUrl>#sugarStyle_0</styleUrl><Polygon><outerBoundaryIs><LinearRing><coordinates>-97.1948,50.0222,0 -97.18520000000001,50.0222,0 -97.18520000000001,50.0274,0 -97.1948,50.0274,0 -97.1948,50.0222,0</coordinates></LinearRing></outerBoundaryIs></Polygon></Placemark>
      <Placemark><name>Patch (26,49)</name><styleUrl>#sugarStyle_0</styleUrl><Polygon><outerBoundaryIs><LinearRing><coordinates>-97.18520000000001,50.0222,0 -97.1756,50.0222,0 -97.1756,50.0274,0 -97.18520000000001,50.0274,0 -97.18520000000001,50.0222,0</coordinates></LinearRing></outerBoundaryIs></Polygon></Placemark>
      <Placemark><name>Patch (27,49)</name><styleUrl>#sugarStyle_0</styleUrl><Polygon><outerBoundaryIs><LinearRing><coordinates>-97.1756,50.0222,0 -97.16600000000001,50.0222,0 -97.16600000000001,50.0274,0 -97.1756,50.0274,0 -97.1756,50.0222,0</coordinates></LinearRing></outerBoundaryIs></Polygon></Placemark>
      <Placemark><name>Patch (28,49)</name><styleUrl>#sugarStyle_0</styleUrl><Polygon><outerBoundaryIs><LinearRing><coordinates>-97.16600000000001,50.0222,0 -97.1564,50.0222,0 -97.1564,50.0274,0 -97.16600000000001,50.0274,0 -97.16600000000001,50.0222,0</coordinates></LinearRing></outerBoundaryIs></Polygon></Placemark>
      <Placemark><name>Patch (29,49)</name><styleUrl>#sugarStyle_0</styleUrl><Polygon><outerBoundaryIs><LinearRing><coordinates>-97.1564,50.0222,0 -97.1468,50.0222,0 -97.1468,50.0274,0 -97.1564,50.0274,0 -97.1564,50.0222,0</coordinates></LinearRing></outerBoundaryIs></Polygon></Placemark>
      <Placemark><name>Patch (30,49)</name><styleUrl>#sugarStyle_0</styleUrl><Polygon><outerBoundaryIs><LinearRing><coordinates>-97.1468,50.0222,0 -97.1372,50.0222,0 -97.1372,50.0274,0 -97.1468,50.0274,0 -97.1468,50.0222,0</coordinates></LinearRing></outerBoundaryIs></Polygon></Placemark>
      <Placemark><name>Patch (31,49)</name><styleUrl>#sugarStyle_0</styleUrl><Polygon><outerBoundaryIs><LinearRing><coordinates>-97.1372,50.0222,0 -97.1276,50.0222,0 -97.1276,50.0274,0 -97.1372,50.0274,0 -97.1372,50.0222,0</coordinates></LinearRing></outerBoundaryIs></Polygon></Placemark>
      <Placemark><name>Patch (32,49)</name><styleUrl>#sugarStyle_0</styleUrl><Polygon><outerBoundaryIs><LinearRing><coordinates>-97.1276,50.0222,0 -97.11800000000001,50.0222,0 -97.11800000000001,50.0274,0 -97.1276,50.0274,0 -97.1276,50.0222,0</coordinates></LinearRing></outerBoundaryIs></Polygon></Placemark>
      <Placemark><name>Patch (33,49)</name><styleUrl>#sugarStyle_0</styleUrl><Polygon><outerBoundaryIs><LinearRing><coordinates>-97.11800000000001,50.0222,0 -97.1084,50.0222,0 -97.1084,50.0274,0 -97.11800000000001,50.0274,0 -97.11800000000001,50.0222,0</coordinates></LinearRing></outerBoundaryIs></Polygon></Placemark>
      <Placemark><name>Patch (34,49)</name><styleUrl>#sugarStyle_0</styleUrl><Polygon><outerBoundaryIs><LinearRing><coordinates>-97.1084,50.0222,0 -97.0988,50.0222,0 -97.0988,50.0274,0 -97.1084,50.0274,0 -97.1084,50.0222,0</coordinates></LinearRing></outerBoundaryIs></Polygon></Placemark>
      <Placemark><name>Patch (35,49)</name><styleUrl>#sugarStyle_0</styleUrl><Polygon><outerBoundaryIs><LinearRing><coordinates>-97.0988,50.0222,0 -97.0892,50.0222,0 -97.0892,50.0274,0 -97.0988,50.0274,0 -97.0988,50.0222,0</coordinates></LinearRing></outerBoundaryIs></Polygon></Placemark>
      <Placemark><name>Patch (36,49)</name><styleUrl>#sugarStyle_0</styleUrl><Polygon><outerBoundaryIs><LinearRing><coordinates>-97.0892,50.0222,0 -97.0796,50.0222,0 -97.0796,50.0274,0 -97.0892,50.0274,0 -97.0892,50.0222,0</coordinates></LinearRing></outerBoundaryIs></Polygon></Placemark>
      <Placemark><name>Patch (37,49)</name><styleUrl>#sugarStyle_0</styleUrl><Polygon><outerBoundaryIs><LinearRing><coordinates>-97.0796,50.0222,0 -97.07000000000001,50.0222,0 -97.07000000000001,50.0274,0 -97.0796,50.0274,0 -97.0796,50.0222,0</coordinates></LinearRing></outerBoundaryIs></Polygon></Placemark>
      <Placemark><name>Patch (38,49)</name><styleUrl>#sugarStyle_0</styleUrl><Polygon><outerBoundaryIs><LinearRing><coordinates>-97.07000000000001,50.0222,0 -97.0604,50.0222,0 -97.0604,50.0274,0 -97.07000000000001,50.0274,0 -97.07000000000001,50.0222,0</coordinates></LinearRing></outerBoundaryIs></Polygon></Placemark>
      <Placemark><name>Patch (39,49)</name><styleUrl>#sugarStyle_0</styleUrl><Polygon><outerBoundaryIs><LinearRing><coordinates>-97.0604,50.0222,0 -97.05080000000001,50.0222,0 -97.05080000000001,50.0274,0 -97.0604,50.0274,0 -97.0604,50.0222,0</coordinates></LinearRing></outerBoundaryIs></Polygon></Placemark>
      <Placemark><name>Patch (40,49)</name><styleUrl>#sugarStyle_0</styleUrl><Polygon><outerBoundaryIs><LinearRing><coordinates>-97.05080000000001,50.0222,0 -97.0412,50.0222,0 -97.0412,50.0274,0 -97.05080000000001,50.0274,0 -97.05080000000001,50.0222,0</coordinates></LinearRing></outerBoundaryIs></Polygon></Placemark>
      <Placemark><name>Patch (41,49)</name><styleUrl>#sugarStyle_0</styleUrl><Polygon><outerBoundaryIs><LinearRing><coordinates>-97.0412,50.0222,0 -97.0316,50.0222,0 -97.0316,50.0274,0 -97.0412,50.0274,0 -97.0412,50.0222,0</coordinates></LinearRing></outerBoundaryIs></Polygon></Placemark>
      <Placemark><name>Patch (42,49)</name><styleUrl>#sugarStyle_0</styleUrl><Polygon><outerBoundaryIs><LinearRing><coordinates>-97.0316,50.0222,0 -97.022,50.0222,0 -97.022,50.0274,0 -97.0316,50.0274,0 -97.0316,50.0222,0</coordinates></LinearRing></outerBoundaryIs></Polygon></Placemark>
      <Placemark><name>Patch (43,49)</name><styleUrl>#sugarStyle_0</styleUrl><Polygon><outerBoundaryIs><LinearRing><coordinates>-97.022,50.0222,0 -97.0124,50.0222,0 -97.0124,50.0274,0 -97.022,50.0274,0 -97.022,50.0222,0</coordinates></LinearRing></outerBoundaryIs></Polygon></Placemark>
      <Placemark><name>Patch (44,49)</name><styleUrl>#sugarStyle_0</styleUrl><Polygon><outerBoundaryIs><LinearRing><coordinates>-97.0124,50.0222,0 -97.00280000000001,50.0222,0 -97.00280000000001,50.0274,0 -97.0124,50.0274,0 -97.0124,50.0222,0</coordinates></LinearRing></outerBoundaryIs></Polygon></Placemark>
      <Placemark><name>Patch (45,49)</name><styleUrl>#sugarStyle_0</styleUrl><Polygon><outerBoundaryIs><LinearRing><coordinates>-97.00280000000001,50.0222,0 -96.9932,50.0222,0 -96.9932,50.0274,0 -97.00280000000001,50.0274,0 -97.00280000000001,50.0222,0</coordinates></LinearRing></outerBoundaryIs></Polygon></Placemark>
      <Placemark><name>Patch (46,49)</name><styleUrl>#sugarStyle_0</styleUrl><Polygon><outerBoundaryIs><LinearRing><coordinates>-96.9932,50.0222,0 -96.98360000000001,50.0222,0 -96.98360000000001,50.0274,0 -96.9932,50.0274,0 -96.9932,50.0222,0</coordinates></LinearRing></outerBoundaryIs></Polygon></Placemark>
      <Placemark><name>Patch (47,49)</name><styleUrl>#sugarStyle_0</styleUrl><Polygon><outerBoundaryIs><LinearRing><coordinates>-96.98360000000001,50.0222,0 -96.974,50.0222,0 -96.974,50.0274,0 -96.98360000000001,50.0274,0 -96.98360000000001,50.0222,0</coordinates></LinearRing></outerBoundaryIs></Polygon></Placemark>
      <Placemark><name>Patch (48,49)</name><styleUrl>#sugarStyle_0</styleUrl><Polygon><outerBoundaryIs><LinearRing><coordinates>-96.974,50.0222,0 -96.9644,50.0222,0 -96.9644,50.0274,0 -96.974,50.0274,0 -96.974,50.0222,0</coordinates></LinearRing></outerBoundaryIs></Polygon></Placemark>
      <Placemark><name>Patch (49,49)</name><styleUrl>#sugarStyle_0</styleUrl><Polygon><outerBoundaryIs><LinearRing><coordinates>-96.9644,50.0222,0 -96.9548,50.0222,0 -96.9548,50.0274,0 -96.9644,50.0274,0 -96.9644,50.0222,0</coordinates></LinearRing></outerBoundaryIs></Polygon></Placemark>
      <Placemark><name>Patch (50,49)</name><styleUrl>#sugarStyle_0</styleUrl><Polygon><outerBoundaryIs><LinearRing><coordinates>-96.9548,50.0222,0 -96.9452,50.0222,0 -96.9452,50.0274,0 -96.9548,50.0274,0 -96.9548,50.0222,0</coordinates></LinearRing></outerBoundaryIs></Polygon></Placemark>
      <Placemark><name>Patch (0,50)</name><styleUrl>#sugarStyle_0</styleUrl><Polygon><outerBoundaryIs><LinearRing><coordinates>-97.43480000000001,50.0274,0 -97.4252,50.0274,0 -97.4252,50.0326,0 -97.43480000000001,50.0326,0 -97.43480000000001,50.0274,0</coordinates></LinearRing></outerBoundaryIs></Polygon></Placemark>
      <Placemark><name>Patch (1,50)</name><styleUrl>#sugarStyle_0</styleUrl><Polygon><outerBoundaryIs><LinearRing><coordinates>-97.4252,50.0274,0 -97.41560000000001,50.0274,0 -97.41560000000001,50.0326,0 -97.4252,50.0326,0 -97.4252,50.0274,0</coordinates></LinearRing></outerBoundaryIs></Polygon></Placemark>
      <Placemark><name>Patch (2,50)</name><styleUrl>#sugarStyle_0</styleUrl><Polygon><outerBoundaryIs><LinearRing><coordinates>-97.41560000000001,50.0274,0 -97.406,50.0274,0 -97.406,50.0326,0 -97.41560000000001,50.0326,0 -97.41560000000001,50.0274,0</coordinates></LinearRing></outerBoundaryIs></Polygon></Placemark>
      <Placemark><name>Patch (3,50)</name><styleUrl>#sugarStyle_0</styleUrl><Polygon><outerBoundaryIs><LinearRing><coordinates>-97.406,50.0274,0 -97.3964,50.0274,0 -97.3964,50.0326,0 -97.406,50.0326,0 -97.406,50.0274,0</coordinates></LinearRing></outerBoundaryIs></Polygon></Placemark>
      <Placemark><name>Patch (4,50)</name><styleUrl>#sugarStyle_0</styleUrl><Polygon><outerBoundaryIs><LinearRing><coordinates>-97.3964,50.0274,0 -97.38680000000001,50.0274,0 -97.38680000000001,50.0326,0 -97.3964,50.0326,0 -97.3964,50.0274,0</coordinates></LinearRing></outerBoundaryIs></Polygon></Placemark>
      <Placemark><name>Patch (5,50)</name><styleUrl>#sugarStyle_0</styleUrl><Polygon><outerBoundaryIs><LinearRing><coordinates>-97.38680000000001,50.0274,0 -97.3772,50.0274,0 -97.3772,50.0326,0 -97.38680000000001,50.0326,0 -97.38680000000001,50.0274,0</coordinates></LinearRing></outerBoundaryIs></Polygon></Placemark>
      <Placemark><name>Patch (6,50)</name><styleUrl>#sugarStyle_0</styleUrl><Polygon><outerBoundaryIs><LinearRing><coordinates>-97.3772,50.0274,0 -97.36760000000001,50.0274,0 -97.36760000000001,50.0326,0 -97.3772,50.0326,0 -97.3772,50.0274,0</coordinates></LinearRing></outerBoundaryIs></Polygon></Placemark>
      <Placemark><name>Patch (7,50)</name><styleUrl>#sugarStyle_0</styleUrl><Polygon><outerBoundaryIs><LinearRing><coordinates>-97.36760000000001,50.0274,0 -97.358,50.0274,0 -97.358,50.0326,0 -97.36760000000001,50.0326,0 -97.36760000000001,50.0274,0</coordinates></LinearRing></outerBoundaryIs></Polygon></Placemark>
      <Placemark><name>Patch (8,50)</name><styleUrl>#sugarStyle_0</styleUrl><Polygon><outerBoundaryIs><LinearRing><coordinates>-97.358,50.0274,0 -97.34840000000001,50.0274,0 -97.34840000000001,50.0326,0 -97.358,50.0326,0 -97.358,50.0274,0</coordinates></LinearRing></outerBoundaryIs></Polygon></Placemark>
      <Placemark><name>Patch (9,50)</name><styleUrl>#sugarStyle_0</styleUrl><Polygon><outerBoundaryIs><LinearRing><coordinates>-97.34840000000001,50.0274,0 -97.3388,50.0274,0 -97.3388,50.0326,0 -97.34840000000001,50.0326,0 -97.34840000000001,50.0274,0</coordinates></LinearRing></outerBoundaryIs></Polygon></Placemark>
      <Placemark><name>Patch (10,50)</name><styleUrl>#sugarStyle_0</styleUrl><Polygon><outerBoundaryIs><LinearRing><coordinates>-97.3388,50.0274,0 -97.3292,50.0274,0 -97.3292,50.0326,0 -97.3388,50.0326,0 -97.3388,50.0274,0</coordinates></LinearRing></outerBoundaryIs></Polygon></Placemark>
      <Placemark><name>Patch (11,50)</name><styleUrl>#sugarStyle_0</styleUrl><Polygon><outerBoundaryIs><LinearRing><coordinates>-97.3292,50.0274,0 -97.31960000000001,50.0274,0 -97.31960000000001,50.0326,0 -97.3292,50.0326,0 -97.3292,50.0274,0</coordinates></LinearRing></outerBoundaryIs></Polygon></Placemark>
      <Placemark><name>Patch (12,50)</name><styleUrl>#sugarStyle_0</styleUrl><Polygon><outerBoundaryIs><LinearRing><coordinates>-97.31960000000001,50.0274,0 -97.31,50.0274,0 -97.31,50.0326,0 -97.31960000000001,50.0326,0 -97.31960000000001,50.0274,0</coordinates></LinearRing></outerBoundaryIs></Polygon></Placemark>
      <Placemark><name>Patch (13,50)</name><styleUrl>#sugarStyle_0</styleUrl><Polygon><outerBoundaryIs><LinearRing><coordinates>-97.31,50.0274,0 -97.30040000000001,50.0274,0 -97.30040000000001,50.0326,0 -97.31,50.0326,0 -97.31,50.0274,0</coordinates></LinearRing></outerBoundaryIs></Polygon></Placemark>
      <Placemark><name>Patch (14,50)</name><styleUrl>#sugarStyle_0</styleUrl><Polygon><outerBoundaryIs><LinearRing><coordinates>-97.30040000000001,50.0274,0 -97.2908,50.0274,0 -97.2908,50.0326,0 -97.30040000000001,50.0326,0 -97.30040000000001,50.0274,0</coordinates></LinearRing></outerBoundaryIs></Polygon></Placemark>
      <Placemark><name>Patch (15,50)</name><styleUrl>#sugarStyle_0</styleUrl><Polygon><outerBoundaryIs><LinearRing><coordinates>-97.2908,50.0274,0 -97.28120000000001,50.0274,0 -97.28120000000001,50.0326,0 -97.2908,50.0326,0 -97.2908,50.0274,0</coordinates></LinearRing></outerBoundaryIs></Polygon></Placemark>
      <Placemark><name>Patch (16,50)</name><styleUrl>#sugarStyle_0</styleUrl><Polygon><outerBoundaryIs><LinearRing><coordinates>-97.28120000000001,50.0274,0 -97.2716,50.0274,0 -97.2716,50.0326,0 -97.28120000000001,50.0326,0 -97.28120000000001,50.0274,0</coordinates></LinearRing></outerBoundaryIs></Polygon></Placemark>
      <Placemark><name>Patch (17,50)</name><styleUrl>#sugarStyle_0</styleUrl><Polygon><outerBoundaryIs><LinearRing><coordinates>-97.2716,50.0274,0 -97.262,50.0274,0 -97.262,50.0326,0 -97.2716,50.0326,0 -97.2716,50.0274,0</coordinates></LinearRing></outerBoundaryIs></Polygon></Placemark>
      <Placemark><name>Patch (18,50)</name><styleUrl>#sugarStyle_0</styleUrl><Polygon><outerBoundaryIs><LinearRing><coordinates>-97.262,50.0274,0 -97.25240000000001,50.0274,0 -97.25240000000001,50.0326,0 -97.262,50.0326,0 -97.262,50.0274,0</coordinates></LinearRing></outerBoundaryIs></Polygon></Placemark>
      <Placemark><name>Patch (19,50)</name><styleUrl>#sugarStyle_0</styleUrl><Polygon><outerBoundaryIs><LinearRing><coordinates>-97.25240000000001,50.0274,0 -97.2428,50.0274,0 -97.2428,50.0326,0 -97.25240000000001,50.0326,0 -97.25240000000001,50.0274,0</coordinates></LinearRing></outerBoundaryIs></Polygon></Placemark>
      <Placemark><name>Patch (20,50)</name><styleUrl>#sugarStyle_0</styleUrl><Polygon><outerBoundaryIs><LinearRing><coordinates>-97.2428,50.0274,0 -97.23320000000001,50.0274,0 -97.23320000000001,50.0326,0 -97.2428,50.0326,0 -97.2428,50.0274,0</coordinates></LinearRing></outerBoundaryIs></Polygon></Placemark>
      <Placemark><name>Patch (21,50)</name><styleUrl>#sugarStyle_0</styleUrl><Polygon><outerBoundaryIs><LinearRing><coordinates>-97.23320000000001,50.0274,0 -97.2236,50.0274,0 -97.2236,50.0326,0 -97.23320000000001,50.0326,0 -97.23320000000001,50.0274,0</coordinates></LinearRing></outerBoundaryIs></Polygon></Placemark>
      <Placemark><name>Patch (22,50)</name><styleUrl>#sugarStyle_0</styleUrl><Polygon><outerBoundaryIs><LinearRing><coordinates>-97.2236,50.0274,0 -97.214,50.0274,0 -97.214,50.0326,0 -97.2236,50.0326,0 -97.2236,50.0274,0</coordinates></LinearRing></outerBoundaryIs></Polygon></Placemark>
      <Placemark><name>Patch (23,50)</name><styleUrl>#sugarStyle_0</styleUrl><Polygon><outerBoundaryIs><LinearRing><coordinates>-97.214,50.0274,0 -97.2044,50.0274,0 -97.2044,50.0326,0 -97.214,50.0326,0 -97.214,50.0274,0</coordinates></LinearRing></outerBoundaryIs></Polygon></Placemark>
      <Placemark><name>Patch (24,50)</name><styleUrl>#sugarStyle_0</styleUrl><Polygon><outerBoundaryIs><LinearRing><coordinates>-97.2044,50.0274,0 -97.1948,50.0274,0 -97.1948,50.0326,0 -97.2044,50.0326,0 -97.2044,50.0274,0</coordinates></LinearRing></outerBoundaryIs></Polygon></Placemark>
      <Placemark><name>Patch (25,50)</name><styleUrl>#sugarStyle_0</styleUrl><Polygon><outerBoundaryIs><LinearRing><coordinates>-97.1948,50.0274,0 -97.18520000000001,50.0274,0 -97.18520000000001,50.0326,0 -97.1948,50.0326,0 -97.1948,50.0274,0</coordinates></LinearRing></outerBoundaryIs></Polygon></Placemark>
      <Placemark><name>Patch (26,50)</name><styleUrl>#sugarStyle_0</styleUrl><Polygon><outerBoundaryIs><LinearRing><coordinates>-97.18520000000001,50.0274,0 -97.1756,50.0274,0 -97.1756,50.0326,0 -97.18520000000001,50.0326,0 -97.18520000000001,50.0274,0</coordinates></LinearRing></outerBoundaryIs></Polygon></Placemark>
      <Placemark><name>Patch (27,50)</name><styleUrl>#sugarStyle_0</styleUrl><Polygon><outerBoundaryIs><LinearRing><coordinates>-97.1756,50.0274,0 -97.16600000000001,50.0274,0 -97.16600000000001,50.0326,0 -97.1756,50.0326,0 -97.1756,50.0274,0</coordinates></LinearRing></outerBoundaryIs></Polygon></Placemark>
      <Placemark><name>Patch (28,50)</name><styleUrl>#sugarStyle_0</styleUrl><Polygon><outerBoundaryIs><LinearRing><coordinates>-97.16600000000001,50.0274,0 -97.1564,50.0274,0 -97.1564,50.0326,0 -97.16600000000001,50.0326,0 -97.16600000000001,50.0274,0</coordinates></LinearRing></outerBoundaryIs></Polygon></Placemark>
      <Placemark><name>Patch (29,50)</name><styleUrl>#sugarStyle_0</styleUrl><Polygon><outerBoundaryIs><LinearRing><coordinates>-97.1564,50.0274,0 -97.1468,50.0274,0 -97.1468,50.0326,0 -97.1564,50.0326,0 -97.1564,50.0274,0</coordinates></LinearRing></outerBoundaryIs></Polygon></Placemark>
      <Placemark><name>Patch (30,50)</name><styleUrl>#sugarStyle_0</styleUrl><Polygon><outerBoundaryIs><LinearRing><coordinates>-97.1468,50.0274,0 -97.1372,50.0274,0 -97.1372,50.0326,0 -97.1468,50.0326,0 -97.1468,50.0274,0</coordinates></LinearRing></outerBoundaryIs></Polygon></Placemark>
      <Placemark><name>Patch (31,50)</name><styleUrl>#sugarStyle_0</styleUrl><Polygon><outerBoundaryIs><LinearRing><coordinates>-97.1372,50.0274,0 -97.1276,50.0274,0 -97.1276,50.0326,0 -97.1372,50.0326,0 -97.1372,50.0274,0</coordinates></LinearRing></outerBoundaryIs></Polygon></Placemark>
      <Placemark><name>Patch (32,50)</name><styleUrl>#sugarStyle_0</styleUrl><Polygon><outerBoundaryIs><LinearRing><coordinates>-97.1276,50.0274,0 -97.11800000000001,50.0274,0 -97.11800000000001,50.0326,0 -97.1276,50.0326,0 -97.1276,50.0274,0</coordinates></LinearRing></outerBoundaryIs></Polygon></Placemark>
      <Placemark><name>Patch (33,50)</name><styleUrl>#sugarStyle_0</styleUrl><Polygon><outerBoundaryIs><LinearRing><coordinates>-97.11800000000001,50.0274,0 -97.1084,50.0274,0 -97.1084,50.0326,0 -97.11800000000001,50.0326,0 -97.11800000000001,50.0274,0</coordinates></LinearRing></outerBoundaryIs></Polygon></Placemark>
      <Placemark><name>Patch (34,50)</name><styleUrl>#sugarStyle_0</styleUrl><Polygon><outerBoundaryIs><LinearRing><coordinates>-97.1084,50.0274,0 -97.0988,50.0274,0 -97.0988,50.0326,0 -97.1084,50.0326,0 -97.1084,50.0274,0</coordinates></LinearRing></outerBoundaryIs></Polygon></Placemark>
      <Placemark><name>Patch (35,50)</name><styleUrl>#sugarStyle_0</styleUrl><Polygon><outerBoundaryIs><LinearRing><coordinates>-97.0988,50.0274,0 -97.0892,50.0274,0 -97.0892,50.0326,0 -97.0988,50.0326,0 -97.0988,50.0274,0</coordinates></LinearRing></outerBoundaryIs></Polygon></Placemark>
      <Placemark><name>Patch (36,50)</name><styleUrl>#sugarStyle_0</styleUrl><Polygon><outerBoundaryIs><LinearRing><coordinates>-97.0892,50.0274,0 -97.0796,50.0274,0 -97.0796,50.0326,0 -97.0892,50.0326,0 -97.0892,50.0274,0</coordinates></LinearRing></outerBoundaryIs></Polygon></Placemark>
      <Placemark><name>Patch (37,50)</name><styleUrl>#sugarStyle_0</styleUrl><Polygon><outerBoundaryIs><LinearRing><coordinates>-97.0796,50.0274,0 -97.07000000000001,50.0274,0 -97.07000000000001,50.0326,0 -97.0796,50.0326,0 -97.0796,50.0274,0</coordinates></LinearRing></outerBoundaryIs></Polygon></Placemark>
      <Placemark><name>Patch (38,50)</name><styleUrl>#sugarStyle_0</styleUrl><Polygon><outerBoundaryIs><LinearRing><coordinates>-97.07000000000001,50.0274,0 -97.0604,50.0274,0 -97.0604,50.0326,0 -97.07000000000001,50.0326,0 -97.07000000000001,50.0274,0</coordinates></LinearRing></outerBoundaryIs></Polygon></Placemark>
      <Placemark><name>Patch (39,50)</name><styleUrl>#sugarStyle_0</styleUrl><Polygon><outerBoundaryIs><LinearRing><coordinates>-97.0604,50.0274,0 -97.05080000000001,50.0274,0 -97.05080000000001,50.0326,0 -97.0604,50.0326,0 -97.0604,50.0274,0</coordinates></LinearRing></outerBoundaryIs></Polygon></Placemark>
      <Placemark><name>Patch (40,50)</name><styleUrl>#sugarStyle_0</styleUrl><Polygon><outerBoundaryIs><LinearRing><coordinates>-97.05080000000001,50.0274,0 -97.0412,50.0274,0 -97.0412,50.0326,0 -97.05080000000001,50.0326,0 -97.05080000000001,50.0274,0</coordinates></LinearRing></outerBoundaryIs></Polygon></Placemark>
      <Placemark><name>Patch (41,50)</name><styleUrl>#sugarStyle_0</styleUrl><Polygon><outerBoundaryIs><LinearRing><coordinates>-97.0412,50.0274,0 -97.0316,50.0274,0 -97.0316,50.0326,0 -97.0412,50.0326,0 -97.0412,50.0274,0</coordinates></LinearRing></outerBoundaryIs></Polygon></Placemark>
      <Placemark><name>Patch (42,50)</name><styleUrl>#sugarStyle_0</styleUrl><Polygon><outerBoundaryIs><LinearRing><coordinates>-97.0316,50.0274,0 -97.022,50.0274,0 -97.022,50.0326,0 -97.0316,50.0326,0 -97.0316,50.0274,0</coordinates></LinearRing></outerBoundaryIs></Polygon></Placemark>
      <Placemark><name>Patch (43,50)</name><styleUrl>#sugarStyle_0</styleUrl><Polygon><outerBoundaryIs><LinearRing><coordinates>-97.022,50.0274,0 -97.0124,50.0274,0 -97.0124,50.0326,0 -97.022,50.0326,0 -97.022,50.0274,0</coordinates></LinearRing></outerBoundaryIs></Polygon></Placemark>
      <Placemark><name>Patch (44,50)</name><styleUrl>#sugarStyle_0</styleUrl><Polygon><outerBoundaryIs><LinearRing><coordinates>-97.0124,50.0274,0 -97.00280000000001,50.0274,0 -97.00280000000001,50.0326,0 -97.0124,50.0326,0 -97.0124,50.0274,0</coordinates></LinearRing></outerBoundaryIs></Polygon></Placemark>
      <Placemark><name>Patch (45,50)</name><styleUrl>#sugarStyle_0</styleUrl><Polygon><outerBoundaryIs><LinearRing><coordinates>-97.00280000000001,50.0274,0 -96.9932,50.0274,0 -96.9932,50.0326,0 -97.00280000000001,50.0326,0 -97.00280000000001,50.0274,0</coordinates></LinearRing></outerBoundaryIs></Polygon></Placemark>
      <Placemark><name>Patch (46,50)</name><styleUrl>#sugarStyle_0</styleUrl><Polygon><outerBoundaryIs><LinearRing><coordinates>-96.9932,50.0274,0 -96.98360000000001,50.0274,0 -96.98360000000001,50.0326,0 -96.9932,50.0326,0 -96.9932,50.0274,0</coordinates></LinearRing></outerBoundaryIs></Polygon></Placemark>
      <Placemark><name>Patch (47,50)</name><styleUrl>#sugarStyle_0</styleUrl><Polygon><outerBoundaryIs><LinearRing><coordinates>-96.98360000000001,50.0274,0 -96.974,50.0274,0 -96.974,50.0326,0 -96.98360000000001,50.0326,0 -96.98360000000001,50.0274,0</coordinates></LinearRing></outerBoundaryIs></Polygon></Placemark>
      <Placemark><name>Patch (48,50)</name><styleUrl>#sugarStyle_0</styleUrl><Polygon><outerBoundaryIs><LinearRing><coordinates>-96.974,50.0274,0 -96.9644,50.0274,0 -96.9644,50.0326,0 -96.974,50.0326,0 -96.974,50.0274,0</coordinates></LinearRing></outerBoundaryIs></Polygon></Placemark>
      <Placemark><name>Patch (49,50)</name><styleUrl>#sugarStyle_0</styleUrl><Polygon><outerBoundaryIs><LinearRing><coordinates>-96.9644,50.0274,0 -96.9548,50.0274,0 -96.9548,50.0326,0 -96.9644,50.0326,0 -96.9644,50.0274,0</coordinates></LinearRing></outerBoundaryIs></Polygon></Placemark>
      <Placemark><name>Patch (50,50)</name><styleUrl>#sugarStyle_0</styleUrl><Polygon><outerBoundaryIs><LinearRing><coordinates>-96.9548,50.0274,0 -96.9452,50.0274,0 -96.9452,50.0326,0 -96.9548,50.0326,0 -96.9548,50.0274,0</coordinates></LinearRing></outerBoundaryIs></Polygon></Placemark>
    </Folder>
    <Folder><name>Agents</name>
      <Placemark>
        <name>Agent</name>
        <description>Sugar: 130, Vision: 5, Metabolism: 1, Age: 96</description>
        <styleUrl>#agentStyle</styleUrl>
        <Point><coordinates>-97.16120000000001,49.8896,0</coordinates></Point>
      </Placemark>
      <Placemark>
        <name>Agent</name>
        <description>Sugar: 112, Vision: 6, Metabolism: 1, Age: 96</description>
        <styleUrl>#agentStyle</styleUrl>
        <Point><coordinates>-97.1324,49.894800000000004,0</coordinates></Point>
      </Placemark>
      <Placemark>
        <name>Agent</name>
        <description>Sugar: 132, Vision: 6, Metabolism: 1, Age: 95</description>
        <styleUrl>#agentStyle</styleUrl>
        <Point><coordinates>-97.09400000000001,49.879200000000004,0</coordinates></Point>
      </Placemark>
      <Placemark>
        <name>Agent</name>
        <description>Sugar: 25, Vision: 3, Metabolism: 1, Age: 93</description>
        <styleUrl>#agentStyle</styleUrl>
        <Point><coordinates>-97.25720000000001,49.915600000000005,0</coordinates></Point>
      </Placemark>
      <Placemark>
        <name>Agent</name>
        <description>Sugar: 22, Vision: 3, Metabolism: 1, Age: 88</description>
        <styleUrl>#agentStyle</styleUrl>
        <Point><coordinates>-97.02680000000001,49.9104,0</coordinates></Point>
      </Placemark>
      <Placemark>
        <name>Agent</name>
        <description>Sugar: 36, Vision: 4, Metabolism: 2, Age: 88</description>
        <styleUrl>#agentStyle</styleUrl>
        <Point><coordinates>-97.0844,49.894800000000004,0</coordinates></Point>
      </Placemark>
      <Placemark>
        <name>Agent</name>
        <description>Sugar: 69, Vision: 4, Metabolism: 1, Age: 85</description>
        <styleUrl>#agentStyle</styleUrl>
        <Point><coordinates>-97.1804,49.9052,0</coordinates></Point>
      </Placemark>
      <Placemark>
        <name>Agent</name>
        <description>Sugar: 15, Vision: 1, Metabolism: 1, Age: 84</description>
        <styleUrl>#agentStyle</styleUrl>
        <Point><coordinates>-97.0556,49.842800000000004,0</coordinates></Point>
      </Placemark>
      <Placemark>
        <name>Agent</name>
        <description>Sugar: 84, Vision: 5, Metabolism: 1, Age: 80</description>
        <styleUrl>#agentStyle</styleUrl>
        <Point><coordinates>-97.14200000000001,49.915600000000005,0</coordinates></Point>
      </Placemark>
      <Placemark>
        <name>Agent</name>
        <description>Sugar: 31, Vision: 5, Metabolism: 1, Age: 80</description>
        <styleUrl>#agentStyle</styleUrl>
        <Point><coordinates>-97.1804,49.879200000000004,0</coordinates></Point>
      </Placemark>
      <Placemark>
        <name>Agent</name>
        <description>Sugar: 34, Vision: 6, Metabolism: 2, Age: 80</description>
        <styleUrl>#agentStyle</styleUrl>
        <Point><coordinates>-97.1708,49.900000000000006,0</coordinates></Point>
      </Placemark>
      <Placemark>
        <name>Agent</name>
        <description>Sugar: 26, Vision: 4, Metabolism: 2, Age: 77</description>
        <styleUrl>#agentStyle</styleUrl>
        <Point><coordinates>-97.09400000000001,49.874,0</coordinates></Point>
      </Placemark>
      <Placemark>
        <name>Agent</name>
        <description>Sugar: 59, Vision: 3, Metabolism: 1, Age: 76</description>
        <styleUrl>#agentStyle</styleUrl>
        <Point><coordinates>-97.1036,49.931200000000004,0</coordinates></Point>
      </Placemark>
      <Placemark>
        <name>Agent</name>
        <description>Sugar: 2, Vision: 5, Metabolism: 2, Age: 75</description>
        <styleUrl>#agentStyle</styleUrl>
        <Point><coordinates>-97.1516,49.9104,0</coordinates></Point>
      </Placemark>
      <Placemark>
        <name>Agent</name>
        <description>Sugar: 33, Vision: 5, Metabolism: 2, Age: 74</description>
        <styleUrl>#agentStyle</styleUrl>
        <Point><coordinates>-97.1132,49.8688,0</coordinates></Point>
      </Placemark>
      <Placemark>
        <name>Agent</name>
        <description>Sugar: 62, Vision: 2, Metabolism: 1, Age: 72</description>
        <styleUrl>#agentStyle</styleUrl>
        <Point><coordinates>-97.19,49.926,0</coordinates></Point>
      </Placemark>
      <Placemark>
        <name>Agent</name>
        <description>Sugar: 11, Vision: 2, Metabolism: 1, Age: 72</description>
        <styleUrl>#agentStyle</styleUrl>
        <Point><coordinates>-97.02680000000001,49.874,0</coordinates></Point>
      </Placemark>
      <Placemark>
        <name>Agent</name>
        <description>Sugar: 11, Vision: 6, Metabolism: 2, Age: 71</description>
        <styleUrl>#agentStyle</styleUrl>
        <Point><coordinates>-97.16120000000001,49.9104,0</coordinates></Point>
      </Placemark>
      <Placemark>
        <name>Agent</name>
        <description>Sugar: 24, Vision: 6, Metabolism: 2, Age: 70</description>
        <styleUrl>#agentStyle</styleUrl>
        <Point><coordinates>-97.1324,49.874,0</coordinates></Point>
      </Placemark>
      <Placemark>
        <name>Agent</name>
        <description>Sugar: 101, Vision: 6, Metabolism: 1, Age: 68</description>
        <styleUrl>#agentStyle</styleUrl>
        <Point><coordinates>-97.1708,49.874,0</coordinates></Point>
      </Placemark>
      <Placemark>
        <name>Agent</name>
        <description>Sugar: 82, Vision: 6, Metabolism: 1, Age: 66</description>
        <styleUrl>#agentStyle</styleUrl>
        <Point><coordinates>-97.1324,49.8688,0</coordinates></Point>
      </Placemark>
      <Placemark>
        <name>Agent</name>
        <description>Sugar: 47, Vision: 4, Metabolism: 1, Age: 66</description>
        <styleUrl>#agentStyle</styleUrl>
        <Point><coordinates>-97.0652,49.915600000000005,0</coordinates></Point>
      </Placemark>
      <Placemark>
        <name>Agent</name>
        <description>Sugar: 99, Vision: 5, Metabolism: 1, Age: 65</description>
        <styleUrl>#agentStyle</styleUrl>
        <Point><coordinates>-97.1132,49.8844,0</coordinates></Point>
      </Placemark>
      <Placemark>
        <name>Agent</name>
        <description>Sugar: 90, Vision: 6, Metabolism: 1, Age: 63</description>
        <styleUrl>#agentStyle</styleUrl>
        <Point><coordinates>-97.1516,49.8584,0</coordinates></Point>
      </Placemark>
      <Placemark>
        <name>Agent</name>
        <description>Sugar: 7, Vision: 4, Metabolism: 2, Age: 63</description>
        <styleUrl>#agentStyle</styleUrl>
        <Point><coordinates>-97.0844,49.9052,0</coordinates></Point>
      </Placemark>
      <Placemark>
        <name>Agent</name>
        <description>Sugar: 10, Vision: 6, Metabolism: 2, Age: 62</description>
        <styleUrl>#agentStyle</styleUrl>
        <Point><coordinates>-97.1804,49.931200000000004,0</coordinates></Point>
      </Placemark>
      <Placemark>
        <name>Agent</name>
        <description>Sugar: 18, Vision: 1, Metabolism: 1, Age: 62</description>
        <styleUrl>#agentStyle</styleUrl>
        <Point><coordinates>-97.2188,49.8584,0</coordinates></Point>
      </Placemark>
      <Placemark>
        <name>Agent</name>
        <description>Sugar: 70, Vision: 5, Metabolism: 1, Age: 61</description>
        <styleUrl>#agentStyle</styleUrl>
        <Point><coordinates>-97.16120000000001,49.9208,0</coordinates></Point>
      </Placemark>
      <Placemark>
        <name>Agent</name>
        <description>Sugar: 19, Vision: 2, Metabolism: 1, Age: 60</description>
        <styleUrl>#agentStyle</styleUrl>
        <Point><coordinates>-97.0172,49.863600000000005,0</coordinates></Point>
      </Placemark>
      <Placemark>
        <name>Agent</name>
        <description>Sugar: 24, Vision: 2, Metabolism: 1, Age: 59</description>
        <styleUrl>#agentStyle</styleUrl>
        <Point><coordinates>-97.0172,49.894800000000004,0</coordinates></Point>
      </Placemark>
      <Placemark>
        <name>Agent</name>
        <description>Sugar: 61, Vision: 2, Metabolism: 1, Age: 59</description>
        <styleUrl>#agentStyle</styleUrl>
        <Point><coordinates>-97.07480000000001,49.9208,0</coordinates></Point>
      </Placemark>
      <Placemark>
        <name>Agent</name>
        <description>Sugar: 10, Vision: 4, Metabolism: 2, Age: 59</description>
        <styleUrl>#agentStyle</styleUrl>
        <Point><coordinates>-97.14200000000001,49.9416,0</coordinates></Point>
      </Placemark>
      <Placemark>
        <name>Agent</name>
        <description>Sugar: 8, Vision: 6, Metabolism: 2, Age: 58</description>
        <styleUrl>#agentStyle</styleUrl>
        <Point><coordinates>-97.1228,49.9364,0</coordinates></Point>
      </Placemark>
      <Placemark>
        <name>Agent</name>
        <description>Sugar: 81, Vision: 2, Metabolism: 1, Age: 58</description>
        <styleUrl>#agentStyle</styleUrl>
        <Point><coordinates>-97.19,49.9208,0</coordinates></Point>
      </Placemark>
      <Placemark>
        <name>Agent</name>
        <description>Sugar: 20, Vision: 3, Metabolism: 2, Age: 57</description>
        <styleUrl>#agentStyle</styleUrl>
        <Point><coordinates>-97.09400000000001,49.926,0</coordinates></Point>
      </Placemark>
      <Placemark>
        <name>Agent</name>
        <description>Sugar: 63, Vision: 5, Metabolism: 1, Age: 57</description>
        <styleUrl>#agentStyle</styleUrl>
        <Point><coordinates>-97.07480000000001,49.8896,0</coordinates></Point>
      </Placemark>
      <Placemark>
        <name>Agent</name>
        <description>Sugar: 15, Vision: 5, Metabolism: 2, Age: 57</description>
        <styleUrl>#agentStyle</styleUrl>
        <Point><coordinates>-97.1228,49.900000000000006,0</coordinates></Point>
      </Placemark>
      <Placemark>
        <name>Agent</name>
        <description>Sugar: 60, Vision: 4, Metabolism: 1, Age: 57</description>
        <styleUrl>#agentStyle</styleUrl>
        <Point><coordinates>-97.2188,49.915600000000005,0</coordinates></Point>
      </Placemark>
      <Placemark>
        <name>Agent</name>
        <description>Sugar: 64, Vision: 4, Metabolism: 1, Age: 57</description>
        <styleUrl>#agentStyle</styleUrl>
        <Point><coordinates>-97.0556,49.894800000000004,0</coordinates></Point>
      </Placemark>
      <Placemark>
        <name>Agent</name>
        <description>Sugar: 5, Vision: 6, Metabolism: 1, Age: 56</description>
        <styleUrl>#agentStyle</styleUrl>
        <Point><coordinates>-97.046,49.8376,0</coordinates></Point>
      </Placemark>
      <Placemark>
        <name>Agent</name>
        <description>Sugar: 71, Vision: 5, Metabolism: 1, Age: 56</description>
        <styleUrl>#agentStyle</styleUrl>
        <Point><coordinates>-97.0652,49.8896,0</coordinates></Point>
      </Placemark>
      <Placemark>
        <name>Agent</name>
        <description>Sugar: 19, Vision: 5, Metabolism: 2, Age: 55</description>
        <styleUrl>#agentStyle</styleUrl>
        <Point><coordinates>-97.1036,49.8896,0</coordinates></Point>
      </Placemark>
      <Placemark>
        <name>Agent</name>
        <description>Sugar: 21, Vision: 4, Metabolism: 2, Age: 55</description>
        <styleUrl>#agentStyle</styleUrl>
        <Point><coordinates>-97.16120000000001,49.9364,0</coordinates></Point>
      </Placemark>
      <Placemark>
        <name>Agent</name>
        <description>Sugar: 76, Vision: 3, Metabolism: 1, Age: 54</description>
        <styleUrl>#agentStyle</styleUrl>
        <Point><coordinates>-97.16120000000001,49.926,0</coordinates></Point>
      </Placemark>
      <Placemark>
        <name>Agent</name>
        <description>Sugar: 73, Vision: 4, Metabolism: 1, Age: 53</description>
        <styleUrl>#agentStyle</styleUrl>
        <Point><coordinates>-97.14200000000001,49.9052,0</coordinates></Point>
      </Placemark>
      <Placemark>
        <name>Agent</name>
        <description>Sugar: 72, Vision: 4, Metabolism: 1, Age: 53</description>
        <styleUrl>#agentStyle</styleUrl>
        <Point><coordinates>-97.09400000000001,49.9208,0</coordinates></Point>
      </Placemark>
      <Placemark>
        <name>Agent</name>
        <description>Sugar: 74, Vision: 5, Metabolism: 1, Age: 52</description>
        <styleUrl>#agentStyle</styleUrl>
        <Point><coordinates>-97.1708,49.8896,0</coordinates></Point>
      </Placemark>
      <Placemark>
        <name>Agent</name>
        <description>Sugar: 5, Vision: 2, Metabolism: 1, Age: 52</description>
        <styleUrl>#agentStyle</styleUrl>
        <Point><coordinates>-97.19,49.952,0</coordinates></Point>
      </Placemark>
      <Placemark>
        <name>Agent</name>
        <description>Sugar: 63, Vision: 5, Metabolism: 1, Age: 52</description>
        <styleUrl>#agentStyle</styleUrl>
        <Point><coordinates>-97.2188,49.9052,0</coordinates></Point>
      </Placemark>
      <Placemark>
        <name>Agent</name>
        <description>Sugar: 8, Vision: 4, Metabolism: 2, Age: 51</description>
        <styleUrl>#agentStyle</styleUrl>
        <Point><coordinates>-97.0844,49.926,0</coordinates></Point>
      </Placemark>
      <Placemark>
        <name>Agent</name>
        <description>Sugar: 71, Vision: 3, Metabolism: 1, Age: 51</description>
        <styleUrl>#agentStyle</styleUrl>
        <Point><coordinates>-97.1708,49.9364,0</coordinates></Point>
      </Placemark>
      <Placemark>
        <name>Agent</name>
        <description>Sugar: 10, Vision: 6, Metabolism: 2, Age: 50</description>
        <styleUrl>#agentStyle</styleUrl>
        <Point><coordinates>-97.14200000000001,49.931200000000004,0</coordinates></Point>
      </Placemark>
      <Placemark>
        <name>Agent</name>
        <description>Sugar: 21, Vision: 5, Metabolism: 2, Age: 50</description>
        <styleUrl>#agentStyle</styleUrl>
        <Point><coordinates>-97.1996,49.915600000000005,0</coordinates></Point>
      </Placemark>
      <Placemark>
        <name>Agent</name>
        <description>Sugar: 54, Vision: 3, Metabolism: 1, Age: 49</description>
        <styleUrl>#agentStyle</styleUrl>
        <Point><coordinates>-97.1228,49.926,0</coordinates></Point>
      </Placemark>
      <Placemark>
        <name>Agent</name>
        <description>Sugar: 60, Vision: 5, Metabolism: 1, Age: 49</description>
        <styleUrl>#agentStyle</styleUrl>
        <Point><coordinates>-97.0844,49.9104,0</coordinates></Point>
      </Placemark>
      <Placemark>
        <name>Agent</name>
        <description>Sugar: 21, Vision: 2, Metabolism: 1, Age: 49</description>
        <styleUrl>#agentStyle</styleUrl>
        <Point><coordinates>-97.1804,49.9364,0</coordinates></Point>
      </Placemark>
      <Placemark>
        <name>Agent</name>
        <description>Sugar: 27, Vision: 4, Metabolism: 2, Age: 48</description>
        <styleUrl>#agentStyle</styleUrl>
        <Point><coordinates>-97.1516,49.931200000000004,0</coordinates></Point>
      </Placemark>
      <Placemark>
        <name>Agent</name>
        <description>Sugar: 66, Vision: 4, Metabolism: 1, Age: 47</description>
        <styleUrl>#agentStyle</styleUrl>
        <Point><coordinates>-97.09400000000001,49.9052,0</coordinates></Point>
      </Placemark>
      <Placemark>
        <name>Agent</name>
        <description>Sugar: 18, Vision: 6, Metabolism: 2, Age: 47</description>
        <styleUrl>#agentStyle</styleUrl>
        <Point><coordinates>-97.14200000000001,49.8688,0</coordinates></Point>
      </Placemark>
      <Placemark>
        <name>Agent</name>
        <description>Sugar: 24, Vision: 5, Metabolism: 2, Age: 47</description>
        <styleUrl>#agentStyle</styleUrl>
        <Point><coordinates>-97.16120000000001,49.8688,0</coordinates></Point>
      </Placemark>
      <Placemark>
        <name>Agent</name>
        <description>Sugar: 18, Vision: 6, Metabolism: 2, Age: 47</description>
        <styleUrl>#agentStyle</styleUrl>
        <Point><coordinates>-97.1708,49.863600000000005,0</coordinates></Point>
      </Placemark>
      <Placemark>
        <name>Agent</name>
        <description>Sugar: 19, Vision: 6, Metabolism: 2, Age: 46</description>
        <styleUrl>#agentStyle</styleUrl>
        <Point><coordinates>-97.1228,49.879200000000004,0</coordinates></Point>
      </Placemark>
      <Placemark>
        <name>Agent</name>
        <description>Sugar: 19, Vision: 5, Metabolism: 2, Age: 45</description>
        <styleUrl>#agentStyle</styleUrl>
        <Point><coordinates>-97.1228,49.863600000000005,0</coordinates></Point>
      </Placemark>
      <Placemark>
        <name>Agent</name>
        <description>Sugar: 7, Vision: 6, Metabolism: 2, Age: 44</description>
        <styleUrl>#agentStyle</styleUrl>
        <Point><coordinates>-97.1228,49.8896,0</coordinates></Point>
      </Placemark>
      <Placemark>
        <name>Agent</name>
        <description>Sugar: 23, Vision: 5, Metabolism: 2, Age: 44</description>
        <styleUrl>#agentStyle</styleUrl>
        <Point><coordinates>-97.1324,49.915600000000005,0</coordinates></Point>
      </Placemark>
      <Placemark>
        <name>Agent</name>
        <description>Sugar: 50, Vision: 6, Metabolism: 1, Age: 44</description>
        <styleUrl>#agentStyle</styleUrl>
        <Point><coordinates>-97.1132,49.9364,0</coordinates></Point>
      </Placemark>
      <Placemark>
        <name>Agent</name>
        <description>Sugar: 5, Vision: 5, Metabolism: 2, Age: 44</description>
        <styleUrl>#agentStyle</styleUrl>
        <Point><coordinates>-97.1324,49.931200000000004,0</coordinates></Point>
      </Placemark>
      <Placemark>
        <name>Agent</name>
        <description>Sugar: 19, Vision: 5, Metabolism: 2, Age: 43</description>
        <styleUrl>#agentStyle</styleUrl>
        <Point><coordinates>-97.14200000000001,49.879200000000004,0</coordinates></Point>
      </Placemark>
      <Placemark>
        <name>Agent</name>
        <description>Sugar: 17, Vision: 6, Metabolism: 2, Age: 43</description>
        <styleUrl>#agentStyle</styleUrl>
        <Point><coordinates>-97.0652,49.8844,0</coordinates></Point>
      </Placemark>
      <Placemark>
        <name>Agent</name>
        <description>Sugar: 67, Vision: 6, Metabolism: 1, Age: 42</description>
        <styleUrl>#agentStyle</styleUrl>
        <Point><coordinates>-97.1324,49.9052,0</coordinates></Point>
      </Placemark>
      <Placemark>
        <name>Agent</name>
        <description>Sugar: 53, Vision: 6, Metabolism: 1, Age: 42</description>
        <styleUrl>#agentStyle</styleUrl>
        <Point><coordinates>-97.20920000000001,49.8844,0</coordinates></Point>
      </Placemark>
      <Placemark>
        <name>Agent</name>
        <description>Sugar: 7, Vision: 5, Metabolism: 2, Age: 41</description>
        <styleUrl>#agentStyle</styleUrl>
        <Point><coordinates>-97.1036,49.9052,0</coordinates></Point>
      </Placemark>
      <Placemark>
        <name>Agent</name>
        <description>Sugar: 7, Vision: 5, Metabolism: 1, Age: 39</description>
        <styleUrl>#agentStyle</styleUrl>
        <Point><coordinates>-97.1996,49.926,0</coordinates></Point>
      </Placemark>
      <Placemark>
        <name>Agent</name>
        <description>Sugar: 17, Vision: 2, Metabolism: 1, Age: 39</description>
        <styleUrl>#agentStyle</styleUrl>
        <Point><coordinates>-97.25720000000001,49.900000000000006,0</coordinates></Point>
      </Placemark>
      <Placemark>
        <name>Agent</name>
        <description>Sugar: 22, Vision: 4, Metabolism: 2, Age: 39</description>
        <styleUrl>#agentStyle</styleUrl>
        <Point><coordinates>-97.19,49.9052,0</coordinates></Point>
      </Placemark>
      <Placemark>
        <name>Agent</name>
        <description>Sugar: 28, Vision: 4, Metabolism: 1, Age: 38</description>
        <styleUrl>#agentStyle</styleUrl>
        <Point><coordinates>-97.1036,49.9104,0</coordinates></Point>
      </Placemark>
      <Placemark>
        <name>Agent</name>
        <description>Sugar: 50, Vision: 3, Metabolism: 1, Age: 37</description>
        <styleUrl>#agentStyle</styleUrl>
        <Point><coordinates>-97.1132,49.926,0</coordinates></Point>
      </Placemark>
      <Placemark>
        <name>Agent</name>
        <description>Sugar: 52, Vision: 4, Metabolism: 1, Age: 37</description>
        <styleUrl>#agentStyle</styleUrl>
        <Point><coordinates>-97.2188,49.8896,0</coordinates></Point>
      </Placemark>
      <Placemark>
        <name>Agent</name>
        <description>Sugar: 44, Vision: 6, Metabolism: 1, Age: 36</description>
        <styleUrl>#agentStyle</styleUrl>
        <Point><coordinates>-97.1228,49.915600000000005,0</coordinates></Point>
      </Placemark>
      <Placemark>
        <name>Agent</name>
        <description>Sugar: 2, Vision: 1, Metabolism: 2, Age: 36</description>
        <styleUrl>#agentStyle</styleUrl>
        <Point><coordinates>-97.1036,49.926,0</coordinates></Point>
      </Placemark>
      <Placemark>
        <name>Agent</name>
        <description>Sugar: 14, Vision: 4, Metabolism: 1, Age: 35</description>
        <styleUrl>#agentStyle</styleUrl>
        <Point><coordinates>-97.19,49.9468,0</coordinates></Point>
      </Placemark>
      <Placemark>
        <name>Agent</name>
        <description>Sugar: 49, Vision: 2, Metabolism: 1, Age: 35</description>
        <styleUrl>#agentStyle</styleUrl>
        <Point><coordinates>-97.1708,49.915600000000005,0</coordinates></Point>
      </Placemark>
      <Placemark>
        <name>Agent</name>
        <description>Sugar: 13, Vision: 6, Metabolism: 2, Age: 34</description>
        <styleUrl>#agentStyle</styleUrl>
        <Point><coordinates>-97.1516,49.900000000000006,0</coordinates></Point>
      </Placemark>
      <Placemark>
        <name>Agent</name>
        <description>Sugar: 41, Vision: 1, Metabolism: 1, Age: 34</description>
        <styleUrl>#agentStyle</styleUrl>
        <Point><coordinates>-97.1996,49.900000000000006,0</coordinates></Point>
      </Placemark>
      <Placemark>
        <name>Agent</name>
        <description>Sugar: 5, Vision: 3, Metabolism: 2, Age: 33</description>
        <styleUrl>#agentStyle</styleUrl>
        <Point><coordinates>-97.09400000000001,49.8896,0</coordinates></Point>
      </Placemark>
      <Placemark>
        <name>Agent</name>
        <description>Sugar: 25, Vision: 5, Metabolism: 2, Age: 32</description>
        <styleUrl>#agentStyle</styleUrl>
        <Point><coordinates>-97.0556,49.879200000000004,0</coordinates></Point>
      </Placemark>
      <Placemark>
        <name>Agent</name>
        <description>Sugar: 36, Vision: 6, Metabolism: 1, Age: 32</description>
        <styleUrl>#agentStyle</styleUrl>
        <Point><coordinates>-97.1516,49.9208,0</coordinates></Point>
      </Placemark>
      <Placemark>
        <name>Agent</name>
        <description>Sugar: 13, Vision: 6, Metabolism: 2, Age: 30</description>
        <styleUrl>#agentStyle</styleUrl>
        <Point><coordinates>-97.0652,49.874,0</coordinates></Point>
      </Placemark>
      <Placemark>
        <name>Agent</name>
        <description>Sugar: 19, Vision: 4, Metabolism: 2, Age: 30</description>
        <styleUrl>#agentStyle</styleUrl>
        <Point><coordinates>-97.1516,49.8844,0</coordinates></Point>
      </Placemark>
      <Placemark>
        <name>Agent</name>
        <description>Sugar: 17, Vision: 6, Metabolism: 2, Age: 30</description>
        <styleUrl>#agentStyle</styleUrl>
        <Point><coordinates>-97.07480000000001,49.874,0</coordinates></Point>
      </Placemark>
      <Placemark>
        <name>Agent</name>
        <description>Sugar: 25, Vision: 4, Metabolism: 1, Age: 30</description>
        <styleUrl>#agentStyle</styleUrl>
        <Point><coordinates>-97.1708,49.9572,0</coordinates></Point>
      </Placemark>
      <Placemark>
        <name>Agent</name>
        <description>Sugar: 19, Vision: 2, Metabolism: 1, Age: 29</description>
        <styleUrl>#agentStyle</styleUrl>
        <Point><coordinates>-97.1228,49.9572,0</coordinates></Point>
      </Placemark>
      <Placemark>
        <name>Agent</name>
        <description>Sugar: 52, Vision: 6, Metabolism: 1, Age: 29</description>
        <styleUrl>#agentStyle</styleUrl>
        <Point><coordinates>-97.046,49.8896,0</coordinates></Point>
      </Placemark>
      <Placemark>
        <name>Agent</name>
        <description>Sugar: 8, Vision: 6, Metabolism: 2, Age: 27</description>
        <styleUrl>#agentStyle</styleUrl>
        <Point><coordinates>-97.0556,49.8688,0</coordinates></Point>
      </Placemark>
      <Placemark>
        <name>Agent</name>
        <description>Sugar: 22, Vision: 4, Metabolism: 2, Age: 26</description>
        <styleUrl>#agentStyle</styleUrl>
        <Point><coordinates>-97.0556,49.863600000000005,0</coordinates></Point>
      </Placemark>
      <Placemark>
        <name>Agent</name>
        <description>Sugar: 15, Vision: 1, Metabolism: 1, Age: 26</description>
        <styleUrl>#agentStyle</styleUrl>
        <Point><coordinates>-97.1516,49.8324,0</coordinates></Point>
      </Placemark>
      <Placemark>
        <name>Agent</name>
        <description>Sugar: 8, Vision: 1, Metabolism: 1, Age: 26</description>
        <styleUrl>#agentStyle</styleUrl>
        <Point><coordinates>-97.0844,49.8324,0</coordinates></Point>
      </Placemark>
      <Placemark>
        <name>Agent</name>
        <description>Sugar: 23, Vision: 5, Metabolism: 2, Age: 23</description>
        <styleUrl>#agentStyle</styleUrl>
        <Point><coordinates>-97.1036,49.894800000000004,0</coordinates></Point>
      </Placemark>
      <Placemark>
        <name>Agent</name>
        <description>Sugar: 9, Vision: 1, Metabolism: 2, Age: 23</description>
        <styleUrl>#agentStyle</styleUrl>
        <Point><coordinates>-97.07480000000001,49.863600000000005,0</coordinates></Point>
      </Placemark>
      <Placemark>
        <name>Agent</name>
        <description>Sugar: 1, Vision: 5, Metabolism: 1, Age: 23</description>
        <styleUrl>#agentStyle</styleUrl>
        <Point><coordinates>-97.19,49.978,0</coordinates></Point>
      </Placemark>
      <Placemark>
        <name>Agent</name>
        <description>Sugar: 37, Vision: 3, Metabolism: 1, Age: 23</description>
        <styleUrl>#agentStyle</styleUrl>
        <Point><coordinates>-97.1516,49.874,0</coordinates></Point>
      </Placemark>
      <Placemark>
        <name>Agent</name>
        <description>Sugar: 21, Vision: 4, Metabolism: 2, Age: 22</description>
        <styleUrl>#agentStyle</styleUrl>
        <Point><coordinates>-97.0844,49.8844,0</coordinates></Point>
      </Placemark>
      <Placemark>
        <name>Agent</name>
        <description>Sugar: 13, Vision: 5, Metabolism: 2, Age: 22</description>
        <styleUrl>#agentStyle</styleUrl>
        <Point><coordinates>-97.1228,49.8688,0</coordinates></Point>
      </Placemark>
      <Placemark>
        <name>Agent</name>
        <description>Sugar: 38, Vision: 4, Metabolism: 1, Age: 22</description>
        <styleUrl>#agentStyle</styleUrl>
        <Point><coordinates>-97.16120000000001,49.879200000000004,0</coordinates></Point>
      </Placemark>
      <Placemark>
        <name>Agent</name>
        <description>Sugar: 9, Vision: 5, Metabolism: 2, Age: 21</description>
        <styleUrl>#agentStyle</styleUrl>
        <Point><coordinates>-97.1132,49.8896,0</coordinates></Point>
      </Placemark>
      <Placemark>
        <name>Agent</name>
        <description>Sugar: 11, Vision: 2, Metabolism: 2, Age: 21</description>
        <styleUrl>#agentStyle</styleUrl>
        <Point><coordinates>-97.0652,49.8584,0</coordinates></Point>
      </Placemark>
      <Placemark>
        <name>Agent</name>
        <description>Sugar: 32, Vision: 4, Metabolism: 1, Age: 21</description>
        <styleUrl>#agentStyle</styleUrl>
        <Point><coordinates>-97.0844,49.874,0</coordinates></Point>
      </Placemark>
      <Placemark>
        <name>Agent</name>
        <description>Sugar: 1, Vision: 2, Metabolism: 1, Age: 20</description>
        <styleUrl>#agentStyle</styleUrl>
        <Point><coordinates>-97.29560000000001,49.952,0</coordinates></Point>
      </Placemark>
      <Placemark>
        <name>Agent</name>
        <description>Sugar: 5, Vision: 1, Metabolism: 1, Age: 19</description>
        <styleUrl>#agentStyle</styleUrl>
        <Point><coordinates>-97.4204,49.811600000000006,0</coordinates></Point>
      </Placemark>
      <Placemark>
        <name>Agent</name>
        <description>Sugar: 2, Vision: 2, Metabolism: 1, Age: 19</description>
        <styleUrl>#agentStyle</styleUrl>
        <Point><coordinates>-97.36280000000001,49.8688,0</coordinates></Point>
      </Placemark>
      <Placemark>
        <name>Agent</name>
        <description>Sugar: 12, Vision: 6, Metabolism: 2, Age: 19</description>
        <styleUrl>#agentStyle</styleUrl>
        <Point><coordinates>-97.20920000000001,49.900000000000006,0</coordinates></Point>
      </Placemark>
      <Placemark>
        <name>Agent</name>
        <description>Sugar: 7, Vision: 3, Metabolism: 2, Age: 18</description>
        <styleUrl>#agentStyle</styleUrl>
        <Point><coordinates>-97.1132,49.822,0</coordinates></Point>
      </Placemark>
      <Placemark>
        <name>Agent</name>
        <description>Sugar: 18, Vision: 6, Metabolism: 1, Age: 18</description>
        <styleUrl>#agentStyle</styleUrl>
        <Point><coordinates>-97.20920000000001,49.9208,0</coordinates></Point>
      </Placemark>
      <Placemark>
        <name>Agent</name>
        <description>Sugar: 30, Vision: 5, Metabolism: 1, Age: 18</description>
        <styleUrl>#agentStyle</styleUrl>
        <Point><coordinates>-97.0844,49.863600000000005,0</coordinates></Point>
      </Placemark>
      <Placemark>
        <name>Agent</name>
        <description>Sugar: 7, Vision: 1, Metabolism: 1, Age: 17</description>
        <styleUrl>#agentStyle</styleUrl>
        <Point><coordinates>-97.0556,49.9416,0</coordinates></Point>
      </Placemark>
      <Placemark>
        <name>Agent</name>
        <description>Sugar: 40, Vision: 6, Metabolism: 1, Age: 16</description>
        <styleUrl>#agentStyle</styleUrl>
        <Point><coordinates>-97.1132,49.915600000000005,0</coordinates></Point>
      </Placemark>
      <Placemark>
        <name>Agent</name>
        <description>Sugar: 7, Vision: 6, Metabolism: 1, Age: 16</description>
        <styleUrl>#agentStyle</styleUrl>
        <Point><coordinates>-96.9692,49.9988,0</coordinates></Point>
      </Placemark>
      <Placemark>
        <name>Agent</name>
        <description>Sugar: 9, Vision: 5, Metabolism: 1, Age: 15</description>
        <styleUrl>#agentStyle</styleUrl>
        <Point><coordinates>-96.95,49.9208,0</coordinates></Point>
      </Placemark>
      <Placemark>
        <name>Agent</name>
        <description>Sugar: 1, Vision: 3, Metabolism: 1, Age: 15</description>
        <styleUrl>#agentStyle</styleUrl>
        <Point><coordinates>-96.9692,49.9052,0</coordinates></Point>
      </Placemark>
      <Placemark>
        <name>Agent</name>
        <description>Sugar: 3, Vision: 3, Metabolism: 1, Age: 15</description>
        <styleUrl>#agentStyle</styleUrl>
        <Point><coordinates>-97.046,49.806400000000004,0</coordinates></Point>
      </Placemark>
      <Placemark>
        <name>Agent</name>
        <description>Sugar: 4, Vision: 2, Metabolism: 1, Age: 14</description>
        <styleUrl>#agentStyle</styleUrl>
        <Point><coordinates>-97.29560000000001,49.822,0</coordinates></Point>
      </Placemark>
      <Placemark>
        <name>Agent</name>
        <description>Sugar: 20, Vision: 5, Metabolism: 1, Age: 13</description>
        <styleUrl>#agentStyle</styleUrl>
        <Point><coordinates>-97.09400000000001,49.863600000000005,0</coordinates></Point>
      </Placemark>
      <Placemark>
        <name>Agent</name>
        <description>Sugar: 12, Vision: 5, Metabolism: 1, Age: 13</description>
        <styleUrl>#agentStyle</styleUrl>
        <Point><coordinates>-96.998,49.8376,0</coordinates></Point>
      </Placemark>
      <Placemark>
        <name>Agent</name>
        <description>Sugar: 9, Vision: 1, Metabolism: 1, Age: 13</description>
        <styleUrl>#agentStyle</styleUrl>
        <Point><coordinates>-97.1996,49.811600000000006,0</coordinates></Point>
      </Placemark>
      <Placemark>
        <name>Agent</name>
        <description>Sugar: 1, Vision: 3, Metabolism: 1, Age: 13</description>
        <styleUrl>#agentStyle</styleUrl>
        <Point><coordinates>-97.14200000000001,50.0092,0</coordinates></Point>
      </Placemark>
      <Placemark>
        <name>Agent</name>
        <description>Sugar: 11, Vision: 5, Metabolism: 2, Age: 13</description>
        <styleUrl>#agentStyle</styleUrl>
        <Point><coordinates>-97.02680000000001,49.915600000000005,0</coordinates></Point>
      </Placemark>
      <Placemark>
        <name>Agent</name>
        <description>Sugar: 12, Vision: 6, Metabolism: 1, Age: 12</description>
        <styleUrl>#agentStyle</styleUrl>
        <Point><coordinates>-97.286,49.842800000000004,0</coordinates></Point>
      </Placemark>
      <Placemark>
        <name>Agent</name>
        <description>Sugar: 16, Vision: 1, Metabolism: 1, Age: 12</description>
        <styleUrl>#agentStyle</styleUrl>
        <Point><coordinates>-97.1132,49.9052,0</coordinates></Point>
      </Placemark>
      <Placemark>
        <name>Agent</name>
        <description>Sugar: 12, Vision: 3, Metabolism: 1, Age: 12</description>
        <styleUrl>#agentStyle</styleUrl>
        <Point><coordinates>-97.27640000000001,49.822,0</coordinates></Point>
      </Placemark>
      <Placemark>
        <name>Agent</name>
        <description>Sugar: 4, Vision: 1, Metabolism: 3, Age: 12</description>
        <styleUrl>#agentStyle</styleUrl>
        <Point><coordinates>-97.19,49.8896,0</coordinates></Point>
      </Placemark>
      <Placemark>
        <name>Agent</name>
        <description>Sugar: 1, Vision: 3, Metabolism: 2, Age: 11</description>
        <styleUrl>#agentStyle</styleUrl>
        <Point><coordinates>-97.41080000000001,49.8688,0</coordinates></Point>
      </Placemark>
      <Placemark>
        <name>Agent</name>
        <description>Sugar: 4, Vision: 6, Metabolism: 1, Age: 11</description>
        <styleUrl>#agentStyle</styleUrl>
        <Point><coordinates>-97.046,49.967600000000004,0</coordinates></Point>
      </Placemark>
      <Placemark>
        <name>Agent</name>
        <description>Sugar: 2, Vision: 4, Metabolism: 4, Age: 11</description>
        <styleUrl>#agentStyle</styleUrl>
        <Point><coordinates>-97.1708,49.8532,0</coordinates></Point>
      </Placemark>
      <Placemark>
        <name>Agent</name>
        <description>Sugar: 13, Vision: 4, Metabolism: 2, Age: 11</description>
        <styleUrl>#agentStyle</styleUrl>
        <Point><coordinates>-97.0364,49.926,0</coordinates></Point>
      </Placemark>
      <Placemark>
        <name>Agent</name>
        <description>Sugar: 3, Vision: 3, Metabolism: 2, Age: 10</description>
        <styleUrl>#agentStyle</styleUrl>
        <Point><coordinates>-97.09400000000001,49.79600000000001,0</coordinates></Point>
      </Placemark>
      <Placemark>
        <name>Agent</name>
        <description>Sugar: 8, Vision: 1, Metabolism: 1, Age: 10</description>
        <styleUrl>#agentStyle</styleUrl>
        <Point><coordinates>-97.37240000000001,49.8896,0</coordinates></Point>
      </Placemark>
      <Placemark>
        <name>Agent</name>
        <description>Sugar: 18, Vision: 5, Metabolism: 1, Age: 9</description>
        <styleUrl>#agentStyle</styleUrl>
        <Point><coordinates>-97.1132,49.952,0</coordinates></Point>
      </Placemark>
      <Placemark>
        <name>Agent</name>
        <description>Sugar: 16, Vision: 6, Metabolism: 1, Age: 8</description>
        <styleUrl>#agentStyle</styleUrl>
        <Point><coordinates>-97.27640000000001,49.9468,0</coordinates></Point>
      </Placemark>
      <Placemark>
        <name>Agent</name>
        <description>Sugar: 15, Vision: 3, Metabolism: 3, Age: 8</description>
        <styleUrl>#agentStyle</styleUrl>
        <Point><coordinates>-97.1708,49.9104,0</coordinates></Point>
      </Placemark>
      <Placemark>
        <name>Agent</name>
        <description>Sugar: 4, Vision: 1, Metabolism: 1, Age: 8</description>
        <styleUrl>#agentStyle</styleUrl>
        <Point><coordinates>-97.14200000000001,49.9728,0</coordinates></Point>
      </Placemark>
      <Placemark>
        <name>Agent</name>
        <description>Sugar: 9, Vision: 5, Metabolism: 3, Age: 8</description>
        <styleUrl>#agentStyle</styleUrl>
        <Point><coordinates>-97.0652,49.8324,0</coordinates></Point>
      </Placemark>
      <Placemark>
        <name>Agent</name>
        <description>Sugar: 17, Vision: 3, Metabolism: 2, Age: 8</description>
        <styleUrl>#agentStyle</styleUrl>
        <Point><coordinates>-97.22840000000001,49.848,0</coordinates></Point>
      </Placemark>
      <Placemark>
        <name>Agent</name>
        <description>Sugar: 15, Vision: 2, Metabolism: 2, Age: 8</description>
        <styleUrl>#agentStyle</styleUrl>
        <Point><coordinates>-97.0556,49.848,0</coordinates></Point>
      </Placemark>
      <Placemark>
        <name>Agent</name>
        <description>Sugar: 8, Vision: 6, Metabolism: 1, Age: 7</description>
        <styleUrl>#agentStyle</styleUrl>
        <Point><coordinates>-97.0076,50.004000000000005,0</coordinates></Point>
      </Placemark>
      <Placemark>
        <name>Agent</name>
        <description>Sugar: 16, Vision: 5, Metabolism: 1, Age: 7</description>
        <styleUrl>#agentStyle</styleUrl>
        <Point><coordinates>-97.22840000000001,49.983200000000004,0</coordinates></Point>
      </Placemark>
      <Placemark>
        <name>Agent</name>
        <description>Sugar: 7, Vision: 3, Metabolism: 1, Age: 7</description>
        <styleUrl>#agentStyle</styleUrl>
        <Point><coordinates>-96.9692,49.9208,0</coordinates></Point>
      </Placemark>
      <Placemark>
        <name>Agent</name>
        <description>Sugar: 23, Vision: 5, Metabolism: 1, Age: 7</description>
        <styleUrl>#agentStyle</styleUrl>
        <Point><coordinates>-97.0652,49.9052,0</coordinates></Point>
      </Placemark>
      <Placemark>
        <name>Agent</name>
        <description>Sugar: 16, Vision: 1, Metabolism: 1, Age: 7</description>
        <styleUrl>#agentStyle</styleUrl>
        <Point><coordinates>-97.1228,50.03,0</coordinates></Point>
      </Placemark>
      <Placemark>
        <name>Agent</name>
        <description>Sugar: 3, Vision: 2, Metabolism: 1, Age: 7</description>
        <styleUrl>#agentStyle</styleUrl>
        <Point><coordinates>-96.9884,49.8376,0</coordinates></Point>
      </Placemark>
      <Placemark>
        <name>Agent</name>
        <description>Sugar: 1, Vision: 1, Metabolism: 3, Age: 7</description>
        <styleUrl>#agentStyle</styleUrl>
        <Point><coordinates>-97.3148,49.915600000000005,0</coordinates></Point>
      </Placemark>
      <Placemark>
        <name>Agent</name>
        <description>Sugar: 9, Vision: 4, Metabolism: 1, Age: 7</description>
        <styleUrl>#agentStyle</styleUrl>
        <Point><coordinates>-97.36280000000001,49.8168,0</coordinates></Point>
      </Placemark>
      <Placemark>
        <name>Agent</name>
        <description>Sugar: 5, Vision: 3, Metabolism: 2, Age: 7</description>
        <styleUrl>#agentStyle</styleUrl>
        <Point><coordinates>-97.1324,49.9572,0</coordinates></Point>
      </Placemark>
      <Placemark>
        <name>Agent</name>
        <description>Sugar: 12, Vision: 1, Metabolism: 2, Age: 7</description>
        <styleUrl>#agentStyle</styleUrl>
        <Point><coordinates>-97.238,49.931200000000004,0</coordinates></Point>
      </Placemark>
      <Placemark>
        <name>Agent</name>
        <description>Sugar: 11, Vision: 5, Metabolism: 2, Age: 7</description>
        <styleUrl>#agentStyle</styleUrl>
        <Point><coordinates>-97.3532,49.926,0</coordinates></Point>
      </Placemark>
      <Placemark>
        <name>Agent</name>
        <description>Sugar: 15, Vision: 4, Metabolism: 1, Age: 7</description>
        <styleUrl>#agentStyle</styleUrl>
        <Point><coordinates>-97.0652,49.7856,0</coordinates></Point>
      </Placemark>
      <Placemark>
        <name>Agent</name>
        <description>Sugar: 18, Vision: 4, Metabolism: 2, Age: 6</description>
        <styleUrl>#agentStyle</styleUrl>
        <Point><coordinates>-97.1036,49.863600000000005,0</coordinates></Point>
      </Placemark>
      <Placemark>
        <name>Agent</name>
        <description>Sugar: 7, Vision: 6, Metabolism: 1, Age: 6</description>
        <styleUrl>#agentStyle</styleUrl>
        <Point><coordinates>-97.2188,49.8376,0</coordinates></Point>
      </Placemark>
      <Placemark>
        <name>Agent</name>
        <description>Sugar: 6, Vision: 3, Metabolism: 3, Age: 6</description>
        <styleUrl>#agentStyle</styleUrl>
        <Point><coordinates>-96.95960000000001,49.8168,0</coordinates></Point>
      </Placemark>
      <Placemark>
        <name>Agent</name>
        <description>Sugar: 4, Vision: 5, Metabolism: 1, Age: 6</description>
        <styleUrl>#agentStyle</styleUrl>
        <Point><coordinates>-97.0652,49.9988,0</coordinates></Point>
      </Placemark>
      <Placemark>
        <name>Agent</name>
        <description>Sugar: 2, Vision: 4, Metabolism: 1, Age: 6</description>
        <styleUrl>#agentStyle</styleUrl>
        <Point><coordinates>-97.25720000000001,49.7804,0</coordinates></Point>
      </Placemark>
      <Placemark>
        <name>Agent</name>
        <description>Sugar: 10, Vision: 3, Metabolism: 1, Age: 6</description>
        <styleUrl>#agentStyle</styleUrl>
        <Point><coordinates>-97.27640000000001,49.77,0</coordinates></Point>
      </Placemark>
      <Placemark>
        <name>Agent</name>
        <description>Sugar: 9, Vision: 5, Metabolism: 2, Age: 6</description>
        <styleUrl>#agentStyle</styleUrl>
        <Point><coordinates>-97.046,49.931200000000004,0</coordinates></Point>
      </Placemark>
      <Placemark>
        <name>Agent</name>
        <description>Sugar: 21, Vision: 6, Metabolism: 1, Age: 6</description>
        <styleUrl>#agentStyle</styleUrl>
        <Point><coordinates>-97.20920000000001,49.9052,0</coordinates></Point>
      </Placemark>
      <Placemark>
        <name>Agent</name>
        <description>Sugar: 9, Vision: 5, Metabolism: 3, Age: 5</description>
        <styleUrl>#agentStyle</styleUrl>
        <Point><coordinates>-97.25720000000001,49.822,0</coordinates></Point>
      </Placemark>
      <Placemark>
        <name>Agent</name>
        <description>Sugar: 6, Vision: 4, Metabolism: 2, Age: 5</description>
        <styleUrl>#agentStyle</styleUrl>
        <Point><coordinates>-97.41080000000001,49.983200000000004,0</coordinates></Point>
      </Placemark>
      <Placemark>
        <name>Agent</name>
        <description>Sugar: 15, Vision: 2, Metabolism: 3, Age: 5</description>
        <styleUrl>#agentStyle</styleUrl>
        <Point><coordinates>-97.2476,49.863600000000005,0</coordinates></Point>
      </Placemark>
      <Placemark>
        <name>Agent</name>
        <description>Sugar: 7, Vision: 5, Metabolism: 2, Age: 5</description>
        <styleUrl>#agentStyle</styleUrl>
        <Point><coordinates>-97.1516,50.0248,0</coordinates></Point>
      </Placemark>
      <Placemark>
        <name>Agent</name>
        <description>Sugar: 10, Vision: 5, Metabolism: 1, Age: 5</description>
        <styleUrl>#agentStyle</styleUrl>
        <Point><coordinates>-97.4012,50.03,0</coordinates></Point>
      </Placemark>
      <Placemark>
        <name>Agent</name>
        <description>Sugar: 7, Vision: 4, Metabolism: 1, Age: 5</description>
        <styleUrl>#agentStyle</styleUrl>
        <Point><coordinates>-97.4012,49.9208,0</coordinates></Point>
      </Placemark>
      <Placemark>
        <name>Agent</name>
        <description>Sugar: 27, Vision: 6, Metabolism: 1, Age: 5</description>
        <styleUrl>#agentStyle</styleUrl>
        <Point><coordinates>-97.20920000000001,49.879200000000004,0</coordinates></Point>
      </Placemark>
      <Placemark>
        <name>Agent</name>
        <description>Sugar: 3, Vision: 3, Metabolism: 4, Age: 5</description>
        <styleUrl>#agentStyle</styleUrl>
        <Point><coordinates>-97.0364,49.9208,0</coordinates></Point>
      </Placemark>
      <Placemark>
        <name>Agent</name>
        <description>Sugar: 9, Vision: 2, Metabolism: 1, Age: 4</description>
        <styleUrl>#agentStyle</styleUrl>
        <Point><coordinates>-97.20920000000001,49.848,0</coordinates></Point>
      </Placemark>
      <Placemark>
        <name>Agent</name>
        <description>Sugar: 18, Vision: 3, Metabolism: 2, Age: 4</description>
        <styleUrl>#agentStyle</styleUrl>
        <Point><coordinates>-97.22840000000001,49.894800000000004,0</coordinates></Point>
      </Placemark>
      <Placemark>
        <name>Agent</name>
        <description>Sugar: 9, Vision: 3, Metabolism: 1, Age: 4</description>
        <styleUrl>#agentStyle</styleUrl>
        <Point><coordinates>-97.1324,49.9208,0</coordinates></Point>
      </Placemark>
      <Placemark>
        <name>Agent</name>
        <description>Sugar: 14, Vision: 6, Metabolism: 3, Age: 4</description>
        <styleUrl>#agentStyle</styleUrl>
        <Point><coordinates>-97.1996,49.9052,0</coordinates></Point>
      </Placemark>
      <Placemark>
        <name>Agent</name>
        <description>Sugar: 8, Vision: 4, Metabolism: 1, Age: 4</description>
        <styleUrl>#agentStyle</styleUrl>
        <Point><coordinates>-96.998,49.9468,0</coordinates></Point>
      </Placemark>
      <Placemark>
        <name>Agent</name>
        <description>Sugar: 15, Vision: 3, Metabolism: 1, Age: 4</description>
        <styleUrl>#agentStyle</styleUrl>
        <Point><coordinates>-97.19,49.827200000000005,0</coordinates></Point>
      </Placemark>
      <Placemark>
        <name>Agent</name>
        <description>Sugar: 12, Vision: 3, Metabolism: 3, Age: 4</description>
        <styleUrl>#agentStyle</styleUrl>
        <Point><coordinates>-97.1708,49.8844,0</coordinates></Point>
      </Placemark>
      <Placemark>
        <name>Agent</name>
        <description>Sugar: 8, Vision: 6, Metabolism: 4, Age: 4</description>
        <styleUrl>#agentStyle</styleUrl>
        <Point><coordinates>-97.22840000000001,49.775200000000005,0</coordinates></Point>
      </Placemark>
      <Placemark>
        <name>Agent</name>
        <description>Sugar: 5, Vision: 2, Metabolism: 2, Age: 4</description>
        <styleUrl>#agentStyle</styleUrl>
        <Point><coordinates>-97.43,49.79600000000001,0</coordinates></Point>
      </Placemark>
      <Placemark>
        <name>Agent</name>
        <description>Sugar: 4, Vision: 1, Metabolism: 3, Age: 4</description>
        <styleUrl>#agentStyle</styleUrl>
        <Point><coordinates>-97.37240000000001,49.9208,0</coordinates></Point>
      </Placemark>
      <Placemark>
        <name>Agent</name>
        <description>Sugar: 18, Vision: 5, Metabolism: 1, Age: 4</description>
        <styleUrl>#agentStyle</styleUrl>
        <Point><coordinates>-97.3148,49.967600000000004,0</coordinates></Point>
      </Placemark>
      <Placemark>
        <name>Agent</name>
        <description>Sugar: 10, Vision: 2, Metabolism: 4, Age: 4</description>
        <styleUrl>#agentStyle</styleUrl>
        <Point><coordinates>-97.1708,49.9208,0</coordinates></Point>
      </Placemark>
      <Placemark>
        <name>Agent</name>
        <description>Sugar: 4, Vision: 1, Metabolism: 3, Age: 4</description>
        <styleUrl>#agentStyle</styleUrl>
        <Point><coordinates>-97.3532,49.822,0</coordinates></Point>
      </Placemark>
      <Placemark>
        <name>Agent</name>
        <description>Sugar: 3, Vision: 1, Metabolism: 3, Age: 3</description>
        <styleUrl>#agentStyle</styleUrl>
        <Point><coordinates>-97.32440000000001,50.004000000000005,0</coordinates></Point>
      </Placemark>
      <Placemark>
        <name>Agent</name>
        <description>Sugar: 2, Vision: 2, Metabolism: 2, Age: 3</description>
        <styleUrl>#agentStyle</styleUrl>
        <Point><coordinates>-97.32440000000001,49.978,0</coordinates></Point>
      </Placemark>
      <Placemark>
        <name>Agent</name>
        <description>Sugar: 6, Vision: 5, Metabolism: 4, Age: 3</description>
        <styleUrl>#agentStyle</styleUrl>
        <Point><coordinates>-97.0556,49.9104,0</coordinates></Point>
      </Placemark>
      <Placemark>
        <name>Agent</name>
        <description>Sugar: 6, Vision: 5, Metabolism: 1, Age: 3</description>
        <styleUrl>#agentStyle</styleUrl>
        <Point><coordinates>-97.334,50.004000000000005,0</coordinates></Point>
      </Placemark>
      <Placemark>
        <name>Agent</name>
        <description>Sugar: 4, Vision: 4, Metabolism: 1, Age: 3</description>
        <styleUrl>#agentStyle</styleUrl>
        <Point><coordinates>-97.22840000000001,49.811600000000006,0</coordinates></Point>
      </Placemark>
      <Placemark>
        <name>Agent</name>
        <description>Sugar: 11, Vision: 1, Metabolism: 2, Age: 3</description>
        <styleUrl>#agentStyle</styleUrl>
        <Point><coordinates>-97.36280000000001,49.848,0</coordinates></Point>
      </Placemark>
      <Placemark>
        <name>Agent</name>
        <description>Sugar: 1, Vision: 1, Metabolism: 4, Age: 3</description>
        <styleUrl>#agentStyle</styleUrl>
        <Point><coordinates>-97.0172,50.019600000000004,0</coordinates></Point>
      </Placemark>
      <Placemark>
        <name>Agent</name>
        <description>Sugar: 16, Vision: 2, Metabolism: 1, Age: 3</description>
        <styleUrl>#agentStyle</styleUrl>
        <Point><coordinates>-97.1996,49.879200000000004,0</coordinates></Point>
      </Placemark>
      <Placemark>
        <name>Agent</name>
        <description>Sugar: 9, Vision: 3, Metabolism: 4, Age: 3</description>
        <styleUrl>#agentStyle</styleUrl>
        <Point><coordinates>-97.07480000000001,49.827200000000005,0</coordinates></Point>
      </Placemark>
      <Placemark>
        <name>Agent</name>
        <description>Sugar: 15, Vision: 4, Metabolism: 1, Age: 3</description>
        <styleUrl>#agentStyle</styleUrl>
        <Point><coordinates>-97.16120000000001,49.848,0</coordinates></Point>
      </Placemark>
      <Placemark>
        <name>Agent</name>
        <description>Sugar: 4, Vision: 5, Metabolism: 2, Age: 3</description>
        <styleUrl>#agentStyle</styleUrl>
        <Point><coordinates>-97.0172,49.952,0</coordinates></Point>
      </Placemark>
      <Placemark>
        <name>Agent</name>
        <description>Sugar: 18, Vision: 3, Metabolism: 1, Age: 2</description>
        <styleUrl>#agentStyle</styleUrl>
        <Point><coordinates>-97.34360000000001,49.967600000000004,0</coordinates></Point>
      </Placemark>
      <Placemark>
        <name>Agent</name>
        <description>Sugar: 7, Vision: 5, Metabolism: 3, Age: 2</description>
        <styleUrl>#agentStyle</styleUrl>
        <Point><coordinates>-97.43,49.9468,0</coordinates></Point>
      </Placemark>
      <Placemark>
        <name>Agent</name>
        <description>Sugar: 12, Vision: 6, Metabolism: 1, Age: 2</description>
        <styleUrl>#agentStyle</styleUrl>
        <Point><coordinates>-97.20920000000001,49.790800000000004,0</coordinates></Point>
      </Placemark>
      <Placemark>
        <name>Agent</name>
        <description>Sugar: 4, Vision: 4, Metabolism: 3, Age: 2</description>
        <styleUrl>#agentStyle</styleUrl>
        <Point><coordinates>-97.41080000000001,49.9416,0</coordinates></Point>
      </Placemark>
      <Placemark>
        <name>Agent</name>
        <description>Sugar: 20, Vision: 3, Metabolism: 2, Age: 2</description>
        <styleUrl>#agentStyle</styleUrl>
        <Point><coordinates>-97.16120000000001,49.983200000000004,0</coordinates></Point>
      </Placemark>
      <Placemark>
        <name>Agent</name>
        <description>Sugar: 18, Vision: 1, Metabolism: 1, Age: 2</description>
        <styleUrl>#agentStyle</styleUrl>
        <Point><coordinates>-96.9692,49.9416,0</coordinates></Point>
      </Placemark>
      <Placemark>
        <name>Agent</name>
        <description>Sugar: 3, Vision: 6, Metabolism: 3, Age: 2</description>
        <styleUrl>#agentStyle</styleUrl>
        <Point><coordinates>-97.286,49.9468,0</coordinates></Point>
      </Placemark>
      <Placemark>
        <name>Agent</name>
        <description>Sugar: 8, Vision: 1, Metabolism: 2, Age: 2</description>
        <styleUrl>#agentStyle</styleUrl>
        <Point><coordinates>-97.43,49.879200000000004,0</coordinates></Point>
      </Placemark>
      <Placemark>
        <name>Agent</name>
        <description>Sugar: 9, Vision: 3, Metabolism: 3, Age: 2</description>
        <styleUrl>#agentStyle</styleUrl>
        <Point><coordinates>-97.07480000000001,50.0144,0</coordinates></Point>
      </Placemark>
      <Placemark>
        <name>Agent</name>
        <description>Sugar: 2, Vision: 1, Metabolism: 2, Age: 2</description>
        <styleUrl>#agentStyle</styleUrl>
        <Point><coordinates>-97.0556,49.7856,0</coordinates></Point>
      </Placemark>
      <Placemark>
        <name>Agent</name>
        <description>Sugar: 12, Vision: 2, Metabolism: 3, Age: 2</description>
        <styleUrl>#agentStyle</styleUrl>
        <Point><coordinates>-97.4012,49.8012,0</coordinates></Point>
      </Placemark>
      <Placemark>
        <name>Agent</name>
        <description>Sugar: 19, Vision: 2, Metabolism: 1, Age: 2</description>
        <styleUrl>#agentStyle</styleUrl>
        <Point><coordinates>-97.02680000000001,49.9936,0</coordinates></Point>
      </Placemark>
      <Placemark>
        <name>Agent</name>
        <description>Sugar: 18, Vision: 6, Metabolism: 1, Age: 2</description>
        <styleUrl>#agentStyle</styleUrl>
        <Point><coordinates>-97.334,49.967600000000004,0</coordinates></Point>
      </Placemark>
      <Placemark>
        <name>Agent</name>
        <description>Sugar: 13, Vision: 3, Metabolism: 2, Age: 2</description>
        <styleUrl>#agentStyle</styleUrl>
        <Point><coordinates>-97.334,49.8324,0</coordinates></Point>
      </Placemark>
      <Placemark>
        <name>Agent</name>
        <description>Sugar: 3, Vision: 2, Metabolism: 4, Age: 2</description>
        <styleUrl>#agentStyle</styleUrl>
        <Point><coordinates>-97.02680000000001,49.775200000000005,0</coordinates></Point>
      </Placemark>
      <Placemark>
        <name>Agent</name>
        <description>Sugar: 3, Vision: 6, Metabolism: 1, Age: 2</description>
        <styleUrl>#agentStyle</styleUrl>
        <Point><coordinates>-97.4204,49.9572,0</coordinates></Point>
      </Placemark>
      <Placemark>
        <name>Agent</name>
        <description>Sugar: 6, Vision: 5, Metabolism: 3, Age: 2</description>
        <styleUrl>#agentStyle</styleUrl>
        <Point><coordinates>-97.1708,49.842800000000004,0</coordinates></Point>
      </Placemark>
      <Placemark>
        <name>Agent</name>
        <description>Sugar: 22, Vision: 3, Metabolism: 1, Age: 2</description>
        <styleUrl>#agentStyle</styleUrl>
        <Point><coordinates>-97.22840000000001,50.004000000000005,0</coordinates></Point>
      </Placemark>
      <Placemark>
        <name>Agent</name>
        <description>Sugar: 10, Vision: 4, Metabolism: 1, Age: 1</description>
        <styleUrl>#agentStyle</styleUrl>
        <Point><coordinates>-97.07480000000001,49.9052,0</coordinates></Point>
      </Placemark>
      <Placemark>
        <name>Agent</name>
        <description>Sugar: 2, Vision: 4, Metabolism: 4, Age: 1</description>
        <styleUrl>#agentStyle</styleUrl>
        <Point><coordinates>-97.37240000000001,49.806400000000004,0</coordinates></Point>
      </Placemark>
      <Placemark>
        <name>Agent</name>
        <description>Sugar: 16, Vision: 6, Metabolism: 3, Age: 1</description>
        <styleUrl>#agentStyle</styleUrl>
        <Point><coordinates>-97.43,49.8844,0</coordinates></Point>
      </Placemark>
      <Placemark>
        <name>Agent</name>
        <description>Sugar: 19, Vision: 6, Metabolism: 3, Age: 1</description>
        <styleUrl>#agentStyle</styleUrl>
        <Point><coordinates>-97.382,49.827200000000005,0</coordinates></Point>
      </Placemark>
      <Placemark>
        <name>Agent</name>
        <description>Sugar: 7, Vision: 3, Metabolism: 3, Age: 1</description>
        <styleUrl>#agentStyle</styleUrl>
        <Point><coordinates>-97.39160000000001,49.9468,0</coordinates></Point>
      </Placemark>
      <Placemark>
        <name>Agent</name>
        <description>Sugar: 8, Vision: 6, Metabolism: 4, Age: 1</description>
        <styleUrl>#agentStyle</styleUrl>
        <Point><coordinates>-97.334,49.926,0</coordinates></Point>
      </Placemark>
      <Placemark>
        <name>Agent</name>
        <description>Sugar: 22, Vision: 4, Metabolism: 4, Age: 1</description>
        <styleUrl>#agentStyle</styleUrl>
        <Point><coordinates>-97.25720000000001,49.8896,0</coordinates></Point>
      </Placemark>
      <Placemark>
        <name>Agent</name>
        <description>Sugar: 7, Vision: 5, Metabolism: 1, Age: 1</description>
        <styleUrl>#agentStyle</styleUrl>
        <Point><coordinates>-97.238,49.9936,0</coordinates></Point>
      </Placemark>
      <Placemark>
        <name>Agent</name>
        <description>Sugar: 15, Vision: 5, Metabolism: 2, Age: 1</description>
        <styleUrl>#agentStyle</styleUrl>
        <Point><coordinates>-97.1804,49.9572,0</coordinates></Point>
      </Placemark>
      <Placemark>
        <name>Agent</name>
        <description>Sugar: 16, Vision: 3, Metabolism: 1, Age: 1</description>
        <styleUrl>#agentStyle</styleUrl>
        <Point><coordinates>-97.36280000000001,49.9052,0</coordinates></Point>
      </Placemark>
      <Placemark>
        <name>Agent</name>
        <description>Sugar: 6, Vision: 2, Metabolism: 2, Age: 1</description>
        <styleUrl>#agentStyle</styleUrl>
        <Point><coordinates>-97.07480000000001,49.900000000000006,0</coordinates></Point>
      </Placemark>
      <Placemark>
        <name>Agent</name>
        <description>Sugar: 6, Vision: 1, Metabolism: 2, Age: 1</description>
        <styleUrl>#agentStyle</styleUrl>
        <Point><coordinates>-97.238,49.7856,0</coordinates></Point>
      </Placemark>
      <Placemark>
        <name>Agent</name>
        <description>Sugar: 7, Vision: 5, Metabolism: 4, Age: 1</description>
        <styleUrl>#agentStyle</styleUrl>
        <Point><coordinates>-97.1804,49.9208,0</coordinates></Point>
      </Placemark>
      <Placemark>
        <name>Agent</name>
        <description>Sugar: 5, Vision: 5, Metabolism: 2, Age: 1</description>
        <styleUrl>#agentStyle</styleUrl>
        <Point><coordinates>-96.9692,49.848,0</coordinates></Point>
      </Placemark>
      <Placemark>
        <name>Agent</name>
        <description>Sugar: 15, Vision: 4, Metabolism: 2, Age: 1</description>
        <styleUrl>#agentStyle</styleUrl>
        <Point><coordinates>-97.0172,49.806400000000004,0</coordinates></Point>
      </Placemark>
      <Placemark>
        <name>Agent</name>
        <description>Sugar: 5, Vision: 2, Metabolism: 3, Age: 1</description>
        <styleUrl>#agentStyle</styleUrl>
        <Point><coordinates>-97.29560000000001,49.9884,0</coordinates></Point>
      </Placemark>
      <Placemark>
        <name>Agent</name>
        <description>Sugar: 18, Vision: 6, Metabolism: 3, Age: 1</description>
        <styleUrl>#agentStyle</styleUrl>
        <Point><coordinates>-97.1708,49.822,0</coordinates></Point>
      </Placemark>
      <Placemark>
        <name>Agent</name>
        <description>Sugar: 19, Vision: 6, Metabolism: 4, Age: 1</description>
        <styleUrl>#agentStyle</styleUrl>
        <Point><coordinates>-97.27640000000001,50.019600000000004,0</coordinates></Point>
      </Placemark>
      <Placemark>
        <name>Agent</name>
        <description>Sugar: 11, Vision: 6, Metabolism: 2, Age: 1</description>
        <styleUrl>#agentStyle</styleUrl>
        <Point><coordinates>-97.0556,49.926,0</coordinates></Point>
      </Placemark>
      <Placemark>
        <name>Agent</name>
        <description>Sugar: 21, Vision: 1, Metabolism: 3, Age: 1</description>
        <styleUrl>#agentStyle</styleUrl>
        <Point><coordinates>-97.3532,49.8896,0</coordinates></Point>
      </Placemark>
      <Placemark>
        <name>Agent</name>
        <description>Sugar: 15, Vision: 3, Metabolism: 3, Age: 1</description>
        <styleUrl>#agentStyle</styleUrl>
        <Point><coordinates>-97.1996,49.77,0</coordinates></Point>
      </Placemark>
      <Placemark>
        <name>Agent</name>
        <description>Sugar: 10, Vision: 3, Metabolism: 2, Age: 0</description>
        <styleUrl>#agentStyle</styleUrl>
        <Point><coordinates>-97.3148,49.8584,0</coordinates></Point>
      </Placemark>
      <Placemark>
        <name>Agent</name>
        <description>Sugar: 5, Vision: 4, Metabolism: 1, Age: 0</description>
        <styleUrl>#agentStyle</styleUrl>
        <Point><coordinates>-97.02680000000001,50.019600000000004,0</coordinates></Point>
      </Placemark>
      <Placemark>
        <name>Agent</name>
        <description>Sugar: 14, Vision: 4, Metabolism: 3, Age: 0</description>
        <styleUrl>#agentStyle</styleUrl>
        <Point><coordinates>-97.43,49.9572,0</coordinates></Point>
      </Placemark>
      <Placemark>
        <name>Agent</name>
        <description>Sugar: 17, Vision: 1, Metabolism: 4, Age: 0</description>
        <styleUrl>#agentStyle</styleUrl>
        <Point><coordinates>-97.39160000000001,49.879200000000004,0</coordinates></Point>
      </Placemark>
      <Placemark>
        <name>Agent</name>
        <description>Sugar: 14, Vision: 4, Metabolism: 4, Age: 0</description>
        <styleUrl>#agentStyle</styleUrl>
        <Point><coordinates>-97.16120000000001,49.9468,0</coordinates></Point>
      </Placemark>
      <Placemark>
        <name>Agent</name>
        <description>Sugar: 20, Vision: 5, Metabolism: 3, Age: 0</description>
        <styleUrl>#agentStyle</styleUrl>
        <Point><coordinates>-97.25720000000001,49.8584,0</coordinates></Point>
      </Placemark>
      <Placemark>
        <name>Agent</name>
        <description>Sugar: 18, Vision: 5, Metabolism: 3, Age: 0</description>
        <styleUrl>#agentStyle</styleUrl>
        <Point><coordinates>-97.25720000000001,49.8688,0</coordinates></Point>
      </Placemark>
      <Placemark>
        <name>Agent</name>
        <description>Sugar: 22, Vision: 2, Metabolism: 4, Age: 0</description>
        <styleUrl>#agentStyle</styleUrl>
        <Point><coordinates>-97.1996,49.8688,0</coordinates></Point>
      </Placemark>
      <Placemark>
        <name>Agent</name>
        <description>Sugar: 18, Vision: 5, Metabolism: 2, Age: 0</description>
        <styleUrl>#agentStyle</styleUrl>
        <Point><coordinates>-96.9692,49.8688,0</coordinates></Point>
      </Placemark>
      <Placemark>
        <name>Agent</name>
        <description>Sugar: 16, Vision: 1, Metabolism: 3, Age: 0</description>
        <styleUrl>#agentStyle</styleUrl>
        <Point><coordinates>-97.4012,49.874,0</coordinates></Point>
      </Placemark>
      <Placemark>
        <name>Agent</name>
        <description>Sugar: 19, Vision: 4, Metabolism: 2, Age: 0</description>
        <styleUrl>#agentStyle</styleUrl>
        <Point><coordinates>-96.9884,50.03,0</coordinates></Point>
      </Placemark>
      <Placemark>
        <name>Agent</name>
        <description>Sugar: 18, Vision: 2, Metabolism: 1, Age: 0</description>
        <styleUrl>#agentStyle</styleUrl>
        <Point><coordinates>-97.16120000000001,50.019600000000004,0</coordinates></Point>
      </Placemark>
      <Placemark>
        <name>Agent</name>
        <description>Sugar: 13, Vision: 6, Metabolism: 3, Age: 0</description>
        <styleUrl>#agentStyle</styleUrl>
        <Point><coordinates>-97.27640000000001,49.8896,0</coordinates></Point>
      </Placemark>
      <Placemark>
        <name>Agent</name>
        <description>Sugar: 14, Vision: 6, Metabolism: 2, Age: 0</description>
        <styleUrl>#agentStyle</styleUrl>
        <Point><coordinates>-97.238,49.822,0</coordinates></Point>
      </Placemark>
      <Placemark>
        <name>Agent</name>
        <description>Sugar: 19, Vision: 3, Metabolism: 4, Age: 0</description>
        <styleUrl>#agentStyle</styleUrl>
        <Point><coordinates>-97.4204,49.9468,0</coordinates></Point>
      </Placemark>
      <Placemark>
        <name>Agent</name>
        <description>Sugar: 7, Vision: 5, Metabolism: 4, Age: 0</description>
        <styleUrl>#agentStyle</styleUrl>
        <Point><coordinates>-97.39160000000001,49.9416,0</coordinates></Point>
      </Placemark>
    </Folder>
  </Document>
</kml>
