<?xml version="1.0" encoding="UTF-8"?>
<kml xmlns="http://www.opengis.net/kml/2.2">
  <Document>
    <name>Cow Cooperation Model - Tucson</name>
    <description>Simulation results from 200 ticks. Run on October 8, 2025.</description>
    <Style id="cooperativeCowStyle"><IconStyle><color>ff3333cc</color><scale>1.1</scale><Icon><href>http://maps.google.com/mapfiles/kml/shapes/cow.png</href></Icon></IconStyle></Style>
    <Style id="greedyCowStyle"><IconStyle><color>ffeeaa00</color><scale>1.1</scale><Icon><href>http://maps.google.com/mapfiles/kml/shapes/cow.png</href></Icon></IconStyle></Style>
    <Style id="grassStyle_0"><PolyStyle><color>a0006400</color><outline>0</outline></PolyStyle></Style>
    <Style id="grassStyle_1"><PolyStyle><color>a0007300</color><outline>0</outline></PolyStyle></Style>
    <Style id="grassStyle_2"><PolyStyle><color>a0008300</color><outline>0</outline></PolyStyle></Style>
    <Style id="grassStyle_3"><PolyStyle><color>a0009200</color><outline>0</outline></PolyStyle></Style>
    <Style id="grassStyle_4"><PolyStyle><color>a000a200</color><outline>0</outline></PolyStyle></Style>
    <Style id="grassStyle_5"><PolyStyle><color>a000b100</color><outline>0</outline></PolyStyle></Style>
    <Style id="grassStyle_6"><PolyStyle><color>a000c100</color><outline>0</outline></PolyStyle></Style>
    <Style id="grassStyle_7"><PolyStyle><color>a000d000</color><outline>0</outline></PolyStyle></Style>
    <Style id="grassStyle_8"><PolyStyle><color>a000e000</color><outline>0</outline></PolyStyle></Style>
    <Style id="grassStyle_9"><PolyStyle><color>a000ef00</color><outline>0</outline></PolyStyle></Style>
    <Style id="grassStyle_10"><PolyStyle><color>a000ff00</color><outline>0</outline></PolyStyle></Style>
    <Folder><name>Pasture Grass Levels</name>
      <Placemark><name>Grass (-16,-16)</name><styleUrl>#grassStyle_1</styleUrl><Polygon><outerBoundaryIs><LinearRing><coordinates>-111.0015625,32.1890625,0 -110.9984375,32.1890625,0 -110.9984375,32.1909375,0 -111.0015625,32.1909375,0 -111.0015625,32.1890625,0</coordinates></LinearRing></outerBoundaryIs></Polygon></Placemark>
      <Placemark><name>Grass (-15,-16)</name><styleUrl>#grassStyle_1</styleUrl><Polygon><outerBoundaryIs><LinearRing><coordinates>-110.9984375,32.1890625,0 -110.9953125,32.1890625,0 -110.9953125,32.1909375,0 -110.9984375,32.1909375,0 -110.9984375,32.1890625,0</coordinates></LinearRing></outerBoundaryIs></Polygon></Placemark>
      <Placemark><name>Grass (-14,-16)</name><styleUrl>#grassStyle_0</styleUrl><Polygon><outerBoundaryIs><LinearRing><coordinates>-110.9953125,32.1890625,0 -110.9921875,32.1890625,0 -110.9921875,32.1909375,0 -110.9953125,32.1909375,0 -110.9953125,32.1890625,0</coordinates></LinearRing></outerBoundaryIs></Polygon></Placemark>
      <Placemark><name>Grass (-13,-16)</name><styleUrl>#grassStyle_1</styleUrl><Polygon><outerBoundaryIs><LinearRing><coordinates>-110.9921875,32.1890625,0 -110.9890625,32.1890625,0 -110.9890625,32.1909375,0 -110.9921875,32.1909375,0 -110.9921875,32.1890625,0</coordinates></LinearRing></outerBoundaryIs></Polygon></Placemark>
      <Placemark><name>Grass (-12,-16)</name><styleUrl>#grassStyle_0</styleUrl><Polygon><outerBoundaryIs><LinearRing><coordinates>-110.9890625,32.1890625,0 -110.9859375,32.1890625,0 -110.9859375,32.1909375,0 -110.9890625,32.1909375,0 -110.9890625,32.1890625,0</coordinates></LinearRing></outerBoundaryIs></Polygon></Placemark>
      <Placemark><name>Grass (-11,-16)</name><styleUrl>#grassStyle_0</styleUrl><Polygon><outerBoundaryIs><LinearRing><coordinates>-110.9859375,32.1890625,0 -110.9828125,32.1890625,0 -110.9828125,32.1909375,0 -110.9859375,32.1909375,0 -110.9859375,32.1890625,0</coordinates></LinearRing></outerBoundaryIs></Polygon></Placemark>
      <Placemark><name>Grass (-10,-16)</name><styleUrl>#grassStyle_0</styleUrl><Polygon><outerBoundaryIs><LinearRing><coordinates>-110.9828125,32.1890625,0 -110.9796875,32.1890625,0 -110.9796875,32.1909375,0 -110.9828125,32.1909375,0 -110.9828125,32.1890625,0</coordinates></LinearRing></outerBoundaryIs></Polygon></Placemark>
      <Placemark><name>Grass (-9,-16)</name><styleUrl>#grassStyle_1</styleUrl><Polygon><outerBoundaryIs><LinearRing><coordinates>-110.9796875,32.1890625,0 -110.9765625,32.1890625,0 -110.9765625,32.1909375,0 -110.9796875,32.1909375,0 -110.9796875,32.1890625,0</coordinates></LinearRing></outerBoundaryIs></Polygon></Placemark>
      <Placemark><name>Grass (-8,-16)</name><styleUrl>#grassStyle_0</styleUrl><Polygon><outerBoundaryIs><LinearRing><coordinates>-110.9765625,32.1890625,0 -110.9734375,32.1890625,0 -110.9734375,32.1909375,0 -110.9765625,32.1909375,0 -110.9765625,32.1890625,0</coordinates></LinearRing></outerBoundaryIs></Polygon></Placemark>
      <Placemark><name>Grass (-7,-16)</name><styleUrl>#grassStyle_0</styleUrl><Polygon><outerBoundaryIs><LinearRing><coordinates>-110.9734375,32.1890625,0 -110.9703125,32.1890625,0 -110.9703125,32.1909375,0 -110.9734375,32.1909375,0 -110.9734375,32.1890625,0</coordinates></LinearRing></outerBoundaryIs></Polygon></Placemark>
      <Placemark><name>Grass (-6,-16)</name><styleUrl>#grassStyle_0</styleUrl><Polygon><outerBoundaryIs><LinearRing><coordinates>-110.9703125,32.1890625,0 -110.96718750000001,32.1890625,0 -110.96718750000001,32.1909375,0 -110.9703125,32.1909375,0 -110.9703125,32.1890625,0</coordinates></LinearRing></outerBoundaryIs></Polygon></Placemark>
      <Placemark><name>Grass (-5,-16)</name><styleUrl>#grassStyle_1</styleUrl><Polygon><outerBoundaryIs><LinearRing><coordinates>-110.96718750000001,32.1890625,0 -110.9640625,32.1890625,0 -110.9640625,32.1909375,0 -110.96718750000001,32.1909375,0 -110.96718750000001,32.1890625,0</coordinates></LinearRing></outerBoundaryIs></Polygon></Placemark>
      <Placemark><name>Grass (-4,-16)</name><styleUrl>#grassStyle_0</styleUrl><Polygon><outerBoundaryIs><LinearRing><coordinates>-110.9640625,32.1890625,0 -110.9609375,32.1890625,0 -110.9609375,32.1909375,0 -110.9640625,32.1909375,0 -110.9640625,32.1890625,0</coordinates></LinearRing></outerBoundaryIs></Polygon></Placemark>
      <Placemark><name>Grass (-3,-16)</name><styleUrl>#grassStyle_1</styleUrl><Polygon><outerBoundaryIs><LinearRing><coordinates>-110.9609375,32.1890625,0 -110.9578125,32.1890625,0 -110.9578125,32.1909375,0 -110.9609375,32.1909375,0 -110.9609375,32.1890625,0</coordinates></LinearRing></outerBoundaryIs></Polygon></Placemark>
      <Placemark><name>Grass (-2,-16)</name><styleUrl>#grassStyle_0</styleUrl><Polygon><outerBoundaryIs><LinearRing><coordinates>-110.9578125,32.1890625,0 -110.9546875,32.1890625,0 -110.9546875,32.1909375,0 -110.9578125,32.1909375,0 -110.9578125,32.1890625,0</coordinates></LinearRing></outerBoundaryIs></Polygon></Placemark>
      <Placemark><name>Grass (-1,-16)</name><styleUrl>#grassStyle_0</styleUrl><Polygon><outerBoundaryIs><LinearRing><coordinates>-110.9546875,32.1890625,0 -110.95156250000001,32.1890625,0 -110.95156250000001,32.1909375,0 -110.9546875,32.1909375,0 -110.9546875,32.1890625,0</coordinates></LinearRing></outerBoundaryIs></Polygon></Placemark>
      <Placemark><name>Grass (0,-16)</name><styleUrl>#grassStyle_0</styleUrl><Polygon><outerBoundaryIs><LinearRing><coordinates>-110.95156250000001,32.1890625,0 -110.9484375,32.1890625,0 -110.9484375,32.1909375,0 -110.95156250000001,32.1909375,0 -110.95156250000001,32.1890625,0</coordinates></LinearRing></outerBoundaryIs></Polygon></Placemark>
      <Placemark><name>Grass (1,-16)</name><styleUrl>#grassStyle_1</styleUrl><Polygon><outerBoundaryIs><LinearRing><coordinates>-110.9484375,32.1890625,0 -110.9453125,32.1890625,0 -110.9453125,32.1909375,0 -110.9484375,32.1909375,0 -110.9484375,32.1890625,0</coordinates></LinearRing></outerBoundaryIs></Polygon></Placemark>
      <Placemark><name>Grass (2,-16)</name><styleUrl>#grassStyle_2</styleUrl><Polygon><outerBoundaryIs><LinearRing><coordinates>-110.9453125,32.1890625,0 -110.9421875,32.1890625,0 -110.9421875,32.1909375,0 -110.9453125,32.1909375,0 -110.9453125,32.1890625,0</coordinates></LinearRing></outerBoundaryIs></Polygon></Placemark>
      <Placemark><name>Grass (3,-16)</name><styleUrl>#grassStyle_3</styleUrl><Polygon><outerBoundaryIs><LinearRing><coordinates>-110.9421875,32.1890625,0 -110.9390625,32.1890625,0 -110.9390625,32.1909375,0 -110.9421875,32.1909375,0 -110.9421875,32.1890625,0</coordinates></LinearRing></outerBoundaryIs></Polygon></Placemark>
      <Placemark><name>Grass (4,-16)</name><styleUrl>#grassStyle_1</styleUrl><Polygon><outerBoundaryIs><LinearRing><coordinates>-110.9390625,32.1890625,0 -110.93593750000001,32.1890625,0 -110.93593750000001,32.1909375,0 -110.9390625,32.1909375,0 -110.9390625,32.1890625,0</coordinates></LinearRing></outerBoundaryIs></Polygon></Placemark>
      <Placemark><name>Grass (5,-16)</name><styleUrl>#grassStyle_2</styleUrl><Polygon><outerBoundaryIs><LinearRing><coordinates>-110.93593750000001,32.1890625,0 -110.9328125,32.1890625,0 -110.9328125,32.1909375,0 -110.93593750000001,32.1909375,0 -110.93593750000001,32.1890625,0</coordinates></LinearRing></outerBoundaryIs></Polygon></Placemark>
      <Placemark><name>Grass (6,-16)</name><styleUrl>#grassStyle_1</styleUrl><Polygon><outerBoundaryIs><LinearRing><coordinates>-110.9328125,32.1890625,0 -110.9296875,32.1890625,0 -110.9296875,32.1909375,0 -110.9328125,32.1909375,0 -110.9328125,32.1890625,0</coordinates></LinearRing></outerBoundaryIs></Polygon></Placemark>
      <Placemark><name>Grass (7,-16)</name><styleUrl>#grassStyle_1</styleUrl><Polygon><outerBoundaryIs><LinearRing><coordinates>-110.9296875,32.1890625,0 -110.9265625,32.1890625,0 -110.9265625,32.1909375,0 -110.9296875,32.1909375,0 -110.9296875,32.1890625,0</coordinates></LinearRing></outerBoundaryIs></Polygon></Placemark>
      <Placemark><name>Grass (8,-16)</name><styleUrl>#grassStyle_0</styleUrl><Polygon><outerBoundaryIs><LinearRing><coordinates>-110.9265625,32.1890625,0 -110.9234375,32.1890625,0 -110.9234375,32.1909375,0 -110.9265625,32.1909375,0 -110.9265625,32.1890625,0</coordinates></LinearRing></outerBoundaryIs></Polygon></Placemark>
      <Placemark><name>Grass (9,-16)</name><styleUrl>#grassStyle_2</styleUrl><Polygon><outerBoundaryIs><LinearRing><coordinates>-110.9234375,32.1890625,0 -110.92031250000001,32.1890625,0 -110.92031250000001,32.1909375,0 -110.9234375,32.1909375,0 -110.9234375,32.1890625,0</coordinates></LinearRing></outerBoundaryIs></Polygon></Placemark>
      <Placemark><name>Grass (10,-16)</name><styleUrl>#grassStyle_1</styleUrl><Polygon><outerBoundaryIs><LinearRing><coordinates>-110.92031250000001,32.1890625,0 -110.91718750000001,32.1890625,0 -110.91718750000001,32.1909375,0 -110.92031250000001,32.1909375,0 -110.92031250000001,32.1890625,0</coordinates></LinearRing></outerBoundaryIs></Polygon></Placemark>
      <Placemark><name>Grass (11,-16)</name><styleUrl>#grassStyle_0</styleUrl><Polygon><outerBoundaryIs><LinearRing><coordinates>-110.91718750000001,32.1890625,0 -110.9140625,32.1890625,0 -110.9140625,32.1909375,0 -110.91718750000001,32.1909375,0 -110.91718750000001,32.1890625,0</coordinates></LinearRing></outerBoundaryIs></Polygon></Placemark>
      <Placemark><name>Grass (12,-16)</name><styleUrl>#grassStyle_0</styleUrl><Polygon><outerBoundaryIs><LinearRing><coordinates>-110.9140625,32.1890625,0 -110.9109375,32.1890625,0 -110.9109375,32.1909375,0 -110.9140625,32.1909375,0 -110.9140625,32.1890625,0</coordinates></LinearRing></outerBoundaryIs></Polygon></Placemark>
      <Placemark><name>Grass (13,-16)</name><styleUrl>#grassStyle_2</styleUrl><Polygon><outerBoundaryIs><LinearRing><coordinates>-110.9109375,32.1890625,0 -110.9078125,32.1890625,0 -110.9078125,32.1909375,0 -110.9109375,32.1909375,0 -110.9109375,32.1890625,0</coordinates></LinearRing></outerBoundaryIs></Polygon></Placemark>
      <Placemark><name>Grass (14,-16)</name><styleUrl>#grassStyle_1</styleUrl><Polygon><outerBoundaryIs><LinearRing><coordinates>-110.9078125,32.1890625,0 -110.90468750000001,32.1890625,0 -110.90468750000001,32.1909375,0 -110.9078125,32.1909375,0 -110.9078125,32.1890625,0</coordinates></LinearRing></outerBoundaryIs></Polygon></Placemark>
      <Placemark><name>Grass (15,-16)</name><styleUrl>#grassStyle_0</styleUrl><Polygon><outerBoundaryIs><LinearRing><coordinates>-110.90468750000001,32.1890625,0 -110.90156250000001,32.1890625,0 -110.90156250000001,32.1909375,0 -110.90468750000001,32.1909375,0 -110.90468750000001,32.1890625,0</coordinates></LinearRing></outerBoundaryIs></Polygon></Placemark>
      <Placemark><name>Grass (16,-16)</name><styleUrl>#grassStyle_0</styleUrl><Polygon><outerBoundaryIs><LinearRing><coordinates>-110.90156250000001,32.1890625,0 -110.8984375,32.1890625,0 -110.8984375,32.1909375,0 -110.90156250000001,32.1909375,0 -110.90156250000001,32.1890625,0</coordinates></LinearRing></outerBoundaryIs></Polygon></Placemark>
      <Placemark><name>Grass (-16,-15)</name><styleUrl>#grassStyle_0</styleUrl><Polygon><outerBoundaryIs><LinearRing><coordinates>-111.0015625,32.1909375,0 -110.9984375,32.1909375,0 -110.9984375,32.192812499999995,0 -111.0015625,32.192812499999995,0 -111.0015625,32.1909375,0</coordinates></LinearRing></outerBoundaryIs></Polygon></Placemark>
      <Placemark><name>Grass (-15,-15)</name><styleUrl>#grassStyle_0</styleUrl><Polygon><outerBoundaryIs><LinearRing><coordinates>-110.9984375,32.1909375,0 -110.9953125,32.1909375,0 -110.9953125,32.192812499999995,0 -110.9984375,32.192812499999995,0 -110.9984375,32.1909375,0</coordinates></LinearRing></outerBoundaryIs></Polygon></Placemark>
      <Placemark><name>Grass (-14,-15)</name><styleUrl>#grassStyle_1</styleUrl><Polygon><outerBoundaryIs><LinearRing><coordinates>-110.9953125,32.1909375,0 -110.9921875,32.1909375,0 -110.9921875,32.192812499999995,0 -110.9953125,32.192812499999995,0 -110.9953125,32.1909375,0</coordinates></LinearRing></outerBoundaryIs></Polygon></Placemark>
      <Placemark><name>Grass (-13,-15)</name><styleUrl>#grassStyle_0</styleUrl><Polygon><outerBoundaryIs><LinearRing><coordinates>-110.9921875,32.1909375,0 -110.9890625,32.1909375,0 -110.9890625,32.192812499999995,0 -110.9921875,32.192812499999995,0 -110.9921875,32.1909375,0</coordinates></LinearRing></outerBoundaryIs></Polygon></Placemark>
      <Placemark><name>Grass (-12,-15)</name><styleUrl>#grassStyle_0</styleUrl><Polygon><outerBoundaryIs><LinearRing><coordinates>-110.9890625,32.1909375,0 -110.9859375,32.1909375,0 -110.9859375,32.192812499999995,0 -110.9890625,32.192812499999995,0 -110.9890625,32.1909375,0</coordinates></LinearRing></outerBoundaryIs></Polygon></Placemark>
      <Placemark><name>Grass (-11,-15)</name><styleUrl>#grassStyle_0</styleUrl><Polygon><outerBoundaryIs><LinearRing><coordinates>-110.9859375,32.1909375,0 -110.9828125,32.1909375,0 -110.9828125,32.192812499999995,0 -110.9859375,32.192812499999995,0 -110.9859375,32.1909375,0</coordinates></LinearRing></outerBoundaryIs></Polygon></Placemark>
      <Placemark><name>Grass (-10,-15)</name><styleUrl>#grassStyle_1</styleUrl><Polygon><outerBoundaryIs><LinearRing><coordinates>-110.9828125,32.1909375,0 -110.9796875,32.1909375,0 -110.9796875,32.192812499999995,0 -110.9828125,32.192812499999995,0 -110.9828125,32.1909375,0</coordinates></LinearRing></outerBoundaryIs></Polygon></Placemark>
      <Placemark><name>Grass (-9,-15)</name><styleUrl>#grassStyle_0</styleUrl><Polygon><outerBoundaryIs><LinearRing><coordinates>-110.9796875,32.1909375,0 -110.9765625,32.1909375,0 -110.9765625,32.192812499999995,0 -110.9796875,32.192812499999995,0 -110.9796875,32.1909375,0</coordinates></LinearRing></outerBoundaryIs></Polygon></Placemark>
      <Placemark><name>Grass (-8,-15)</name><styleUrl>#grassStyle_1</styleUrl><Polygon><outerBoundaryIs><LinearRing><coordinates>-110.9765625,32.1909375,0 -110.9734375,32.1909375,0 -110.9734375,32.192812499999995,0 -110.9765625,32.192812499999995,0 -110.9765625,32.1909375,0</coordinates></LinearRing></outerBoundaryIs></Polygon></Placemark>
      <Placemark><name>Grass (-7,-15)</name><styleUrl>#grassStyle_0</styleUrl><Polygon><outerBoundaryIs><LinearRing><coordinates>-110.9734375,32.1909375,0 -110.9703125,32.1909375,0 -110.9703125,32.192812499999995,0 -110.9734375,32.192812499999995,0 -110.9734375,32.1909375,0</coordinates></LinearRing></outerBoundaryIs></Polygon></Placemark>
      <Placemark><name>Grass (-6,-15)</name><styleUrl>#grassStyle_0</styleUrl><Polygon><outerBoundaryIs><LinearRing><coordinates>-110.9703125,32.1909375,0 -110.96718750000001,32.1909375,0 -110.96718750000001,32.192812499999995,0 -110.9703125,32.192812499999995,0 -110.9703125,32.1909375,0</coordinates></LinearRing></outerBoundaryIs></Polygon></Placemark>
      <Placemark><name>Grass (-5,-15)</name><styleUrl>#grassStyle_0</styleUrl><Polygon><outerBoundaryIs><LinearRing><coordinates>-110.96718750000001,32.1909375,0 -110.9640625,32.1909375,0 -110.9640625,32.192812499999995,0 -110.96718750000001,32.192812499999995,0 -110.96718750000001,32.1909375,0</coordinates></LinearRing></outerBoundaryIs></Polygon></Placemark>
      <Placemark><name>Grass (-4,-15)</name><styleUrl>#grassStyle_0</styleUrl><Polygon><outerBoundaryIs><LinearRing><coordinates>-110.9640625,32.1909375,0 -110.9609375,32.1909375,0 -110.9609375,32.192812499999995,0 -110.9640625,32.192812499999995,0 -110.9640625,32.1909375,0</coordinates></LinearRing></outerBoundaryIs></Polygon></Placemark>
      <Placemark><name>Grass (-3,-15)</name><styleUrl>#grassStyle_0</styleUrl><Polygon><outerBoundaryIs><LinearRing><coordinates>-110.9609375,32.1909375,0 -110.9578125,32.1909375,0 -110.9578125,32.192812499999995,0 -110.9609375,32.192812499999995,0 -110.9609375,32.1909375,0</coordinates></LinearRing></outerBoundaryIs></Polygon></Placemark>
      <Placemark><name>Grass (-2,-15)</name><styleUrl>#grassStyle_0</styleUrl><Polygon><outerBoundaryIs><LinearRing><coordinates>-110.9578125,32.1909375,0 -110.9546875,32.1909375,0 -110.9546875,32.192812499999995,0 -110.9578125,32.192812499999995,0 -110.9578125,32.1909375,0</coordinates></LinearRing></outerBoundaryIs></Polygon></Placemark>
      <Placemark><name>Grass (-1,-15)</name><styleUrl>#grassStyle_0</styleUrl><Polygon><outerBoundaryIs><LinearRing><coordinates>-110.9546875,32.1909375,0 -110.95156250000001,32.1909375,0 -110.95156250000001,32.192812499999995,0 -110.9546875,32.192812499999995,0 -110.9546875,32.1909375,0</coordinates></LinearRing></outerBoundaryIs></Polygon></Placemark>
      <Placemark><name>Grass (0,-15)</name><styleUrl>#grassStyle_0</styleUrl><Polygon><outerBoundaryIs><LinearRing><coordinates>-110.95156250000001,32.1909375,0 -110.9484375,32.1909375,0 -110.9484375,32.192812499999995,0 -110.95156250000001,32.192812499999995,0 -110.95156250000001,32.1909375,0</coordinates></LinearRing></outerBoundaryIs></Polygon></Placemark>
      <Placemark><name>Grass (1,-15)</name><styleUrl>#grassStyle_0</styleUrl><Polygon><outerBoundaryIs><LinearRing><coordinates>-110.9484375,32.1909375,0 -110.9453125,32.1909375,0 -110.9453125,32.192812499999995,0 -110.9484375,32.192812499999995,0 -110.9484375,32.1909375,0</coordinates></LinearRing></outerBoundaryIs></Polygon></Placemark>
      <Placemark><name>Grass (2,-15)</name><styleUrl>#grassStyle_0</styleUrl><Polygon><outerBoundaryIs><LinearRing><coordinates>-110.9453125,32.1909375,0 -110.9421875,32.1909375,0 -110.9421875,32.192812499999995,0 -110.9453125,32.192812499999995,0 -110.9453125,32.1909375,0</coordinates></LinearRing></outerBoundaryIs></Polygon></Placemark>
      <Placemark><name>Grass (3,-15)</name><styleUrl>#grassStyle_0</styleUrl><Polygon><outerBoundaryIs><LinearRing><coordinates>-110.9421875,32.1909375,0 -110.9390625,32.1909375,0 -110.9390625,32.192812499999995,0 -110.9421875,32.192812499999995,0 -110.9421875,32.1909375,0</coordinates></LinearRing></outerBoundaryIs></Polygon></Placemark>
      <Placemark><name>Grass (4,-15)</name><styleUrl>#grassStyle_1</styleUrl><Polygon><outerBoundaryIs><LinearRing><coordinates>-110.9390625,32.1909375,0 -110.93593750000001,32.1909375,0 -110.93593750000001,32.192812499999995,0 -110.9390625,32.192812499999995,0 -110.9390625,32.1909375,0</coordinates></LinearRing></outerBoundaryIs></Polygon></Placemark>
      <Placemark><name>Grass (5,-15)</name><styleUrl>#grassStyle_1</styleUrl><Polygon><outerBoundaryIs><LinearRing><coordinates>-110.93593750000001,32.1909375,0 -110.9328125,32.1909375,0 -110.9328125,32.192812499999995,0 -110.93593750000001,32.192812499999995,0 -110.93593750000001,32.1909375,0</coordinates></LinearRing></outerBoundaryIs></Polygon></Placemark>
      <Placemark><name>Grass (6,-15)</name><styleUrl>#grassStyle_0</styleUrl><Polygon><outerBoundaryIs><LinearRing><coordinates>-110.9328125,32.1909375,0 -110.9296875,32.1909375,0 -110.9296875,32.192812499999995,0 -110.9328125,32.192812499999995,0 -110.9328125,32.1909375,0</coordinates></LinearRing></outerBoundaryIs></Polygon></Placemark>
      <Placemark><name>Grass (7,-15)</name><styleUrl>#grassStyle_0</styleUrl><Polygon><outerBoundaryIs><LinearRing><coordinates>-110.9296875,32.1909375,0 -110.9265625,32.1909375,0 -110.9265625,32.192812499999995,0 -110.9296875,32.192812499999995,0 -110.9296875,32.1909375,0</coordinates></LinearRing></outerBoundaryIs></Polygon></Placemark>
      <Placemark><name>Grass (8,-15)</name><styleUrl>#grassStyle_0</styleUrl><Polygon><outerBoundaryIs><LinearRing><coordinates>-110.9265625,32.1909375,0 -110.9234375,32.1909375,0 -110.9234375,32.192812499999995,0 -110.9265625,32.192812499999995,0 -110.9265625,32.1909375,0</coordinates></LinearRing></outerBoundaryIs></Polygon></Placemark>
      <Placemark><name>Grass (9,-15)</name><styleUrl>#grassStyle_0</styleUrl><Polygon><outerBoundaryIs><LinearRing><coordinates>-110.9234375,32.1909375,0 -110.92031250000001,32.1909375,0 -110.92031250000001,32.192812499999995,0 -110.9234375,32.192812499999995,0 -110.9234375,32.1909375,0</coordinates></LinearRing></outerBoundaryIs></Polygon></Placemark>
      <Placemark><name>Grass (10,-15)</name><styleUrl>#grassStyle_1</styleUrl><Polygon><outerBoundaryIs><LinearRing><coordinates>-110.92031250000001,32.1909375,0 -110.91718750000001,32.1909375,0 -110.91718750000001,32.192812499999995,0 -110.92031250000001,32.192812499999995,0 -110.92031250000001,32.1909375,0</coordinates></LinearRing></outerBoundaryIs></Polygon></Placemark>
      <Placemark><name>Grass (11,-15)</name><styleUrl>#grassStyle_1</styleUrl><Polygon><outerBoundaryIs><LinearRing><coordinates>-110.91718750000001,32.1909375,0 -110.9140625,32.1909375,0 -110.9140625,32.192812499999995,0 -110.91718750000001,32.192812499999995,0 -110.91718750000001,32.1909375,0</coordinates></LinearRing></outerBoundaryIs></Polygon></Placemark>
      <Placemark><name>Grass (12,-15)</name><styleUrl>#grassStyle_0</styleUrl><Polygon><outerBoundaryIs><LinearRing><coordinates>-110.9140625,32.1909375,0 -110.9109375,32.1909375,0 -110.9109375,32.192812499999995,0 -110.9140625,32.192812499999995,0 -110.9140625,32.1909375,0</coordinates></LinearRing></outerBoundaryIs></Polygon></Placemark>
      <Placemark><name>Grass (13,-15)</name><styleUrl>#grassStyle_1</styleUrl><Polygon><outerBoundaryIs><LinearRing><coordinates>-110.9109375,32.1909375,0 -110.9078125,32.1909375,0 -110.9078125,32.192812499999995,0 -110.9109375,32.192812499999995,0 -110.9109375,32.1909375,0</coordinates></LinearRing></outerBoundaryIs></Polygon></Placemark>
      <Placemark><name>Grass (14,-15)</name><styleUrl>#grassStyle_1</styleUrl><Polygon><outerBoundaryIs><LinearRing><coordinates>-110.9078125,32.1909375,0 -110.90468750000001,32.1909375,0 -110.90468750000001,32.192812499999995,0 -110.9078125,32.192812499999995,0 -110.9078125,32.1909375,0</coordinates></LinearRing></outerBoundaryIs></Polygon></Placemark>
      <Placemark><name>Grass (15,-15)</name><styleUrl>#grassStyle_0</styleUrl><Polygon><outerBoundaryIs><LinearRing><coordinates>-110.90468750000001,32.1909375,0 -110.90156250000001,32.1909375,0 -110.90156250000001,32.192812499999995,0 -110.90468750000001,32.192812499999995,0 -110.90468750000001,32.1909375,0</coordinates></LinearRing></outerBoundaryIs></Polygon></Placemark>
      <Placemark><name>Grass (16,-15)</name><styleUrl>#grassStyle_1</styleUrl><Polygon><outerBoundaryIs><LinearRing><coordinates>-110.90156250000001,32.1909375,0 -110.8984375,32.1909375,0 -110.8984375,32.192812499999995,0 -110.90156250000001,32.192812499999995,0 -110.90156250000001,32.1909375,0</coordinates></LinearRing></outerBoundaryIs></Polygon></Placemark>
      <Placemark><name>Grass (-16,-14)</name><styleUrl>#grassStyle_1</styleUrl><Polygon><outerBoundaryIs><LinearRing><coordinates>-111.0015625,32.192812499999995,0 -110.9984375,32.192812499999995,0 -110.9984375,32.1946875,0 -111.0015625,32.1946875,0 -111.0015625,32.192812499999995,0</coordinates></LinearRing></outerBoundaryIs></Polygon></Placemark>
      <Placemark><name>Grass (-15,-14)</name><styleUrl>#grassStyle_1</styleUrl><Polygon><outerBoundaryIs><LinearRing><coordinates>-110.9984375,32.192812499999995,0 -110.9953125,32.192812499999995,0 -110.9953125,32.1946875,0 -110.9984375,32.1946875,0 -110.9984375,32.192812499999995,0</coordinates></LinearRing></outerBoundaryIs></Polygon></Placemark>
      <Placemark><name>Grass (-14,-14)</name><styleUrl>#grassStyle_0</styleUrl><Polygon><outerBoundaryIs><LinearRing><coordinates>-110.9953125,32.192812499999995,0 -110.9921875,32.192812499999995,0 -110.9921875,32.1946875,0 -110.9953125,32.1946875,0 -110.9953125,32.192812499999995,0</coordinates></LinearRing></outerBoundaryIs></Polygon></Placemark>
      <Placemark><name>Grass (-13,-14)</name><styleUrl>#grassStyle_0</styleUrl><Polygon><outerBoundaryIs><LinearRing><coordinates>-110.9921875,32.192812499999995,0 -110.9890625,32.192812499999995,0 -110.9890625,32.1946875,0 -110.9921875,32.1946875,0 -110.9921875,32.192812499999995,0</coordinates></LinearRing></outerBoundaryIs></Polygon></Placemark>
      <Placemark><name>Grass (-12,-14)</name><styleUrl>#grassStyle_0</styleUrl><Polygon><outerBoundaryIs><LinearRing><coordinates>-110.9890625,32.192812499999995,0 -110.9859375,32.192812499999995,0 -110.9859375,32.1946875,0 -110.9890625,32.1946875,0 -110.9890625,32.192812499999995,0</coordinates></LinearRing></outerBoundaryIs></Polygon></Placemark>
      <Placemark><name>Grass (-11,-14)</name><styleUrl>#grassStyle_0</styleUrl><Polygon><outerBoundaryIs><LinearRing><coordinates>-110.9859375,32.192812499999995,0 -110.9828125,32.192812499999995,0 -110.9828125,32.1946875,0 -110.9859375,32.1946875,0 -110.9859375,32.192812499999995,0</coordinates></LinearRing></outerBoundaryIs></Polygon></Placemark>
      <Placemark><name>Grass (-10,-14)</name><styleUrl>#grassStyle_2</styleUrl><Polygon><outerBoundaryIs><LinearRing><coordinates>-110.9828125,32.192812499999995,0 -110.9796875,32.192812499999995,0 -110.9796875,32.1946875,0 -110.9828125,32.1946875,0 -110.9828125,32.192812499999995,0</coordinates></LinearRing></outerBoundaryIs></Polygon></Placemark>
      <Placemark><name>Grass (-9,-14)</name><styleUrl>#grassStyle_1</styleUrl><Polygon><outerBoundaryIs><LinearRing><coordinates>-110.9796875,32.192812499999995,0 -110.9765625,32.192812499999995,0 -110.9765625,32.1946875,0 -110.9796875,32.1946875,0 -110.9796875,32.192812499999995,0</coordinates></LinearRing></outerBoundaryIs></Polygon></Placemark>
      <Placemark><name>Grass (-8,-14)</name><styleUrl>#grassStyle_0</styleUrl><Polygon><outerBoundaryIs><LinearRing><coordinates>-110.9765625,32.192812499999995,0 -110.9734375,32.192812499999995,0 -110.9734375,32.1946875,0 -110.9765625,32.1946875,0 -110.9765625,32.192812499999995,0</coordinates></LinearRing></outerBoundaryIs></Polygon></Placemark>
      <Placemark><name>Grass (-7,-14)</name><styleUrl>#grassStyle_0</styleUrl><Polygon><outerBoundaryIs><LinearRing><coordinates>-110.9734375,32.192812499999995,0 -110.9703125,32.192812499999995,0 -110.9703125,32.1946875,0 -110.9734375,32.1946875,0 -110.9734375,32.192812499999995,0</coordinates></LinearRing></outerBoundaryIs></Polygon></Placemark>
      <Placemark><name>Grass (-6,-14)</name><styleUrl>#grassStyle_0</styleUrl><Polygon><outerBoundaryIs><LinearRing><coordinates>-110.9703125,32.192812499999995,0 -110.96718750000001,32.192812499999995,0 -110.96718750000001,32.1946875,0 -110.9703125,32.1946875,0 -110.9703125,32.192812499999995,0</coordinates></LinearRing></outerBoundaryIs></Polygon></Placemark>
      <Placemark><name>Grass (-5,-14)</name><styleUrl>#grassStyle_1</styleUrl><Polygon><outerBoundaryIs><LinearRing><coordinates>-110.96718750000001,32.192812499999995,0 -110.9640625,32.192812499999995,0 -110.9640625,32.1946875,0 -110.96718750000001,32.1946875,0 -110.96718750000001,32.192812499999995,0</coordinates></LinearRing></outerBoundaryIs></Polygon></Placemark>
      <Placemark><name>Grass (-4,-14)</name><styleUrl>#grassStyle_0</styleUrl><Polygon><outerBoundaryIs><LinearRing><coordinates>-110.9640625,32.192812499999995,0 -110.9609375,32.192812499999995,0 -110.9609375,32.1946875,0 -110.9640625,32.1946875,0 -110.9640625,32.192812499999995,0</coordinates></LinearRing></outerBoundaryIs></Polygon></Placemark>
      <Placemark><name>Grass (-3,-14)</name><styleUrl>#grassStyle_1</styleUrl><Polygon><outerBoundaryIs><LinearRing><coordinates>-110.9609375,32.192812499999995,0 -110.9578125,32.192812499999995,0 -110.9578125,32.1946875,0 -110.9609375,32.1946875,0 -110.9609375,32.192812499999995,0</coordinates></LinearRing></outerBoundaryIs></Polygon></Placemark>
      <Placemark><name>Grass (-2,-14)</name><styleUrl>#grassStyle_0</styleUrl><Polygon><outerBoundaryIs><LinearRing><coordinates>-110.9578125,32.192812499999995,0 -110.9546875,32.192812499999995,0 -110.9546875,32.1946875,0 -110.9578125,32.1946875,0 -110.9578125,32.192812499999995,0</coordinates></LinearRing></outerBoundaryIs></Polygon></Placemark>
      <Placemark><name>Grass (-1,-14)</name><styleUrl>#grassStyle_0</styleUrl><Polygon><outerBoundaryIs><LinearRing><coordinates>-110.9546875,32.192812499999995,0 -110.95156250000001,32.192812499999995,0 -110.95156250000001,32.1946875,0 -110.9546875,32.1946875,0 -110.9546875,32.192812499999995,0</coordinates></LinearRing></outerBoundaryIs></Polygon></Placemark>
      <Placemark><name>Grass (0,-14)</name><styleUrl>#grassStyle_0</styleUrl><Polygon><outerBoundaryIs><LinearRing><coordinates>-110.95156250000001,32.192812499999995,0 -110.9484375,32.192812499999995,0 -110.9484375,32.1946875,0 -110.95156250000001,32.1946875,0 -110.95156250000001,32.192812499999995,0</coordinates></LinearRing></outerBoundaryIs></Polygon></Placemark>
      <Placemark><name>Grass (1,-14)</name><styleUrl>#grassStyle_0</styleUrl><Polygon><outerBoundaryIs><LinearRing><coordinates>-110.9484375,32.192812499999995,0 -110.9453125,32.192812499999995,0 -110.9453125,32.1946875,0 -110.9484375,32.1946875,0 -110.9484375,32.192812499999995,0</coordinates></LinearRing></outerBoundaryIs></Polygon></Placemark>
      <Placemark><name>Grass (2,-14)</name><styleUrl>#grassStyle_1</styleUrl><Polygon><outerBoundaryIs><LinearRing><coordinates>-110.9453125,32.192812499999995,0 -110.9421875,32.192812499999995,0 -110.9421875,32.1946875,0 -110.9453125,32.1946875,0 -110.9453125,32.192812499999995,0</coordinates></LinearRing></outerBoundaryIs></Polygon></Placemark>
      <Placemark><name>Grass (3,-14)</name><styleUrl>#grassStyle_1</styleUrl><Polygon><outerBoundaryIs><LinearRing><coordinates>-110.9421875,32.192812499999995,0 -110.9390625,32.192812499999995,0 -110.9390625,32.1946875,0 -110.9421875,32.1946875,0 -110.9421875,32.192812499999995,0</coordinates></LinearRing></outerBoundaryIs></Polygon></Placemark>
      <Placemark><name>Grass (4,-14)</name><styleUrl>#grassStyle_1</styleUrl><Polygon><outerBoundaryIs><LinearRing><coordinates>-110.9390625,32.192812499999995,0 -110.93593750000001,32.192812499999995,0 -110.93593750000001,32.1946875,0 -110.9390625,32.1946875,0 -110.9390625,32.192812499999995,0</coordinates></LinearRing></outerBoundaryIs></Polygon></Placemark>
      <Placemark><name>Grass (5,-14)</name><styleUrl>#grassStyle_1</styleUrl><Polygon><outerBoundaryIs><LinearRing><coordinates>-110.93593750000001,32.192812499999995,0 -110.9328125,32.192812499999995,0 -110.9328125,32.1946875,0 -110.93593750000001,32.1946875,0 -110.93593750000001,32.192812499999995,0</coordinates></LinearRing></outerBoundaryIs></Polygon></Placemark>
      <Placemark><name>Grass (6,-14)</name><styleUrl>#grassStyle_0</styleUrl><Polygon><outerBoundaryIs><LinearRing><coordinates>-110.9328125,32.192812499999995,0 -110.9296875,32.192812499999995,0 -110.9296875,32.1946875,0 -110.9328125,32.1946875,0 -110.9328125,32.192812499999995,0</coordinates></LinearRing></outerBoundaryIs></Polygon></Placemark>
      <Placemark><name>Grass (7,-14)</name><styleUrl>#grassStyle_0</styleUrl><Polygon><outerBoundaryIs><LinearRing><coordinates>-110.9296875,32.192812499999995,0 -110.9265625,32.192812499999995,0 -110.9265625,32.1946875,0 -110.9296875,32.1946875,0 -110.9296875,32.192812499999995,0</coordinates></LinearRing></outerBoundaryIs></Polygon></Placemark>
      <Placemark><name>Grass (8,-14)</name><styleUrl>#grassStyle_0</styleUrl><Polygon><outerBoundaryIs><LinearRing><coordinates>-110.9265625,32.192812499999995,0 -110.9234375,32.192812499999995,0 -110.9234375,32.1946875,0 -110.9265625,32.1946875,0 -110.9265625,32.192812499999995,0</coordinates></LinearRing></outerBoundaryIs></Polygon></Placemark>
      <Placemark><name>Grass (9,-14)</name><styleUrl>#grassStyle_1</styleUrl><Polygon><outerBoundaryIs><LinearRing><coordinates>-110.9234375,32.192812499999995,0 -110.92031250000001,32.192812499999995,0 -110.92031250000001,32.1946875,0 -110.9234375,32.1946875,0 -110.9234375,32.192812499999995,0</coordinates></LinearRing></outerBoundaryIs></Polygon></Placemark>
      <Placemark><name>Grass (10,-14)</name><styleUrl>#grassStyle_1</styleUrl><Polygon><outerBoundaryIs><LinearRing><coordinates>-110.92031250000001,32.192812499999995,0 -110.91718750000001,32.192812499999995,0 -110.91718750000001,32.1946875,0 -110.92031250000001,32.1946875,0 -110.92031250000001,32.192812499999995,0</coordinates></LinearRing></outerBoundaryIs></Polygon></Placemark>
      <Placemark><name>Grass (11,-14)</name><styleUrl>#grassStyle_0</styleUrl><Polygon><outerBoundaryIs><LinearRing><coordinates>-110.91718750000001,32.192812499999995,0 -110.9140625,32.192812499999995,0 -110.9140625,32.1946875,0 -110.91718750000001,32.1946875,0 -110.91718750000001,32.192812499999995,0</coordinates></LinearRing></outerBoundaryIs></Polygon></Placemark>
      <Placemark><name>Grass (12,-14)</name><styleUrl>#grassStyle_0</styleUrl><Polygon><outerBoundaryIs><LinearRing><coordinates>-110.9140625,32.192812499999995,0 -110.9109375,32.192812499999995,0 -110.9109375,32.1946875,0 -110.9140625,32.1946875,0 -110.9140625,32.192812499999995,0</coordinates></LinearRing></outerBoundaryIs></Polygon></Placemark>
      <Placemark><name>Grass (13,-14)</name><styleUrl>#grassStyle_0</styleUrl><Polygon><outerBoundaryIs><LinearRing><coordinates>-110.9109375,32.192812499999995,0 -110.9078125,32.192812499999995,0 -110.9078125,32.1946875,0 -110.9109375,32.1946875,0 -110.9109375,32.192812499999995,0</coordinates></LinearRing></outerBoundaryIs></Polygon></Placemark>
      <Placemark><name>Grass (14,-14)</name><styleUrl>#grassStyle_1</styleUrl><Polygon><outerBoundaryIs><LinearRing><coordinates>-110.9078125,32.192812499999995,0 -110.90468750000001,32.192812499999995,0 -110.90468750000001,32.1946875,0 -110.9078125,32.1946875,0 -110.9078125,32.192812499999995,0</coordinates></LinearRing></outerBoundaryIs></Polygon></Placemark>
      <Placemark><name>Grass (15,-14)</name><styleUrl>#grassStyle_0</styleUrl><Polygon><outerBoundaryIs><LinearRing><coordinates>-110.90468750000001,32.192812499999995,0 -110.90156250000001,32.192812499999995,0 -110.90156250000001,32.1946875,0 -110.90468750000001,32.1946875,0 -110.90468750000001,32.192812499999995,0</coordinates></LinearRing></outerBoundaryIs></Polygon></Placemark>
      <Placemark><name>Grass (16,-14)</name><styleUrl>#grassStyle_1</styleUrl><Polygon><outerBoundaryIs><LinearRing><coordinates>-110.90156250000001,32.192812499999995,0 -110.8984375,32.192812499999995,0 -110.8984375,32.1946875,0 -110.90156250000001,32.1946875,0 -110.90156250000001,32.192812499999995,0</coordinates></LinearRing></outerBoundaryIs></Polygon></Placemark>
      <Placemark><name>Grass (-16,-13)</name><styleUrl>#grassStyle_0</styleUrl><Polygon><outerBoundaryIs><LinearRing><coordinates>-111.0015625,32.1946875,0 -110.9984375,32.1946875,0 -110.9984375,32.1965625,0 -111.0015625,32.1965625,0 -111.0015625,32.1946875,0</coordinates></LinearRing></outerBoundaryIs></Polygon></Placemark>
      <Placemark><name>Grass (-15,-13)</name><styleUrl>#grassStyle_2</styleUrl><Polygon><outerBoundaryIs><LinearRing><coordinates>-110.9984375,32.1946875,0 -110.9953125,32.1946875,0 -110.9953125,32.1965625,0 -110.9984375,32.1965625,0 -110.9984375,32.1946875,0</coordinates></LinearRing></outerBoundaryIs></Polygon></Placemark>
      <Placemark><name>Grass (-14,-13)</name><styleUrl>#grassStyle_0</styleUrl><Polygon><outerBoundaryIs><LinearRing><coordinates>-110.9953125,32.1946875,0 -110.9921875,32.1946875,0 -110.9921875,32.1965625,0 -110.9953125,32.1965625,0 -110.9953125,32.1946875,0</coordinates></LinearRing></outerBoundaryIs></Polygon></Placemark>
      <Placemark><name>Grass (-13,-13)</name><styleUrl>#grassStyle_0</styleUrl><Polygon><outerBoundaryIs><LinearRing><coordinates>-110.9921875,32.1946875,0 -110.9890625,32.1946875,0 -110.9890625,32.1965625,0 -110.9921875,32.1965625,0 -110.9921875,32.1946875,0</coordinates></LinearRing></outerBoundaryIs></Polygon></Placemark>
      <Placemark><name>Grass (-12,-13)</name><styleUrl>#grassStyle_1</styleUrl><Polygon><outerBoundaryIs><LinearRing><coordinates>-110.9890625,32.1946875,0 -110.9859375,32.1946875,0 -110.9859375,32.1965625,0 -110.9890625,32.1965625,0 -110.9890625,32.1946875,0</coordinates></LinearRing></outerBoundaryIs></Polygon></Placemark>
      <Placemark><name>Grass (-11,-13)</name><styleUrl>#grassStyle_0</styleUrl><Polygon><outerBoundaryIs><LinearRing><coordinates>-110.9859375,32.1946875,0 -110.9828125,32.1946875,0 -110.9828125,32.1965625,0 -110.9859375,32.1965625,0 -110.9859375,32.1946875,0</coordinates></LinearRing></outerBoundaryIs></Polygon></Placemark>
      <Placemark><name>Grass (-10,-13)</name><styleUrl>#grassStyle_1</styleUrl><Polygon><outerBoundaryIs><LinearRing><coordinates>-110.9828125,32.1946875,0 -110.9796875,32.1946875,0 -110.9796875,32.1965625,0 -110.9828125,32.1965625,0 -110.9828125,32.1946875,0</coordinates></LinearRing></outerBoundaryIs></Polygon></Placemark>
      <Placemark><name>Grass (-9,-13)</name><styleUrl>#grassStyle_1</styleUrl><Polygon><outerBoundaryIs><LinearRing><coordinates>-110.9796875,32.1946875,0 -110.9765625,32.1946875,0 -110.9765625,32.1965625,0 -110.9796875,32.1965625,0 -110.9796875,32.1946875,0</coordinates></LinearRing></outerBoundaryIs></Polygon></Placemark>
      <Placemark><name>Grass (-8,-13)</name><styleUrl>#grassStyle_1</styleUrl><Polygon><outerBoundaryIs><LinearRing><coordinates>-110.9765625,32.1946875,0 -110.9734375,32.1946875,0 -110.9734375,32.1965625,0 -110.9765625,32.1965625,0 -110.9765625,32.1946875,0</coordinates></LinearRing></outerBoundaryIs></Polygon></Placemark>
      <Placemark><name>Grass (-7,-13)</name><styleUrl>#grassStyle_0</styleUrl><Polygon><outerBoundaryIs><LinearRing><coordinates>-110.9734375,32.1946875,0 -110.9703125,32.1946875,0 -110.9703125,32.1965625,0 -110.9734375,32.1965625,0 -110.9734375,32.1946875,0</coordinates></LinearRing></outerBoundaryIs></Polygon></Placemark>
      <Placemark><name>Grass (-6,-13)</name><styleUrl>#grassStyle_1</styleUrl><Polygon><outerBoundaryIs><LinearRing><coordinates>-110.9703125,32.1946875,0 -110.96718750000001,32.1946875,0 -110.96718750000001,32.1965625,0 -110.9703125,32.1965625,0 -110.9703125,32.1946875,0</coordinates></LinearRing></outerBoundaryIs></Polygon></Placemark>
      <Placemark><name>Grass (-5,-13)</name><styleUrl>#grassStyle_0</styleUrl><Polygon><outerBoundaryIs><LinearRing><coordinates>-110.96718750000001,32.1946875,0 -110.9640625,32.1946875,0 -110.9640625,32.1965625,0 -110.96718750000001,32.1965625,0 -110.96718750000001,32.1946875,0</coordinates></LinearRing></outerBoundaryIs></Polygon></Placemark>
      <Placemark><name>Grass (-4,-13)</name><styleUrl>#grassStyle_0</styleUrl><Polygon><outerBoundaryIs><LinearRing><coordinates>-110.9640625,32.1946875,0 -110.9609375,32.1946875,0 -110.9609375,32.1965625,0 -110.9640625,32.1965625,0 -110.9640625,32.1946875,0</coordinates></LinearRing></outerBoundaryIs></Polygon></Placemark>
      <Placemark><name>Grass (-3,-13)</name><styleUrl>#grassStyle_1</styleUrl><Polygon><outerBoundaryIs><LinearRing><coordinates>-110.9609375,32.1946875,0 -110.9578125,32.1946875,0 -110.9578125,32.1965625,0 -110.9609375,32.1965625,0 -110.9609375,32.1946875,0</coordinates></LinearRing></outerBoundaryIs></Polygon></Placemark>
      <Placemark><name>Grass (-2,-13)</name><styleUrl>#grassStyle_1</styleUrl><Polygon><outerBoundaryIs><LinearRing><coordinates>-110.9578125,32.1946875,0 -110.9546875,32.1946875,0 -110.9546875,32.1965625,0 -110.9578125,32.1965625,0 -110.9578125,32.1946875,0</coordinates></LinearRing></outerBoundaryIs></Polygon></Placemark>
      <Placemark><name>Grass (-1,-13)</name><styleUrl>#grassStyle_0</styleUrl><Polygon><outerBoundaryIs><LinearRing><coordinates>-110.9546875,32.1946875,0 -110.95156250000001,32.1946875,0 -110.95156250000001,32.1965625,0 -110.9546875,32.1965625,0 -110.9546875,32.1946875,0</coordinates></LinearRing></outerBoundaryIs></Polygon></Placemark>
      <Placemark><name>Grass (0,-13)</name><styleUrl>#grassStyle_0</styleUrl><Polygon><outerBoundaryIs><LinearRing><coordinates>-110.95156250000001,32.1946875,0 -110.9484375,32.1946875,0 -110.9484375,32.1965625,0 -110.95156250000001,32.1965625,0 -110.95156250000001,32.1946875,0</coordinates></LinearRing></outerBoundaryIs></Polygon></Placemark>
      <Placemark><name>Grass (1,-13)</name><styleUrl>#grassStyle_0</styleUrl><Polygon><outerBoundaryIs><LinearRing><coordinates>-110.9484375,32.1946875,0 -110.9453125,32.1946875,0 -110.9453125,32.1965625,0 -110.9484375,32.1965625,0 -110.9484375,32.1946875,0</coordinates></LinearRing></outerBoundaryIs></Polygon></Placemark>
      <Placemark><name>Grass (2,-13)</name><styleUrl>#grassStyle_2</styleUrl><Polygon><outerBoundaryIs><LinearRing><coordinates>-110.9453125,32.1946875,0 -110.9421875,32.1946875,0 -110.9421875,32.1965625,0 -110.9453125,32.1965625,0 -110.9453125,32.1946875,0</coordinates></LinearRing></outerBoundaryIs></Polygon></Placemark>
      <Placemark><name>Grass (3,-13)</name><styleUrl>#grassStyle_1</styleUrl><Polygon><outerBoundaryIs><LinearRing><coordinates>-110.9421875,32.1946875,0 -110.9390625,32.1946875,0 -110.9390625,32.1965625,0 -110.9421875,32.1965625,0 -110.9421875,32.1946875,0</coordinates></LinearRing></outerBoundaryIs></Polygon></Placemark>
      <Placemark><name>Grass (4,-13)</name><styleUrl>#grassStyle_0</styleUrl><Polygon><outerBoundaryIs><LinearRing><coordinates>-110.9390625,32.1946875,0 -110.93593750000001,32.1946875,0 -110.93593750000001,32.1965625,0 -110.9390625,32.1965625,0 -110.9390625,32.1946875,0</coordinates></LinearRing></outerBoundaryIs></Polygon></Placemark>
      <Placemark><name>Grass (5,-13)</name><styleUrl>#grassStyle_0</styleUrl><Polygon><outerBoundaryIs><LinearRing><coordinates>-110.93593750000001,32.1946875,0 -110.9328125,32.1946875,0 -110.9328125,32.1965625,0 -110.93593750000001,32.1965625,0 -110.93593750000001,32.1946875,0</coordinates></LinearRing></outerBoundaryIs></Polygon></Placemark>
      <Placemark><name>Grass (6,-13)</name><styleUrl>#grassStyle_0</styleUrl><Polygon><outerBoundaryIs><LinearRing><coordinates>-110.9328125,32.1946875,0 -110.9296875,32.1946875,0 -110.9296875,32.1965625,0 -110.9328125,32.1965625,0 -110.9328125,32.1946875,0</coordinates></LinearRing></outerBoundaryIs></Polygon></Placemark>
      <Placemark><name>Grass (7,-13)</name><styleUrl>#grassStyle_0</styleUrl><Polygon><outerBoundaryIs><LinearRing><coordinates>-110.9296875,32.1946875,0 -110.9265625,32.1946875,0 -110.9265625,32.1965625,0 -110.9296875,32.1965625,0 -110.9296875,32.1946875,0</coordinates></LinearRing></outerBoundaryIs></Polygon></Placemark>
      <Placemark><name>Grass (8,-13)</name><styleUrl>#grassStyle_0</styleUrl><Polygon><outerBoundaryIs><LinearRing><coordinates>-110.9265625,32.1946875,0 -110.9234375,32.1946875,0 -110.9234375,32.1965625,0 -110.9265625,32.1965625,0 -110.9265625,32.1946875,0</coordinates></LinearRing></outerBoundaryIs></Polygon></Placemark>
      <Placemark><name>Grass (9,-13)</name><styleUrl>#grassStyle_1</styleUrl><Polygon><outerBoundaryIs><LinearRing><coordinates>-110.9234375,32.1946875,0 -110.92031250000001,32.1946875,0 -110.92031250000001,32.1965625,0 -110.9234375,32.1965625,0 -110.9234375,32.1946875,0</coordinates></LinearRing></outerBoundaryIs></Polygon></Placemark>
      <Placemark><name>Grass (10,-13)</name><styleUrl>#grassStyle_0</styleUrl><Polygon><outerBoundaryIs><LinearRing><coordinates>-110.92031250000001,32.1946875,0 -110.91718750000001,32.1946875,0 -110.91718750000001,32.1965625,0 -110.92031250000001,32.1965625,0 -110.92031250000001,32.1946875,0</coordinates></LinearRing></outerBoundaryIs></Polygon></Placemark>
      <Placemark><name>Grass (11,-13)</name><styleUrl>#grassStyle_1</styleUrl><Polygon><outerBoundaryIs><LinearRing><coordinates>-110.91718750000001,32.1946875,0 -110.9140625,32.1946875,0 -110.9140625,32.1965625,0 -110.91718750000001,32.1965625,0 -110.91718750000001,32.1946875,0</coordinates></LinearRing></outerBoundaryIs></Polygon></Placemark>
      <Placemark><name>Grass (12,-13)</name><styleUrl>#grassStyle_0</styleUrl><Polygon><outerBoundaryIs><LinearRing><coordinates>-110.9140625,32.1946875,0 -110.9109375,32.1946875,0 -110.9109375,32.1965625,0 -110.9140625,32.1965625,0 -110.9140625,32.1946875,0</coordinates></LinearRing></outerBoundaryIs></Polygon></Placemark>
      <Placemark><name>Grass (13,-13)</name><styleUrl>#grassStyle_0</styleUrl><Polygon><outerBoundaryIs><LinearRing><coordinates>-110.9109375,32.1946875,0 -110.9078125,32.1946875,0 -110.9078125,32.1965625,0 -110.9109375,32.1965625,0 -110.9109375,32.1946875,0</coordinates></LinearRing></outerBoundaryIs></Polygon></Placemark>
      <Placemark><name>Grass (14,-13)</name><styleUrl>#grassStyle_0</styleUrl><Polygon><outerBoundaryIs><LinearRing><coordinates>-110.9078125,32.1946875,0 -110.90468750000001,32.1946875,0 -110.90468750000001,32.1965625,0 -110.9078125,32.1965625,0 -110.9078125,32.1946875,0</coordinates></LinearRing></outerBoundaryIs></Polygon></Placemark>
      <Placemark><name>Grass (15,-13)</name><styleUrl>#grassStyle_0</styleUrl><Polygon><outerBoundaryIs><LinearRing><coordinates>-110.90468750000001,32.1946875,0 -110.90156250000001,32.1946875,0 -110.90156250000001,32.1965625,0 -110.90468750000001,32.1965625,0 -110.90468750000001,32.1946875,0</coordinates></LinearRing></outerBoundaryIs></Polygon></Placemark>
      <Placemark><name>Grass (16,-13)</name><styleUrl>#grassStyle_1</styleUrl><Polygon><outerBoundaryIs><LinearRing><coordinates>-110.90156250000001,32.1946875,0 -110.8984375,32.1946875,0 -110.8984375,32.1965625,0 -110.90156250000001,32.1965625,0 -110.90156250000001,32.1946875,0</coordinates></LinearRing></outerBoundaryIs></Polygon></Placemark>
      <Placemark><name>Grass (-16,-12)</name><styleUrl>#grassStyle_0</styleUrl><Polygon><outerBoundaryIs><LinearRing><coordinates>-111.0015625,32.1965625,0 -110.9984375,32.1965625,0 -110.9984375,32.1984375,0 -111.0015625,32.1984375,0 -111.0015625,32.1965625,0</coordinates></LinearRing></outerBoundaryIs></Polygon></Placemark>
      <Placemark><name>Grass (-15,-12)</name><styleUrl>#grassStyle_0</styleUrl><Polygon><outerBoundaryIs><LinearRing><coordinates>-110.9984375,32.1965625,0 -110.9953125,32.1965625,0 -110.9953125,32.1984375,0 -110.9984375,32.1984375,0 -110.9984375,32.1965625,0</coordinates></LinearRing></outerBoundaryIs></Polygon></Placemark>
      <Placemark><name>Grass (-14,-12)</name><styleUrl>#grassStyle_0</styleUrl><Polygon><outerBoundaryIs><LinearRing><coordinates>-110.9953125,32.1965625,0 -110.9921875,32.1965625,0 -110.9921875,32.1984375,0 -110.9953125,32.1984375,0 -110.9953125,32.1965625,0</coordinates></LinearRing></outerBoundaryIs></Polygon></Placemark>
      <Placemark><name>Grass (-13,-12)</name><styleUrl>#grassStyle_0</styleUrl><Polygon><outerBoundaryIs><LinearRing><coordinates>-110.9921875,32.1965625,0 -110.9890625,32.1965625,0 -110.9890625,32.1984375,0 -110.9921875,32.1984375,0 -110.9921875,32.1965625,0</coordinates></LinearRing></outerBoundaryIs></Polygon></Placemark>
      <Placemark><name>Grass (-12,-12)</name><styleUrl>#grassStyle_0</styleUrl><Polygon><outerBoundaryIs><LinearRing><coordinates>-110.9890625,32.1965625,0 -110.9859375,32.1965625,0 -110.9859375,32.1984375,0 -110.9890625,32.1984375,0 -110.9890625,32.1965625,0</coordinates></LinearRing></outerBoundaryIs></Polygon></Placemark>
      <Placemark><name>Grass (-11,-12)</name><styleUrl>#grassStyle_0</styleUrl><Polygon><outerBoundaryIs><LinearRing><coordinates>-110.9859375,32.1965625,0 -110.9828125,32.1965625,0 -110.9828125,32.1984375,0 -110.9859375,32.1984375,0 -110.9859375,32.1965625,0</coordinates></LinearRing></outerBoundaryIs></Polygon></Placemark>
      <Placemark><name>Grass (-10,-12)</name><styleUrl>#grassStyle_1</styleUrl><Polygon><outerBoundaryIs><LinearRing><coordinates>-110.9828125,32.1965625,0 -110.9796875,32.1965625,0 -110.9796875,32.1984375,0 -110.9828125,32.1984375,0 -110.9828125,32.1965625,0</coordinates></LinearRing></outerBoundaryIs></Polygon></Placemark>
      <Placemark><name>Grass (-9,-12)</name><styleUrl>#grassStyle_0</styleUrl><Polygon><outerBoundaryIs><LinearRing><coordinates>-110.9796875,32.1965625,0 -110.9765625,32.1965625,0 -110.9765625,32.1984375,0 -110.9796875,32.1984375,0 -110.9796875,32.1965625,0</coordinates></LinearRing></outerBoundaryIs></Polygon></Placemark>
      <Placemark><name>Grass (-8,-12)</name><styleUrl>#grassStyle_1</styleUrl><Polygon><outerBoundaryIs><LinearRing><coordinates>-110.9765625,32.1965625,0 -110.9734375,32.1965625,0 -110.9734375,32.1984375,0 -110.9765625,32.1984375,0 -110.9765625,32.1965625,0</coordinates></LinearRing></outerBoundaryIs></Polygon></Placemark>
      <Placemark><name>Grass (-7,-12)</name><styleUrl>#grassStyle_1</styleUrl><Polygon><outerBoundaryIs><LinearRing><coordinates>-110.9734375,32.1965625,0 -110.9703125,32.1965625,0 -110.9703125,32.1984375,0 -110.9734375,32.1984375,0 -110.9734375,32.1965625,0</coordinates></LinearRing></outerBoundaryIs></Polygon></Placemark>
      <Placemark><name>Grass (-6,-12)</name><styleUrl>#grassStyle_2</styleUrl><Polygon><outerBoundaryIs><LinearRing><coordinates>-110.9703125,32.1965625,0 -110.96718750000001,32.1965625,0 -110.96718750000001,32.1984375,0 -110.9703125,32.1984375,0 -110.9703125,32.1965625,0</coordinates></LinearRing></outerBoundaryIs></Polygon></Placemark>
      <Placemark><name>Grass (-5,-12)</name><styleUrl>#grassStyle_0</styleUrl><Polygon><outerBoundaryIs><LinearRing><coordinates>-110.96718750000001,32.1965625,0 -110.9640625,32.1965625,0 -110.9640625,32.1984375,0 -110.96718750000001,32.1984375,0 -110.96718750000001,32.1965625,0</coordinates></LinearRing></outerBoundaryIs></Polygon></Placemark>
      <Placemark><name>Grass (-4,-12)</name><styleUrl>#grassStyle_0</styleUrl><Polygon><outerBoundaryIs><LinearRing><coordinates>-110.9640625,32.1965625,0 -110.9609375,32.1965625,0 -110.9609375,32.1984375,0 -110.9640625,32.1984375,0 -110.9640625,32.1965625,0</coordinates></LinearRing></outerBoundaryIs></Polygon></Placemark>
      <Placemark><name>Grass (-3,-12)</name><styleUrl>#grassStyle_1</styleUrl><Polygon><outerBoundaryIs><LinearRing><coordinates>-110.9609375,32.1965625,0 -110.9578125,32.1965625,0 -110.9578125,32.1984375,0 -110.9609375,32.1984375,0 -110.9609375,32.1965625,0</coordinates></LinearRing></outerBoundaryIs></Polygon></Placemark>
      <Placemark><name>Grass (-2,-12)</name><styleUrl>#grassStyle_0</styleUrl><Polygon><outerBoundaryIs><LinearRing><coordinates>-110.9578125,32.1965625,0 -110.9546875,32.1965625,0 -110.9546875,32.1984375,0 -110.9578125,32.1984375,0 -110.9578125,32.1965625,0</coordinates></LinearRing></outerBoundaryIs></Polygon></Placemark>
      <Placemark><name>Grass (-1,-12)</name><styleUrl>#grassStyle_0</styleUrl><Polygon><outerBoundaryIs><LinearRing><coordinates>-110.9546875,32.1965625,0 -110.95156250000001,32.1965625,0 -110.95156250000001,32.1984375,0 -110.9546875,32.1984375,0 -110.9546875,32.1965625,0</coordinates></LinearRing></outerBoundaryIs></Polygon></Placemark>
      <Placemark><name>Grass (0,-12)</name><styleUrl>#grassStyle_0</styleUrl><Polygon><outerBoundaryIs><LinearRing><coordinates>-110.95156250000001,32.1965625,0 -110.9484375,32.1965625,0 -110.9484375,32.1984375,0 -110.95156250000001,32.1984375,0 -110.95156250000001,32.1965625,0</coordinates></LinearRing></outerBoundaryIs></Polygon></Placemark>
      <Placemark><name>Grass (1,-12)</name><styleUrl>#grassStyle_0</styleUrl><Polygon><outerBoundaryIs><LinearRing><coordinates>-110.9484375,32.1965625,0 -110.9453125,32.1965625,0 -110.9453125,32.1984375,0 -110.9484375,32.1984375,0 -110.9484375,32.1965625,0</coordinates></LinearRing></outerBoundaryIs></Polygon></Placemark>
      <Placemark><name>Grass (2,-12)</name><styleUrl>#grassStyle_1</styleUrl><Polygon><outerBoundaryIs><LinearRing><coordinates>-110.9453125,32.1965625,0 -110.9421875,32.1965625,0 -110.9421875,32.1984375,0 -110.9453125,32.1984375,0 -110.9453125,32.1965625,0</coordinates></LinearRing></outerBoundaryIs></Polygon></Placemark>
      <Placemark><name>Grass (3,-12)</name><styleUrl>#grassStyle_1</styleUrl><Polygon><outerBoundaryIs><LinearRing><coordinates>-110.9421875,32.1965625,0 -110.9390625,32.1965625,0 -110.9390625,32.1984375,0 -110.9421875,32.1984375,0 -110.9421875,32.1965625,0</coordinates></LinearRing></outerBoundaryIs></Polygon></Placemark>
      <Placemark><name>Grass (4,-12)</name><styleUrl>#grassStyle_6</styleUrl><Polygon><outerBoundaryIs><LinearRing><coordinates>-110.9390625,32.1965625,0 -110.93593750000001,32.1965625,0 -110.93593750000001,32.1984375,0 -110.9390625,32.1984375,0 -110.9390625,32.1965625,0</coordinates></LinearRing></outerBoundaryIs></Polygon></Placemark>
      <Placemark><name>Grass (5,-12)</name><styleUrl>#grassStyle_0</styleUrl><Polygon><outerBoundaryIs><LinearRing><coordinates>-110.93593750000001,32.1965625,0 -110.9328125,32.1965625,0 -110.9328125,32.1984375,0 -110.93593750000001,32.1984375,0 -110.93593750000001,32.1965625,0</coordinates></LinearRing></outerBoundaryIs></Polygon></Placemark>
      <Placemark><name>Grass (6,-12)</name><styleUrl>#grassStyle_0</styleUrl><Polygon><outerBoundaryIs><LinearRing><coordinates>-110.9328125,32.1965625,0 -110.9296875,32.1965625,0 -110.9296875,32.1984375,0 -110.9328125,32.1984375,0 -110.9328125,32.1965625,0</coordinates></LinearRing></outerBoundaryIs></Polygon></Placemark>
      <Placemark><name>Grass (7,-12)</name><styleUrl>#grassStyle_2</styleUrl><Polygon><outerBoundaryIs><LinearRing><coordinates>-110.9296875,32.1965625,0 -110.9265625,32.1965625,0 -110.9265625,32.1984375,0 -110.9296875,32.1984375,0 -110.9296875,32.1965625,0</coordinates></LinearRing></outerBoundaryIs></Polygon></Placemark>
      <Placemark><name>Grass (8,-12)</name><styleUrl>#grassStyle_0</styleUrl><Polygon><outerBoundaryIs><LinearRing><coordinates>-110.9265625,32.1965625,0 -110.9234375,32.1965625,0 -110.9234375,32.1984375,0 -110.9265625,32.1984375,0 -110.9265625,32.1965625,0</coordinates></LinearRing></outerBoundaryIs></Polygon></Placemark>
      <Placemark><name>Grass (9,-12)</name><styleUrl>#grassStyle_3</styleUrl><Polygon><outerBoundaryIs><LinearRing><coordinates>-110.9234375,32.1965625,0 -110.92031250000001,32.1965625,0 -110.92031250000001,32.1984375,0 -110.9234375,32.1984375,0 -110.9234375,32.1965625,0</coordinates></LinearRing></outerBoundaryIs></Polygon></Placemark>
      <Placemark><name>Grass (10,-12)</name><styleUrl>#grassStyle_0</styleUrl><Polygon><outerBoundaryIs><LinearRing><coordinates>-110.92031250000001,32.1965625,0 -110.91718750000001,32.1965625,0 -110.91718750000001,32.1984375,0 -110.92031250000001,32.1984375,0 -110.92031250000001,32.1965625,0</coordinates></LinearRing></outerBoundaryIs></Polygon></Placemark>
      <Placemark><name>Grass (11,-12)</name><styleUrl>#grassStyle_1</styleUrl><Polygon><outerBoundaryIs><LinearRing><coordinates>-110.91718750000001,32.1965625,0 -110.9140625,32.1965625,0 -110.9140625,32.1984375,0 -110.91718750000001,32.1984375,0 -110.91718750000001,32.1965625,0</coordinates></LinearRing></outerBoundaryIs></Polygon></Placemark>
      <Placemark><name>Grass (12,-12)</name><styleUrl>#grassStyle_0</styleUrl><Polygon><outerBoundaryIs><LinearRing><coordinates>-110.9140625,32.1965625,0 -110.9109375,32.1965625,0 -110.9109375,32.1984375,0 -110.9140625,32.1984375,0 -110.9140625,32.1965625,0</coordinates></LinearRing></outerBoundaryIs></Polygon></Placemark>
      <Placemark><name>Grass (13,-12)</name><styleUrl>#grassStyle_0</styleUrl><Polygon><outerBoundaryIs><LinearRing><coordinates>-110.9109375,32.1965625,0 -110.9078125,32.1965625,0 -110.9078125,32.1984375,0 -110.9109375,32.1984375,0 -110.9109375,32.1965625,0</coordinates></LinearRing></outerBoundaryIs></Polygon></Placemark>
      <Placemark><name>Grass (14,-12)</name><styleUrl>#grassStyle_0</styleUrl><Polygon><outerBoundaryIs><LinearRing><coordinates>-110.9078125,32.1965625,0 -110.90468750000001,32.1965625,0 -110.90468750000001,32.1984375,0 -110.9078125,32.1984375,0 -110.9078125,32.1965625,0</coordinates></LinearRing></outerBoundaryIs></Polygon></Placemark>
      <Placemark><name>Grass (15,-12)</name><styleUrl>#grassStyle_1</styleUrl><Polygon><outerBoundaryIs><LinearRing><coordinates>-110.90468750000001,32.1965625,0 -110.90156250000001,32.1965625,0 -110.90156250000001,32.1984375,0 -110.90468750000001,32.1984375,0 -110.90468750000001,32.1965625,0</coordinates></LinearRing></outerBoundaryIs></Polygon></Placemark>
      <Placemark><name>Grass (16,-12)</name><styleUrl>#grassStyle_1</styleUrl><Polygon><outerBoundaryIs><LinearRing><coordinates>-110.90156250000001,32.1965625,0 -110.8984375,32.1965625,0 -110.8984375,32.1984375,0 -110.90156250000001,32.1984375,0 -110.90156250000001,32.1965625,0</coordinates></LinearRing></outerBoundaryIs></Polygon></Placemark>
      <Placemark><name>Grass (-16,-11)</name><styleUrl>#grassStyle_0</styleUrl><Polygon><outerBoundaryIs><LinearRing><coordinates>-111.0015625,32.1984375,0 -110.9984375,32.1984375,0 -110.9984375,32.200312499999995,0 -111.0015625,32.200312499999995,0 -111.0015625,32.1984375,0</coordinates></LinearRing></outerBoundaryIs></Polygon></Placemark>
      <Placemark><name>Grass (-15,-11)</name><styleUrl>#grassStyle_1</styleUrl><Polygon><outerBoundaryIs><LinearRing><coordinates>-110.9984375,32.1984375,0 -110.9953125,32.1984375,0 -110.9953125,32.200312499999995,0 -110.9984375,32.200312499999995,0 -110.9984375,32.1984375,0</coordinates></LinearRing></outerBoundaryIs></Polygon></Placemark>
      <Placemark><name>Grass (-14,-11)</name><styleUrl>#grassStyle_1</styleUrl><Polygon><outerBoundaryIs><LinearRing><coordinates>-110.9953125,32.1984375,0 -110.9921875,32.1984375,0 -110.9921875,32.200312499999995,0 -110.9953125,32.200312499999995,0 -110.9953125,32.1984375,0</coordinates></LinearRing></outerBoundaryIs></Polygon></Placemark>
      <Placemark><name>Grass (-13,-11)</name><styleUrl>#grassStyle_0</styleUrl><Polygon><outerBoundaryIs><LinearRing><coordinates>-110.9921875,32.1984375,0 -110.9890625,32.1984375,0 -110.9890625,32.200312499999995,0 -110.9921875,32.200312499999995,0 -110.9921875,32.1984375,0</coordinates></LinearRing></outerBoundaryIs></Polygon></Placemark>
      <Placemark><name>Grass (-12,-11)</name><styleUrl>#grassStyle_1</styleUrl><Polygon><outerBoundaryIs><LinearRing><coordinates>-110.9890625,32.1984375,0 -110.9859375,32.1984375,0 -110.9859375,32.200312499999995,0 -110.9890625,32.200312499999995,0 -110.9890625,32.1984375,0</coordinates></LinearRing></outerBoundaryIs></Polygon></Placemark>
      <Placemark><name>Grass (-11,-11)</name><styleUrl>#grassStyle_1</styleUrl><Polygon><outerBoundaryIs><LinearRing><coordinates>-110.9859375,32.1984375,0 -110.9828125,32.1984375,0 -110.9828125,32.200312499999995,0 -110.9859375,32.200312499999995,0 -110.9859375,32.1984375,0</coordinates></LinearRing></outerBoundaryIs></Polygon></Placemark>
      <Placemark><name>Grass (-10,-11)</name><styleUrl>#grassStyle_2</styleUrl><Polygon><outerBoundaryIs><LinearRing><coordinates>-110.9828125,32.1984375,0 -110.9796875,32.1984375,0 -110.9796875,32.200312499999995,0 -110.9828125,32.200312499999995,0 -110.9828125,32.1984375,0</coordinates></LinearRing></outerBoundaryIs></Polygon></Placemark>
      <Placemark><name>Grass (-9,-11)</name><styleUrl>#grassStyle_1</styleUrl><Polygon><outerBoundaryIs><LinearRing><coordinates>-110.9796875,32.1984375,0 -110.9765625,32.1984375,0 -110.9765625,32.200312499999995,0 -110.9796875,32.200312499999995,0 -110.9796875,32.1984375,0</coordinates></LinearRing></outerBoundaryIs></Polygon></Placemark>
      <Placemark><name>Grass (-8,-11)</name><styleUrl>#grassStyle_0</styleUrl><Polygon><outerBoundaryIs><LinearRing><coordinates>-110.9765625,32.1984375,0 -110.9734375,32.1984375,0 -110.9734375,32.200312499999995,0 -110.9765625,32.200312499999995,0 -110.9765625,32.1984375,0</coordinates></LinearRing></outerBoundaryIs></Polygon></Placemark>
      <Placemark><name>Grass (-7,-11)</name><styleUrl>#grassStyle_1</styleUrl><Polygon><outerBoundaryIs><LinearRing><coordinates>-110.9734375,32.1984375,0 -110.9703125,32.1984375,0 -110.9703125,32.200312499999995,0 -110.9734375,32.200312499999995,0 -110.9734375,32.1984375,0</coordinates></LinearRing></outerBoundaryIs></Polygon></Placemark>
      <Placemark><name>Grass (-6,-11)</name><styleUrl>#grassStyle_1</styleUrl><Polygon><outerBoundaryIs><LinearRing><coordinates>-110.9703125,32.1984375,0 -110.96718750000001,32.1984375,0 -110.96718750000001,32.200312499999995,0 -110.9703125,32.200312499999995,0 -110.9703125,32.1984375,0</coordinates></LinearRing></outerBoundaryIs></Polygon></Placemark>
      <Placemark><name>Grass (-5,-11)</name><styleUrl>#grassStyle_0</styleUrl><Polygon><outerBoundaryIs><LinearRing><coordinates>-110.96718750000001,32.1984375,0 -110.9640625,32.1984375,0 -110.9640625,32.200312499999995,0 -110.96718750000001,32.200312499999995,0 -110.96718750000001,32.1984375,0</coordinates></LinearRing></outerBoundaryIs></Polygon></Placemark>
      <Placemark><name>Grass (-4,-11)</name><styleUrl>#grassStyle_0</styleUrl><Polygon><outerBoundaryIs><LinearRing><coordinates>-110.9640625,32.1984375,0 -110.9609375,32.1984375,0 -110.9609375,32.200312499999995,0 -110.9640625,32.200312499999995,0 -110.9640625,32.1984375,0</coordinates></LinearRing></outerBoundaryIs></Polygon></Placemark>
      <Placemark><name>Grass (-3,-11)</name><styleUrl>#grassStyle_1</styleUrl><Polygon><outerBoundaryIs><LinearRing><coordinates>-110.9609375,32.1984375,0 -110.9578125,32.1984375,0 -110.9578125,32.200312499999995,0 -110.9609375,32.200312499999995,0 -110.9609375,32.1984375,0</coordinates></LinearRing></outerBoundaryIs></Polygon></Placemark>
      <Placemark><name>Grass (-2,-11)</name><styleUrl>#grassStyle_0</styleUrl><Polygon><outerBoundaryIs><LinearRing><coordinates>-110.9578125,32.1984375,0 -110.9546875,32.1984375,0 -110.9546875,32.200312499999995,0 -110.9578125,32.200312499999995,0 -110.9578125,32.1984375,0</coordinates></LinearRing></outerBoundaryIs></Polygon></Placemark>
      <Placemark><name>Grass (-1,-11)</name><styleUrl>#grassStyle_0</styleUrl><Polygon><outerBoundaryIs><LinearRing><coordinates>-110.9546875,32.1984375,0 -110.95156250000001,32.1984375,0 -110.95156250000001,32.200312499999995,0 -110.9546875,32.200312499999995,0 -110.9546875,32.1984375,0</coordinates></LinearRing></outerBoundaryIs></Polygon></Placemark>
      <Placemark><name>Grass (0,-11)</name><styleUrl>#grassStyle_0</styleUrl><Polygon><outerBoundaryIs><LinearRing><coordinates>-110.95156250000001,32.1984375,0 -110.9484375,32.1984375,0 -110.9484375,32.200312499999995,0 -110.95156250000001,32.200312499999995,0 -110.95156250000001,32.1984375,0</coordinates></LinearRing></outerBoundaryIs></Polygon></Placemark>
      <Placemark><name>Grass (1,-11)</name><styleUrl>#grassStyle_0</styleUrl><Polygon><outerBoundaryIs><LinearRing><coordinates>-110.9484375,32.1984375,0 -110.9453125,32.1984375,0 -110.9453125,32.200312499999995,0 -110.9484375,32.200312499999995,0 -110.9484375,32.1984375,0</coordinates></LinearRing></outerBoundaryIs></Polygon></Placemark>
      <Placemark><name>Grass (2,-11)</name><styleUrl>#grassStyle_0</styleUrl><Polygon><outerBoundaryIs><LinearRing><coordinates>-110.9453125,32.1984375,0 -110.9421875,32.1984375,0 -110.9421875,32.200312499999995,0 -110.9453125,32.200312499999995,0 -110.9453125,32.1984375,0</coordinates></LinearRing></outerBoundaryIs></Polygon></Placemark>
      <Placemark><name>Grass (3,-11)</name><styleUrl>#grassStyle_0</styleUrl><Polygon><outerBoundaryIs><LinearRing><coordinates>-110.9421875,32.1984375,0 -110.9390625,32.1984375,0 -110.9390625,32.200312499999995,0 -110.9421875,32.200312499999995,0 -110.9421875,32.1984375,0</coordinates></LinearRing></outerBoundaryIs></Polygon></Placemark>
      <Placemark><name>Grass (4,-11)</name><styleUrl>#grassStyle_0</styleUrl><Polygon><outerBoundaryIs><LinearRing><coordinates>-110.9390625,32.1984375,0 -110.93593750000001,32.1984375,0 -110.93593750000001,32.200312499999995,0 -110.9390625,32.200312499999995,0 -110.9390625,32.1984375,0</coordinates></LinearRing></outerBoundaryIs></Polygon></Placemark>
      <Placemark><name>Grass (5,-11)</name><styleUrl>#grassStyle_2</styleUrl><Polygon><outerBoundaryIs><LinearRing><coordinates>-110.93593750000001,32.1984375,0 -110.9328125,32.1984375,0 -110.9328125,32.200312499999995,0 -110.93593750000001,32.200312499999995,0 -110.93593750000001,32.1984375,0</coordinates></LinearRing></outerBoundaryIs></Polygon></Placemark>
      <Placemark><name>Grass (6,-11)</name><styleUrl>#grassStyle_1</styleUrl><Polygon><outerBoundaryIs><LinearRing><coordinates>-110.9328125,32.1984375,0 -110.9296875,32.1984375,0 -110.9296875,32.200312499999995,0 -110.9328125,32.200312499999995,0 -110.9328125,32.1984375,0</coordinates></LinearRing></outerBoundaryIs></Polygon></Placemark>
      <Placemark><name>Grass (7,-11)</name><styleUrl>#grassStyle_0</styleUrl><Polygon><outerBoundaryIs><LinearRing><coordinates>-110.9296875,32.1984375,0 -110.9265625,32.1984375,0 -110.9265625,32.200312499999995,0 -110.9296875,32.200312499999995,0 -110.9296875,32.1984375,0</coordinates></LinearRing></outerBoundaryIs></Polygon></Placemark>
      <Placemark><name>Grass (8,-11)</name><styleUrl>#grassStyle_0</styleUrl><Polygon><outerBoundaryIs><LinearRing><coordinates>-110.9265625,32.1984375,0 -110.9234375,32.1984375,0 -110.9234375,32.200312499999995,0 -110.9265625,32.200312499999995,0 -110.9265625,32.1984375,0</coordinates></LinearRing></outerBoundaryIs></Polygon></Placemark>
      <Placemark><name>Grass (9,-11)</name><styleUrl>#grassStyle_1</styleUrl><Polygon><outerBoundaryIs><LinearRing><coordinates>-110.9234375,32.1984375,0 -110.92031250000001,32.1984375,0 -110.92031250000001,32.200312499999995,0 -110.9234375,32.200312499999995,0 -110.9234375,32.1984375,0</coordinates></LinearRing></outerBoundaryIs></Polygon></Placemark>
      <Placemark><name>Grass (10,-11)</name><styleUrl>#grassStyle_1</styleUrl><Polygon><outerBoundaryIs><LinearRing><coordinates>-110.92031250000001,32.1984375,0 -110.91718750000001,32.1984375,0 -110.91718750000001,32.200312499999995,0 -110.92031250000001,32.200312499999995,0 -110.92031250000001,32.1984375,0</coordinates></LinearRing></outerBoundaryIs></Polygon></Placemark>
      <Placemark><name>Grass (11,-11)</name><styleUrl>#grassStyle_1</styleUrl><Polygon><outerBoundaryIs><LinearRing><coordinates>-110.91718750000001,32.1984375,0 -110.9140625,32.1984375,0 -110.9140625,32.200312499999995,0 -110.91718750000001,32.200312499999995,0 -110.91718750000001,32.1984375,0</coordinates></LinearRing></outerBoundaryIs></Polygon></Placemark>
      <Placemark><name>Grass (12,-11)</name><styleUrl>#grassStyle_1</styleUrl><Polygon><outerBoundaryIs><LinearRing><coordinates>-110.9140625,32.1984375,0 -110.9109375,32.1984375,0 -110.9109375,32.200312499999995,0 -110.9140625,32.200312499999995,0 -110.9140625,32.1984375,0</coordinates></LinearRing></outerBoundaryIs></Polygon></Placemark>
      <Placemark><name>Grass (13,-11)</name><styleUrl>#grassStyle_1</styleUrl><Polygon><outerBoundaryIs><LinearRing><coordinates>-110.9109375,32.1984375,0 -110.9078125,32.1984375,0 -110.9078125,32.200312499999995,0 -110.9109375,32.200312499999995,0 -110.9109375,32.1984375,0</coordinates></LinearRing></outerBoundaryIs></Polygon></Placemark>
      <Placemark><name>Grass (14,-11)</name><styleUrl>#grassStyle_0</styleUrl><Polygon><outerBoundaryIs><LinearRing><coordinates>-110.9078125,32.1984375,0 -110.90468750000001,32.1984375,0 -110.90468750000001,32.200312499999995,0 -110.9078125,32.200312499999995,0 -110.9078125,32.1984375,0</coordinates></LinearRing></outerBoundaryIs></Polygon></Placemark>
      <Placemark><name>Grass (15,-11)</name><styleUrl>#grassStyle_1</styleUrl><Polygon><outerBoundaryIs><LinearRing><coordinates>-110.90468750000001,32.1984375,0 -110.90156250000001,32.1984375,0 -110.90156250000001,32.200312499999995,0 -110.90468750000001,32.200312499999995,0 -110.90468750000001,32.1984375,0</coordinates></LinearRing></outerBoundaryIs></Polygon></Placemark>
      <Placemark><name>Grass (16,-11)</name><styleUrl>#grassStyle_0</styleUrl><Polygon><outerBoundaryIs><LinearRing><coordinates>-110.90156250000001,32.1984375,0 -110.8984375,32.1984375,0 -110.8984375,32.200312499999995,0 -110.90156250000001,32.200312499999995,0 -110.90156250000001,32.1984375,0</coordinates></LinearRing></outerBoundaryIs></Polygon></Placemark>
      <Placemark><name>Grass (-16,-10)</name><styleUrl>#grassStyle_0</styleUrl><Polygon><outerBoundaryIs><LinearRing><coordinates>-111.0015625,32.200312499999995,0 -110.9984375,32.200312499999995,0 -110.9984375,32.2021875,0 -111.0015625,32.2021875,0 -111.0015625,32.200312499999995,0</coordinates></LinearRing></outerBoundaryIs></Polygon></Placemark>
      <Placemark><name>Grass (-15,-10)</name><styleUrl>#grassStyle_0</styleUrl><Polygon><outerBoundaryIs><LinearRing><coordinates>-110.9984375,32.200312499999995,0 -110.9953125,32.200312499999995,0 -110.9953125,32.2021875,0 -110.9984375,32.2021875,0 -110.9984375,32.200312499999995,0</coordinates></LinearRing></outerBoundaryIs></Polygon></Placemark>
      <Placemark><name>Grass (-14,-10)</name><styleUrl>#grassStyle_0</styleUrl><Polygon><outerBoundaryIs><LinearRing><coordinates>-110.9953125,32.200312499999995,0 -110.9921875,32.200312499999995,0 -110.9921875,32.2021875,0 -110.9953125,32.2021875,0 -110.9953125,32.200312499999995,0</coordinates></LinearRing></outerBoundaryIs></Polygon></Placemark>
      <Placemark><name>Grass (-13,-10)</name><styleUrl>#grassStyle_1</styleUrl><Polygon><outerBoundaryIs><LinearRing><coordinates>-110.9921875,32.200312499999995,0 -110.9890625,32.200312499999995,0 -110.9890625,32.2021875,0 -110.9921875,32.2021875,0 -110.9921875,32.200312499999995,0</coordinates></LinearRing></outerBoundaryIs></Polygon></Placemark>
      <Placemark><name>Grass (-12,-10)</name><styleUrl>#grassStyle_0</styleUrl><Polygon><outerBoundaryIs><LinearRing><coordinates>-110.9890625,32.200312499999995,0 -110.9859375,32.200312499999995,0 -110.9859375,32.2021875,0 -110.9890625,32.2021875,0 -110.9890625,32.200312499999995,0</coordinates></LinearRing></outerBoundaryIs></Polygon></Placemark>
      <Placemark><name>Grass (-11,-10)</name><styleUrl>#grassStyle_1</styleUrl><Polygon><outerBoundaryIs><LinearRing><coordinates>-110.9859375,32.200312499999995,0 -110.9828125,32.200312499999995,0 -110.9828125,32.2021875,0 -110.9859375,32.2021875,0 -110.9859375,32.200312499999995,0</coordinates></LinearRing></outerBoundaryIs></Polygon></Placemark>
      <Placemark><name>Grass (-10,-10)</name><styleUrl>#grassStyle_1</styleUrl><Polygon><outerBoundaryIs><LinearRing><coordinates>-110.9828125,32.200312499999995,0 -110.9796875,32.200312499999995,0 -110.9796875,32.2021875,0 -110.9828125,32.2021875,0 -110.9828125,32.200312499999995,0</coordinates></LinearRing></outerBoundaryIs></Polygon></Placemark>
      <Placemark><name>Grass (-9,-10)</name><styleUrl>#grassStyle_0</styleUrl><Polygon><outerBoundaryIs><LinearRing><coordinates>-110.9796875,32.200312499999995,0 -110.9765625,32.200312499999995,0 -110.9765625,32.2021875,0 -110.9796875,32.2021875,0 -110.9796875,32.200312499999995,0</coordinates></LinearRing></outerBoundaryIs></Polygon></Placemark>
      <Placemark><name>Grass (-8,-10)</name><styleUrl>#grassStyle_0</styleUrl><Polygon><outerBoundaryIs><LinearRing><coordinates>-110.9765625,32.200312499999995,0 -110.9734375,32.200312499999995,0 -110.9734375,32.2021875,0 -110.9765625,32.2021875,0 -110.9765625,32.200312499999995,0</coordinates></LinearRing></outerBoundaryIs></Polygon></Placemark>
      <Placemark><name>Grass (-7,-10)</name><styleUrl>#grassStyle_1</styleUrl><Polygon><outerBoundaryIs><LinearRing><coordinates>-110.9734375,32.200312499999995,0 -110.9703125,32.200312499999995,0 -110.9703125,32.2021875,0 -110.9734375,32.2021875,0 -110.9734375,32.200312499999995,0</coordinates></LinearRing></outerBoundaryIs></Polygon></Placemark>
      <Placemark><name>Grass (-6,-10)</name><styleUrl>#grassStyle_0</styleUrl><Polygon><outerBoundaryIs><LinearRing><coordinates>-110.9703125,32.200312499999995,0 -110.96718750000001,32.200312499999995,0 -110.96718750000001,32.2021875,0 -110.9703125,32.2021875,0 -110.9703125,32.200312499999995,0</coordinates></LinearRing></outerBoundaryIs></Polygon></Placemark>
      <Placemark><name>Grass (-5,-10)</name><styleUrl>#grassStyle_2</styleUrl><Polygon><outerBoundaryIs><LinearRing><coordinates>-110.96718750000001,32.200312499999995,0 -110.9640625,32.200312499999995,0 -110.9640625,32.2021875,0 -110.96718750000001,32.2021875,0 -110.96718750000001,32.200312499999995,0</coordinates></LinearRing></outerBoundaryIs></Polygon></Placemark>
      <Placemark><name>Grass (-4,-10)</name><styleUrl>#grassStyle_2</styleUrl><Polygon><outerBoundaryIs><LinearRing><coordinates>-110.9640625,32.200312499999995,0 -110.9609375,32.200312499999995,0 -110.9609375,32.2021875,0 -110.9640625,32.2021875,0 -110.9640625,32.200312499999995,0</coordinates></LinearRing></outerBoundaryIs></Polygon></Placemark>
      <Placemark><name>Grass (-3,-10)</name><styleUrl>#grassStyle_1</styleUrl><Polygon><outerBoundaryIs><LinearRing><coordinates>-110.9609375,32.200312499999995,0 -110.9578125,32.200312499999995,0 -110.9578125,32.2021875,0 -110.9609375,32.2021875,0 -110.9609375,32.200312499999995,0</coordinates></LinearRing></outerBoundaryIs></Polygon></Placemark>
      <Placemark><name>Grass (-2,-10)</name><styleUrl>#grassStyle_1</styleUrl><Polygon><outerBoundaryIs><LinearRing><coordinates>-110.9578125,32.200312499999995,0 -110.9546875,32.200312499999995,0 -110.9546875,32.2021875,0 -110.9578125,32.2021875,0 -110.9578125,32.200312499999995,0</coordinates></LinearRing></outerBoundaryIs></Polygon></Placemark>
      <Placemark><name>Grass (-1,-10)</name><styleUrl>#grassStyle_0</styleUrl><Polygon><outerBoundaryIs><LinearRing><coordinates>-110.9546875,32.200312499999995,0 -110.95156250000001,32.200312499999995,0 -110.95156250000001,32.2021875,0 -110.9546875,32.2021875,0 -110.9546875,32.200312499999995,0</coordinates></LinearRing></outerBoundaryIs></Polygon></Placemark>
      <Placemark><name>Grass (0,-10)</name><styleUrl>#grassStyle_0</styleUrl><Polygon><outerBoundaryIs><LinearRing><coordinates>-110.95156250000001,32.200312499999995,0 -110.9484375,32.200312499999995,0 -110.9484375,32.2021875,0 -110.95156250000001,32.2021875,0 -110.95156250000001,32.200312499999995,0</coordinates></LinearRing></outerBoundaryIs></Polygon></Placemark>
      <Placemark><name>Grass (1,-10)</name><styleUrl>#grassStyle_1</styleUrl><Polygon><outerBoundaryIs><LinearRing><coordinates>-110.9484375,32.200312499999995,0 -110.9453125,32.200312499999995,0 -110.9453125,32.2021875,0 -110.9484375,32.2021875,0 -110.9484375,32.200312499999995,0</coordinates></LinearRing></outerBoundaryIs></Polygon></Placemark>
      <Placemark><name>Grass (2,-10)</name><styleUrl>#grassStyle_0</styleUrl><Polygon><outerBoundaryIs><LinearRing><coordinates>-110.9453125,32.200312499999995,0 -110.9421875,32.200312499999995,0 -110.9421875,32.2021875,0 -110.9453125,32.2021875,0 -110.9453125,32.200312499999995,0</coordinates></LinearRing></outerBoundaryIs></Polygon></Placemark>
      <Placemark><name>Grass (3,-10)</name><styleUrl>#grassStyle_2</styleUrl><Polygon><outerBoundaryIs><LinearRing><coordinates>-110.9421875,32.200312499999995,0 -110.9390625,32.200312499999995,0 -110.9390625,32.2021875,0 -110.9421875,32.2021875,0 -110.9421875,32.200312499999995,0</coordinates></LinearRing></outerBoundaryIs></Polygon></Placemark>
      <Placemark><name>Grass (4,-10)</name><styleUrl>#grassStyle_1</styleUrl><Polygon><outerBoundaryIs><LinearRing><coordinates>-110.9390625,32.200312499999995,0 -110.93593750000001,32.200312499999995,0 -110.93593750000001,32.2021875,0 -110.9390625,32.2021875,0 -110.9390625,32.200312499999995,0</coordinates></LinearRing></outerBoundaryIs></Polygon></Placemark>
      <Placemark><name>Grass (5,-10)</name><styleUrl>#grassStyle_1</styleUrl><Polygon><outerBoundaryIs><LinearRing><coordinates>-110.93593750000001,32.200312499999995,0 -110.9328125,32.200312499999995,0 -110.9328125,32.2021875,0 -110.93593750000001,32.2021875,0 -110.93593750000001,32.200312499999995,0</coordinates></LinearRing></outerBoundaryIs></Polygon></Placemark>
      <Placemark><name>Grass (6,-10)</name><styleUrl>#grassStyle_0</styleUrl><Polygon><outerBoundaryIs><LinearRing><coordinates>-110.9328125,32.200312499999995,0 -110.9296875,32.200312499999995,0 -110.9296875,32.2021875,0 -110.9328125,32.2021875,0 -110.9328125,32.200312499999995,0</coordinates></LinearRing></outerBoundaryIs></Polygon></Placemark>
      <Placemark><name>Grass (7,-10)</name><styleUrl>#grassStyle_0</styleUrl><Polygon><outerBoundaryIs><LinearRing><coordinates>-110.9296875,32.200312499999995,0 -110.9265625,32.200312499999995,0 -110.9265625,32.2021875,0 -110.9296875,32.2021875,0 -110.9296875,32.200312499999995,0</coordinates></LinearRing></outerBoundaryIs></Polygon></Placemark>
      <Placemark><name>Grass (8,-10)</name><styleUrl>#grassStyle_1</styleUrl><Polygon><outerBoundaryIs><LinearRing><coordinates>-110.9265625,32.200312499999995,0 -110.9234375,32.200312499999995,0 -110.9234375,32.2021875,0 -110.9265625,32.2021875,0 -110.9265625,32.200312499999995,0</coordinates></LinearRing></outerBoundaryIs></Polygon></Placemark>
      <Placemark><name>Grass (9,-10)</name><styleUrl>#grassStyle_1</styleUrl><Polygon><outerBoundaryIs><LinearRing><coordinates>-110.9234375,32.200312499999995,0 -110.92031250000001,32.200312499999995,0 -110.92031250000001,32.2021875,0 -110.9234375,32.2021875,0 -110.9234375,32.200312499999995,0</coordinates></LinearRing></outerBoundaryIs></Polygon></Placemark>
      <Placemark><name>Grass (10,-10)</name><styleUrl>#grassStyle_0</styleUrl><Polygon><outerBoundaryIs><LinearRing><coordinates>-110.92031250000001,32.200312499999995,0 -110.91718750000001,32.200312499999995,0 -110.91718750000001,32.2021875,0 -110.92031250000001,32.2021875,0 -110.92031250000001,32.200312499999995,0</coordinates></LinearRing></outerBoundaryIs></Polygon></Placemark>
      <Placemark><name>Grass (11,-10)</name><styleUrl>#grassStyle_0</styleUrl><Polygon><outerBoundaryIs><LinearRing><coordinates>-110.91718750000001,32.200312499999995,0 -110.9140625,32.200312499999995,0 -110.9140625,32.2021875,0 -110.91718750000001,32.2021875,0 -110.91718750000001,32.200312499999995,0</coordinates></LinearRing></outerBoundaryIs></Polygon></Placemark>
      <Placemark><name>Grass (12,-10)</name><styleUrl>#grassStyle_0</styleUrl><Polygon><outerBoundaryIs><LinearRing><coordinates>-110.9140625,32.200312499999995,0 -110.9109375,32.200312499999995,0 -110.9109375,32.2021875,0 -110.9140625,32.2021875,0 -110.9140625,32.200312499999995,0</coordinates></LinearRing></outerBoundaryIs></Polygon></Placemark>
      <Placemark><name>Grass (13,-10)</name><styleUrl>#grassStyle_1</styleUrl><Polygon><outerBoundaryIs><LinearRing><coordinates>-110.9109375,32.200312499999995,0 -110.9078125,32.200312499999995,0 -110.9078125,32.2021875,0 -110.9109375,32.2021875,0 -110.9109375,32.200312499999995,0</coordinates></LinearRing></outerBoundaryIs></Polygon></Placemark>
      <Placemark><name>Grass (14,-10)</name><styleUrl>#grassStyle_1</styleUrl><Polygon><outerBoundaryIs><LinearRing><coordinates>-110.9078125,32.200312499999995,0 -110.90468750000001,32.200312499999995,0 -110.90468750000001,32.2021875,0 -110.9078125,32.2021875,0 -110.9078125,32.200312499999995,0</coordinates></LinearRing></outerBoundaryIs></Polygon></Placemark>
      <Placemark><name>Grass (15,-10)</name><styleUrl>#grassStyle_0</styleUrl><Polygon><outerBoundaryIs><LinearRing><coordinates>-110.90468750000001,32.200312499999995,0 -110.90156250000001,32.200312499999995,0 -110.90156250000001,32.2021875,0 -110.90468750000001,32.2021875,0 -110.90468750000001,32.200312499999995,0</coordinates></LinearRing></outerBoundaryIs></Polygon></Placemark>
      <Placemark><name>Grass (16,-10)</name><styleUrl>#grassStyle_2</styleUrl><Polygon><outerBoundaryIs><LinearRing><coordinates>-110.90156250000001,32.200312499999995,0 -110.8984375,32.200312499999995,0 -110.8984375,32.2021875,0 -110.90156250000001,32.2021875,0 -110.90156250000001,32.200312499999995,0</coordinates></LinearRing></outerBoundaryIs></Polygon></Placemark>
      <Placemark><name>Grass (-16,-9)</name><styleUrl>#grassStyle_0</styleUrl><Polygon><outerBoundaryIs><LinearRing><coordinates>-111.0015625,32.2021875,0 -110.9984375,32.2021875,0 -110.9984375,32.2040625,0 -111.0015625,32.2040625,0 -111.0015625,32.2021875,0</coordinates></LinearRing></outerBoundaryIs></Polygon></Placemark>
      <Placemark><name>Grass (-15,-9)</name><styleUrl>#grassStyle_2</styleUrl><Polygon><outerBoundaryIs><LinearRing><coordinates>-110.9984375,32.2021875,0 -110.9953125,32.2021875,0 -110.9953125,32.2040625,0 -110.9984375,32.2040625,0 -110.9984375,32.2021875,0</coordinates></LinearRing></outerBoundaryIs></Polygon></Placemark>
      <Placemark><name>Grass (-14,-9)</name><styleUrl>#grassStyle_1</styleUrl><Polygon><outerBoundaryIs><LinearRing><coordinates>-110.9953125,32.2021875,0 -110.9921875,32.2021875,0 -110.9921875,32.2040625,0 -110.9953125,32.2040625,0 -110.9953125,32.2021875,0</coordinates></LinearRing></outerBoundaryIs></Polygon></Placemark>
      <Placemark><name>Grass (-13,-9)</name><styleUrl>#grassStyle_1</styleUrl><Polygon><outerBoundaryIs><LinearRing><coordinates>-110.9921875,32.2021875,0 -110.9890625,32.2021875,0 -110.9890625,32.2040625,0 -110.9921875,32.2040625,0 -110.9921875,32.2021875,0</coordinates></LinearRing></outerBoundaryIs></Polygon></Placemark>
      <Placemark><name>Grass (-12,-9)</name><styleUrl>#grassStyle_1</styleUrl><Polygon><outerBoundaryIs><LinearRing><coordinates>-110.9890625,32.2021875,0 -110.9859375,32.2021875,0 -110.9859375,32.2040625,0 -110.9890625,32.2040625,0 -110.9890625,32.2021875,0</coordinates></LinearRing></outerBoundaryIs></Polygon></Placemark>
      <Placemark><name>Grass (-11,-9)</name><styleUrl>#grassStyle_0</styleUrl><Polygon><outerBoundaryIs><LinearRing><coordinates>-110.9859375,32.2021875,0 -110.9828125,32.2021875,0 -110.9828125,32.2040625,0 -110.9859375,32.2040625,0 -110.9859375,32.2021875,0</coordinates></LinearRing></outerBoundaryIs></Polygon></Placemark>
      <Placemark><name>Grass (-10,-9)</name><styleUrl>#grassStyle_1</styleUrl><Polygon><outerBoundaryIs><LinearRing><coordinates>-110.9828125,32.2021875,0 -110.9796875,32.2021875,0 -110.9796875,32.2040625,0 -110.9828125,32.2040625,0 -110.9828125,32.2021875,0</coordinates></LinearRing></outerBoundaryIs></Polygon></Placemark>
      <Placemark><name>Grass (-9,-9)</name><styleUrl>#grassStyle_0</styleUrl><Polygon><outerBoundaryIs><LinearRing><coordinates>-110.9796875,32.2021875,0 -110.9765625,32.2021875,0 -110.9765625,32.2040625,0 -110.9796875,32.2040625,0 -110.9796875,32.2021875,0</coordinates></LinearRing></outerBoundaryIs></Polygon></Placemark>
      <Placemark><name>Grass (-8,-9)</name><styleUrl>#grassStyle_0</styleUrl><Polygon><outerBoundaryIs><LinearRing><coordinates>-110.9765625,32.2021875,0 -110.9734375,32.2021875,0 -110.9734375,32.2040625,0 -110.9765625,32.2040625,0 -110.9765625,32.2021875,0</coordinates></LinearRing></outerBoundaryIs></Polygon></Placemark>
      <Placemark><name>Grass (-7,-9)</name><styleUrl>#grassStyle_2</styleUrl><Polygon><outerBoundaryIs><LinearRing><coordinates>-110.9734375,32.2021875,0 -110.9703125,32.2021875,0 -110.9703125,32.2040625,0 -110.9734375,32.2040625,0 -110.9734375,32.2021875,0</coordinates></LinearRing></outerBoundaryIs></Polygon></Placemark>
      <Placemark><name>Grass (-6,-9)</name><styleUrl>#grassStyle_0</styleUrl><Polygon><outerBoundaryIs><LinearRing><coordinates>-110.9703125,32.2021875,0 -110.96718750000001,32.2021875,0 -110.96718750000001,32.2040625,0 -110.9703125,32.2040625,0 -110.9703125,32.2021875,0</coordinates></LinearRing></outerBoundaryIs></Polygon></Placemark>
      <Placemark><name>Grass (-5,-9)</name><styleUrl>#grassStyle_0</styleUrl><Polygon><outerBoundaryIs><LinearRing><coordinates>-110.96718750000001,32.2021875,0 -110.9640625,32.2021875,0 -110.9640625,32.2040625,0 -110.96718750000001,32.2040625,0 -110.96718750000001,32.2021875,0</coordinates></LinearRing></outerBoundaryIs></Polygon></Placemark>
      <Placemark><name>Grass (-4,-9)</name><styleUrl>#grassStyle_2</styleUrl><Polygon><outerBoundaryIs><LinearRing><coordinates>-110.9640625,32.2021875,0 -110.9609375,32.2021875,0 -110.9609375,32.2040625,0 -110.9640625,32.2040625,0 -110.9640625,32.2021875,0</coordinates></LinearRing></outerBoundaryIs></Polygon></Placemark>
      <Placemark><name>Grass (-3,-9)</name><styleUrl>#grassStyle_1</styleUrl><Polygon><outerBoundaryIs><LinearRing><coordinates>-110.9609375,32.2021875,0 -110.9578125,32.2021875,0 -110.9578125,32.2040625,0 -110.9609375,32.2040625,0 -110.9609375,32.2021875,0</coordinates></LinearRing></outerBoundaryIs></Polygon></Placemark>
      <Placemark><name>Grass (-2,-9)</name><styleUrl>#grassStyle_0</styleUrl><Polygon><outerBoundaryIs><LinearRing><coordinates>-110.9578125,32.2021875,0 -110.9546875,32.2021875,0 -110.9546875,32.2040625,0 -110.9578125,32.2040625,0 -110.9578125,32.2021875,0</coordinates></LinearRing></outerBoundaryIs></Polygon></Placemark>
      <Placemark><name>Grass (-1,-9)</name><styleUrl>#grassStyle_1</styleUrl><Polygon><outerBoundaryIs><LinearRing><coordinates>-110.9546875,32.2021875,0 -110.95156250000001,32.2021875,0 -110.95156250000001,32.2040625,0 -110.9546875,32.2040625,0 -110.9546875,32.2021875,0</coordinates></LinearRing></outerBoundaryIs></Polygon></Placemark>
      <Placemark><name>Grass (0,-9)</name><styleUrl>#grassStyle_0</styleUrl><Polygon><outerBoundaryIs><LinearRing><coordinates>-110.95156250000001,32.2021875,0 -110.9484375,32.2021875,0 -110.9484375,32.2040625,0 -110.95156250000001,32.2040625,0 -110.95156250000001,32.2021875,0</coordinates></LinearRing></outerBoundaryIs></Polygon></Placemark>
      <Placemark><name>Grass (1,-9)</name><styleUrl>#grassStyle_0</styleUrl><Polygon><outerBoundaryIs><LinearRing><coordinates>-110.9484375,32.2021875,0 -110.9453125,32.2021875,0 -110.9453125,32.2040625,0 -110.9484375,32.2040625,0 -110.9484375,32.2021875,0</coordinates></LinearRing></outerBoundaryIs></Polygon></Placemark>
      <Placemark><name>Grass (2,-9)</name><styleUrl>#grassStyle_0</styleUrl><Polygon><outerBoundaryIs><LinearRing><coordinates>-110.9453125,32.2021875,0 -110.9421875,32.2021875,0 -110.9421875,32.2040625,0 -110.9453125,32.2040625,0 -110.9453125,32.2021875,0</coordinates></LinearRing></outerBoundaryIs></Polygon></Placemark>
      <Placemark><name>Grass (3,-9)</name><styleUrl>#grassStyle_1</styleUrl><Polygon><outerBoundaryIs><LinearRing><coordinates>-110.9421875,32.2021875,0 -110.9390625,32.2021875,0 -110.9390625,32.2040625,0 -110.9421875,32.2040625,0 -110.9421875,32.2021875,0</coordinates></LinearRing></outerBoundaryIs></Polygon></Placemark>
      <Placemark><name>Grass (4,-9)</name><styleUrl>#grassStyle_0</styleUrl><Polygon><outerBoundaryIs><LinearRing><coordinates>-110.9390625,32.2021875,0 -110.93593750000001,32.2021875,0 -110.93593750000001,32.2040625,0 -110.9390625,32.2040625,0 -110.9390625,32.2021875,0</coordinates></LinearRing></outerBoundaryIs></Polygon></Placemark>
      <Placemark><name>Grass (5,-9)</name><styleUrl>#grassStyle_0</styleUrl><Polygon><outerBoundaryIs><LinearRing><coordinates>-110.93593750000001,32.2021875,0 -110.9328125,32.2021875,0 -110.9328125,32.2040625,0 -110.93593750000001,32.2040625,0 -110.93593750000001,32.2021875,0</coordinates></LinearRing></outerBoundaryIs></Polygon></Placemark>
      <Placemark><name>Grass (6,-9)</name><styleUrl>#grassStyle_0</styleUrl><Polygon><outerBoundaryIs><LinearRing><coordinates>-110.9328125,32.2021875,0 -110.9296875,32.2021875,0 -110.9296875,32.2040625,0 -110.9328125,32.2040625,0 -110.9328125,32.2021875,0</coordinates></LinearRing></outerBoundaryIs></Polygon></Placemark>
      <Placemark><name>Grass (7,-9)</name><styleUrl>#grassStyle_2</styleUrl><Polygon><outerBoundaryIs><LinearRing><coordinates>-110.9296875,32.2021875,0 -110.9265625,32.2021875,0 -110.9265625,32.2040625,0 -110.9296875,32.2040625,0 -110.9296875,32.2021875,0</coordinates></LinearRing></outerBoundaryIs></Polygon></Placemark>
      <Placemark><name>Grass (8,-9)</name><styleUrl>#grassStyle_1</styleUrl><Polygon><outerBoundaryIs><LinearRing><coordinates>-110.9265625,32.2021875,0 -110.9234375,32.2021875,0 -110.9234375,32.2040625,0 -110.9265625,32.2040625,0 -110.9265625,32.2021875,0</coordinates></LinearRing></outerBoundaryIs></Polygon></Placemark>
      <Placemark><name>Grass (9,-9)</name><styleUrl>#grassStyle_0</styleUrl><Polygon><outerBoundaryIs><LinearRing><coordinates>-110.9234375,32.2021875,0 -110.92031250000001,32.2021875,0 -110.92031250000001,32.2040625,0 -110.9234375,32.2040625,0 -110.9234375,32.2021875,0</coordinates></LinearRing></outerBoundaryIs></Polygon></Placemark>
      <Placemark><name>Grass (10,-9)</name><styleUrl>#grassStyle_0</styleUrl><Polygon><outerBoundaryIs><LinearRing><coordinates>-110.92031250000001,32.2021875,0 -110.91718750000001,32.2021875,0 -110.91718750000001,32.2040625,0 -110.92031250000001,32.2040625,0 -110.92031250000001,32.2021875,0</coordinates></LinearRing></outerBoundaryIs></Polygon></Placemark>
      <Placemark><name>Grass (11,-9)</name><styleUrl>#grassStyle_1</styleUrl><Polygon><outerBoundaryIs><LinearRing><coordinates>-110.91718750000001,32.2021875,0 -110.9140625,32.2021875,0 -110.9140625,32.2040625,0 -110.91718750000001,32.2040625,0 -110.91718750000001,32.2021875,0</coordinates></LinearRing></outerBoundaryIs></Polygon></Placemark>
      <Placemark><name>Grass (12,-9)</name><styleUrl>#grassStyle_1</styleUrl><Polygon><outerBoundaryIs><LinearRing><coordinates>-110.9140625,32.2021875,0 -110.9109375,32.2021875,0 -110.9109375,32.2040625,0 -110.9140625,32.2040625,0 -110.9140625,32.2021875,0</coordinates></LinearRing></outerBoundaryIs></Polygon></Placemark>
      <Placemark><name>Grass (13,-9)</name><styleUrl>#grassStyle_1</styleUrl><Polygon><outerBoundaryIs><LinearRing><coordinates>-110.9109375,32.2021875,0 -110.9078125,32.2021875,0 -110.9078125,32.2040625,0 -110.9109375,32.2040625,0 -110.9109375,32.2021875,0</coordinates></LinearRing></outerBoundaryIs></Polygon></Placemark>
      <Placemark><name>Grass (14,-9)</name><styleUrl>#grassStyle_0</styleUrl><Polygon><outerBoundaryIs><LinearRing><coordinates>-110.9078125,32.2021875,0 -110.90468750000001,32.2021875,0 -110.90468750000001,32.2040625,0 -110.9078125,32.2040625,0 -110.9078125,32.2021875,0</coordinates></LinearRing></outerBoundaryIs></Polygon></Placemark>
      <Placemark><name>Grass (15,-9)</name><styleUrl>#grassStyle_0</styleUrl><Polygon><outerBoundaryIs><LinearRing><coordinates>-110.90468750000001,32.2021875,0 -110.90156250000001,32.2021875,0 -110.90156250000001,32.2040625,0 -110.90468750000001,32.2040625,0 -110.90468750000001,32.2021875,0</coordinates></LinearRing></outerBoundaryIs></Polygon></Placemark>
      <Placemark><name>Grass (16,-9)</name><styleUrl>#grassStyle_1</styleUrl><Polygon><outerBoundaryIs><LinearRing><coordinates>-110.90156250000001,32.2021875,0 -110.8984375,32.2021875,0 -110.8984375,32.2040625,0 -110.90156250000001,32.2040625,0 -110.90156250000001,32.2021875,0</coordinates></LinearRing></outerBoundaryIs></Polygon></Placemark>
      <Placemark><name>Grass (-16,-8)</name><styleUrl>#grassStyle_0</styleUrl><Polygon><outerBoundaryIs><LinearRing><coordinates>-111.0015625,32.2040625,0 -110.9984375,32.2040625,0 -110.9984375,32.2059375,0 -111.0015625,32.2059375,0 -111.0015625,32.2040625,0</coordinates></LinearRing></outerBoundaryIs></Polygon></Placemark>
      <Placemark><name>Grass (-15,-8)</name><styleUrl>#grassStyle_0</styleUrl><Polygon><outerBoundaryIs><LinearRing><coordinates>-110.9984375,32.2040625,0 -110.9953125,32.2040625,0 -110.9953125,32.2059375,0 -110.9984375,32.2059375,0 -110.9984375,32.2040625,0</coordinates></LinearRing></outerBoundaryIs></Polygon></Placemark>
      <Placemark><name>Grass (-14,-8)</name><styleUrl>#grassStyle_0</styleUrl><Polygon><outerBoundaryIs><LinearRing><coordinates>-110.9953125,32.2040625,0 -110.9921875,32.2040625,0 -110.9921875,32.2059375,0 -110.9953125,32.2059375,0 -110.9953125,32.2040625,0</coordinates></LinearRing></outerBoundaryIs></Polygon></Placemark>
      <Placemark><name>Grass (-13,-8)</name><styleUrl>#grassStyle_1</styleUrl><Polygon><outerBoundaryIs><LinearRing><coordinates>-110.9921875,32.2040625,0 -110.9890625,32.2040625,0 -110.9890625,32.2059375,0 -110.9921875,32.2059375,0 -110.9921875,32.2040625,0</coordinates></LinearRing></outerBoundaryIs></Polygon></Placemark>
      <Placemark><name>Grass (-12,-8)</name><styleUrl>#grassStyle_0</styleUrl><Polygon><outerBoundaryIs><LinearRing><coordinates>-110.9890625,32.2040625,0 -110.9859375,32.2040625,0 -110.9859375,32.2059375,0 -110.9890625,32.2059375,0 -110.9890625,32.2040625,0</coordinates></LinearRing></outerBoundaryIs></Polygon></Placemark>
      <Placemark><name>Grass (-11,-8)</name><styleUrl>#grassStyle_1</styleUrl><Polygon><outerBoundaryIs><LinearRing><coordinates>-110.9859375,32.2040625,0 -110.9828125,32.2040625,0 -110.9828125,32.2059375,0 -110.9859375,32.2059375,0 -110.9859375,32.2040625,0</coordinates></LinearRing></outerBoundaryIs></Polygon></Placemark>
      <Placemark><name>Grass (-10,-8)</name><styleUrl>#grassStyle_1</styleUrl><Polygon><outerBoundaryIs><LinearRing><coordinates>-110.9828125,32.2040625,0 -110.9796875,32.2040625,0 -110.9796875,32.2059375,0 -110.9828125,32.2059375,0 -110.9828125,32.2040625,0</coordinates></LinearRing></outerBoundaryIs></Polygon></Placemark>
      <Placemark><name>Grass (-9,-8)</name><styleUrl>#grassStyle_1</styleUrl><Polygon><outerBoundaryIs><LinearRing><coordinates>-110.9796875,32.2040625,0 -110.9765625,32.2040625,0 -110.9765625,32.2059375,0 -110.9796875,32.2059375,0 -110.9796875,32.2040625,0</coordinates></LinearRing></outerBoundaryIs></Polygon></Placemark>
      <Placemark><name>Grass (-8,-8)</name><styleUrl>#grassStyle_2</styleUrl><Polygon><outerBoundaryIs><LinearRing><coordinates>-110.9765625,32.2040625,0 -110.9734375,32.2040625,0 -110.9734375,32.2059375,0 -110.9765625,32.2059375,0 -110.9765625,32.2040625,0</coordinates></LinearRing></outerBoundaryIs></Polygon></Placemark>
      <Placemark><name>Grass (-7,-8)</name><styleUrl>#grassStyle_0</styleUrl><Polygon><outerBoundaryIs><LinearRing><coordinates>-110.9734375,32.2040625,0 -110.9703125,32.2040625,0 -110.9703125,32.2059375,0 -110.9734375,32.2059375,0 -110.9734375,32.2040625,0</coordinates></LinearRing></outerBoundaryIs></Polygon></Placemark>
      <Placemark><name>Grass (-6,-8)</name><styleUrl>#grassStyle_0</styleUrl><Polygon><outerBoundaryIs><LinearRing><coordinates>-110.9703125,32.2040625,0 -110.96718750000001,32.2040625,0 -110.96718750000001,32.2059375,0 -110.9703125,32.2059375,0 -110.9703125,32.2040625,0</coordinates></LinearRing></outerBoundaryIs></Polygon></Placemark>
      <Placemark><name>Grass (-5,-8)</name><styleUrl>#grassStyle_0</styleUrl><Polygon><outerBoundaryIs><LinearRing><coordinates>-110.96718750000001,32.2040625,0 -110.9640625,32.2040625,0 -110.9640625,32.2059375,0 -110.96718750000001,32.2059375,0 -110.96718750000001,32.2040625,0</coordinates></LinearRing></outerBoundaryIs></Polygon></Placemark>
      <Placemark><name>Grass (-4,-8)</name><styleUrl>#grassStyle_0</styleUrl><Polygon><outerBoundaryIs><LinearRing><coordinates>-110.9640625,32.2040625,0 -110.9609375,32.2040625,0 -110.9609375,32.2059375,0 -110.9640625,32.2059375,0 -110.9640625,32.2040625,0</coordinates></LinearRing></outerBoundaryIs></Polygon></Placemark>
      <Placemark><name>Grass (-3,-8)</name><styleUrl>#grassStyle_1</styleUrl><Polygon><outerBoundaryIs><LinearRing><coordinates>-110.9609375,32.2040625,0 -110.9578125,32.2040625,0 -110.9578125,32.2059375,0 -110.9609375,32.2059375,0 -110.9609375,32.2040625,0</coordinates></LinearRing></outerBoundaryIs></Polygon></Placemark>
      <Placemark><name>Grass (-2,-8)</name><styleUrl>#grassStyle_1</styleUrl><Polygon><outerBoundaryIs><LinearRing><coordinates>-110.9578125,32.2040625,0 -110.9546875,32.2040625,0 -110.9546875,32.2059375,0 -110.9578125,32.2059375,0 -110.9578125,32.2040625,0</coordinates></LinearRing></outerBoundaryIs></Polygon></Placemark>
      <Placemark><name>Grass (-1,-8)</name><styleUrl>#grassStyle_0</styleUrl><Polygon><outerBoundaryIs><LinearRing><coordinates>-110.9546875,32.2040625,0 -110.95156250000001,32.2040625,0 -110.95156250000001,32.2059375,0 -110.9546875,32.2059375,0 -110.9546875,32.2040625,0</coordinates></LinearRing></outerBoundaryIs></Polygon></Placemark>
      <Placemark><name>Grass (0,-8)</name><styleUrl>#grassStyle_1</styleUrl><Polygon><outerBoundaryIs><LinearRing><coordinates>-110.95156250000001,32.2040625,0 -110.9484375,32.2040625,0 -110.9484375,32.2059375,0 -110.95156250000001,32.2059375,0 -110.95156250000001,32.2040625,0</coordinates></LinearRing></outerBoundaryIs></Polygon></Placemark>
      <Placemark><name>Grass (1,-8)</name><styleUrl>#grassStyle_1</styleUrl><Polygon><outerBoundaryIs><LinearRing><coordinates>-110.9484375,32.2040625,0 -110.9453125,32.2040625,0 -110.9453125,32.2059375,0 -110.9484375,32.2059375,0 -110.9484375,32.2040625,0</coordinates></LinearRing></outerBoundaryIs></Polygon></Placemark>
      <Placemark><name>Grass (2,-8)</name><styleUrl>#grassStyle_0</styleUrl><Polygon><outerBoundaryIs><LinearRing><coordinates>-110.9453125,32.2040625,0 -110.9421875,32.2040625,0 -110.9421875,32.2059375,0 -110.9453125,32.2059375,0 -110.9453125,32.2040625,0</coordinates></LinearRing></outerBoundaryIs></Polygon></Placemark>
      <Placemark><name>Grass (3,-8)</name><styleUrl>#grassStyle_0</styleUrl><Polygon><outerBoundaryIs><LinearRing><coordinates>-110.9421875,32.2040625,0 -110.9390625,32.2040625,0 -110.9390625,32.2059375,0 -110.9421875,32.2059375,0 -110.9421875,32.2040625,0</coordinates></LinearRing></outerBoundaryIs></Polygon></Placemark>
      <Placemark><name>Grass (4,-8)</name><styleUrl>#grassStyle_1</styleUrl><Polygon><outerBoundaryIs><LinearRing><coordinates>-110.9390625,32.2040625,0 -110.93593750000001,32.2040625,0 -110.93593750000001,32.2059375,0 -110.9390625,32.2059375,0 -110.9390625,32.2040625,0</coordinates></LinearRing></outerBoundaryIs></Polygon></Placemark>
      <Placemark><name>Grass (5,-8)</name><styleUrl>#grassStyle_0</styleUrl><Polygon><outerBoundaryIs><LinearRing><coordinates>-110.93593750000001,32.2040625,0 -110.9328125,32.2040625,0 -110.9328125,32.2059375,0 -110.93593750000001,32.2059375,0 -110.93593750000001,32.2040625,0</coordinates></LinearRing></outerBoundaryIs></Polygon></Placemark>
      <Placemark><name>Grass (6,-8)</name><styleUrl>#grassStyle_0</styleUrl><Polygon><outerBoundaryIs><LinearRing><coordinates>-110.9328125,32.2040625,0 -110.9296875,32.2040625,0 -110.9296875,32.2059375,0 -110.9328125,32.2059375,0 -110.9328125,32.2040625,0</coordinates></LinearRing></outerBoundaryIs></Polygon></Placemark>
      <Placemark><name>Grass (7,-8)</name><styleUrl>#grassStyle_0</styleUrl><Polygon><outerBoundaryIs><LinearRing><coordinates>-110.9296875,32.2040625,0 -110.9265625,32.2040625,0 -110.9265625,32.2059375,0 -110.9296875,32.2059375,0 -110.9296875,32.2040625,0</coordinates></LinearRing></outerBoundaryIs></Polygon></Placemark>
      <Placemark><name>Grass (8,-8)</name><styleUrl>#grassStyle_1</styleUrl><Polygon><outerBoundaryIs><LinearRing><coordinates>-110.9265625,32.2040625,0 -110.9234375,32.2040625,0 -110.9234375,32.2059375,0 -110.9265625,32.2059375,0 -110.9265625,32.2040625,0</coordinates></LinearRing></outerBoundaryIs></Polygon></Placemark>
      <Placemark><name>Grass (9,-8)</name><styleUrl>#grassStyle_0</styleUrl><Polygon><outerBoundaryIs><LinearRing><coordinates>-110.9234375,32.2040625,0 -110.92031250000001,32.2040625,0 -110.92031250000001,32.2059375,0 -110.9234375,32.2059375,0 -110.9234375,32.2040625,0</coordinates></LinearRing></outerBoundaryIs></Polygon></Placemark>
      <Placemark><name>Grass (10,-8)</name><styleUrl>#grassStyle_0</styleUrl><Polygon><outerBoundaryIs><LinearRing><coordinates>-110.92031250000001,32.2040625,0 -110.91718750000001,32.2040625,0 -110.91718750000001,32.2059375,0 -110.92031250000001,32.2059375,0 -110.92031250000001,32.2040625,0</coordinates></LinearRing></outerBoundaryIs></Polygon></Placemark>
      <Placemark><name>Grass (11,-8)</name><styleUrl>#grassStyle_1</styleUrl><Polygon><outerBoundaryIs><LinearRing><coordinates>-110.91718750000001,32.2040625,0 -110.9140625,32.2040625,0 -110.9140625,32.2059375,0 -110.91718750000001,32.2059375,0 -110.91718750000001,32.2040625,0</coordinates></LinearRing></outerBoundaryIs></Polygon></Placemark>
      <Placemark><name>Grass (12,-8)</name><styleUrl>#grassStyle_1</styleUrl><Polygon><outerBoundaryIs><LinearRing><coordinates>-110.9140625,32.2040625,0 -110.9109375,32.2040625,0 -110.9109375,32.2059375,0 -110.9140625,32.2059375,0 -110.9140625,32.2040625,0</coordinates></LinearRing></outerBoundaryIs></Polygon></Placemark>
      <Placemark><name>Grass (13,-8)</name><styleUrl>#grassStyle_0</styleUrl><Polygon><outerBoundaryIs><LinearRing><coordinates>-110.9109375,32.2040625,0 -110.9078125,32.2040625,0 -110.9078125,32.2059375,0 -110.9109375,32.2059375,0 -110.9109375,32.2040625,0</coordinates></LinearRing></outerBoundaryIs></Polygon></Placemark>
      <Placemark><name>Grass (14,-8)</name><styleUrl>#grassStyle_0</styleUrl><Polygon><outerBoundaryIs><LinearRing><coordinates>-110.9078125,32.2040625,0 -110.90468750000001,32.2040625,0 -110.90468750000001,32.2059375,0 -110.9078125,32.2059375,0 -110.9078125,32.2040625,0</coordinates></LinearRing></outerBoundaryIs></Polygon></Placemark>
      <Placemark><name>Grass (15,-8)</name><styleUrl>#grassStyle_1</styleUrl><Polygon><outerBoundaryIs><LinearRing><coordinates>-110.90468750000001,32.2040625,0 -110.90156250000001,32.2040625,0 -110.90156250000001,32.2059375,0 -110.90468750000001,32.2059375,0 -110.90468750000001,32.2040625,0</coordinates></LinearRing></outerBoundaryIs></Polygon></Placemark>
      <Placemark><name>Grass (16,-8)</name><styleUrl>#grassStyle_1</styleUrl><Polygon><outerBoundaryIs><LinearRing><coordinates>-110.90156250000001,32.2040625,0 -110.8984375,32.2040625,0 -110.8984375,32.2059375,0 -110.90156250000001,32.2059375,0 -110.90156250000001,32.2040625,0</coordinates></LinearRing></outerBoundaryIs></Polygon></Placemark>
      <Placemark><name>Grass (-16,-7)</name><styleUrl>#grassStyle_0</styleUrl><Polygon><outerBoundaryIs><LinearRing><coordinates>-111.0015625,32.2059375,0 -110.9984375,32.2059375,0 -110.9984375,32.207812499999996,0 -111.0015625,32.207812499999996,0 -111.0015625,32.2059375,0</coordinates></LinearRing></outerBoundaryIs></Polygon></Placemark>
      <Placemark><name>Grass (-15,-7)</name><styleUrl>#grassStyle_1</styleUrl><Polygon><outerBoundaryIs><LinearRing><coordinates>-110.9984375,32.2059375,0 -110.9953125,32.2059375,0 -110.9953125,32.207812499999996,0 -110.9984375,32.207812499999996,0 -110.9984375,32.2059375,0</coordinates></LinearRing></outerBoundaryIs></Polygon></Placemark>
      <Placemark><name>Grass (-14,-7)</name><styleUrl>#grassStyle_0</styleUrl><Polygon><outerBoundaryIs><LinearRing><coordinates>-110.9953125,32.2059375,0 -110.9921875,32.2059375,0 -110.9921875,32.207812499999996,0 -110.9953125,32.207812499999996,0 -110.9953125,32.2059375,0</coordinates></LinearRing></outerBoundaryIs></Polygon></Placemark>
      <Placemark><name>Grass (-13,-7)</name><styleUrl>#grassStyle_0</styleUrl><Polygon><outerBoundaryIs><LinearRing><coordinates>-110.9921875,32.2059375,0 -110.9890625,32.2059375,0 -110.9890625,32.207812499999996,0 -110.9921875,32.207812499999996,0 -110.9921875,32.2059375,0</coordinates></LinearRing></outerBoundaryIs></Polygon></Placemark>
      <Placemark><name>Grass (-12,-7)</name><styleUrl>#grassStyle_1</styleUrl><Polygon><outerBoundaryIs><LinearRing><coordinates>-110.9890625,32.2059375,0 -110.9859375,32.2059375,0 -110.9859375,32.207812499999996,0 -110.9890625,32.207812499999996,0 -110.9890625,32.2059375,0</coordinates></LinearRing></outerBoundaryIs></Polygon></Placemark>
      <Placemark><name>Grass (-11,-7)</name><styleUrl>#grassStyle_1</styleUrl><Polygon><outerBoundaryIs><LinearRing><coordinates>-110.9859375,32.2059375,0 -110.9828125,32.2059375,0 -110.9828125,32.207812499999996,0 -110.9859375,32.207812499999996,0 -110.9859375,32.2059375,0</coordinates></LinearRing></outerBoundaryIs></Polygon></Placemark>
      <Placemark><name>Grass (-10,-7)</name><styleUrl>#grassStyle_0</styleUrl><Polygon><outerBoundaryIs><LinearRing><coordinates>-110.9828125,32.2059375,0 -110.9796875,32.2059375,0 -110.9796875,32.207812499999996,0 -110.9828125,32.207812499999996,0 -110.9828125,32.2059375,0</coordinates></LinearRing></outerBoundaryIs></Polygon></Placemark>
      <Placemark><name>Grass (-9,-7)</name><styleUrl>#grassStyle_0</styleUrl><Polygon><outerBoundaryIs><LinearRing><coordinates>-110.9796875,32.2059375,0 -110.9765625,32.2059375,0 -110.9765625,32.207812499999996,0 -110.9796875,32.207812499999996,0 -110.9796875,32.2059375,0</coordinates></LinearRing></outerBoundaryIs></Polygon></Placemark>
      <Placemark><name>Grass (-8,-7)</name><styleUrl>#grassStyle_1</styleUrl><Polygon><outerBoundaryIs><LinearRing><coordinates>-110.9765625,32.2059375,0 -110.9734375,32.2059375,0 -110.9734375,32.207812499999996,0 -110.9765625,32.207812499999996,0 -110.9765625,32.2059375,0</coordinates></LinearRing></outerBoundaryIs></Polygon></Placemark>
      <Placemark><name>Grass (-7,-7)</name><styleUrl>#grassStyle_3</styleUrl><Polygon><outerBoundaryIs><LinearRing><coordinates>-110.9734375,32.2059375,0 -110.9703125,32.2059375,0 -110.9703125,32.207812499999996,0 -110.9734375,32.207812499999996,0 -110.9734375,32.2059375,0</coordinates></LinearRing></outerBoundaryIs></Polygon></Placemark>
      <Placemark><name>Grass (-6,-7)</name><styleUrl>#grassStyle_2</styleUrl><Polygon><outerBoundaryIs><LinearRing><coordinates>-110.9703125,32.2059375,0 -110.96718750000001,32.2059375,0 -110.96718750000001,32.207812499999996,0 -110.9703125,32.207812499999996,0 -110.9703125,32.2059375,0</coordinates></LinearRing></outerBoundaryIs></Polygon></Placemark>
      <Placemark><name>Grass (-5,-7)</name><styleUrl>#grassStyle_0</styleUrl><Polygon><outerBoundaryIs><LinearRing><coordinates>-110.96718750000001,32.2059375,0 -110.9640625,32.2059375,0 -110.9640625,32.207812499999996,0 -110.96718750000001,32.207812499999996,0 -110.96718750000001,32.2059375,0</coordinates></LinearRing></outerBoundaryIs></Polygon></Placemark>
      <Placemark><name>Grass (-4,-7)</name><styleUrl>#grassStyle_1</styleUrl><Polygon><outerBoundaryIs><LinearRing><coordinates>-110.9640625,32.2059375,0 -110.9609375,32.2059375,0 -110.9609375,32.207812499999996,0 -110.9640625,32.207812499999996,0 -110.9640625,32.2059375,0</coordinates></LinearRing></outerBoundaryIs></Polygon></Placemark>
      <Placemark><name>Grass (-3,-7)</name><styleUrl>#grassStyle_1</styleUrl><Polygon><outerBoundaryIs><LinearRing><coordinates>-110.9609375,32.2059375,0 -110.9578125,32.2059375,0 -110.9578125,32.207812499999996,0 -110.9609375,32.207812499999996,0 -110.9609375,32.2059375,0</coordinates></LinearRing></outerBoundaryIs></Polygon></Placemark>
      <Placemark><name>Grass (-2,-7)</name><styleUrl>#grassStyle_1</styleUrl><Polygon><outerBoundaryIs><LinearRing><coordinates>-110.9578125,32.2059375,0 -110.9546875,32.2059375,0 -110.9546875,32.207812499999996,0 -110.9578125,32.207812499999996,0 -110.9578125,32.2059375,0</coordinates></LinearRing></outerBoundaryIs></Polygon></Placemark>
      <Placemark><name>Grass (-1,-7)</name><styleUrl>#grassStyle_1</styleUrl><Polygon><outerBoundaryIs><LinearRing><coordinates>-110.9546875,32.2059375,0 -110.95156250000001,32.2059375,0 -110.95156250000001,32.207812499999996,0 -110.9546875,32.207812499999996,0 -110.9546875,32.2059375,0</coordinates></LinearRing></outerBoundaryIs></Polygon></Placemark>
      <Placemark><name>Grass (0,-7)</name><styleUrl>#grassStyle_0</styleUrl><Polygon><outerBoundaryIs><LinearRing><coordinates>-110.95156250000001,32.2059375,0 -110.9484375,32.2059375,0 -110.9484375,32.207812499999996,0 -110.95156250000001,32.207812499999996,0 -110.95156250000001,32.2059375,0</coordinates></LinearRing></outerBoundaryIs></Polygon></Placemark>
      <Placemark><name>Grass (1,-7)</name><styleUrl>#grassStyle_1</styleUrl><Polygon><outerBoundaryIs><LinearRing><coordinates>-110.9484375,32.2059375,0 -110.9453125,32.2059375,0 -110.9453125,32.207812499999996,0 -110.9484375,32.207812499999996,0 -110.9484375,32.2059375,0</coordinates></LinearRing></outerBoundaryIs></Polygon></Placemark>
      <Placemark><name>Grass (2,-7)</name><styleUrl>#grassStyle_1</styleUrl><Polygon><outerBoundaryIs><LinearRing><coordinates>-110.9453125,32.2059375,0 -110.9421875,32.2059375,0 -110.9421875,32.207812499999996,0 -110.9453125,32.207812499999996,0 -110.9453125,32.2059375,0</coordinates></LinearRing></outerBoundaryIs></Polygon></Placemark>
      <Placemark><name>Grass (3,-7)</name><styleUrl>#grassStyle_0</styleUrl><Polygon><outerBoundaryIs><LinearRing><coordinates>-110.9421875,32.2059375,0 -110.9390625,32.2059375,0 -110.9390625,32.207812499999996,0 -110.9421875,32.207812499999996,0 -110.9421875,32.2059375,0</coordinates></LinearRing></outerBoundaryIs></Polygon></Placemark>
      <Placemark><name>Grass (4,-7)</name><styleUrl>#grassStyle_0</styleUrl><Polygon><outerBoundaryIs><LinearRing><coordinates>-110.9390625,32.2059375,0 -110.93593750000001,32.2059375,0 -110.93593750000001,32.207812499999996,0 -110.9390625,32.207812499999996,0 -110.9390625,32.2059375,0</coordinates></LinearRing></outerBoundaryIs></Polygon></Placemark>
      <Placemark><name>Grass (5,-7)</name><styleUrl>#grassStyle_0</styleUrl><Polygon><outerBoundaryIs><LinearRing><coordinates>-110.93593750000001,32.2059375,0 -110.9328125,32.2059375,0 -110.9328125,32.207812499999996,0 -110.93593750000001,32.207812499999996,0 -110.93593750000001,32.2059375,0</coordinates></LinearRing></outerBoundaryIs></Polygon></Placemark>
      <Placemark><name>Grass (6,-7)</name><styleUrl>#grassStyle_0</styleUrl><Polygon><outerBoundaryIs><LinearRing><coordinates>-110.9328125,32.2059375,0 -110.9296875,32.2059375,0 -110.9296875,32.207812499999996,0 -110.9328125,32.207812499999996,0 -110.9328125,32.2059375,0</coordinates></LinearRing></outerBoundaryIs></Polygon></Placemark>
      <Placemark><name>Grass (7,-7)</name><styleUrl>#grassStyle_2</styleUrl><Polygon><outerBoundaryIs><LinearRing><coordinates>-110.9296875,32.2059375,0 -110.9265625,32.2059375,0 -110.9265625,32.207812499999996,0 -110.9296875,32.207812499999996,0 -110.9296875,32.2059375,0</coordinates></LinearRing></outerBoundaryIs></Polygon></Placemark>
      <Placemark><name>Grass (8,-7)</name><styleUrl>#grassStyle_2</styleUrl><Polygon><outerBoundaryIs><LinearRing><coordinates>-110.9265625,32.2059375,0 -110.9234375,32.2059375,0 -110.9234375,32.207812499999996,0 -110.9265625,32.207812499999996,0 -110.9265625,32.2059375,0</coordinates></LinearRing></outerBoundaryIs></Polygon></Placemark>
      <Placemark><name>Grass (9,-7)</name><styleUrl>#grassStyle_0</styleUrl><Polygon><outerBoundaryIs><LinearRing><coordinates>-110.9234375,32.2059375,0 -110.92031250000001,32.2059375,0 -110.92031250000001,32.207812499999996,0 -110.9234375,32.207812499999996,0 -110.9234375,32.2059375,0</coordinates></LinearRing></outerBoundaryIs></Polygon></Placemark>
      <Placemark><name>Grass (10,-7)</name><styleUrl>#grassStyle_1</styleUrl><Polygon><outerBoundaryIs><LinearRing><coordinates>-110.92031250000001,32.2059375,0 -110.91718750000001,32.2059375,0 -110.91718750000001,32.207812499999996,0 -110.92031250000001,32.207812499999996,0 -110.92031250000001,32.2059375,0</coordinates></LinearRing></outerBoundaryIs></Polygon></Placemark>
      <Placemark><name>Grass (11,-7)</name><styleUrl>#grassStyle_0</styleUrl><Polygon><outerBoundaryIs><LinearRing><coordinates>-110.91718750000001,32.2059375,0 -110.9140625,32.2059375,0 -110.9140625,32.207812499999996,0 -110.91718750000001,32.207812499999996,0 -110.91718750000001,32.2059375,0</coordinates></LinearRing></outerBoundaryIs></Polygon></Placemark>
      <Placemark><name>Grass (12,-7)</name><styleUrl>#grassStyle_1</styleUrl><Polygon><outerBoundaryIs><LinearRing><coordinates>-110.9140625,32.2059375,0 -110.9109375,32.2059375,0 -110.9109375,32.207812499999996,0 -110.9140625,32.207812499999996,0 -110.9140625,32.2059375,0</coordinates></LinearRing></outerBoundaryIs></Polygon></Placemark>
      <Placemark><name>Grass (13,-7)</name><styleUrl>#grassStyle_1</styleUrl><Polygon><outerBoundaryIs><LinearRing><coordinates>-110.9109375,32.2059375,0 -110.9078125,32.2059375,0 -110.9078125,32.207812499999996,0 -110.9109375,32.207812499999996,0 -110.9109375,32.2059375,0</coordinates></LinearRing></outerBoundaryIs></Polygon></Placemark>
      <Placemark><name>Grass (14,-7)</name><styleUrl>#grassStyle_1</styleUrl><Polygon><outerBoundaryIs><LinearRing><coordinates>-110.9078125,32.2059375,0 -110.90468750000001,32.2059375,0 -110.90468750000001,32.207812499999996,0 -110.9078125,32.207812499999996,0 -110.9078125,32.2059375,0</coordinates></LinearRing></outerBoundaryIs></Polygon></Placemark>
      <Placemark><name>Grass (15,-7)</name><styleUrl>#grassStyle_0</styleUrl><Polygon><outerBoundaryIs><LinearRing><coordinates>-110.90468750000001,32.2059375,0 -110.90156250000001,32.2059375,0 -110.90156250000001,32.207812499999996,0 -110.90468750000001,32.207812499999996,0 -110.90468750000001,32.2059375,0</coordinates></LinearRing></outerBoundaryIs></Polygon></Placemark>
      <Placemark><name>Grass (16,-7)</name><styleUrl>#grassStyle_0</styleUrl><Polygon><outerBoundaryIs><LinearRing><coordinates>-110.90156250000001,32.2059375,0 -110.8984375,32.2059375,0 -110.8984375,32.207812499999996,0 -110.90156250000001,32.207812499999996,0 -110.90156250000001,32.2059375,0</coordinates></LinearRing></outerBoundaryIs></Polygon></Placemark>
      <Placemark><name>Grass (-16,-6)</name><styleUrl>#grassStyle_0</styleUrl><Polygon><outerBoundaryIs><LinearRing><coordinates>-111.0015625,32.207812499999996,0 -110.9984375,32.207812499999996,0 -110.9984375,32.2096875,0 -111.0015625,32.2096875,0 -111.0015625,32.207812499999996,0</coordinates></LinearRing></outerBoundaryIs></Polygon></Placemark>
      <Placemark><name>Grass (-15,-6)</name><styleUrl>#grassStyle_3</styleUrl><Polygon><outerBoundaryIs><LinearRing><coordinates>-110.9984375,32.207812499999996,0 -110.9953125,32.207812499999996,0 -110.9953125,32.2096875,0 -110.9984375,32.2096875,0 -110.9984375,32.207812499999996,0</coordinates></LinearRing></outerBoundaryIs></Polygon></Placemark>
      <Placemark><name>Grass (-14,-6)</name><styleUrl>#grassStyle_1</styleUrl><Polygon><outerBoundaryIs><LinearRing><coordinates>-110.9953125,32.207812499999996,0 -110.9921875,32.207812499999996,0 -110.9921875,32.2096875,0 -110.9953125,32.2096875,0 -110.9953125,32.207812499999996,0</coordinates></LinearRing></outerBoundaryIs></Polygon></Placemark>
      <Placemark><name>Grass (-13,-6)</name><styleUrl>#grassStyle_0</styleUrl><Polygon><outerBoundaryIs><LinearRing><coordinates>-110.9921875,32.207812499999996,0 -110.9890625,32.207812499999996,0 -110.9890625,32.2096875,0 -110.9921875,32.2096875,0 -110.9921875,32.207812499999996,0</coordinates></LinearRing></outerBoundaryIs></Polygon></Placemark>
      <Placemark><name>Grass (-12,-6)</name><styleUrl>#grassStyle_0</styleUrl><Polygon><outerBoundaryIs><LinearRing><coordinates>-110.9890625,32.207812499999996,0 -110.9859375,32.207812499999996,0 -110.9859375,32.2096875,0 -110.9890625,32.2096875,0 -110.9890625,32.207812499999996,0</coordinates></LinearRing></outerBoundaryIs></Polygon></Placemark>
      <Placemark><name>Grass (-11,-6)</name><styleUrl>#grassStyle_1</styleUrl><Polygon><outerBoundaryIs><LinearRing><coordinates>-110.9859375,32.207812499999996,0 -110.9828125,32.207812499999996,0 -110.9828125,32.2096875,0 -110.9859375,32.2096875,0 -110.9859375,32.207812499999996,0</coordinates></LinearRing></outerBoundaryIs></Polygon></Placemark>
      <Placemark><name>Grass (-10,-6)</name><styleUrl>#grassStyle_0</styleUrl><Polygon><outerBoundaryIs><LinearRing><coordinates>-110.9828125,32.207812499999996,0 -110.9796875,32.207812499999996,0 -110.9796875,32.2096875,0 -110.9828125,32.2096875,0 -110.9828125,32.207812499999996,0</coordinates></LinearRing></outerBoundaryIs></Polygon></Placemark>
      <Placemark><name>Grass (-9,-6)</name><styleUrl>#grassStyle_0</styleUrl><Polygon><outerBoundaryIs><LinearRing><coordinates>-110.9796875,32.207812499999996,0 -110.9765625,32.207812499999996,0 -110.9765625,32.2096875,0 -110.9796875,32.2096875,0 -110.9796875,32.207812499999996,0</coordinates></LinearRing></outerBoundaryIs></Polygon></Placemark>
      <Placemark><name>Grass (-8,-6)</name><styleUrl>#grassStyle_0</styleUrl><Polygon><outerBoundaryIs><LinearRing><coordinates>-110.9765625,32.207812499999996,0 -110.9734375,32.207812499999996,0 -110.9734375,32.2096875,0 -110.9765625,32.2096875,0 -110.9765625,32.207812499999996,0</coordinates></LinearRing></outerBoundaryIs></Polygon></Placemark>
      <Placemark><name>Grass (-7,-6)</name><styleUrl>#grassStyle_1</styleUrl><Polygon><outerBoundaryIs><LinearRing><coordinates>-110.9734375,32.207812499999996,0 -110.9703125,32.207812499999996,0 -110.9703125,32.2096875,0 -110.9734375,32.2096875,0 -110.9734375,32.207812499999996,0</coordinates></LinearRing></outerBoundaryIs></Polygon></Placemark>
      <Placemark><name>Grass (-6,-6)</name><styleUrl>#grassStyle_0</styleUrl><Polygon><outerBoundaryIs><LinearRing><coordinates>-110.9703125,32.207812499999996,0 -110.96718750000001,32.207812499999996,0 -110.96718750000001,32.2096875,0 -110.9703125,32.2096875,0 -110.9703125,32.207812499999996,0</coordinates></LinearRing></outerBoundaryIs></Polygon></Placemark>
      <Placemark><name>Grass (-5,-6)</name><styleUrl>#grassStyle_1</styleUrl><Polygon><outerBoundaryIs><LinearRing><coordinates>-110.96718750000001,32.207812499999996,0 -110.9640625,32.207812499999996,0 -110.9640625,32.2096875,0 -110.96718750000001,32.2096875,0 -110.96718750000001,32.207812499999996,0</coordinates></LinearRing></outerBoundaryIs></Polygon></Placemark>
      <Placemark><name>Grass (-4,-6)</name><styleUrl>#grassStyle_1</styleUrl><Polygon><outerBoundaryIs><LinearRing><coordinates>-110.9640625,32.207812499999996,0 -110.9609375,32.207812499999996,0 -110.9609375,32.2096875,0 -110.9640625,32.2096875,0 -110.9640625,32.207812499999996,0</coordinates></LinearRing></outerBoundaryIs></Polygon></Placemark>
      <Placemark><name>Grass (-3,-6)</name><styleUrl>#grassStyle_0</styleUrl><Polygon><outerBoundaryIs><LinearRing><coordinates>-110.9609375,32.207812499999996,0 -110.9578125,32.207812499999996,0 -110.9578125,32.2096875,0 -110.9609375,32.2096875,0 -110.9609375,32.207812499999996,0</coordinates></LinearRing></outerBoundaryIs></Polygon></Placemark>
      <Placemark><name>Grass (-2,-6)</name><styleUrl>#grassStyle_0</styleUrl><Polygon><outerBoundaryIs><LinearRing><coordinates>-110.9578125,32.207812499999996,0 -110.9546875,32.207812499999996,0 -110.9546875,32.2096875,0 -110.9578125,32.2096875,0 -110.9578125,32.207812499999996,0</coordinates></LinearRing></outerBoundaryIs></Polygon></Placemark>
      <Placemark><name>Grass (-1,-6)</name><styleUrl>#grassStyle_0</styleUrl><Polygon><outerBoundaryIs><LinearRing><coordinates>-110.9546875,32.207812499999996,0 -110.95156250000001,32.207812499999996,0 -110.95156250000001,32.2096875,0 -110.9546875,32.2096875,0 -110.9546875,32.207812499999996,0</coordinates></LinearRing></outerBoundaryIs></Polygon></Placemark>
      <Placemark><name>Grass (0,-6)</name><styleUrl>#grassStyle_1</styleUrl><Polygon><outerBoundaryIs><LinearRing><coordinates>-110.95156250000001,32.207812499999996,0 -110.9484375,32.207812499999996,0 -110.9484375,32.2096875,0 -110.95156250000001,32.2096875,0 -110.95156250000001,32.207812499999996,0</coordinates></LinearRing></outerBoundaryIs></Polygon></Placemark>
      <Placemark><name>Grass (1,-6)</name><styleUrl>#grassStyle_3</styleUrl><Polygon><outerBoundaryIs><LinearRing><coordinates>-110.9484375,32.207812499999996,0 -110.9453125,32.207812499999996,0 -110.9453125,32.2096875,0 -110.9484375,32.2096875,0 -110.9484375,32.207812499999996,0</coordinates></LinearRing></outerBoundaryIs></Polygon></Placemark>
      <Placemark><name>Grass (2,-6)</name><styleUrl>#grassStyle_1</styleUrl><Polygon><outerBoundaryIs><LinearRing><coordinates>-110.9453125,32.207812499999996,0 -110.9421875,32.207812499999996,0 -110.9421875,32.2096875,0 -110.9453125,32.2096875,0 -110.9453125,32.207812499999996,0</coordinates></LinearRing></outerBoundaryIs></Polygon></Placemark>
      <Placemark><name>Grass (3,-6)</name><styleUrl>#grassStyle_1</styleUrl><Polygon><outerBoundaryIs><LinearRing><coordinates>-110.9421875,32.207812499999996,0 -110.9390625,32.207812499999996,0 -110.9390625,32.2096875,0 -110.9421875,32.2096875,0 -110.9421875,32.207812499999996,0</coordinates></LinearRing></outerBoundaryIs></Polygon></Placemark>
      <Placemark><name>Grass (4,-6)</name><styleUrl>#grassStyle_1</styleUrl><Polygon><outerBoundaryIs><LinearRing><coordinates>-110.9390625,32.207812499999996,0 -110.93593750000001,32.207812499999996,0 -110.93593750000001,32.2096875,0 -110.9390625,32.2096875,0 -110.9390625,32.207812499999996,0</coordinates></LinearRing></outerBoundaryIs></Polygon></Placemark>
      <Placemark><name>Grass (5,-6)</name><styleUrl>#grassStyle_0</styleUrl><Polygon><outerBoundaryIs><LinearRing><coordinates>-110.93593750000001,32.207812499999996,0 -110.9328125,32.207812499999996,0 -110.9328125,32.2096875,0 -110.93593750000001,32.2096875,0 -110.93593750000001,32.207812499999996,0</coordinates></LinearRing></outerBoundaryIs></Polygon></Placemark>
      <Placemark><name>Grass (6,-6)</name><styleUrl>#grassStyle_1</styleUrl><Polygon><outerBoundaryIs><LinearRing><coordinates>-110.9328125,32.207812499999996,0 -110.9296875,32.207812499999996,0 -110.9296875,32.2096875,0 -110.9328125,32.2096875,0 -110.9328125,32.207812499999996,0</coordinates></LinearRing></outerBoundaryIs></Polygon></Placemark>
      <Placemark><name>Grass (7,-6)</name><styleUrl>#grassStyle_1</styleUrl><Polygon><outerBoundaryIs><LinearRing><coordinates>-110.9296875,32.207812499999996,0 -110.9265625,32.207812499999996,0 -110.9265625,32.2096875,0 -110.9296875,32.2096875,0 -110.9296875,32.207812499999996,0</coordinates></LinearRing></outerBoundaryIs></Polygon></Placemark>
      <Placemark><name>Grass (8,-6)</name><styleUrl>#grassStyle_0</styleUrl><Polygon><outerBoundaryIs><LinearRing><coordinates>-110.9265625,32.207812499999996,0 -110.9234375,32.207812499999996,0 -110.9234375,32.2096875,0 -110.9265625,32.2096875,0 -110.9265625,32.207812499999996,0</coordinates></LinearRing></outerBoundaryIs></Polygon></Placemark>
      <Placemark><name>Grass (9,-6)</name><styleUrl>#grassStyle_1</styleUrl><Polygon><outerBoundaryIs><LinearRing><coordinates>-110.9234375,32.207812499999996,0 -110.92031250000001,32.207812499999996,0 -110.92031250000001,32.2096875,0 -110.9234375,32.2096875,0 -110.9234375,32.207812499999996,0</coordinates></LinearRing></outerBoundaryIs></Polygon></Placemark>
      <Placemark><name>Grass (10,-6)</name><styleUrl>#grassStyle_0</styleUrl><Polygon><outerBoundaryIs><LinearRing><coordinates>-110.92031250000001,32.207812499999996,0 -110.91718750000001,32.207812499999996,0 -110.91718750000001,32.2096875,0 -110.92031250000001,32.2096875,0 -110.92031250000001,32.207812499999996,0</coordinates></LinearRing></outerBoundaryIs></Polygon></Placemark>
      <Placemark><name>Grass (11,-6)</name><styleUrl>#grassStyle_0</styleUrl><Polygon><outerBoundaryIs><LinearRing><coordinates>-110.91718750000001,32.207812499999996,0 -110.9140625,32.207812499999996,0 -110.9140625,32.2096875,0 -110.91718750000001,32.2096875,0 -110.91718750000001,32.207812499999996,0</coordinates></LinearRing></outerBoundaryIs></Polygon></Placemark>
      <Placemark><name>Grass (12,-6)</name><styleUrl>#grassStyle_0</styleUrl><Polygon><outerBoundaryIs><LinearRing><coordinates>-110.9140625,32.207812499999996,0 -110.9109375,32.207812499999996,0 -110.9109375,32.2096875,0 -110.9140625,32.2096875,0 -110.9140625,32.207812499999996,0</coordinates></LinearRing></outerBoundaryIs></Polygon></Placemark>
      <Placemark><name>Grass (13,-6)</name><styleUrl>#grassStyle_0</styleUrl><Polygon><outerBoundaryIs><LinearRing><coordinates>-110.9109375,32.207812499999996,0 -110.9078125,32.207812499999996,0 -110.9078125,32.2096875,0 -110.9109375,32.2096875,0 -110.9109375,32.207812499999996,0</coordinates></LinearRing></outerBoundaryIs></Polygon></Placemark>
      <Placemark><name>Grass (14,-6)</name><styleUrl>#grassStyle_0</styleUrl><Polygon><outerBoundaryIs><LinearRing><coordinates>-110.9078125,32.207812499999996,0 -110.90468750000001,32.207812499999996,0 -110.90468750000001,32.2096875,0 -110.9078125,32.2096875,0 -110.9078125,32.207812499999996,0</coordinates></LinearRing></outerBoundaryIs></Polygon></Placemark>
      <Placemark><name>Grass (15,-6)</name><styleUrl>#grassStyle_0</styleUrl><Polygon><outerBoundaryIs><LinearRing><coordinates>-110.90468750000001,32.207812499999996,0 -110.90156250000001,32.207812499999996,0 -110.90156250000001,32.2096875,0 -110.90468750000001,32.2096875,0 -110.90468750000001,32.207812499999996,0</coordinates></LinearRing></outerBoundaryIs></Polygon></Placemark>
      <Placemark><name>Grass (16,-6)</name><styleUrl>#grassStyle_1</styleUrl><Polygon><outerBoundaryIs><LinearRing><coordinates>-110.90156250000001,32.207812499999996,0 -110.8984375,32.207812499999996,0 -110.8984375,32.2096875,0 -110.90156250000001,32.2096875,0 -110.90156250000001,32.207812499999996,0</coordinates></LinearRing></outerBoundaryIs></Polygon></Placemark>
      <Placemark><name>Grass (-16,-5)</name><styleUrl>#grassStyle_0</styleUrl><Polygon><outerBoundaryIs><LinearRing><coordinates>-111.0015625,32.2096875,0 -110.9984375,32.2096875,0 -110.9984375,32.2115625,0 -111.0015625,32.2115625,0 -111.0015625,32.2096875,0</coordinates></LinearRing></outerBoundaryIs></Polygon></Placemark>
      <Placemark><name>Grass (-15,-5)</name><styleUrl>#grassStyle_1</styleUrl><Polygon><outerBoundaryIs><LinearRing><coordinates>-110.9984375,32.2096875,0 -110.9953125,32.2096875,0 -110.9953125,32.2115625,0 -110.9984375,32.2115625,0 -110.9984375,32.2096875,0</coordinates></LinearRing></outerBoundaryIs></Polygon></Placemark>
      <Placemark><name>Grass (-14,-5)</name><styleUrl>#grassStyle_1</styleUrl><Polygon><outerBoundaryIs><LinearRing><coordinates>-110.9953125,32.2096875,0 -110.9921875,32.2096875,0 -110.9921875,32.2115625,0 -110.9953125,32.2115625,0 -110.9953125,32.2096875,0</coordinates></LinearRing></outerBoundaryIs></Polygon></Placemark>
      <Placemark><name>Grass (-13,-5)</name><styleUrl>#grassStyle_0</styleUrl><Polygon><outerBoundaryIs><LinearRing><coordinates>-110.9921875,32.2096875,0 -110.9890625,32.2096875,0 -110.9890625,32.2115625,0 -110.9921875,32.2115625,0 -110.9921875,32.2096875,0</coordinates></LinearRing></outerBoundaryIs></Polygon></Placemark>
      <Placemark><name>Grass (-12,-5)</name><styleUrl>#grassStyle_1</styleUrl><Polygon><outerBoundaryIs><LinearRing><coordinates>-110.9890625,32.2096875,0 -110.9859375,32.2096875,0 -110.9859375,32.2115625,0 -110.9890625,32.2115625,0 -110.9890625,32.2096875,0</coordinates></LinearRing></outerBoundaryIs></Polygon></Placemark>
      <Placemark><name>Grass (-11,-5)</name><styleUrl>#grassStyle_0</styleUrl><Polygon><outerBoundaryIs><LinearRing><coordinates>-110.9859375,32.2096875,0 -110.9828125,32.2096875,0 -110.9828125,32.2115625,0 -110.9859375,32.2115625,0 -110.9859375,32.2096875,0</coordinates></LinearRing></outerBoundaryIs></Polygon></Placemark>
      <Placemark><name>Grass (-10,-5)</name><styleUrl>#grassStyle_1</styleUrl><Polygon><outerBoundaryIs><LinearRing><coordinates>-110.9828125,32.2096875,0 -110.9796875,32.2096875,0 -110.9796875,32.2115625,0 -110.9828125,32.2115625,0 -110.9828125,32.2096875,0</coordinates></LinearRing></outerBoundaryIs></Polygon></Placemark>
      <Placemark><name>Grass (-9,-5)</name><styleUrl>#grassStyle_0</styleUrl><Polygon><outerBoundaryIs><LinearRing><coordinates>-110.9796875,32.2096875,0 -110.9765625,32.2096875,0 -110.9765625,32.2115625,0 -110.9796875,32.2115625,0 -110.9796875,32.2096875,0</coordinates></LinearRing></outerBoundaryIs></Polygon></Placemark>
      <Placemark><name>Grass (-8,-5)</name><styleUrl>#grassStyle_0</styleUrl><Polygon><outerBoundaryIs><LinearRing><coordinates>-110.9765625,32.2096875,0 -110.9734375,32.2096875,0 -110.9734375,32.2115625,0 -110.9765625,32.2115625,0 -110.9765625,32.2096875,0</coordinates></LinearRing></outerBoundaryIs></Polygon></Placemark>
      <Placemark><name>Grass (-7,-5)</name><styleUrl>#grassStyle_0</styleUrl><Polygon><outerBoundaryIs><LinearRing><coordinates>-110.9734375,32.2096875,0 -110.9703125,32.2096875,0 -110.9703125,32.2115625,0 -110.9734375,32.2115625,0 -110.9734375,32.2096875,0</coordinates></LinearRing></outerBoundaryIs></Polygon></Placemark>
      <Placemark><name>Grass (-6,-5)</name><styleUrl>#grassStyle_0</styleUrl><Polygon><outerBoundaryIs><LinearRing><coordinates>-110.9703125,32.2096875,0 -110.96718750000001,32.2096875,0 -110.96718750000001,32.2115625,0 -110.9703125,32.2115625,0 -110.9703125,32.2096875,0</coordinates></LinearRing></outerBoundaryIs></Polygon></Placemark>
      <Placemark><name>Grass (-5,-5)</name><styleUrl>#grassStyle_0</styleUrl><Polygon><outerBoundaryIs><LinearRing><coordinates>-110.96718750000001,32.2096875,0 -110.9640625,32.2096875,0 -110.9640625,32.2115625,0 -110.96718750000001,32.2115625,0 -110.96718750000001,32.2096875,0</coordinates></LinearRing></outerBoundaryIs></Polygon></Placemark>
      <Placemark><name>Grass (-4,-5)</name><styleUrl>#grassStyle_1</styleUrl><Polygon><outerBoundaryIs><LinearRing><coordinates>-110.9640625,32.2096875,0 -110.9609375,32.2096875,0 -110.9609375,32.2115625,0 -110.9640625,32.2115625,0 -110.9640625,32.2096875,0</coordinates></LinearRing></outerBoundaryIs></Polygon></Placemark>
      <Placemark><name>Grass (-3,-5)</name><styleUrl>#grassStyle_0</styleUrl><Polygon><outerBoundaryIs><LinearRing><coordinates>-110.9609375,32.2096875,0 -110.9578125,32.2096875,0 -110.9578125,32.2115625,0 -110.9609375,32.2115625,0 -110.9609375,32.2096875,0</coordinates></LinearRing></outerBoundaryIs></Polygon></Placemark>
      <Placemark><name>Grass (-2,-5)</name><styleUrl>#grassStyle_0</styleUrl><Polygon><outerBoundaryIs><LinearRing><coordinates>-110.9578125,32.2096875,0 -110.9546875,32.2096875,0 -110.9546875,32.2115625,0 -110.9578125,32.2115625,0 -110.9578125,32.2096875,0</coordinates></LinearRing></outerBoundaryIs></Polygon></Placemark>
      <Placemark><name>Grass (-1,-5)</name><styleUrl>#grassStyle_1</styleUrl><Polygon><outerBoundaryIs><LinearRing><coordinates>-110.9546875,32.2096875,0 -110.95156250000001,32.2096875,0 -110.95156250000001,32.2115625,0 -110.9546875,32.2115625,0 -110.9546875,32.2096875,0</coordinates></LinearRing></outerBoundaryIs></Polygon></Placemark>
      <Placemark><name>Grass (0,-5)</name><styleUrl>#grassStyle_1</styleUrl><Polygon><outerBoundaryIs><LinearRing><coordinates>-110.95156250000001,32.2096875,0 -110.9484375,32.2096875,0 -110.9484375,32.2115625,0 -110.95156250000001,32.2115625,0 -110.95156250000001,32.2096875,0</coordinates></LinearRing></outerBoundaryIs></Polygon></Placemark>
      <Placemark><name>Grass (1,-5)</name><styleUrl>#grassStyle_1</styleUrl><Polygon><outerBoundaryIs><LinearRing><coordinates>-110.9484375,32.2096875,0 -110.9453125,32.2096875,0 -110.9453125,32.2115625,0 -110.9484375,32.2115625,0 -110.9484375,32.2096875,0</coordinates></LinearRing></outerBoundaryIs></Polygon></Placemark>
      <Placemark><name>Grass (2,-5)</name><styleUrl>#grassStyle_5</styleUrl><Polygon><outerBoundaryIs><LinearRing><coordinates>-110.9453125,32.2096875,0 -110.9421875,32.2096875,0 -110.9421875,32.2115625,0 -110.9453125,32.2115625,0 -110.9453125,32.2096875,0</coordinates></LinearRing></outerBoundaryIs></Polygon></Placemark>
      <Placemark><name>Grass (3,-5)</name><styleUrl>#grassStyle_1</styleUrl><Polygon><outerBoundaryIs><LinearRing><coordinates>-110.9421875,32.2096875,0 -110.9390625,32.2096875,0 -110.9390625,32.2115625,0 -110.9421875,32.2115625,0 -110.9421875,32.2096875,0</coordinates></LinearRing></outerBoundaryIs></Polygon></Placemark>
      <Placemark><name>Grass (4,-5)</name><styleUrl>#grassStyle_0</styleUrl><Polygon><outerBoundaryIs><LinearRing><coordinates>-110.9390625,32.2096875,0 -110.93593750000001,32.2096875,0 -110.93593750000001,32.2115625,0 -110.9390625,32.2115625,0 -110.9390625,32.2096875,0</coordinates></LinearRing></outerBoundaryIs></Polygon></Placemark>
      <Placemark><name>Grass (5,-5)</name><styleUrl>#grassStyle_0</styleUrl><Polygon><outerBoundaryIs><LinearRing><coordinates>-110.93593750000001,32.2096875,0 -110.9328125,32.2096875,0 -110.9328125,32.2115625,0 -110.93593750000001,32.2115625,0 -110.93593750000001,32.2096875,0</coordinates></LinearRing></outerBoundaryIs></Polygon></Placemark>
      <Placemark><name>Grass (6,-5)</name><styleUrl>#grassStyle_1</styleUrl><Polygon><outerBoundaryIs><LinearRing><coordinates>-110.9328125,32.2096875,0 -110.9296875,32.2096875,0 -110.9296875,32.2115625,0 -110.9328125,32.2115625,0 -110.9328125,32.2096875,0</coordinates></LinearRing></outerBoundaryIs></Polygon></Placemark>
      <Placemark><name>Grass (7,-5)</name><styleUrl>#grassStyle_1</styleUrl><Polygon><outerBoundaryIs><LinearRing><coordinates>-110.9296875,32.2096875,0 -110.9265625,32.2096875,0 -110.9265625,32.2115625,0 -110.9296875,32.2115625,0 -110.9296875,32.2096875,0</coordinates></LinearRing></outerBoundaryIs></Polygon></Placemark>
      <Placemark><name>Grass (8,-5)</name><styleUrl>#grassStyle_1</styleUrl><Polygon><outerBoundaryIs><LinearRing><coordinates>-110.9265625,32.2096875,0 -110.9234375,32.2096875,0 -110.9234375,32.2115625,0 -110.9265625,32.2115625,0 -110.9265625,32.2096875,0</coordinates></LinearRing></outerBoundaryIs></Polygon></Placemark>
      <Placemark><name>Grass (9,-5)</name><styleUrl>#grassStyle_0</styleUrl><Polygon><outerBoundaryIs><LinearRing><coordinates>-110.9234375,32.2096875,0 -110.92031250000001,32.2096875,0 -110.92031250000001,32.2115625,0 -110.9234375,32.2115625,0 -110.9234375,32.2096875,0</coordinates></LinearRing></outerBoundaryIs></Polygon></Placemark>
      <Placemark><name>Grass (10,-5)</name><styleUrl>#grassStyle_0</styleUrl><Polygon><outerBoundaryIs><LinearRing><coordinates>-110.92031250000001,32.2096875,0 -110.91718750000001,32.2096875,0 -110.91718750000001,32.2115625,0 -110.92031250000001,32.2115625,0 -110.92031250000001,32.2096875,0</coordinates></LinearRing></outerBoundaryIs></Polygon></Placemark>
      <Placemark><name>Grass (11,-5)</name><styleUrl>#grassStyle_0</styleUrl><Polygon><outerBoundaryIs><LinearRing><coordinates>-110.91718750000001,32.2096875,0 -110.9140625,32.2096875,0 -110.9140625,32.2115625,0 -110.91718750000001,32.2115625,0 -110.91718750000001,32.2096875,0</coordinates></LinearRing></outerBoundaryIs></Polygon></Placemark>
      <Placemark><name>Grass (12,-5)</name><styleUrl>#grassStyle_3</styleUrl><Polygon><outerBoundaryIs><LinearRing><coordinates>-110.9140625,32.2096875,0 -110.9109375,32.2096875,0 -110.9109375,32.2115625,0 -110.9140625,32.2115625,0 -110.9140625,32.2096875,0</coordinates></LinearRing></outerBoundaryIs></Polygon></Placemark>
      <Placemark><name>Grass (13,-5)</name><styleUrl>#grassStyle_0</styleUrl><Polygon><outerBoundaryIs><LinearRing><coordinates>-110.9109375,32.2096875,0 -110.9078125,32.2096875,0 -110.9078125,32.2115625,0 -110.9109375,32.2115625,0 -110.9109375,32.2096875,0</coordinates></LinearRing></outerBoundaryIs></Polygon></Placemark>
      <Placemark><name>Grass (14,-5)</name><styleUrl>#grassStyle_1</styleUrl><Polygon><outerBoundaryIs><LinearRing><coordinates>-110.9078125,32.2096875,0 -110.90468750000001,32.2096875,0 -110.90468750000001,32.2115625,0 -110.9078125,32.2115625,0 -110.9078125,32.2096875,0</coordinates></LinearRing></outerBoundaryIs></Polygon></Placemark>
      <Placemark><name>Grass (15,-5)</name><styleUrl>#grassStyle_0</styleUrl><Polygon><outerBoundaryIs><LinearRing><coordinates>-110.90468750000001,32.2096875,0 -110.90156250000001,32.2096875,0 -110.90156250000001,32.2115625,0 -110.90468750000001,32.2115625,0 -110.90468750000001,32.2096875,0</coordinates></LinearRing></outerBoundaryIs></Polygon></Placemark>
      <Placemark><name>Grass (16,-5)</name><styleUrl>#grassStyle_0</styleUrl><Polygon><outerBoundaryIs><LinearRing><coordinates>-110.90156250000001,32.2096875,0 -110.8984375,32.2096875,0 -110.8984375,32.2115625,0 -110.90156250000001,32.2115625,0 -110.90156250000001,32.2096875,0</coordinates></LinearRing></outerBoundaryIs></Polygon></Placemark>
      <Placemark><name>Grass (-16,-4)</name><styleUrl>#grassStyle_0</styleUrl><Polygon><outerBoundaryIs><LinearRing><coordinates>-111.0015625,32.2115625,0 -110.9984375,32.2115625,0 -110.9984375,32.2134375,0 -111.0015625,32.2134375,0 -111.0015625,32.2115625,0</coordinates></LinearRing></outerBoundaryIs></Polygon></Placemark>
      <Placemark><name>Grass (-15,-4)</name><styleUrl>#grassStyle_0</styleUrl><Polygon><outerBoundaryIs><LinearRing><coordinates>-110.9984375,32.2115625,0 -110.9953125,32.2115625,0 -110.9953125,32.2134375,0 -110.9984375,32.2134375,0 -110.9984375,32.2115625,0</coordinates></LinearRing></outerBoundaryIs></Polygon></Placemark>
      <Placemark><name>Grass (-14,-4)</name><styleUrl>#grassStyle_0</styleUrl><Polygon><outerBoundaryIs><LinearRing><coordinates>-110.9953125,32.2115625,0 -110.9921875,32.2115625,0 -110.9921875,32.2134375,0 -110.9953125,32.2134375,0 -110.9953125,32.2115625,0</coordinates></LinearRing></outerBoundaryIs></Polygon></Placemark>
      <Placemark><name>Grass (-13,-4)</name><styleUrl>#grassStyle_1</styleUrl><Polygon><outerBoundaryIs><LinearRing><coordinates>-110.9921875,32.2115625,0 -110.9890625,32.2115625,0 -110.9890625,32.2134375,0 -110.9921875,32.2134375,0 -110.9921875,32.2115625,0</coordinates></LinearRing></outerBoundaryIs></Polygon></Placemark>
      <Placemark><name>Grass (-12,-4)</name><styleUrl>#grassStyle_0</styleUrl><Polygon><outerBoundaryIs><LinearRing><coordinates>-110.9890625,32.2115625,0 -110.9859375,32.2115625,0 -110.9859375,32.2134375,0 -110.9890625,32.2134375,0 -110.9890625,32.2115625,0</coordinates></LinearRing></outerBoundaryIs></Polygon></Placemark>
      <Placemark><name>Grass (-11,-4)</name><styleUrl>#grassStyle_0</styleUrl><Polygon><outerBoundaryIs><LinearRing><coordinates>-110.9859375,32.2115625,0 -110.9828125,32.2115625,0 -110.9828125,32.2134375,0 -110.9859375,32.2134375,0 -110.9859375,32.2115625,0</coordinates></LinearRing></outerBoundaryIs></Polygon></Placemark>
      <Placemark><name>Grass (-10,-4)</name><styleUrl>#grassStyle_0</styleUrl><Polygon><outerBoundaryIs><LinearRing><coordinates>-110.9828125,32.2115625,0 -110.9796875,32.2115625,0 -110.9796875,32.2134375,0 -110.9828125,32.2134375,0 -110.9828125,32.2115625,0</coordinates></LinearRing></outerBoundaryIs></Polygon></Placemark>
      <Placemark><name>Grass (-9,-4)</name><styleUrl>#grassStyle_1</styleUrl><Polygon><outerBoundaryIs><LinearRing><coordinates>-110.9796875,32.2115625,0 -110.9765625,32.2115625,0 -110.9765625,32.2134375,0 -110.9796875,32.2134375,0 -110.9796875,32.2115625,0</coordinates></LinearRing></outerBoundaryIs></Polygon></Placemark>
      <Placemark><name>Grass (-8,-4)</name><styleUrl>#grassStyle_1</styleUrl><Polygon><outerBoundaryIs><LinearRing><coordinates>-110.9765625,32.2115625,0 -110.9734375,32.2115625,0 -110.9734375,32.2134375,0 -110.9765625,32.2134375,0 -110.9765625,32.2115625,0</coordinates></LinearRing></outerBoundaryIs></Polygon></Placemark>
      <Placemark><name>Grass (-7,-4)</name><styleUrl>#grassStyle_0</styleUrl><Polygon><outerBoundaryIs><LinearRing><coordinates>-110.9734375,32.2115625,0 -110.9703125,32.2115625,0 -110.9703125,32.2134375,0 -110.9734375,32.2134375,0 -110.9734375,32.2115625,0</coordinates></LinearRing></outerBoundaryIs></Polygon></Placemark>
      <Placemark><name>Grass (-6,-4)</name><styleUrl>#grassStyle_0</styleUrl><Polygon><outerBoundaryIs><LinearRing><coordinates>-110.9703125,32.2115625,0 -110.96718750000001,32.2115625,0 -110.96718750000001,32.2134375,0 -110.9703125,32.2134375,0 -110.9703125,32.2115625,0</coordinates></LinearRing></outerBoundaryIs></Polygon></Placemark>
      <Placemark><name>Grass (-5,-4)</name><styleUrl>#grassStyle_0</styleUrl><Polygon><outerBoundaryIs><LinearRing><coordinates>-110.96718750000001,32.2115625,0 -110.9640625,32.2115625,0 -110.9640625,32.2134375,0 -110.96718750000001,32.2134375,0 -110.96718750000001,32.2115625,0</coordinates></LinearRing></outerBoundaryIs></Polygon></Placemark>
      <Placemark><name>Grass (-4,-4)</name><styleUrl>#grassStyle_1</styleUrl><Polygon><outerBoundaryIs><LinearRing><coordinates>-110.9640625,32.2115625,0 -110.9609375,32.2115625,0 -110.9609375,32.2134375,0 -110.9640625,32.2134375,0 -110.9640625,32.2115625,0</coordinates></LinearRing></outerBoundaryIs></Polygon></Placemark>
      <Placemark><name>Grass (-3,-4)</name><styleUrl>#grassStyle_0</styleUrl><Polygon><outerBoundaryIs><LinearRing><coordinates>-110.9609375,32.2115625,0 -110.9578125,32.2115625,0 -110.9578125,32.2134375,0 -110.9609375,32.2134375,0 -110.9609375,32.2115625,0</coordinates></LinearRing></outerBoundaryIs></Polygon></Placemark>
      <Placemark><name>Grass (-2,-4)</name><styleUrl>#grassStyle_1</styleUrl><Polygon><outerBoundaryIs><LinearRing><coordinates>-110.9578125,32.2115625,0 -110.9546875,32.2115625,0 -110.9546875,32.2134375,0 -110.9578125,32.2134375,0 -110.9578125,32.2115625,0</coordinates></LinearRing></outerBoundaryIs></Polygon></Placemark>
      <Placemark><name>Grass (-1,-4)</name><styleUrl>#grassStyle_1</styleUrl><Polygon><outerBoundaryIs><LinearRing><coordinates>-110.9546875,32.2115625,0 -110.95156250000001,32.2115625,0 -110.95156250000001,32.2134375,0 -110.9546875,32.2134375,0 -110.9546875,32.2115625,0</coordinates></LinearRing></outerBoundaryIs></Polygon></Placemark>
      <Placemark><name>Grass (0,-4)</name><styleUrl>#grassStyle_0</styleUrl><Polygon><outerBoundaryIs><LinearRing><coordinates>-110.95156250000001,32.2115625,0 -110.9484375,32.2115625,0 -110.9484375,32.2134375,0 -110.95156250000001,32.2134375,0 -110.95156250000001,32.2115625,0</coordinates></LinearRing></outerBoundaryIs></Polygon></Placemark>
      <Placemark><name>Grass (1,-4)</name><styleUrl>#grassStyle_1</styleUrl><Polygon><outerBoundaryIs><LinearRing><coordinates>-110.9484375,32.2115625,0 -110.9453125,32.2115625,0 -110.9453125,32.2134375,0 -110.9484375,32.2134375,0 -110.9484375,32.2115625,0</coordinates></LinearRing></outerBoundaryIs></Polygon></Placemark>
      <Placemark><name>Grass (2,-4)</name><styleUrl>#grassStyle_1</styleUrl><Polygon><outerBoundaryIs><LinearRing><coordinates>-110.9453125,32.2115625,0 -110.9421875,32.2115625,0 -110.9421875,32.2134375,0 -110.9453125,32.2134375,0 -110.9453125,32.2115625,0</coordinates></LinearRing></outerBoundaryIs></Polygon></Placemark>
      <Placemark><name>Grass (3,-4)</name><styleUrl>#grassStyle_0</styleUrl><Polygon><outerBoundaryIs><LinearRing><coordinates>-110.9421875,32.2115625,0 -110.9390625,32.2115625,0 -110.9390625,32.2134375,0 -110.9421875,32.2134375,0 -110.9421875,32.2115625,0</coordinates></LinearRing></outerBoundaryIs></Polygon></Placemark>
      <Placemark><name>Grass (4,-4)</name><styleUrl>#grassStyle_1</styleUrl><Polygon><outerBoundaryIs><LinearRing><coordinates>-110.9390625,32.2115625,0 -110.93593750000001,32.2115625,0 -110.93593750000001,32.2134375,0 -110.9390625,32.2134375,0 -110.9390625,32.2115625,0</coordinates></LinearRing></outerBoundaryIs></Polygon></Placemark>
      <Placemark><name>Grass (5,-4)</name><styleUrl>#grassStyle_0</styleUrl><Polygon><outerBoundaryIs><LinearRing><coordinates>-110.93593750000001,32.2115625,0 -110.9328125,32.2115625,0 -110.9328125,32.2134375,0 -110.93593750000001,32.2134375,0 -110.93593750000001,32.2115625,0</coordinates></LinearRing></outerBoundaryIs></Polygon></Placemark>
      <Placemark><name>Grass (6,-4)</name><styleUrl>#grassStyle_1</styleUrl><Polygon><outerBoundaryIs><LinearRing><coordinates>-110.9328125,32.2115625,0 -110.9296875,32.2115625,0 -110.9296875,32.2134375,0 -110.9328125,32.2134375,0 -110.9328125,32.2115625,0</coordinates></LinearRing></outerBoundaryIs></Polygon></Placemark>
      <Placemark><name>Grass (7,-4)</name><styleUrl>#grassStyle_0</styleUrl><Polygon><outerBoundaryIs><LinearRing><coordinates>-110.9296875,32.2115625,0 -110.9265625,32.2115625,0 -110.9265625,32.2134375,0 -110.9296875,32.2134375,0 -110.9296875,32.2115625,0</coordinates></LinearRing></outerBoundaryIs></Polygon></Placemark>
      <Placemark><name>Grass (8,-4)</name><styleUrl>#grassStyle_0</styleUrl><Polygon><outerBoundaryIs><LinearRing><coordinates>-110.9265625,32.2115625,0 -110.9234375,32.2115625,0 -110.9234375,32.2134375,0 -110.9265625,32.2134375,0 -110.9265625,32.2115625,0</coordinates></LinearRing></outerBoundaryIs></Polygon></Placemark>
      <Placemark><name>Grass (9,-4)</name><styleUrl>#grassStyle_1</styleUrl><Polygon><outerBoundaryIs><LinearRing><coordinates>-110.9234375,32.2115625,0 -110.92031250000001,32.2115625,0 -110.92031250000001,32.2134375,0 -110.9234375,32.2134375,0 -110.9234375,32.2115625,0</coordinates></LinearRing></outerBoundaryIs></Polygon></Placemark>
      <Placemark><name>Grass (10,-4)</name><styleUrl>#grassStyle_0</styleUrl><Polygon><outerBoundaryIs><LinearRing><coordinates>-110.92031250000001,32.2115625,0 -110.91718750000001,32.2115625,0 -110.91718750000001,32.2134375,0 -110.92031250000001,32.2134375,0 -110.92031250000001,32.2115625,0</coordinates></LinearRing></outerBoundaryIs></Polygon></Placemark>
      <Placemark><name>Grass (11,-4)</name><styleUrl>#grassStyle_0</styleUrl><Polygon><outerBoundaryIs><LinearRing><coordinates>-110.91718750000001,32.2115625,0 -110.9140625,32.2115625,0 -110.9140625,32.2134375,0 -110.91718750000001,32.2134375,0 -110.91718750000001,32.2115625,0</coordinates></LinearRing></outerBoundaryIs></Polygon></Placemark>
      <Placemark><name>Grass (12,-4)</name><styleUrl>#grassStyle_1</styleUrl><Polygon><outerBoundaryIs><LinearRing><coordinates>-110.9140625,32.2115625,0 -110.9109375,32.2115625,0 -110.9109375,32.2134375,0 -110.9140625,32.2134375,0 -110.9140625,32.2115625,0</coordinates></LinearRing></outerBoundaryIs></Polygon></Placemark>
      <Placemark><name>Grass (13,-4)</name><styleUrl>#grassStyle_0</styleUrl><Polygon><outerBoundaryIs><LinearRing><coordinates>-110.9109375,32.2115625,0 -110.9078125,32.2115625,0 -110.9078125,32.2134375,0 -110.9109375,32.2134375,0 -110.9109375,32.2115625,0</coordinates></LinearRing></outerBoundaryIs></Polygon></Placemark>
      <Placemark><name>Grass (14,-4)</name><styleUrl>#grassStyle_0</styleUrl><Polygon><outerBoundaryIs><LinearRing><coordinates>-110.9078125,32.2115625,0 -110.90468750000001,32.2115625,0 -110.90468750000001,32.2134375,0 -110.9078125,32.2134375,0 -110.9078125,32.2115625,0</coordinates></LinearRing></outerBoundaryIs></Polygon></Placemark>
      <Placemark><name>Grass (15,-4)</name><styleUrl>#grassStyle_1</styleUrl><Polygon><outerBoundaryIs><LinearRing><coordinates>-110.90468750000001,32.2115625,0 -110.90156250000001,32.2115625,0 -110.90156250000001,32.2134375,0 -110.90468750000001,32.2134375,0 -110.90468750000001,32.2115625,0</coordinates></LinearRing></outerBoundaryIs></Polygon></Placemark>
      <Placemark><name>Grass (16,-4)</name><styleUrl>#grassStyle_0</styleUrl><Polygon><outerBoundaryIs><LinearRing><coordinates>-110.90156250000001,32.2115625,0 -110.8984375,32.2115625,0 -110.8984375,32.2134375,0 -110.90156250000001,32.2134375,0 -110.90156250000001,32.2115625,0</coordinates></LinearRing></outerBoundaryIs></Polygon></Placemark>
      <Placemark><name>Grass (-16,-3)</name><styleUrl>#grassStyle_1</styleUrl><Polygon><outerBoundaryIs><LinearRing><coordinates>-111.0015625,32.2134375,0 -110.9984375,32.2134375,0 -110.9984375,32.215312499999996,0 -111.0015625,32.215312499999996,0 -111.0015625,32.2134375,0</coordinates></LinearRing></outerBoundaryIs></Polygon></Placemark>
      <Placemark><name>Grass (-15,-3)</name><styleUrl>#grassStyle_1</styleUrl><Polygon><outerBoundaryIs><LinearRing><coordinates>-110.9984375,32.2134375,0 -110.9953125,32.2134375,0 -110.9953125,32.215312499999996,0 -110.9984375,32.215312499999996,0 -110.9984375,32.2134375,0</coordinates></LinearRing></outerBoundaryIs></Polygon></Placemark>
      <Placemark><name>Grass (-14,-3)</name><styleUrl>#grassStyle_0</styleUrl><Polygon><outerBoundaryIs><LinearRing><coordinates>-110.9953125,32.2134375,0 -110.9921875,32.2134375,0 -110.9921875,32.215312499999996,0 -110.9953125,32.215312499999996,0 -110.9953125,32.2134375,0</coordinates></LinearRing></outerBoundaryIs></Polygon></Placemark>
      <Placemark><name>Grass (-13,-3)</name><styleUrl>#grassStyle_0</styleUrl><Polygon><outerBoundaryIs><LinearRing><coordinates>-110.9921875,32.2134375,0 -110.9890625,32.2134375,0 -110.9890625,32.215312499999996,0 -110.9921875,32.215312499999996,0 -110.9921875,32.2134375,0</coordinates></LinearRing></outerBoundaryIs></Polygon></Placemark>
      <Placemark><name>Grass (-12,-3)</name><styleUrl>#grassStyle_0</styleUrl><Polygon><outerBoundaryIs><LinearRing><coordinates>-110.9890625,32.2134375,0 -110.9859375,32.2134375,0 -110.9859375,32.215312499999996,0 -110.9890625,32.215312499999996,0 -110.9890625,32.2134375,0</coordinates></LinearRing></outerBoundaryIs></Polygon></Placemark>
      <Placemark><name>Grass (-11,-3)</name><styleUrl>#grassStyle_1</styleUrl><Polygon><outerBoundaryIs><LinearRing><coordinates>-110.9859375,32.2134375,0 -110.9828125,32.2134375,0 -110.9828125,32.215312499999996,0 -110.9859375,32.215312499999996,0 -110.9859375,32.2134375,0</coordinates></LinearRing></outerBoundaryIs></Polygon></Placemark>
      <Placemark><name>Grass (-10,-3)</name><styleUrl>#grassStyle_0</styleUrl><Polygon><outerBoundaryIs><LinearRing><coordinates>-110.9828125,32.2134375,0 -110.9796875,32.2134375,0 -110.9796875,32.215312499999996,0 -110.9828125,32.215312499999996,0 -110.9828125,32.2134375,0</coordinates></LinearRing></outerBoundaryIs></Polygon></Placemark>
      <Placemark><name>Grass (-9,-3)</name><styleUrl>#grassStyle_1</styleUrl><Polygon><outerBoundaryIs><LinearRing><coordinates>-110.9796875,32.2134375,0 -110.9765625,32.2134375,0 -110.9765625,32.215312499999996,0 -110.9796875,32.215312499999996,0 -110.9796875,32.2134375,0</coordinates></LinearRing></outerBoundaryIs></Polygon></Placemark>
      <Placemark><name>Grass (-8,-3)</name><styleUrl>#grassStyle_0</styleUrl><Polygon><outerBoundaryIs><LinearRing><coordinates>-110.9765625,32.2134375,0 -110.9734375,32.2134375,0 -110.9734375,32.215312499999996,0 -110.9765625,32.215312499999996,0 -110.9765625,32.2134375,0</coordinates></LinearRing></outerBoundaryIs></Polygon></Placemark>
      <Placemark><name>Grass (-7,-3)</name><styleUrl>#grassStyle_0</styleUrl><Polygon><outerBoundaryIs><LinearRing><coordinates>-110.9734375,32.2134375,0 -110.9703125,32.2134375,0 -110.9703125,32.215312499999996,0 -110.9734375,32.215312499999996,0 -110.9734375,32.2134375,0</coordinates></LinearRing></outerBoundaryIs></Polygon></Placemark>
      <Placemark><name>Grass (-6,-3)</name><styleUrl>#grassStyle_1</styleUrl><Polygon><outerBoundaryIs><LinearRing><coordinates>-110.9703125,32.2134375,0 -110.96718750000001,32.2134375,0 -110.96718750000001,32.215312499999996,0 -110.9703125,32.215312499999996,0 -110.9703125,32.2134375,0</coordinates></LinearRing></outerBoundaryIs></Polygon></Placemark>
      <Placemark><name>Grass (-5,-3)</name><styleUrl>#grassStyle_1</styleUrl><Polygon><outerBoundaryIs><LinearRing><coordinates>-110.96718750000001,32.2134375,0 -110.9640625,32.2134375,0 -110.9640625,32.215312499999996,0 -110.96718750000001,32.215312499999996,0 -110.96718750000001,32.2134375,0</coordinates></LinearRing></outerBoundaryIs></Polygon></Placemark>
      <Placemark><name>Grass (-4,-3)</name><styleUrl>#grassStyle_0</styleUrl><Polygon><outerBoundaryIs><LinearRing><coordinates>-110.9640625,32.2134375,0 -110.9609375,32.2134375,0 -110.9609375,32.215312499999996,0 -110.9640625,32.215312499999996,0 -110.9640625,32.2134375,0</coordinates></LinearRing></outerBoundaryIs></Polygon></Placemark>
      <Placemark><name>Grass (-3,-3)</name><styleUrl>#grassStyle_0</styleUrl><Polygon><outerBoundaryIs><LinearRing><coordinates>-110.9609375,32.2134375,0 -110.9578125,32.2134375,0 -110.9578125,32.215312499999996,0 -110.9609375,32.215312499999996,0 -110.9609375,32.2134375,0</coordinates></LinearRing></outerBoundaryIs></Polygon></Placemark>
      <Placemark><name>Grass (-2,-3)</name><styleUrl>#grassStyle_0</styleUrl><Polygon><outerBoundaryIs><LinearRing><coordinates>-110.9578125,32.2134375,0 -110.9546875,32.2134375,0 -110.9546875,32.215312499999996,0 -110.9578125,32.215312499999996,0 -110.9578125,32.2134375,0</coordinates></LinearRing></outerBoundaryIs></Polygon></Placemark>
      <Placemark><name>Grass (-1,-3)</name><styleUrl>#grassStyle_0</styleUrl><Polygon><outerBoundaryIs><LinearRing><coordinates>-110.9546875,32.2134375,0 -110.95156250000001,32.2134375,0 -110.95156250000001,32.215312499999996,0 -110.9546875,32.215312499999996,0 -110.9546875,32.2134375,0</coordinates></LinearRing></outerBoundaryIs></Polygon></Placemark>
      <Placemark><name>Grass (0,-3)</name><styleUrl>#grassStyle_1</styleUrl><Polygon><outerBoundaryIs><LinearRing><coordinates>-110.95156250000001,32.2134375,0 -110.9484375,32.2134375,0 -110.9484375,32.215312499999996,0 -110.95156250000001,32.215312499999996,0 -110.95156250000001,32.2134375,0</coordinates></LinearRing></outerBoundaryIs></Polygon></Placemark>
      <Placemark><name>Grass (1,-3)</name><styleUrl>#grassStyle_1</styleUrl><Polygon><outerBoundaryIs><LinearRing><coordinates>-110.9484375,32.2134375,0 -110.9453125,32.2134375,0 -110.9453125,32.215312499999996,0 -110.9484375,32.215312499999996,0 -110.9484375,32.2134375,0</coordinates></LinearRing></outerBoundaryIs></Polygon></Placemark>
      <Placemark><name>Grass (2,-3)</name><styleUrl>#grassStyle_0</styleUrl><Polygon><outerBoundaryIs><LinearRing><coordinates>-110.9453125,32.2134375,0 -110.9421875,32.2134375,0 -110.9421875,32.215312499999996,0 -110.9453125,32.215312499999996,0 -110.9453125,32.2134375,0</coordinates></LinearRing></outerBoundaryIs></Polygon></Placemark>
      <Placemark><name>Grass (3,-3)</name><styleUrl>#grassStyle_1</styleUrl><Polygon><outerBoundaryIs><LinearRing><coordinates>-110.9421875,32.2134375,0 -110.9390625,32.2134375,0 -110.9390625,32.215312499999996,0 -110.9421875,32.215312499999996,0 -110.9421875,32.2134375,0</coordinates></LinearRing></outerBoundaryIs></Polygon></Placemark>
      <Placemark><name>Grass (4,-3)</name><styleUrl>#grassStyle_1</styleUrl><Polygon><outerBoundaryIs><LinearRing><coordinates>-110.9390625,32.2134375,0 -110.93593750000001,32.2134375,0 -110.93593750000001,32.215312499999996,0 -110.9390625,32.215312499999996,0 -110.9390625,32.2134375,0</coordinates></LinearRing></outerBoundaryIs></Polygon></Placemark>
      <Placemark><name>Grass (5,-3)</name><styleUrl>#grassStyle_1</styleUrl><Polygon><outerBoundaryIs><LinearRing><coordinates>-110.93593750000001,32.2134375,0 -110.9328125,32.2134375,0 -110.9328125,32.215312499999996,0 -110.93593750000001,32.215312499999996,0 -110.93593750000001,32.2134375,0</coordinates></LinearRing></outerBoundaryIs></Polygon></Placemark>
      <Placemark><name>Grass (6,-3)</name><styleUrl>#grassStyle_1</styleUrl><Polygon><outerBoundaryIs><LinearRing><coordinates>-110.9328125,32.2134375,0 -110.9296875,32.2134375,0 -110.9296875,32.215312499999996,0 -110.9328125,32.215312499999996,0 -110.9328125,32.2134375,0</coordinates></LinearRing></outerBoundaryIs></Polygon></Placemark>
      <Placemark><name>Grass (7,-3)</name><styleUrl>#grassStyle_0</styleUrl><Polygon><outerBoundaryIs><LinearRing><coordinates>-110.9296875,32.2134375,0 -110.9265625,32.2134375,0 -110.9265625,32.215312499999996,0 -110.9296875,32.215312499999996,0 -110.9296875,32.2134375,0</coordinates></LinearRing></outerBoundaryIs></Polygon></Placemark>
      <Placemark><name>Grass (8,-3)</name><styleUrl>#grassStyle_0</styleUrl><Polygon><outerBoundaryIs><LinearRing><coordinates>-110.9265625,32.2134375,0 -110.9234375,32.2134375,0 -110.9234375,32.215312499999996,0 -110.9265625,32.215312499999996,0 -110.9265625,32.2134375,0</coordinates></LinearRing></outerBoundaryIs></Polygon></Placemark>
      <Placemark><name>Grass (9,-3)</name><styleUrl>#grassStyle_0</styleUrl><Polygon><outerBoundaryIs><LinearRing><coordinates>-110.9234375,32.2134375,0 -110.92031250000001,32.2134375,0 -110.92031250000001,32.215312499999996,0 -110.9234375,32.215312499999996,0 -110.9234375,32.2134375,0</coordinates></LinearRing></outerBoundaryIs></Polygon></Placemark>
      <Placemark><name>Grass (10,-3)</name><styleUrl>#grassStyle_0</styleUrl><Polygon><outerBoundaryIs><LinearRing><coordinates>-110.92031250000001,32.2134375,0 -110.91718750000001,32.2134375,0 -110.91718750000001,32.215312499999996,0 -110.92031250000001,32.215312499999996,0 -110.92031250000001,32.2134375,0</coordinates></LinearRing></outerBoundaryIs></Polygon></Placemark>
      <Placemark><name>Grass (11,-3)</name><styleUrl>#grassStyle_1</styleUrl><Polygon><outerBoundaryIs><LinearRing><coordinates>-110.91718750000001,32.2134375,0 -110.9140625,32.2134375,0 -110.9140625,32.215312499999996,0 -110.91718750000001,32.215312499999996,0 -110.91718750000001,32.2134375,0</coordinates></LinearRing></outerBoundaryIs></Polygon></Placemark>
      <Placemark><name>Grass (12,-3)</name><styleUrl>#grassStyle_1</styleUrl><Polygon><outerBoundaryIs><LinearRing><coordinates>-110.9140625,32.2134375,0 -110.9109375,32.2134375,0 -110.9109375,32.215312499999996,0 -110.9140625,32.215312499999996,0 -110.9140625,32.2134375,0</coordinates></LinearRing></outerBoundaryIs></Polygon></Placemark>
      <Placemark><name>Grass (13,-3)</name><styleUrl>#grassStyle_0</styleUrl><Polygon><outerBoundaryIs><LinearRing><coordinates>-110.9109375,32.2134375,0 -110.9078125,32.2134375,0 -110.9078125,32.215312499999996,0 -110.9109375,32.215312499999996,0 -110.9109375,32.2134375,0</coordinates></LinearRing></outerBoundaryIs></Polygon></Placemark>
      <Placemark><name>Grass (14,-3)</name><styleUrl>#grassStyle_0</styleUrl><Polygon><outerBoundaryIs><LinearRing><coordinates>-110.9078125,32.2134375,0 -110.90468750000001,32.2134375,0 -110.90468750000001,32.215312499999996,0 -110.9078125,32.215312499999996,0 -110.9078125,32.2134375,0</coordinates></LinearRing></outerBoundaryIs></Polygon></Placemark>
      <Placemark><name>Grass (15,-3)</name><styleUrl>#grassStyle_0</styleUrl><Polygon><outerBoundaryIs><LinearRing><coordinates>-110.90468750000001,32.2134375,0 -110.90156250000001,32.2134375,0 -110.90156250000001,32.215312499999996,0 -110.90468750000001,32.215312499999996,0 -110.90468750000001,32.2134375,0</coordinates></LinearRing></outerBoundaryIs></Polygon></Placemark>
      <Placemark><name>Grass (16,-3)</name><styleUrl>#grassStyle_0</styleUrl><Polygon><outerBoundaryIs><LinearRing><coordinates>-110.90156250000001,32.2134375,0 -110.8984375,32.2134375,0 -110.8984375,32.215312499999996,0 -110.90156250000001,32.215312499999996,0 -110.90156250000001,32.2134375,0</coordinates></LinearRing></outerBoundaryIs></Polygon></Placemark>
      <Placemark><name>Grass (-16,-2)</name><styleUrl>#grassStyle_2</styleUrl><Polygon><outerBoundaryIs><LinearRing><coordinates>-111.0015625,32.215312499999996,0 -110.9984375,32.215312499999996,0 -110.9984375,32.2171875,0 -111.0015625,32.2171875,0 -111.0015625,32.215312499999996,0</coordinates></LinearRing></outerBoundaryIs></Polygon></Placemark>
      <Placemark><name>Grass (-15,-2)</name><styleUrl>#grassStyle_0</styleUrl><Polygon><outerBoundaryIs><LinearRing><coordinates>-110.9984375,32.215312499999996,0 -110.9953125,32.215312499999996,0 -110.9953125,32.2171875,0 -110.9984375,32.2171875,0 -110.9984375,32.215312499999996,0</coordinates></LinearRing></outerBoundaryIs></Polygon></Placemark>
      <Placemark><name>Grass (-14,-2)</name><styleUrl>#grassStyle_0</styleUrl><Polygon><outerBoundaryIs><LinearRing><coordinates>-110.9953125,32.215312499999996,0 -110.9921875,32.215312499999996,0 -110.9921875,32.2171875,0 -110.9953125,32.2171875,0 -110.9953125,32.215312499999996,0</coordinates></LinearRing></outerBoundaryIs></Polygon></Placemark>
      <Placemark><name>Grass (-13,-2)</name><styleUrl>#grassStyle_0</styleUrl><Polygon><outerBoundaryIs><LinearRing><coordinates>-110.9921875,32.215312499999996,0 -110.9890625,32.215312499999996,0 -110.9890625,32.2171875,0 -110.9921875,32.2171875,0 -110.9921875,32.215312499999996,0</coordinates></LinearRing></outerBoundaryIs></Polygon></Placemark>
      <Placemark><name>Grass (-12,-2)</name><styleUrl>#grassStyle_1</styleUrl><Polygon><outerBoundaryIs><LinearRing><coordinates>-110.9890625,32.215312499999996,0 -110.9859375,32.215312499999996,0 -110.9859375,32.2171875,0 -110.9890625,32.2171875,0 -110.9890625,32.215312499999996,0</coordinates></LinearRing></outerBoundaryIs></Polygon></Placemark>
      <Placemark><name>Grass (-11,-2)</name><styleUrl>#grassStyle_1</styleUrl><Polygon><outerBoundaryIs><LinearRing><coordinates>-110.9859375,32.215312499999996,0 -110.9828125,32.215312499999996,0 -110.9828125,32.2171875,0 -110.9859375,32.2171875,0 -110.9859375,32.215312499999996,0</coordinates></LinearRing></outerBoundaryIs></Polygon></Placemark>
      <Placemark><name>Grass (-10,-2)</name><styleUrl>#grassStyle_1</styleUrl><Polygon><outerBoundaryIs><LinearRing><coordinates>-110.9828125,32.215312499999996,0 -110.9796875,32.215312499999996,0 -110.9796875,32.2171875,0 -110.9828125,32.2171875,0 -110.9828125,32.215312499999996,0</coordinates></LinearRing></outerBoundaryIs></Polygon></Placemark>
      <Placemark><name>Grass (-9,-2)</name><styleUrl>#grassStyle_1</styleUrl><Polygon><outerBoundaryIs><LinearRing><coordinates>-110.9796875,32.215312499999996,0 -110.9765625,32.215312499999996,0 -110.9765625,32.2171875,0 -110.9796875,32.2171875,0 -110.9796875,32.215312499999996,0</coordinates></LinearRing></outerBoundaryIs></Polygon></Placemark>
      <Placemark><name>Grass (-8,-2)</name><styleUrl>#grassStyle_0</styleUrl><Polygon><outerBoundaryIs><LinearRing><coordinates>-110.9765625,32.215312499999996,0 -110.9734375,32.215312499999996,0 -110.9734375,32.2171875,0 -110.9765625,32.2171875,0 -110.9765625,32.215312499999996,0</coordinates></LinearRing></outerBoundaryIs></Polygon></Placemark>
      <Placemark><name>Grass (-7,-2)</name><styleUrl>#grassStyle_0</styleUrl><Polygon><outerBoundaryIs><LinearRing><coordinates>-110.9734375,32.215312499999996,0 -110.9703125,32.215312499999996,0 -110.9703125,32.2171875,0 -110.9734375,32.2171875,0 -110.9734375,32.215312499999996,0</coordinates></LinearRing></outerBoundaryIs></Polygon></Placemark>
      <Placemark><name>Grass (-6,-2)</name><styleUrl>#grassStyle_1</styleUrl><Polygon><outerBoundaryIs><LinearRing><coordinates>-110.9703125,32.215312499999996,0 -110.96718750000001,32.215312499999996,0 -110.96718750000001,32.2171875,0 -110.9703125,32.2171875,0 -110.9703125,32.215312499999996,0</coordinates></LinearRing></outerBoundaryIs></Polygon></Placemark>
      <Placemark><name>Grass (-5,-2)</name><styleUrl>#grassStyle_2</styleUrl><Polygon><outerBoundaryIs><LinearRing><coordinates>-110.96718750000001,32.215312499999996,0 -110.9640625,32.215312499999996,0 -110.9640625,32.2171875,0 -110.96718750000001,32.2171875,0 -110.96718750000001,32.215312499999996,0</coordinates></LinearRing></outerBoundaryIs></Polygon></Placemark>
      <Placemark><name>Grass (-4,-2)</name><styleUrl>#grassStyle_1</styleUrl><Polygon><outerBoundaryIs><LinearRing><coordinates>-110.9640625,32.215312499999996,0 -110.9609375,32.215312499999996,0 -110.9609375,32.2171875,0 -110.9640625,32.2171875,0 -110.9640625,32.215312499999996,0</coordinates></LinearRing></outerBoundaryIs></Polygon></Placemark>
      <Placemark><name>Grass (-3,-2)</name><styleUrl>#grassStyle_1</styleUrl><Polygon><outerBoundaryIs><LinearRing><coordinates>-110.9609375,32.215312499999996,0 -110.9578125,32.215312499999996,0 -110.9578125,32.2171875,0 -110.9609375,32.2171875,0 -110.9609375,32.215312499999996,0</coordinates></LinearRing></outerBoundaryIs></Polygon></Placemark>
      <Placemark><name>Grass (-2,-2)</name><styleUrl>#grassStyle_0</styleUrl><Polygon><outerBoundaryIs><LinearRing><coordinates>-110.9578125,32.215312499999996,0 -110.9546875,32.215312499999996,0 -110.9546875,32.2171875,0 -110.9578125,32.2171875,0 -110.9578125,32.215312499999996,0</coordinates></LinearRing></outerBoundaryIs></Polygon></Placemark>
      <Placemark><name>Grass (-1,-2)</name><styleUrl>#grassStyle_0</styleUrl><Polygon><outerBoundaryIs><LinearRing><coordinates>-110.9546875,32.215312499999996,0 -110.95156250000001,32.215312499999996,0 -110.95156250000001,32.2171875,0 -110.9546875,32.2171875,0 -110.9546875,32.215312499999996,0</coordinates></LinearRing></outerBoundaryIs></Polygon></Placemark>
      <Placemark><name>Grass (0,-2)</name><styleUrl>#grassStyle_1</styleUrl><Polygon><outerBoundaryIs><LinearRing><coordinates>-110.95156250000001,32.215312499999996,0 -110.9484375,32.215312499999996,0 -110.9484375,32.2171875,0 -110.95156250000001,32.2171875,0 -110.95156250000001,32.215312499999996,0</coordinates></LinearRing></outerBoundaryIs></Polygon></Placemark>
      <Placemark><name>Grass (1,-2)</name><styleUrl>#grassStyle_0</styleUrl><Polygon><outerBoundaryIs><LinearRing><coordinates>-110.9484375,32.215312499999996,0 -110.9453125,32.215312499999996,0 -110.9453125,32.2171875,0 -110.9484375,32.2171875,0 -110.9484375,32.215312499999996,0</coordinates></LinearRing></outerBoundaryIs></Polygon></Placemark>
      <Placemark><name>Grass (2,-2)</name><styleUrl>#grassStyle_1</styleUrl><Polygon><outerBoundaryIs><LinearRing><coordinates>-110.9453125,32.215312499999996,0 -110.9421875,32.215312499999996,0 -110.9421875,32.2171875,0 -110.9453125,32.2171875,0 -110.9453125,32.215312499999996,0</coordinates></LinearRing></outerBoundaryIs></Polygon></Placemark>
      <Placemark><name>Grass (3,-2)</name><styleUrl>#grassStyle_0</styleUrl><Polygon><outerBoundaryIs><LinearRing><coordinates>-110.9421875,32.215312499999996,0 -110.9390625,32.215312499999996,0 -110.9390625,32.2171875,0 -110.9421875,32.2171875,0 -110.9421875,32.215312499999996,0</coordinates></LinearRing></outerBoundaryIs></Polygon></Placemark>
      <Placemark><name>Grass (4,-2)</name><styleUrl>#grassStyle_0</styleUrl><Polygon><outerBoundaryIs><LinearRing><coordinates>-110.9390625,32.215312499999996,0 -110.93593750000001,32.215312499999996,0 -110.93593750000001,32.2171875,0 -110.9390625,32.2171875,0 -110.9390625,32.215312499999996,0</coordinates></LinearRing></outerBoundaryIs></Polygon></Placemark>
      <Placemark><name>Grass (5,-2)</name><styleUrl>#grassStyle_2</styleUrl><Polygon><outerBoundaryIs><LinearRing><coordinates>-110.93593750000001,32.215312499999996,0 -110.9328125,32.215312499999996,0 -110.9328125,32.2171875,0 -110.93593750000001,32.2171875,0 -110.93593750000001,32.215312499999996,0</coordinates></LinearRing></outerBoundaryIs></Polygon></Placemark>
      <Placemark><name>Grass (6,-2)</name><styleUrl>#grassStyle_0</styleUrl><Polygon><outerBoundaryIs><LinearRing><coordinates>-110.9328125,32.215312499999996,0 -110.9296875,32.215312499999996,0 -110.9296875,32.2171875,0 -110.9328125,32.2171875,0 -110.9328125,32.215312499999996,0</coordinates></LinearRing></outerBoundaryIs></Polygon></Placemark>
      <Placemark><name>Grass (7,-2)</name><styleUrl>#grassStyle_0</styleUrl><Polygon><outerBoundaryIs><LinearRing><coordinates>-110.9296875,32.215312499999996,0 -110.9265625,32.215312499999996,0 -110.9265625,32.2171875,0 -110.9296875,32.2171875,0 -110.9296875,32.215312499999996,0</coordinates></LinearRing></outerBoundaryIs></Polygon></Placemark>
      <Placemark><name>Grass (8,-2)</name><styleUrl>#grassStyle_0</styleUrl><Polygon><outerBoundaryIs><LinearRing><coordinates>-110.9265625,32.215312499999996,0 -110.9234375,32.215312499999996,0 -110.9234375,32.2171875,0 -110.9265625,32.2171875,0 -110.9265625,32.215312499999996,0</coordinates></LinearRing></outerBoundaryIs></Polygon></Placemark>
      <Placemark><name>Grass (9,-2)</name><styleUrl>#grassStyle_0</styleUrl><Polygon><outerBoundaryIs><LinearRing><coordinates>-110.9234375,32.215312499999996,0 -110.92031250000001,32.215312499999996,0 -110.92031250000001,32.2171875,0 -110.9234375,32.2171875,0 -110.9234375,32.215312499999996,0</coordinates></LinearRing></outerBoundaryIs></Polygon></Placemark>
      <Placemark><name>Grass (10,-2)</name><styleUrl>#grassStyle_0</styleUrl><Polygon><outerBoundaryIs><LinearRing><coordinates>-110.92031250000001,32.215312499999996,0 -110.91718750000001,32.215312499999996,0 -110.91718750000001,32.2171875,0 -110.92031250000001,32.2171875,0 -110.92031250000001,32.215312499999996,0</coordinates></LinearRing></outerBoundaryIs></Polygon></Placemark>
      <Placemark><name>Grass (11,-2)</name><styleUrl>#grassStyle_1</styleUrl><Polygon><outerBoundaryIs><LinearRing><coordinates>-110.91718750000001,32.215312499999996,0 -110.9140625,32.215312499999996,0 -110.9140625,32.2171875,0 -110.91718750000001,32.2171875,0 -110.91718750000001,32.215312499999996,0</coordinates></LinearRing></outerBoundaryIs></Polygon></Placemark>
      <Placemark><name>Grass (12,-2)</name><styleUrl>#grassStyle_1</styleUrl><Polygon><outerBoundaryIs><LinearRing><coordinates>-110.9140625,32.215312499999996,0 -110.9109375,32.215312499999996,0 -110.9109375,32.2171875,0 -110.9140625,32.2171875,0 -110.9140625,32.215312499999996,0</coordinates></LinearRing></outerBoundaryIs></Polygon></Placemark>
      <Placemark><name>Grass (13,-2)</name><styleUrl>#grassStyle_0</styleUrl><Polygon><outerBoundaryIs><LinearRing><coordinates>-110.9109375,32.215312499999996,0 -110.9078125,32.215312499999996,0 -110.9078125,32.2171875,0 -110.9109375,32.2171875,0 -110.9109375,32.215312499999996,0</coordinates></LinearRing></outerBoundaryIs></Polygon></Placemark>
      <Placemark><name>Grass (14,-2)</name><styleUrl>#grassStyle_0</styleUrl><Polygon><outerBoundaryIs><LinearRing><coordinates>-110.9078125,32.215312499999996,0 -110.90468750000001,32.215312499999996,0 -110.90468750000001,32.2171875,0 -110.9078125,32.2171875,0 -110.9078125,32.215312499999996,0</coordinates></LinearRing></outerBoundaryIs></Polygon></Placemark>
      <Placemark><name>Grass (15,-2)</name><styleUrl>#grassStyle_1</styleUrl><Polygon><outerBoundaryIs><LinearRing><coordinates>-110.90468750000001,32.215312499999996,0 -110.90156250000001,32.215312499999996,0 -110.90156250000001,32.2171875,0 -110.90468750000001,32.2171875,0 -110.90468750000001,32.215312499999996,0</coordinates></LinearRing></outerBoundaryIs></Polygon></Placemark>
      <Placemark><name>Grass (16,-2)</name><styleUrl>#grassStyle_0</styleUrl><Polygon><outerBoundaryIs><LinearRing><coordinates>-110.90156250000001,32.215312499999996,0 -110.8984375,32.215312499999996,0 -110.8984375,32.2171875,0 -110.90156250000001,32.2171875,0 -110.90156250000001,32.215312499999996,0</coordinates></LinearRing></outerBoundaryIs></Polygon></Placemark>
      <Placemark><name>Grass (-16,-1)</name><styleUrl>#grassStyle_0</styleUrl><Polygon><outerBoundaryIs><LinearRing><coordinates>-111.0015625,32.2171875,0 -110.9984375,32.2171875,0 -110.9984375,32.2190625,0 -111.0015625,32.2190625,0 -111.0015625,32.2171875,0</coordinates></LinearRing></outerBoundaryIs></Polygon></Placemark>
      <Placemark><name>Grass (-15,-1)</name><styleUrl>#grassStyle_1</styleUrl><Polygon><outerBoundaryIs><LinearRing><coordinates>-110.9984375,32.2171875,0 -110.9953125,32.2171875,0 -110.9953125,32.2190625,0 -110.9984375,32.2190625,0 -110.9984375,32.2171875,0</coordinates></LinearRing></outerBoundaryIs></Polygon></Placemark>
      <Placemark><name>Grass (-14,-1)</name><styleUrl>#grassStyle_0</styleUrl><Polygon><outerBoundaryIs><LinearRing><coordinates>-110.9953125,32.2171875,0 -110.9921875,32.2171875,0 -110.9921875,32.2190625,0 -110.9953125,32.2190625,0 -110.9953125,32.2171875,0</coordinates></LinearRing></outerBoundaryIs></Polygon></Placemark>
      <Placemark><name>Grass (-13,-1)</name><styleUrl>#grassStyle_0</styleUrl><Polygon><outerBoundaryIs><LinearRing><coordinates>-110.9921875,32.2171875,0 -110.9890625,32.2171875,0 -110.9890625,32.2190625,0 -110.9921875,32.2190625,0 -110.9921875,32.2171875,0</coordinates></LinearRing></outerBoundaryIs></Polygon></Placemark>
      <Placemark><name>Grass (-12,-1)</name><styleUrl>#grassStyle_0</styleUrl><Polygon><outerBoundaryIs><LinearRing><coordinates>-110.9890625,32.2171875,0 -110.9859375,32.2171875,0 -110.9859375,32.2190625,0 -110.9890625,32.2190625,0 -110.9890625,32.2171875,0</coordinates></LinearRing></outerBoundaryIs></Polygon></Placemark>
      <Placemark><name>Grass (-11,-1)</name><styleUrl>#grassStyle_0</styleUrl><Polygon><outerBoundaryIs><LinearRing><coordinates>-110.9859375,32.2171875,0 -110.9828125,32.2171875,0 -110.9828125,32.2190625,0 -110.9859375,32.2190625,0 -110.9859375,32.2171875,0</coordinates></LinearRing></outerBoundaryIs></Polygon></Placemark>
      <Placemark><name>Grass (-10,-1)</name><styleUrl>#grassStyle_1</styleUrl><Polygon><outerBoundaryIs><LinearRing><coordinates>-110.9828125,32.2171875,0 -110.9796875,32.2171875,0 -110.9796875,32.2190625,0 -110.9828125,32.2190625,0 -110.9828125,32.2171875,0</coordinates></LinearRing></outerBoundaryIs></Polygon></Placemark>
      <Placemark><name>Grass (-9,-1)</name><styleUrl>#grassStyle_0</styleUrl><Polygon><outerBoundaryIs><LinearRing><coordinates>-110.9796875,32.2171875,0 -110.9765625,32.2171875,0 -110.9765625,32.2190625,0 -110.9796875,32.2190625,0 -110.9796875,32.2171875,0</coordinates></LinearRing></outerBoundaryIs></Polygon></Placemark>
      <Placemark><name>Grass (-8,-1)</name><styleUrl>#grassStyle_2</styleUrl><Polygon><outerBoundaryIs><LinearRing><coordinates>-110.9765625,32.2171875,0 -110.9734375,32.2171875,0 -110.9734375,32.2190625,0 -110.9765625,32.2190625,0 -110.9765625,32.2171875,0</coordinates></LinearRing></outerBoundaryIs></Polygon></Placemark>
      <Placemark><name>Grass (-7,-1)</name><styleUrl>#grassStyle_1</styleUrl><Polygon><outerBoundaryIs><LinearRing><coordinates>-110.9734375,32.2171875,0 -110.9703125,32.2171875,0 -110.9703125,32.2190625,0 -110.9734375,32.2190625,0 -110.9734375,32.2171875,0</coordinates></LinearRing></outerBoundaryIs></Polygon></Placemark>
      <Placemark><name>Grass (-6,-1)</name><styleUrl>#grassStyle_0</styleUrl><Polygon><outerBoundaryIs><LinearRing><coordinates>-110.9703125,32.2171875,0 -110.96718750000001,32.2171875,0 -110.96718750000001,32.2190625,0 -110.9703125,32.2190625,0 -110.9703125,32.2171875,0</coordinates></LinearRing></outerBoundaryIs></Polygon></Placemark>
      <Placemark><name>Grass (-5,-1)</name><styleUrl>#grassStyle_0</styleUrl><Polygon><outerBoundaryIs><LinearRing><coordinates>-110.96718750000001,32.2171875,0 -110.9640625,32.2171875,0 -110.9640625,32.2190625,0 -110.96718750000001,32.2190625,0 -110.96718750000001,32.2171875,0</coordinates></LinearRing></outerBoundaryIs></Polygon></Placemark>
      <Placemark><name>Grass (-4,-1)</name><styleUrl>#grassStyle_0</styleUrl><Polygon><outerBoundaryIs><LinearRing><coordinates>-110.9640625,32.2171875,0 -110.9609375,32.2171875,0 -110.9609375,32.2190625,0 -110.9640625,32.2190625,0 -110.9640625,32.2171875,0</coordinates></LinearRing></outerBoundaryIs></Polygon></Placemark>
      <Placemark><name>Grass (-3,-1)</name><styleUrl>#grassStyle_1</styleUrl><Polygon><outerBoundaryIs><LinearRing><coordinates>-110.9609375,32.2171875,0 -110.9578125,32.2171875,0 -110.9578125,32.2190625,0 -110.9609375,32.2190625,0 -110.9609375,32.2171875,0</coordinates></LinearRing></outerBoundaryIs></Polygon></Placemark>
      <Placemark><name>Grass (-2,-1)</name><styleUrl>#grassStyle_0</styleUrl><Polygon><outerBoundaryIs><LinearRing><coordinates>-110.9578125,32.2171875,0 -110.9546875,32.2171875,0 -110.9546875,32.2190625,0 -110.9578125,32.2190625,0 -110.9578125,32.2171875,0</coordinates></LinearRing></outerBoundaryIs></Polygon></Placemark>
      <Placemark><name>Grass (-1,-1)</name><styleUrl>#grassStyle_0</styleUrl><Polygon><outerBoundaryIs><LinearRing><coordinates>-110.9546875,32.2171875,0 -110.95156250000001,32.2171875,0 -110.95156250000001,32.2190625,0 -110.9546875,32.2190625,0 -110.9546875,32.2171875,0</coordinates></LinearRing></outerBoundaryIs></Polygon></Placemark>
      <Placemark><name>Grass (0,-1)</name><styleUrl>#grassStyle_0</styleUrl><Polygon><outerBoundaryIs><LinearRing><coordinates>-110.95156250000001,32.2171875,0 -110.9484375,32.2171875,0 -110.9484375,32.2190625,0 -110.95156250000001,32.2190625,0 -110.95156250000001,32.2171875,0</coordinates></LinearRing></outerBoundaryIs></Polygon></Placemark>
      <Placemark><name>Grass (1,-1)</name><styleUrl>#grassStyle_0</styleUrl><Polygon><outerBoundaryIs><LinearRing><coordinates>-110.9484375,32.2171875,0 -110.9453125,32.2171875,0 -110.9453125,32.2190625,0 -110.9484375,32.2190625,0 -110.9484375,32.2171875,0</coordinates></LinearRing></outerBoundaryIs></Polygon></Placemark>
      <Placemark><name>Grass (2,-1)</name><styleUrl>#grassStyle_0</styleUrl><Polygon><outerBoundaryIs><LinearRing><coordinates>-110.9453125,32.2171875,0 -110.9421875,32.2171875,0 -110.9421875,32.2190625,0 -110.9453125,32.2190625,0 -110.9453125,32.2171875,0</coordinates></LinearRing></outerBoundaryIs></Polygon></Placemark>
      <Placemark><name>Grass (3,-1)</name><styleUrl>#grassStyle_0</styleUrl><Polygon><outerBoundaryIs><LinearRing><coordinates>-110.9421875,32.2171875,0 -110.9390625,32.2171875,0 -110.9390625,32.2190625,0 -110.9421875,32.2190625,0 -110.9421875,32.2171875,0</coordinates></LinearRing></outerBoundaryIs></Polygon></Placemark>
      <Placemark><name>Grass (4,-1)</name><styleUrl>#grassStyle_0</styleUrl><Polygon><outerBoundaryIs><LinearRing><coordinates>-110.9390625,32.2171875,0 -110.93593750000001,32.2171875,0 -110.93593750000001,32.2190625,0 -110.9390625,32.2190625,0 -110.9390625,32.2171875,0</coordinates></LinearRing></outerBoundaryIs></Polygon></Placemark>
      <Placemark><name>Grass (5,-1)</name><styleUrl>#grassStyle_0</styleUrl><Polygon><outerBoundaryIs><LinearRing><coordinates>-110.93593750000001,32.2171875,0 -110.9328125,32.2171875,0 -110.9328125,32.2190625,0 -110.93593750000001,32.2190625,0 -110.93593750000001,32.2171875,0</coordinates></LinearRing></outerBoundaryIs></Polygon></Placemark>
      <Placemark><name>Grass (6,-1)</name><styleUrl>#grassStyle_2</styleUrl><Polygon><outerBoundaryIs><LinearRing><coordinates>-110.9328125,32.2171875,0 -110.9296875,32.2171875,0 -110.9296875,32.2190625,0 -110.9328125,32.2190625,0 -110.9328125,32.2171875,0</coordinates></LinearRing></outerBoundaryIs></Polygon></Placemark>
      <Placemark><name>Grass (7,-1)</name><styleUrl>#grassStyle_1</styleUrl><Polygon><outerBoundaryIs><LinearRing><coordinates>-110.9296875,32.2171875,0 -110.9265625,32.2171875,0 -110.9265625,32.2190625,0 -110.9296875,32.2190625,0 -110.9296875,32.2171875,0</coordinates></LinearRing></outerBoundaryIs></Polygon></Placemark>
      <Placemark><name>Grass (8,-1)</name><styleUrl>#grassStyle_0</styleUrl><Polygon><outerBoundaryIs><LinearRing><coordinates>-110.9265625,32.2171875,0 -110.9234375,32.2171875,0 -110.9234375,32.2190625,0 -110.9265625,32.2190625,0 -110.9265625,32.2171875,0</coordinates></LinearRing></outerBoundaryIs></Polygon></Placemark>
      <Placemark><name>Grass (9,-1)</name><styleUrl>#grassStyle_1</styleUrl><Polygon><outerBoundaryIs><LinearRing><coordinates>-110.9234375,32.2171875,0 -110.92031250000001,32.2171875,0 -110.92031250000001,32.2190625,0 -110.9234375,32.2190625,0 -110.9234375,32.2171875,0</coordinates></LinearRing></outerBoundaryIs></Polygon></Placemark>
      <Placemark><name>Grass (10,-1)</name><styleUrl>#grassStyle_1</styleUrl><Polygon><outerBoundaryIs><LinearRing><coordinates>-110.92031250000001,32.2171875,0 -110.91718750000001,32.2171875,0 -110.91718750000001,32.2190625,0 -110.92031250000001,32.2190625,0 -110.92031250000001,32.2171875,0</coordinates></LinearRing></outerBoundaryIs></Polygon></Placemark>
      <Placemark><name>Grass (11,-1)</name><styleUrl>#grassStyle_0</styleUrl><Polygon><outerBoundaryIs><LinearRing><coordinates>-110.91718750000001,32.2171875,0 -110.9140625,32.2171875,0 -110.9140625,32.2190625,0 -110.91718750000001,32.2190625,0 -110.91718750000001,32.2171875,0</coordinates></LinearRing></outerBoundaryIs></Polygon></Placemark>
      <Placemark><name>Grass (12,-1)</name><styleUrl>#grassStyle_0</styleUrl><Polygon><outerBoundaryIs><LinearRing><coordinates>-110.9140625,32.2171875,0 -110.9109375,32.2171875,0 -110.9109375,32.2190625,0 -110.9140625,32.2190625,0 -110.9140625,32.2171875,0</coordinates></LinearRing></outerBoundaryIs></Polygon></Placemark>
      <Placemark><name>Grass (13,-1)</name><styleUrl>#grassStyle_0</styleUrl><Polygon><outerBoundaryIs><LinearRing><coordinates>-110.9109375,32.2171875,0 -110.9078125,32.2171875,0 -110.9078125,32.2190625,0 -110.9109375,32.2190625,0 -110.9109375,32.2171875,0</coordinates></LinearRing></outerBoundaryIs></Polygon></Placemark>
      <Placemark><name>Grass (14,-1)</name><styleUrl>#grassStyle_0</styleUrl><Polygon><outerBoundaryIs><LinearRing><coordinates>-110.9078125,32.2171875,0 -110.90468750000001,32.2171875,0 -110.90468750000001,32.2190625,0 -110.9078125,32.2190625,0 -110.9078125,32.2171875,0</coordinates></LinearRing></outerBoundaryIs></Polygon></Placemark>
      <Placemark><name>Grass (15,-1)</name><styleUrl>#grassStyle_0</styleUrl><Polygon><outerBoundaryIs><LinearRing><coordinates>-110.90468750000001,32.2171875,0 -110.90156250000001,32.2171875,0 -110.90156250000001,32.2190625,0 -110.90468750000001,32.2190625,0 -110.90468750000001,32.2171875,0</coordinates></LinearRing></outerBoundaryIs></Polygon></Placemark>
      <Placemark><name>Grass (16,-1)</name><styleUrl>#grassStyle_1</styleUrl><Polygon><outerBoundaryIs><LinearRing><coordinates>-110.90156250000001,32.2171875,0 -110.8984375,32.2171875,0 -110.8984375,32.2190625,0 -110.90156250000001,32.2190625,0 -110.90156250000001,32.2171875,0</coordinates></LinearRing></outerBoundaryIs></Polygon></Placemark>
      <Placemark><name>Grass (-16,0)</name><styleUrl>#grassStyle_1</styleUrl><Polygon><outerBoundaryIs><LinearRing><coordinates>-111.0015625,32.2190625,0 -110.9984375,32.2190625,0 -110.9984375,32.2209375,0 -111.0015625,32.2209375,0 -111.0015625,32.2190625,0</coordinates></LinearRing></outerBoundaryIs></Polygon></Placemark>
      <Placemark><name>Grass (-15,0)</name><styleUrl>#grassStyle_0</styleUrl><Polygon><outerBoundaryIs><LinearRing><coordinates>-110.9984375,32.2190625,0 -110.9953125,32.2190625,0 -110.9953125,32.2209375,0 -110.9984375,32.2209375,0 -110.9984375,32.2190625,0</coordinates></LinearRing></outerBoundaryIs></Polygon></Placemark>
      <Placemark><name>Grass (-14,0)</name><styleUrl>#grassStyle_0</styleUrl><Polygon><outerBoundaryIs><LinearRing><coordinates>-110.9953125,32.2190625,0 -110.9921875,32.2190625,0 -110.9921875,32.2209375,0 -110.9953125,32.2209375,0 -110.9953125,32.2190625,0</coordinates></LinearRing></outerBoundaryIs></Polygon></Placemark>
      <Placemark><name>Grass (-13,0)</name><styleUrl>#grassStyle_0</styleUrl><Polygon><outerBoundaryIs><LinearRing><coordinates>-110.9921875,32.2190625,0 -110.9890625,32.2190625,0 -110.9890625,32.2209375,0 -110.9921875,32.2209375,0 -110.9921875,32.2190625,0</coordinates></LinearRing></outerBoundaryIs></Polygon></Placemark>
      <Placemark><name>Grass (-12,0)</name><styleUrl>#grassStyle_0</styleUrl><Polygon><outerBoundaryIs><LinearRing><coordinates>-110.9890625,32.2190625,0 -110.9859375,32.2190625,0 -110.9859375,32.2209375,0 -110.9890625,32.2209375,0 -110.9890625,32.2190625,0</coordinates></LinearRing></outerBoundaryIs></Polygon></Placemark>
      <Placemark><name>Grass (-11,0)</name><styleUrl>#grassStyle_0</styleUrl><Polygon><outerBoundaryIs><LinearRing><coordinates>-110.9859375,32.2190625,0 -110.9828125,32.2190625,0 -110.9828125,32.2209375,0 -110.9859375,32.2209375,0 -110.9859375,32.2190625,0</coordinates></LinearRing></outerBoundaryIs></Polygon></Placemark>
      <Placemark><name>Grass (-10,0)</name><styleUrl>#grassStyle_0</styleUrl><Polygon><outerBoundaryIs><LinearRing><coordinates>-110.9828125,32.2190625,0 -110.9796875,32.2190625,0 -110.9796875,32.2209375,0 -110.9828125,32.2209375,0 -110.9828125,32.2190625,0</coordinates></LinearRing></outerBoundaryIs></Polygon></Placemark>
      <Placemark><name>Grass (-9,0)</name><styleUrl>#grassStyle_1</styleUrl><Polygon><outerBoundaryIs><LinearRing><coordinates>-110.9796875,32.2190625,0 -110.9765625,32.2190625,0 -110.9765625,32.2209375,0 -110.9796875,32.2209375,0 -110.9796875,32.2190625,0</coordinates></LinearRing></outerBoundaryIs></Polygon></Placemark>
      <Placemark><name>Grass (-8,0)</name><styleUrl>#grassStyle_0</styleUrl><Polygon><outerBoundaryIs><LinearRing><coordinates>-110.9765625,32.2190625,0 -110.9734375,32.2190625,0 -110.9734375,32.2209375,0 -110.9765625,32.2209375,0 -110.9765625,32.2190625,0</coordinates></LinearRing></outerBoundaryIs></Polygon></Placemark>
      <Placemark><name>Grass (-7,0)</name><styleUrl>#grassStyle_1</styleUrl><Polygon><outerBoundaryIs><LinearRing><coordinates>-110.9734375,32.2190625,0 -110.9703125,32.2190625,0 -110.9703125,32.2209375,0 -110.9734375,32.2209375,0 -110.9734375,32.2190625,0</coordinates></LinearRing></outerBoundaryIs></Polygon></Placemark>
      <Placemark><name>Grass (-6,0)</name><styleUrl>#grassStyle_0</styleUrl><Polygon><outerBoundaryIs><LinearRing><coordinates>-110.9703125,32.2190625,0 -110.96718750000001,32.2190625,0 -110.96718750000001,32.2209375,0 -110.9703125,32.2209375,0 -110.9703125,32.2190625,0</coordinates></LinearRing></outerBoundaryIs></Polygon></Placemark>
      <Placemark><name>Grass (-5,0)</name><styleUrl>#grassStyle_0</styleUrl><Polygon><outerBoundaryIs><LinearRing><coordinates>-110.96718750000001,32.2190625,0 -110.9640625,32.2190625,0 -110.9640625,32.2209375,0 -110.96718750000001,32.2209375,0 -110.96718750000001,32.2190625,0</coordinates></LinearRing></outerBoundaryIs></Polygon></Placemark>
      <Placemark><name>Grass (-4,0)</name><styleUrl>#grassStyle_1</styleUrl><Polygon><outerBoundaryIs><LinearRing><coordinates>-110.9640625,32.2190625,0 -110.9609375,32.2190625,0 -110.9609375,32.2209375,0 -110.9640625,32.2209375,0 -110.9640625,32.2190625,0</coordinates></LinearRing></outerBoundaryIs></Polygon></Placemark>
      <Placemark><name>Grass (-3,0)</name><styleUrl>#grassStyle_1</styleUrl><Polygon><outerBoundaryIs><LinearRing><coordinates>-110.9609375,32.2190625,0 -110.9578125,32.2190625,0 -110.9578125,32.2209375,0 -110.9609375,32.2209375,0 -110.9609375,32.2190625,0</coordinates></LinearRing></outerBoundaryIs></Polygon></Placemark>
      <Placemark><name>Grass (-2,0)</name><styleUrl>#grassStyle_3</styleUrl><Polygon><outerBoundaryIs><LinearRing><coordinates>-110.9578125,32.2190625,0 -110.9546875,32.2190625,0 -110.9546875,32.2209375,0 -110.9578125,32.2209375,0 -110.9578125,32.2190625,0</coordinates></LinearRing></outerBoundaryIs></Polygon></Placemark>
      <Placemark><name>Grass (-1,0)</name><styleUrl>#grassStyle_2</styleUrl><Polygon><outerBoundaryIs><LinearRing><coordinates>-110.9546875,32.2190625,0 -110.95156250000001,32.2190625,0 -110.95156250000001,32.2209375,0 -110.9546875,32.2209375,0 -110.9546875,32.2190625,0</coordinates></LinearRing></outerBoundaryIs></Polygon></Placemark>
      <Placemark><name>Grass (0,0)</name><styleUrl>#grassStyle_0</styleUrl><Polygon><outerBoundaryIs><LinearRing><coordinates>-110.95156250000001,32.2190625,0 -110.9484375,32.2190625,0 -110.9484375,32.2209375,0 -110.95156250000001,32.2209375,0 -110.95156250000001,32.2190625,0</coordinates></LinearRing></outerBoundaryIs></Polygon></Placemark>
      <Placemark><name>Grass (1,0)</name><styleUrl>#grassStyle_0</styleUrl><Polygon><outerBoundaryIs><LinearRing><coordinates>-110.9484375,32.2190625,0 -110.9453125,32.2190625,0 -110.9453125,32.2209375,0 -110.9484375,32.2209375,0 -110.9484375,32.2190625,0</coordinates></LinearRing></outerBoundaryIs></Polygon></Placemark>
      <Placemark><name>Grass (2,0)</name><styleUrl>#grassStyle_1</styleUrl><Polygon><outerBoundaryIs><LinearRing><coordinates>-110.9453125,32.2190625,0 -110.9421875,32.2190625,0 -110.9421875,32.2209375,0 -110.9453125,32.2209375,0 -110.9453125,32.2190625,0</coordinates></LinearRing></outerBoundaryIs></Polygon></Placemark>
      <Placemark><name>Grass (3,0)</name><styleUrl>#grassStyle_0</styleUrl><Polygon><outerBoundaryIs><LinearRing><coordinates>-110.9421875,32.2190625,0 -110.9390625,32.2190625,0 -110.9390625,32.2209375,0 -110.9421875,32.2209375,0 -110.9421875,32.2190625,0</coordinates></LinearRing></outerBoundaryIs></Polygon></Placemark>
      <Placemark><name>Grass (4,0)</name><styleUrl>#grassStyle_1</styleUrl><Polygon><outerBoundaryIs><LinearRing><coordinates>-110.9390625,32.2190625,0 -110.93593750000001,32.2190625,0 -110.93593750000001,32.2209375,0 -110.9390625,32.2209375,0 -110.9390625,32.2190625,0</coordinates></LinearRing></outerBoundaryIs></Polygon></Placemark>
      <Placemark><name>Grass (5,0)</name><styleUrl>#grassStyle_0</styleUrl><Polygon><outerBoundaryIs><LinearRing><coordinates>-110.93593750000001,32.2190625,0 -110.9328125,32.2190625,0 -110.9328125,32.2209375,0 -110.93593750000001,32.2209375,0 -110.93593750000001,32.2190625,0</coordinates></LinearRing></outerBoundaryIs></Polygon></Placemark>
      <Placemark><name>Grass (6,0)</name><styleUrl>#grassStyle_0</styleUrl><Polygon><outerBoundaryIs><LinearRing><coordinates>-110.9328125,32.2190625,0 -110.9296875,32.2190625,0 -110.9296875,32.2209375,0 -110.9328125,32.2209375,0 -110.9328125,32.2190625,0</coordinates></LinearRing></outerBoundaryIs></Polygon></Placemark>
      <Placemark><name>Grass (7,0)</name><styleUrl>#grassStyle_1</styleUrl><Polygon><outerBoundaryIs><LinearRing><coordinates>-110.9296875,32.2190625,0 -110.9265625,32.2190625,0 -110.9265625,32.2209375,0 -110.9296875,32.2209375,0 -110.9296875,32.2190625,0</coordinates></LinearRing></outerBoundaryIs></Polygon></Placemark>
      <Placemark><name>Grass (8,0)</name><styleUrl>#grassStyle_2</styleUrl><Polygon><outerBoundaryIs><LinearRing><coordinates>-110.9265625,32.2190625,0 -110.9234375,32.2190625,0 -110.9234375,32.2209375,0 -110.9265625,32.2209375,0 -110.9265625,32.2190625,0</coordinates></LinearRing></outerBoundaryIs></Polygon></Placemark>
      <Placemark><name>Grass (9,0)</name><styleUrl>#grassStyle_1</styleUrl><Polygon><outerBoundaryIs><LinearRing><coordinates>-110.9234375,32.2190625,0 -110.92031250000001,32.2190625,0 -110.92031250000001,32.2209375,0 -110.9234375,32.2209375,0 -110.9234375,32.2190625,0</coordinates></LinearRing></outerBoundaryIs></Polygon></Placemark>
      <Placemark><name>Grass (10,0)</name><styleUrl>#grassStyle_1</styleUrl><Polygon><outerBoundaryIs><LinearRing><coordinates>-110.92031250000001,32.2190625,0 -110.91718750000001,32.2190625,0 -110.91718750000001,32.2209375,0 -110.92031250000001,32.2209375,0 -110.92031250000001,32.2190625,0</coordinates></LinearRing></outerBoundaryIs></Polygon></Placemark>
      <Placemark><name>Grass (11,0)</name><styleUrl>#grassStyle_0</styleUrl><Polygon><outerBoundaryIs><LinearRing><coordinates>-110.91718750000001,32.2190625,0 -110.9140625,32.2190625,0 -110.9140625,32.2209375,0 -110.91718750000001,32.2209375,0 -110.91718750000001,32.2190625,0</coordinates></LinearRing></outerBoundaryIs></Polygon></Placemark>
      <Placemark><name>Grass (12,0)</name><styleUrl>#grassStyle_1</styleUrl><Polygon><outerBoundaryIs><LinearRing><coordinates>-110.9140625,32.2190625,0 -110.9109375,32.2190625,0 -110.9109375,32.2209375,0 -110.9140625,32.2209375,0 -110.9140625,32.2190625,0</coordinates></LinearRing></outerBoundaryIs></Polygon></Placemark>
      <Placemark><name>Grass (13,0)</name><styleUrl>#grassStyle_1</styleUrl><Polygon><outerBoundaryIs><LinearRing><coordinates>-110.9109375,32.2190625,0 -110.9078125,32.2190625,0 -110.9078125,32.2209375,0 -110.9109375,32.2209375,0 -110.9109375,32.2190625,0</coordinates></LinearRing></outerBoundaryIs></Polygon></Placemark>
      <Placemark><name>Grass (14,0)</name><styleUrl>#grassStyle_1</styleUrl><Polygon><outerBoundaryIs><LinearRing><coordinates>-110.9078125,32.2190625,0 -110.90468750000001,32.2190625,0 -110.90468750000001,32.2209375,0 -110.9078125,32.2209375,0 -110.9078125,32.2190625,0</coordinates></LinearRing></outerBoundaryIs></Polygon></Placemark>
      <Placemark><name>Grass (15,0)</name><styleUrl>#grassStyle_2</styleUrl><Polygon><outerBoundaryIs><LinearRing><coordinates>-110.90468750000001,32.2190625,0 -110.90156250000001,32.2190625,0 -110.90156250000001,32.2209375,0 -110.90468750000001,32.2209375,0 -110.90468750000001,32.2190625,0</coordinates></LinearRing></outerBoundaryIs></Polygon></Placemark>
      <Placemark><name>Grass (16,0)</name><styleUrl>#grassStyle_1</styleUrl><Polygon><outerBoundaryIs><LinearRing><coordinates>-110.90156250000001,32.2190625,0 -110.8984375,32.2190625,0 -110.8984375,32.2209375,0 -110.90156250000001,32.2209375,0 -110.90156250000001,32.2190625,0</coordinates></LinearRing></outerBoundaryIs></Polygon></Placemark>
      <Placemark><name>Grass (-16,1)</name><styleUrl>#grassStyle_1</styleUrl><Polygon><outerBoundaryIs><LinearRing><coordinates>-111.0015625,32.2209375,0 -110.9984375,32.2209375,0 -110.9984375,32.222812499999996,0 -111.0015625,32.222812499999996,0 -111.0015625,32.2209375,0</coordinates></LinearRing></outerBoundaryIs></Polygon></Placemark>
      <Placemark><name>Grass (-15,1)</name><styleUrl>#grassStyle_1</styleUrl><Polygon><outerBoundaryIs><LinearRing><coordinates>-110.9984375,32.2209375,0 -110.9953125,32.2209375,0 -110.9953125,32.222812499999996,0 -110.9984375,32.222812499999996,0 -110.9984375,32.2209375,0</coordinates></LinearRing></outerBoundaryIs></Polygon></Placemark>
      <Placemark><name>Grass (-14,1)</name><styleUrl>#grassStyle_0</styleUrl><Polygon><outerBoundaryIs><LinearRing><coordinates>-110.9953125,32.2209375,0 -110.9921875,32.2209375,0 -110.9921875,32.222812499999996,0 -110.9953125,32.222812499999996,0 -110.9953125,32.2209375,0</coordinates></LinearRing></outerBoundaryIs></Polygon></Placemark>
      <Placemark><name>Grass (-13,1)</name><styleUrl>#grassStyle_0</styleUrl><Polygon><outerBoundaryIs><LinearRing><coordinates>-110.9921875,32.2209375,0 -110.9890625,32.2209375,0 -110.9890625,32.222812499999996,0 -110.9921875,32.222812499999996,0 -110.9921875,32.2209375,0</coordinates></LinearRing></outerBoundaryIs></Polygon></Placemark>
      <Placemark><name>Grass (-12,1)</name><styleUrl>#grassStyle_0</styleUrl><Polygon><outerBoundaryIs><LinearRing><coordinates>-110.9890625,32.2209375,0 -110.9859375,32.2209375,0 -110.9859375,32.222812499999996,0 -110.9890625,32.222812499999996,0 -110.9890625,32.2209375,0</coordinates></LinearRing></outerBoundaryIs></Polygon></Placemark>
      <Placemark><name>Grass (-11,1)</name><styleUrl>#grassStyle_0</styleUrl><Polygon><outerBoundaryIs><LinearRing><coordinates>-110.9859375,32.2209375,0 -110.9828125,32.2209375,0 -110.9828125,32.222812499999996,0 -110.9859375,32.222812499999996,0 -110.9859375,32.2209375,0</coordinates></LinearRing></outerBoundaryIs></Polygon></Placemark>
      <Placemark><name>Grass (-10,1)</name><styleUrl>#grassStyle_1</styleUrl><Polygon><outerBoundaryIs><LinearRing><coordinates>-110.9828125,32.2209375,0 -110.9796875,32.2209375,0 -110.9796875,32.222812499999996,0 -110.9828125,32.222812499999996,0 -110.9828125,32.2209375,0</coordinates></LinearRing></outerBoundaryIs></Polygon></Placemark>
      <Placemark><name>Grass (-9,1)</name><styleUrl>#grassStyle_0</styleUrl><Polygon><outerBoundaryIs><LinearRing><coordinates>-110.9796875,32.2209375,0 -110.9765625,32.2209375,0 -110.9765625,32.222812499999996,0 -110.9796875,32.222812499999996,0 -110.9796875,32.2209375,0</coordinates></LinearRing></outerBoundaryIs></Polygon></Placemark>
      <Placemark><name>Grass (-8,1)</name><styleUrl>#grassStyle_0</styleUrl><Polygon><outerBoundaryIs><LinearRing><coordinates>-110.9765625,32.2209375,0 -110.9734375,32.2209375,0 -110.9734375,32.222812499999996,0 -110.9765625,32.222812499999996,0 -110.9765625,32.2209375,0</coordinates></LinearRing></outerBoundaryIs></Polygon></Placemark>
      <Placemark><name>Grass (-7,1)</name><styleUrl>#grassStyle_1</styleUrl><Polygon><outerBoundaryIs><LinearRing><coordinates>-110.9734375,32.2209375,0 -110.9703125,32.2209375,0 -110.9703125,32.222812499999996,0 -110.9734375,32.222812499999996,0 -110.9734375,32.2209375,0</coordinates></LinearRing></outerBoundaryIs></Polygon></Placemark>
      <Placemark><name>Grass (-6,1)</name><styleUrl>#grassStyle_0</styleUrl><Polygon><outerBoundaryIs><LinearRing><coordinates>-110.9703125,32.2209375,0 -110.96718750000001,32.2209375,0 -110.96718750000001,32.222812499999996,0 -110.9703125,32.222812499999996,0 -110.9703125,32.2209375,0</coordinates></LinearRing></outerBoundaryIs></Polygon></Placemark>
      <Placemark><name>Grass (-5,1)</name><styleUrl>#grassStyle_0</styleUrl><Polygon><outerBoundaryIs><LinearRing><coordinates>-110.96718750000001,32.2209375,0 -110.9640625,32.2209375,0 -110.9640625,32.222812499999996,0 -110.96718750000001,32.222812499999996,0 -110.96718750000001,32.2209375,0</coordinates></LinearRing></outerBoundaryIs></Polygon></Placemark>
      <Placemark><name>Grass (-4,1)</name><styleUrl>#grassStyle_0</styleUrl><Polygon><outerBoundaryIs><LinearRing><coordinates>-110.9640625,32.2209375,0 -110.9609375,32.2209375,0 -110.9609375,32.222812499999996,0 -110.9640625,32.222812499999996,0 -110.9640625,32.2209375,0</coordinates></LinearRing></outerBoundaryIs></Polygon></Placemark>
      <Placemark><name>Grass (-3,1)</name><styleUrl>#grassStyle_0</styleUrl><Polygon><outerBoundaryIs><LinearRing><coordinates>-110.9609375,32.2209375,0 -110.9578125,32.2209375,0 -110.9578125,32.222812499999996,0 -110.9609375,32.222812499999996,0 -110.9609375,32.2209375,0</coordinates></LinearRing></outerBoundaryIs></Polygon></Placemark>
      <Placemark><name>Grass (-2,1)</name><styleUrl>#grassStyle_0</styleUrl><Polygon><outerBoundaryIs><LinearRing><coordinates>-110.9578125,32.2209375,0 -110.9546875,32.2209375,0 -110.9546875,32.222812499999996,0 -110.9578125,32.222812499999996,0 -110.9578125,32.2209375,0</coordinates></LinearRing></outerBoundaryIs></Polygon></Placemark>
      <Placemark><name>Grass (-1,1)</name><styleUrl>#grassStyle_0</styleUrl><Polygon><outerBoundaryIs><LinearRing><coordinates>-110.9546875,32.2209375,0 -110.95156250000001,32.2209375,0 -110.95156250000001,32.222812499999996,0 -110.9546875,32.222812499999996,0 -110.9546875,32.2209375,0</coordinates></LinearRing></outerBoundaryIs></Polygon></Placemark>
      <Placemark><name>Grass (0,1)</name><styleUrl>#grassStyle_0</styleUrl><Polygon><outerBoundaryIs><LinearRing><coordinates>-110.95156250000001,32.2209375,0 -110.9484375,32.2209375,0 -110.9484375,32.222812499999996,0 -110.95156250000001,32.222812499999996,0 -110.95156250000001,32.2209375,0</coordinates></LinearRing></outerBoundaryIs></Polygon></Placemark>
      <Placemark><name>Grass (1,1)</name><styleUrl>#grassStyle_3</styleUrl><Polygon><outerBoundaryIs><LinearRing><coordinates>-110.9484375,32.2209375,0 -110.9453125,32.2209375,0 -110.9453125,32.222812499999996,0 -110.9484375,32.222812499999996,0 -110.9484375,32.2209375,0</coordinates></LinearRing></outerBoundaryIs></Polygon></Placemark>
      <Placemark><name>Grass (2,1)</name><styleUrl>#grassStyle_1</styleUrl><Polygon><outerBoundaryIs><LinearRing><coordinates>-110.9453125,32.2209375,0 -110.9421875,32.2209375,0 -110.9421875,32.222812499999996,0 -110.9453125,32.222812499999996,0 -110.9453125,32.2209375,0</coordinates></LinearRing></outerBoundaryIs></Polygon></Placemark>
      <Placemark><name>Grass (3,1)</name><styleUrl>#grassStyle_1</styleUrl><Polygon><outerBoundaryIs><LinearRing><coordinates>-110.9421875,32.2209375,0 -110.9390625,32.2209375,0 -110.9390625,32.222812499999996,0 -110.9421875,32.222812499999996,0 -110.9421875,32.2209375,0</coordinates></LinearRing></outerBoundaryIs></Polygon></Placemark>
      <Placemark><name>Grass (4,1)</name><styleUrl>#grassStyle_0</styleUrl><Polygon><outerBoundaryIs><LinearRing><coordinates>-110.9390625,32.2209375,0 -110.93593750000001,32.2209375,0 -110.93593750000001,32.222812499999996,0 -110.9390625,32.222812499999996,0 -110.9390625,32.2209375,0</coordinates></LinearRing></outerBoundaryIs></Polygon></Placemark>
      <Placemark><name>Grass (5,1)</name><styleUrl>#grassStyle_0</styleUrl><Polygon><outerBoundaryIs><LinearRing><coordinates>-110.93593750000001,32.2209375,0 -110.9328125,32.2209375,0 -110.9328125,32.222812499999996,0 -110.93593750000001,32.222812499999996,0 -110.93593750000001,32.2209375,0</coordinates></LinearRing></outerBoundaryIs></Polygon></Placemark>
      <Placemark><name>Grass (6,1)</name><styleUrl>#grassStyle_0</styleUrl><Polygon><outerBoundaryIs><LinearRing><coordinates>-110.9328125,32.2209375,0 -110.9296875,32.2209375,0 -110.9296875,32.222812499999996,0 -110.9328125,32.222812499999996,0 -110.9328125,32.2209375,0</coordinates></LinearRing></outerBoundaryIs></Polygon></Placemark>
      <Placemark><name>Grass (7,1)</name><styleUrl>#grassStyle_1</styleUrl><Polygon><outerBoundaryIs><LinearRing><coordinates>-110.9296875,32.2209375,0 -110.9265625,32.2209375,0 -110.9265625,32.222812499999996,0 -110.9296875,32.222812499999996,0 -110.9296875,32.2209375,0</coordinates></LinearRing></outerBoundaryIs></Polygon></Placemark>
      <Placemark><name>Grass (8,1)</name><styleUrl>#grassStyle_1</styleUrl><Polygon><outerBoundaryIs><LinearRing><coordinates>-110.9265625,32.2209375,0 -110.9234375,32.2209375,0 -110.9234375,32.222812499999996,0 -110.9265625,32.222812499999996,0 -110.9265625,32.2209375,0</coordinates></LinearRing></outerBoundaryIs></Polygon></Placemark>
      <Placemark><name>Grass (9,1)</name><styleUrl>#grassStyle_0</styleUrl><Polygon><outerBoundaryIs><LinearRing><coordinates>-110.9234375,32.2209375,0 -110.92031250000001,32.2209375,0 -110.92031250000001,32.222812499999996,0 -110.9234375,32.222812499999996,0 -110.9234375,32.2209375,0</coordinates></LinearRing></outerBoundaryIs></Polygon></Placemark>
      <Placemark><name>Grass (10,1)</name><styleUrl>#grassStyle_1</styleUrl><Polygon><outerBoundaryIs><LinearRing><coordinates>-110.92031250000001,32.2209375,0 -110.91718750000001,32.2209375,0 -110.91718750000001,32.222812499999996,0 -110.92031250000001,32.222812499999996,0 -110.92031250000001,32.2209375,0</coordinates></LinearRing></outerBoundaryIs></Polygon></Placemark>
      <Placemark><name>Grass (11,1)</name><styleUrl>#grassStyle_0</styleUrl><Polygon><outerBoundaryIs><LinearRing><coordinates>-110.91718750000001,32.2209375,0 -110.9140625,32.2209375,0 -110.9140625,32.222812499999996,0 -110.91718750000001,32.222812499999996,0 -110.91718750000001,32.2209375,0</coordinates></LinearRing></outerBoundaryIs></Polygon></Placemark>
      <Placemark><name>Grass (12,1)</name><styleUrl>#grassStyle_0</styleUrl><Polygon><outerBoundaryIs><LinearRing><coordinates>-110.9140625,32.2209375,0 -110.9109375,32.2209375,0 -110.9109375,32.222812499999996,0 -110.9140625,32.222812499999996,0 -110.9140625,32.2209375,0</coordinates></LinearRing></outerBoundaryIs></Polygon></Placemark>
      <Placemark><name>Grass (13,1)</name><styleUrl>#grassStyle_1</styleUrl><Polygon><outerBoundaryIs><LinearRing><coordinates>-110.9109375,32.2209375,0 -110.9078125,32.2209375,0 -110.9078125,32.222812499999996,0 -110.9109375,32.222812499999996,0 -110.9109375,32.2209375,0</coordinates></LinearRing></outerBoundaryIs></Polygon></Placemark>
      <Placemark><name>Grass (14,1)</name><styleUrl>#grassStyle_0</styleUrl><Polygon><outerBoundaryIs><LinearRing><coordinates>-110.9078125,32.2209375,0 -110.90468750000001,32.2209375,0 -110.90468750000001,32.222812499999996,0 -110.9078125,32.222812499999996,0 -110.9078125,32.2209375,0</coordinates></LinearRing></outerBoundaryIs></Polygon></Placemark>
      <Placemark><name>Grass (15,1)</name><styleUrl>#grassStyle_0</styleUrl><Polygon><outerBoundaryIs><LinearRing><coordinates>-110.90468750000001,32.2209375,0 -110.90156250000001,32.2209375,0 -110.90156250000001,32.222812499999996,0 -110.90468750000001,32.222812499999996,0 -110.90468750000001,32.2209375,0</coordinates></LinearRing></outerBoundaryIs></Polygon></Placemark>
      <Placemark><name>Grass (16,1)</name><styleUrl>#grassStyle_10</styleUrl><Polygon><outerBoundaryIs><LinearRing><coordinates>-110.90156250000001,32.2209375,0 -110.8984375,32.2209375,0 -110.8984375,32.222812499999996,0 -110.90156250000001,32.222812499999996,0 -110.90156250000001,32.2209375,0</coordinates></LinearRing></outerBoundaryIs></Polygon></Placemark>
      <Placemark><name>Grass (-16,2)</name><styleUrl>#grassStyle_0</styleUrl><Polygon><outerBoundaryIs><LinearRing><coordinates>-111.0015625,32.222812499999996,0 -110.9984375,32.222812499999996,0 -110.9984375,32.2246875,0 -111.0015625,32.2246875,0 -111.0015625,32.222812499999996,0</coordinates></LinearRing></outerBoundaryIs></Polygon></Placemark>
      <Placemark><name>Grass (-15,2)</name><styleUrl>#grassStyle_2</styleUrl><Polygon><outerBoundaryIs><LinearRing><coordinates>-110.9984375,32.222812499999996,0 -110.9953125,32.222812499999996,0 -110.9953125,32.2246875,0 -110.9984375,32.2246875,0 -110.9984375,32.222812499999996,0</coordinates></LinearRing></outerBoundaryIs></Polygon></Placemark>
      <Placemark><name>Grass (-14,2)</name><styleUrl>#grassStyle_0</styleUrl><Polygon><outerBoundaryIs><LinearRing><coordinates>-110.9953125,32.222812499999996,0 -110.9921875,32.222812499999996,0 -110.9921875,32.2246875,0 -110.9953125,32.2246875,0 -110.9953125,32.222812499999996,0</coordinates></LinearRing></outerBoundaryIs></Polygon></Placemark>
      <Placemark><name>Grass (-13,2)</name><styleUrl>#grassStyle_0</styleUrl><Polygon><outerBoundaryIs><LinearRing><coordinates>-110.9921875,32.222812499999996,0 -110.9890625,32.222812499999996,0 -110.9890625,32.2246875,0 -110.9921875,32.2246875,0 -110.9921875,32.222812499999996,0</coordinates></LinearRing></outerBoundaryIs></Polygon></Placemark>
      <Placemark><name>Grass (-12,2)</name><styleUrl>#grassStyle_0</styleUrl><Polygon><outerBoundaryIs><LinearRing><coordinates>-110.9890625,32.222812499999996,0 -110.9859375,32.222812499999996,0 -110.9859375,32.2246875,0 -110.9890625,32.2246875,0 -110.9890625,32.222812499999996,0</coordinates></LinearRing></outerBoundaryIs></Polygon></Placemark>
      <Placemark><name>Grass (-11,2)</name><styleUrl>#grassStyle_0</styleUrl><Polygon><outerBoundaryIs><LinearRing><coordinates>-110.9859375,32.222812499999996,0 -110.9828125,32.222812499999996,0 -110.9828125,32.2246875,0 -110.9859375,32.2246875,0 -110.9859375,32.222812499999996,0</coordinates></LinearRing></outerBoundaryIs></Polygon></Placemark>
      <Placemark><name>Grass (-10,2)</name><styleUrl>#grassStyle_0</styleUrl><Polygon><outerBoundaryIs><LinearRing><coordinates>-110.9828125,32.222812499999996,0 -110.9796875,32.222812499999996,0 -110.9796875,32.2246875,0 -110.9828125,32.2246875,0 -110.9828125,32.222812499999996,0</coordinates></LinearRing></outerBoundaryIs></Polygon></Placemark>
      <Placemark><name>Grass (-9,2)</name><styleUrl>#grassStyle_1</styleUrl><Polygon><outerBoundaryIs><LinearRing><coordinates>-110.9796875,32.222812499999996,0 -110.9765625,32.222812499999996,0 -110.9765625,32.2246875,0 -110.9796875,32.2246875,0 -110.9796875,32.222812499999996,0</coordinates></LinearRing></outerBoundaryIs></Polygon></Placemark>
      <Placemark><name>Grass (-8,2)</name><styleUrl>#grassStyle_1</styleUrl><Polygon><outerBoundaryIs><LinearRing><coordinates>-110.9765625,32.222812499999996,0 -110.9734375,32.222812499999996,0 -110.9734375,32.2246875,0 -110.9765625,32.2246875,0 -110.9765625,32.222812499999996,0</coordinates></LinearRing></outerBoundaryIs></Polygon></Placemark>
      <Placemark><name>Grass (-7,2)</name><styleUrl>#grassStyle_1</styleUrl><Polygon><outerBoundaryIs><LinearRing><coordinates>-110.9734375,32.222812499999996,0 -110.9703125,32.222812499999996,0 -110.9703125,32.2246875,0 -110.9734375,32.2246875,0 -110.9734375,32.222812499999996,0</coordinates></LinearRing></outerBoundaryIs></Polygon></Placemark>
      <Placemark><name>Grass (-6,2)</name><styleUrl>#grassStyle_0</styleUrl><Polygon><outerBoundaryIs><LinearRing><coordinates>-110.9703125,32.222812499999996,0 -110.96718750000001,32.222812499999996,0 -110.96718750000001,32.2246875,0 -110.9703125,32.2246875,0 -110.9703125,32.222812499999996,0</coordinates></LinearRing></outerBoundaryIs></Polygon></Placemark>
      <Placemark><name>Grass (-5,2)</name><styleUrl>#grassStyle_1</styleUrl><Polygon><outerBoundaryIs><LinearRing><coordinates>-110.96718750000001,32.222812499999996,0 -110.9640625,32.222812499999996,0 -110.9640625,32.2246875,0 -110.96718750000001,32.2246875,0 -110.96718750000001,32.222812499999996,0</coordinates></LinearRing></outerBoundaryIs></Polygon></Placemark>
      <Placemark><name>Grass (-4,2)</name><styleUrl>#grassStyle_1</styleUrl><Polygon><outerBoundaryIs><LinearRing><coordinates>-110.9640625,32.222812499999996,0 -110.9609375,32.222812499999996,0 -110.9609375,32.2246875,0 -110.9640625,32.2246875,0 -110.9640625,32.222812499999996,0</coordinates></LinearRing></outerBoundaryIs></Polygon></Placemark>
      <Placemark><name>Grass (-3,2)</name><styleUrl>#grassStyle_0</styleUrl><Polygon><outerBoundaryIs><LinearRing><coordinates>-110.9609375,32.222812499999996,0 -110.9578125,32.222812499999996,0 -110.9578125,32.2246875,0 -110.9609375,32.2246875,0 -110.9609375,32.222812499999996,0</coordinates></LinearRing></outerBoundaryIs></Polygon></Placemark>
      <Placemark><name>Grass (-2,2)</name><styleUrl>#grassStyle_1</styleUrl><Polygon><outerBoundaryIs><LinearRing><coordinates>-110.9578125,32.222812499999996,0 -110.9546875,32.222812499999996,0 -110.9546875,32.2246875,0 -110.9578125,32.2246875,0 -110.9578125,32.222812499999996,0</coordinates></LinearRing></outerBoundaryIs></Polygon></Placemark>
      <Placemark><name>Grass (-1,2)</name><styleUrl>#grassStyle_1</styleUrl><Polygon><outerBoundaryIs><LinearRing><coordinates>-110.9546875,32.222812499999996,0 -110.95156250000001,32.222812499999996,0 -110.95156250000001,32.2246875,0 -110.9546875,32.2246875,0 -110.9546875,32.222812499999996,0</coordinates></LinearRing></outerBoundaryIs></Polygon></Placemark>
      <Placemark><name>Grass (0,2)</name><styleUrl>#grassStyle_0</styleUrl><Polygon><outerBoundaryIs><LinearRing><coordinates>-110.95156250000001,32.222812499999996,0 -110.9484375,32.222812499999996,0 -110.9484375,32.2246875,0 -110.95156250000001,32.2246875,0 -110.95156250000001,32.222812499999996,0</coordinates></LinearRing></outerBoundaryIs></Polygon></Placemark>
      <Placemark><name>Grass (1,2)</name><styleUrl>#grassStyle_0</styleUrl><Polygon><outerBoundaryIs><LinearRing><coordinates>-110.9484375,32.222812499999996,0 -110.9453125,32.222812499999996,0 -110.9453125,32.2246875,0 -110.9484375,32.2246875,0 -110.9484375,32.222812499999996,0</coordinates></LinearRing></outerBoundaryIs></Polygon></Placemark>
      <Placemark><name>Grass (2,2)</name><styleUrl>#grassStyle_1</styleUrl><Polygon><outerBoundaryIs><LinearRing><coordinates>-110.9453125,32.222812499999996,0 -110.9421875,32.222812499999996,0 -110.9421875,32.2246875,0 -110.9453125,32.2246875,0 -110.9453125,32.222812499999996,0</coordinates></LinearRing></outerBoundaryIs></Polygon></Placemark>
      <Placemark><name>Grass (3,2)</name><styleUrl>#grassStyle_0</styleUrl><Polygon><outerBoundaryIs><LinearRing><coordinates>-110.9421875,32.222812499999996,0 -110.9390625,32.222812499999996,0 -110.9390625,32.2246875,0 -110.9421875,32.2246875,0 -110.9421875,32.222812499999996,0</coordinates></LinearRing></outerBoundaryIs></Polygon></Placemark>
      <Placemark><name>Grass (4,2)</name><styleUrl>#grassStyle_0</styleUrl><Polygon><outerBoundaryIs><LinearRing><coordinates>-110.9390625,32.222812499999996,0 -110.93593750000001,32.222812499999996,0 -110.93593750000001,32.2246875,0 -110.9390625,32.2246875,0 -110.9390625,32.222812499999996,0</coordinates></LinearRing></outerBoundaryIs></Polygon></Placemark>
      <Placemark><name>Grass (5,2)</name><styleUrl>#grassStyle_1</styleUrl><Polygon><outerBoundaryIs><LinearRing><coordinates>-110.93593750000001,32.222812499999996,0 -110.9328125,32.222812499999996,0 -110.9328125,32.2246875,0 -110.93593750000001,32.2246875,0 -110.93593750000001,32.222812499999996,0</coordinates></LinearRing></outerBoundaryIs></Polygon></Placemark>
      <Placemark><name>Grass (6,2)</name><styleUrl>#grassStyle_0</styleUrl><Polygon><outerBoundaryIs><LinearRing><coordinates>-110.9328125,32.222812499999996,0 -110.9296875,32.222812499999996,0 -110.9296875,32.2246875,0 -110.9328125,32.2246875,0 -110.9328125,32.222812499999996,0</coordinates></LinearRing></outerBoundaryIs></Polygon></Placemark>
      <Placemark><name>Grass (7,2)</name><styleUrl>#grassStyle_1</styleUrl><Polygon><outerBoundaryIs><LinearRing><coordinates>-110.9296875,32.222812499999996,0 -110.9265625,32.222812499999996,0 -110.9265625,32.2246875,0 -110.9296875,32.2246875,0 -110.9296875,32.222812499999996,0</coordinates></LinearRing></outerBoundaryIs></Polygon></Placemark>
      <Placemark><name>Grass (8,2)</name><styleUrl>#grassStyle_2</styleUrl><Polygon><outerBoundaryIs><LinearRing><coordinates>-110.9265625,32.222812499999996,0 -110.9234375,32.222812499999996,0 -110.9234375,32.2246875,0 -110.9265625,32.2246875,0 -110.9265625,32.222812499999996,0</coordinates></LinearRing></outerBoundaryIs></Polygon></Placemark>
      <Placemark><name>Grass (9,2)</name><styleUrl>#grassStyle_0</styleUrl><Polygon><outerBoundaryIs><LinearRing><coordinates>-110.9234375,32.222812499999996,0 -110.92031250000001,32.222812499999996,0 -110.92031250000001,32.2246875,0 -110.9234375,32.2246875,0 -110.9234375,32.222812499999996,0</coordinates></LinearRing></outerBoundaryIs></Polygon></Placemark>
      <Placemark><name>Grass (10,2)</name><styleUrl>#grassStyle_1</styleUrl><Polygon><outerBoundaryIs><LinearRing><coordinates>-110.92031250000001,32.222812499999996,0 -110.91718750000001,32.222812499999996,0 -110.91718750000001,32.2246875,0 -110.92031250000001,32.2246875,0 -110.92031250000001,32.222812499999996,0</coordinates></LinearRing></outerBoundaryIs></Polygon></Placemark>
      <Placemark><name>Grass (11,2)</name><styleUrl>#grassStyle_0</styleUrl><Polygon><outerBoundaryIs><LinearRing><coordinates>-110.91718750000001,32.222812499999996,0 -110.9140625,32.222812499999996,0 -110.9140625,32.2246875,0 -110.91718750000001,32.2246875,0 -110.91718750000001,32.222812499999996,0</coordinates></LinearRing></outerBoundaryIs></Polygon></Placemark>
      <Placemark><name>Grass (12,2)</name><styleUrl>#grassStyle_0</styleUrl><Polygon><outerBoundaryIs><LinearRing><coordinates>-110.9140625,32.222812499999996,0 -110.9109375,32.222812499999996,0 -110.9109375,32.2246875,0 -110.9140625,32.2246875,0 -110.9140625,32.222812499999996,0</coordinates></LinearRing></outerBoundaryIs></Polygon></Placemark>
      <Placemark><name>Grass (13,2)</name><styleUrl>#grassStyle_2</styleUrl><Polygon><outerBoundaryIs><LinearRing><coordinates>-110.9109375,32.222812499999996,0 -110.9078125,32.222812499999996,0 -110.9078125,32.2246875,0 -110.9109375,32.2246875,0 -110.9109375,32.222812499999996,0</coordinates></LinearRing></outerBoundaryIs></Polygon></Placemark>
      <Placemark><name>Grass (14,2)</name><styleUrl>#grassStyle_1</styleUrl><Polygon><outerBoundaryIs><LinearRing><coordinates>-110.9078125,32.222812499999996,0 -110.90468750000001,32.222812499999996,0 -110.90468750000001,32.2246875,0 -110.9078125,32.2246875,0 -110.9078125,32.222812499999996,0</coordinates></LinearRing></outerBoundaryIs></Polygon></Placemark>
      <Placemark><name>Grass (15,2)</name><styleUrl>#grassStyle_0</styleUrl><Polygon><outerBoundaryIs><LinearRing><coordinates>-110.90468750000001,32.222812499999996,0 -110.90156250000001,32.222812499999996,0 -110.90156250000001,32.2246875,0 -110.90468750000001,32.2246875,0 -110.90468750000001,32.222812499999996,0</coordinates></LinearRing></outerBoundaryIs></Polygon></Placemark>
      <Placemark><name>Grass (16,2)</name><styleUrl>#grassStyle_0</styleUrl><Polygon><outerBoundaryIs><LinearRing><coordinates>-110.90156250000001,32.222812499999996,0 -110.8984375,32.222812499999996,0 -110.8984375,32.2246875,0 -110.90156250000001,32.2246875,0 -110.90156250000001,32.222812499999996,0</coordinates></LinearRing></outerBoundaryIs></Polygon></Placemark>
      <Placemark><name>Grass (-16,3)</name><styleUrl>#grassStyle_0</styleUrl><Polygon><outerBoundaryIs><LinearRing><coordinates>-111.0015625,32.2246875,0 -110.9984375,32.2246875,0 -110.9984375,32.2265625,0 -111.0015625,32.2265625,0 -111.0015625,32.2246875,0</coordinates></LinearRing></outerBoundaryIs></Polygon></Placemark>
      <Placemark><name>Grass (-15,3)</name><styleUrl>#grassStyle_0</styleUrl><Polygon><outerBoundaryIs><LinearRing><coordinates>-110.9984375,32.2246875,0 -110.9953125,32.2246875,0 -110.9953125,32.2265625,0 -110.9984375,32.2265625,0 -110.9984375,32.2246875,0</coordinates></LinearRing></outerBoundaryIs></Polygon></Placemark>
      <Placemark><name>Grass (-14,3)</name><styleUrl>#grassStyle_0</styleUrl><Polygon><outerBoundaryIs><LinearRing><coordinates>-110.9953125,32.2246875,0 -110.9921875,32.2246875,0 -110.9921875,32.2265625,0 -110.9953125,32.2265625,0 -110.9953125,32.2246875,0</coordinates></LinearRing></outerBoundaryIs></Polygon></Placemark>
      <Placemark><name>Grass (-13,3)</name><styleUrl>#grassStyle_1</styleUrl><Polygon><outerBoundaryIs><LinearRing><coordinates>-110.9921875,32.2246875,0 -110.9890625,32.2246875,0 -110.9890625,32.2265625,0 -110.9921875,32.2265625,0 -110.9921875,32.2246875,0</coordinates></LinearRing></outerBoundaryIs></Polygon></Placemark>
      <Placemark><name>Grass (-12,3)</name><styleUrl>#grassStyle_0</styleUrl><Polygon><outerBoundaryIs><LinearRing><coordinates>-110.9890625,32.2246875,0 -110.9859375,32.2246875,0 -110.9859375,32.2265625,0 -110.9890625,32.2265625,0 -110.9890625,32.2246875,0</coordinates></LinearRing></outerBoundaryIs></Polygon></Placemark>
      <Placemark><name>Grass (-11,3)</name><styleUrl>#grassStyle_0</styleUrl><Polygon><outerBoundaryIs><LinearRing><coordinates>-110.9859375,32.2246875,0 -110.9828125,32.2246875,0 -110.9828125,32.2265625,0 -110.9859375,32.2265625,0 -110.9859375,32.2246875,0</coordinates></LinearRing></outerBoundaryIs></Polygon></Placemark>
      <Placemark><name>Grass (-10,3)</name><styleUrl>#grassStyle_0</styleUrl><Polygon><outerBoundaryIs><LinearRing><coordinates>-110.9828125,32.2246875,0 -110.9796875,32.2246875,0 -110.9796875,32.2265625,0 -110.9828125,32.2265625,0 -110.9828125,32.2246875,0</coordinates></LinearRing></outerBoundaryIs></Polygon></Placemark>
      <Placemark><name>Grass (-9,3)</name><styleUrl>#grassStyle_0</styleUrl><Polygon><outerBoundaryIs><LinearRing><coordinates>-110.9796875,32.2246875,0 -110.9765625,32.2246875,0 -110.9765625,32.2265625,0 -110.9796875,32.2265625,0 -110.9796875,32.2246875,0</coordinates></LinearRing></outerBoundaryIs></Polygon></Placemark>
      <Placemark><name>Grass (-8,3)</name><styleUrl>#grassStyle_0</styleUrl><Polygon><outerBoundaryIs><LinearRing><coordinates>-110.9765625,32.2246875,0 -110.9734375,32.2246875,0 -110.9734375,32.2265625,0 -110.9765625,32.2265625,0 -110.9765625,32.2246875,0</coordinates></LinearRing></outerBoundaryIs></Polygon></Placemark>
      <Placemark><name>Grass (-7,3)</name><styleUrl>#grassStyle_1</styleUrl><Polygon><outerBoundaryIs><LinearRing><coordinates>-110.9734375,32.2246875,0 -110.9703125,32.2246875,0 -110.9703125,32.2265625,0 -110.9734375,32.2265625,0 -110.9734375,32.2246875,0</coordinates></LinearRing></outerBoundaryIs></Polygon></Placemark>
      <Placemark><name>Grass (-6,3)</name><styleUrl>#grassStyle_0</styleUrl><Polygon><outerBoundaryIs><LinearRing><coordinates>-110.9703125,32.2246875,0 -110.96718750000001,32.2246875,0 -110.96718750000001,32.2265625,0 -110.9703125,32.2265625,0 -110.9703125,32.2246875,0</coordinates></LinearRing></outerBoundaryIs></Polygon></Placemark>
      <Placemark><name>Grass (-5,3)</name><styleUrl>#grassStyle_0</styleUrl><Polygon><outerBoundaryIs><LinearRing><coordinates>-110.96718750000001,32.2246875,0 -110.9640625,32.2246875,0 -110.9640625,32.2265625,0 -110.96718750000001,32.2265625,0 -110.96718750000001,32.2246875,0</coordinates></LinearRing></outerBoundaryIs></Polygon></Placemark>
      <Placemark><name>Grass (-4,3)</name><styleUrl>#grassStyle_0</styleUrl><Polygon><outerBoundaryIs><LinearRing><coordinates>-110.9640625,32.2246875,0 -110.9609375,32.2246875,0 -110.9609375,32.2265625,0 -110.9640625,32.2265625,0 -110.9640625,32.2246875,0</coordinates></LinearRing></outerBoundaryIs></Polygon></Placemark>
      <Placemark><name>Grass (-3,3)</name><styleUrl>#grassStyle_0</styleUrl><Polygon><outerBoundaryIs><LinearRing><coordinates>-110.9609375,32.2246875,0 -110.9578125,32.2246875,0 -110.9578125,32.2265625,0 -110.9609375,32.2265625,0 -110.9609375,32.2246875,0</coordinates></LinearRing></outerBoundaryIs></Polygon></Placemark>
      <Placemark><name>Grass (-2,3)</name><styleUrl>#grassStyle_0</styleUrl><Polygon><outerBoundaryIs><LinearRing><coordinates>-110.9578125,32.2246875,0 -110.9546875,32.2246875,0 -110.9546875,32.2265625,0 -110.9578125,32.2265625,0 -110.9578125,32.2246875,0</coordinates></LinearRing></outerBoundaryIs></Polygon></Placemark>
      <Placemark><name>Grass (-1,3)</name><styleUrl>#grassStyle_1</styleUrl><Polygon><outerBoundaryIs><LinearRing><coordinates>-110.9546875,32.2246875,0 -110.95156250000001,32.2246875,0 -110.95156250000001,32.2265625,0 -110.9546875,32.2265625,0 -110.9546875,32.2246875,0</coordinates></LinearRing></outerBoundaryIs></Polygon></Placemark>
      <Placemark><name>Grass (0,3)</name><styleUrl>#grassStyle_0</styleUrl><Polygon><outerBoundaryIs><LinearRing><coordinates>-110.95156250000001,32.2246875,0 -110.9484375,32.2246875,0 -110.9484375,32.2265625,0 -110.95156250000001,32.2265625,0 -110.95156250000001,32.2246875,0</coordinates></LinearRing></outerBoundaryIs></Polygon></Placemark>
      <Placemark><name>Grass (1,3)</name><styleUrl>#grassStyle_1</styleUrl><Polygon><outerBoundaryIs><LinearRing><coordinates>-110.9484375,32.2246875,0 -110.9453125,32.2246875,0 -110.9453125,32.2265625,0 -110.9484375,32.2265625,0 -110.9484375,32.2246875,0</coordinates></LinearRing></outerBoundaryIs></Polygon></Placemark>
      <Placemark><name>Grass (2,3)</name><styleUrl>#grassStyle_0</styleUrl><Polygon><outerBoundaryIs><LinearRing><coordinates>-110.9453125,32.2246875,0 -110.9421875,32.2246875,0 -110.9421875,32.2265625,0 -110.9453125,32.2265625,0 -110.9453125,32.2246875,0</coordinates></LinearRing></outerBoundaryIs></Polygon></Placemark>
      <Placemark><name>Grass (3,3)</name><styleUrl>#grassStyle_1</styleUrl><Polygon><outerBoundaryIs><LinearRing><coordinates>-110.9421875,32.2246875,0 -110.9390625,32.2246875,0 -110.9390625,32.2265625,0 -110.9421875,32.2265625,0 -110.9421875,32.2246875,0</coordinates></LinearRing></outerBoundaryIs></Polygon></Placemark>
      <Placemark><name>Grass (4,3)</name><styleUrl>#grassStyle_1</styleUrl><Polygon><outerBoundaryIs><LinearRing><coordinates>-110.9390625,32.2246875,0 -110.93593750000001,32.2246875,0 -110.93593750000001,32.2265625,0 -110.9390625,32.2265625,0 -110.9390625,32.2246875,0</coordinates></LinearRing></outerBoundaryIs></Polygon></Placemark>
      <Placemark><name>Grass (5,3)</name><styleUrl>#grassStyle_0</styleUrl><Polygon><outerBoundaryIs><LinearRing><coordinates>-110.93593750000001,32.2246875,0 -110.9328125,32.2246875,0 -110.9328125,32.2265625,0 -110.93593750000001,32.2265625,0 -110.93593750000001,32.2246875,0</coordinates></LinearRing></outerBoundaryIs></Polygon></Placemark>
      <Placemark><name>Grass (6,3)</name><styleUrl>#grassStyle_1</styleUrl><Polygon><outerBoundaryIs><LinearRing><coordinates>-110.9328125,32.2246875,0 -110.9296875,32.2246875,0 -110.9296875,32.2265625,0 -110.9328125,32.2265625,0 -110.9328125,32.2246875,0</coordinates></LinearRing></outerBoundaryIs></Polygon></Placemark>
      <Placemark><name>Grass (7,3)</name><styleUrl>#grassStyle_2</styleUrl><Polygon><outerBoundaryIs><LinearRing><coordinates>-110.9296875,32.2246875,0 -110.9265625,32.2246875,0 -110.9265625,32.2265625,0 -110.9296875,32.2265625,0 -110.9296875,32.2246875,0</coordinates></LinearRing></outerBoundaryIs></Polygon></Placemark>
      <Placemark><name>Grass (8,3)</name><styleUrl>#grassStyle_0</styleUrl><Polygon><outerBoundaryIs><LinearRing><coordinates>-110.9265625,32.2246875,0 -110.9234375,32.2246875,0 -110.9234375,32.2265625,0 -110.9265625,32.2265625,0 -110.9265625,32.2246875,0</coordinates></LinearRing></outerBoundaryIs></Polygon></Placemark>
      <Placemark><name>Grass (9,3)</name><styleUrl>#grassStyle_0</styleUrl><Polygon><outerBoundaryIs><LinearRing><coordinates>-110.9234375,32.2246875,0 -110.92031250000001,32.2246875,0 -110.92031250000001,32.2265625,0 -110.9234375,32.2265625,0 -110.9234375,32.2246875,0</coordinates></LinearRing></outerBoundaryIs></Polygon></Placemark>
      <Placemark><name>Grass (10,3)</name><styleUrl>#grassStyle_0</styleUrl><Polygon><outerBoundaryIs><LinearRing><coordinates>-110.92031250000001,32.2246875,0 -110.91718750000001,32.2246875,0 -110.91718750000001,32.2265625,0 -110.92031250000001,32.2265625,0 -110.92031250000001,32.2246875,0</coordinates></LinearRing></outerBoundaryIs></Polygon></Placemark>
      <Placemark><name>Grass (11,3)</name><styleUrl>#grassStyle_0</styleUrl><Polygon><outerBoundaryIs><LinearRing><coordinates>-110.91718750000001,32.2246875,0 -110.9140625,32.2246875,0 -110.9140625,32.2265625,0 -110.91718750000001,32.2265625,0 -110.91718750000001,32.2246875,0</coordinates></LinearRing></outerBoundaryIs></Polygon></Placemark>
      <Placemark><name>Grass (12,3)</name><styleUrl>#grassStyle_0</styleUrl><Polygon><outerBoundaryIs><LinearRing><coordinates>-110.9140625,32.2246875,0 -110.9109375,32.2246875,0 -110.9109375,32.2265625,0 -110.9140625,32.2265625,0 -110.9140625,32.2246875,0</coordinates></LinearRing></outerBoundaryIs></Polygon></Placemark>
      <Placemark><name>Grass (13,3)</name><styleUrl>#grassStyle_0</styleUrl><Polygon><outerBoundaryIs><LinearRing><coordinates>-110.9109375,32.2246875,0 -110.9078125,32.2246875,0 -110.9078125,32.2265625,0 -110.9109375,32.2265625,0 -110.9109375,32.2246875,0</coordinates></LinearRing></outerBoundaryIs></Polygon></Placemark>
      <Placemark><name>Grass (14,3)</name><styleUrl>#grassStyle_1</styleUrl><Polygon><outerBoundaryIs><LinearRing><coordinates>-110.9078125,32.2246875,0 -110.90468750000001,32.2246875,0 -110.90468750000001,32.2265625,0 -110.9078125,32.2265625,0 -110.9078125,32.2246875,0</coordinates></LinearRing></outerBoundaryIs></Polygon></Placemark>
      <Placemark><name>Grass (15,3)</name><styleUrl>#grassStyle_1</styleUrl><Polygon><outerBoundaryIs><LinearRing><coordinates>-110.90468750000001,32.2246875,0 -110.90156250000001,32.2246875,0 -110.90156250000001,32.2265625,0 -110.90468750000001,32.2265625,0 -110.90468750000001,32.2246875,0</coordinates></LinearRing></outerBoundaryIs></Polygon></Placemark>
      <Placemark><name>Grass (16,3)</name><styleUrl>#grassStyle_0</styleUrl><Polygon><outerBoundaryIs><LinearRing><coordinates>-110.90156250000001,32.2246875,0 -110.8984375,32.2246875,0 -110.8984375,32.2265625,0 -110.90156250000001,32.2265625,0 -110.90156250000001,32.2246875,0</coordinates></LinearRing></outerBoundaryIs></Polygon></Placemark>
      <Placemark><name>Grass (-16,4)</name><styleUrl>#grassStyle_1</styleUrl><Polygon><outerBoundaryIs><LinearRing><coordinates>-111.0015625,32.2265625,0 -110.9984375,32.2265625,0 -110.9984375,32.2284375,0 -111.0015625,32.2284375,0 -111.0015625,32.2265625,0</coordinates></LinearRing></outerBoundaryIs></Polygon></Placemark>
      <Placemark><name>Grass (-15,4)</name><styleUrl>#grassStyle_0</styleUrl><Polygon><outerBoundaryIs><LinearRing><coordinates>-110.9984375,32.2265625,0 -110.9953125,32.2265625,0 -110.9953125,32.2284375,0 -110.9984375,32.2284375,0 -110.9984375,32.2265625,0</coordinates></LinearRing></outerBoundaryIs></Polygon></Placemark>
      <Placemark><name>Grass (-14,4)</name><styleUrl>#grassStyle_0</styleUrl><Polygon><outerBoundaryIs><LinearRing><coordinates>-110.9953125,32.2265625,0 -110.9921875,32.2265625,0 -110.9921875,32.2284375,0 -110.9953125,32.2284375,0 -110.9953125,32.2265625,0</coordinates></LinearRing></outerBoundaryIs></Polygon></Placemark>
      <Placemark><name>Grass (-13,4)</name><styleUrl>#grassStyle_0</styleUrl><Polygon><outerBoundaryIs><LinearRing><coordinates>-110.9921875,32.2265625,0 -110.9890625,32.2265625,0 -110.9890625,32.2284375,0 -110.9921875,32.2284375,0 -110.9921875,32.2265625,0</coordinates></LinearRing></outerBoundaryIs></Polygon></Placemark>
      <Placemark><name>Grass (-12,4)</name><styleUrl>#grassStyle_1</styleUrl><Polygon><outerBoundaryIs><LinearRing><coordinates>-110.9890625,32.2265625,0 -110.9859375,32.2265625,0 -110.9859375,32.2284375,0 -110.9890625,32.2284375,0 -110.9890625,32.2265625,0</coordinates></LinearRing></outerBoundaryIs></Polygon></Placemark>
      <Placemark><name>Grass (-11,4)</name><styleUrl>#grassStyle_1</styleUrl><Polygon><outerBoundaryIs><LinearRing><coordinates>-110.9859375,32.2265625,0 -110.9828125,32.2265625,0 -110.9828125,32.2284375,0 -110.9859375,32.2284375,0 -110.9859375,32.2265625,0</coordinates></LinearRing></outerBoundaryIs></Polygon></Placemark>
      <Placemark><name>Grass (-10,4)</name><styleUrl>#grassStyle_3</styleUrl><Polygon><outerBoundaryIs><LinearRing><coordinates>-110.9828125,32.2265625,0 -110.9796875,32.2265625,0 -110.9796875,32.2284375,0 -110.9828125,32.2284375,0 -110.9828125,32.2265625,0</coordinates></LinearRing></outerBoundaryIs></Polygon></Placemark>
      <Placemark><name>Grass (-9,4)</name><styleUrl>#grassStyle_1</styleUrl><Polygon><outerBoundaryIs><LinearRing><coordinates>-110.9796875,32.2265625,0 -110.9765625,32.2265625,0 -110.9765625,32.2284375,0 -110.9796875,32.2284375,0 -110.9796875,32.2265625,0</coordinates></LinearRing></outerBoundaryIs></Polygon></Placemark>
      <Placemark><name>Grass (-8,4)</name><styleUrl>#grassStyle_0</styleUrl><Polygon><outerBoundaryIs><LinearRing><coordinates>-110.9765625,32.2265625,0 -110.9734375,32.2265625,0 -110.9734375,32.2284375,0 -110.9765625,32.2284375,0 -110.9765625,32.2265625,0</coordinates></LinearRing></outerBoundaryIs></Polygon></Placemark>
      <Placemark><name>Grass (-7,4)</name><styleUrl>#grassStyle_1</styleUrl><Polygon><outerBoundaryIs><LinearRing><coordinates>-110.9734375,32.2265625,0 -110.9703125,32.2265625,0 -110.9703125,32.2284375,0 -110.9734375,32.2284375,0 -110.9734375,32.2265625,0</coordinates></LinearRing></outerBoundaryIs></Polygon></Placemark>
      <Placemark><name>Grass (-6,4)</name><styleUrl>#grassStyle_0</styleUrl><Polygon><outerBoundaryIs><LinearRing><coordinates>-110.9703125,32.2265625,0 -110.96718750000001,32.2265625,0 -110.96718750000001,32.2284375,0 -110.9703125,32.2284375,0 -110.9703125,32.2265625,0</coordinates></LinearRing></outerBoundaryIs></Polygon></Placemark>
      <Placemark><name>Grass (-5,4)</name><styleUrl>#grassStyle_0</styleUrl><Polygon><outerBoundaryIs><LinearRing><coordinates>-110.96718750000001,32.2265625,0 -110.9640625,32.2265625,0 -110.9640625,32.2284375,0 -110.96718750000001,32.2284375,0 -110.96718750000001,32.2265625,0</coordinates></LinearRing></outerBoundaryIs></Polygon></Placemark>
      <Placemark><name>Grass (-4,4)</name><styleUrl>#grassStyle_1</styleUrl><Polygon><outerBoundaryIs><LinearRing><coordinates>-110.9640625,32.2265625,0 -110.9609375,32.2265625,0 -110.9609375,32.2284375,0 -110.9640625,32.2284375,0 -110.9640625,32.2265625,0</coordinates></LinearRing></outerBoundaryIs></Polygon></Placemark>
      <Placemark><name>Grass (-3,4)</name><styleUrl>#grassStyle_0</styleUrl><Polygon><outerBoundaryIs><LinearRing><coordinates>-110.9609375,32.2265625,0 -110.9578125,32.2265625,0 -110.9578125,32.2284375,0 -110.9609375,32.2284375,0 -110.9609375,32.2265625,0</coordinates></LinearRing></outerBoundaryIs></Polygon></Placemark>
      <Placemark><name>Grass (-2,4)</name><styleUrl>#grassStyle_0</styleUrl><Polygon><outerBoundaryIs><LinearRing><coordinates>-110.9578125,32.2265625,0 -110.9546875,32.2265625,0 -110.9546875,32.2284375,0 -110.9578125,32.2284375,0 -110.9578125,32.2265625,0</coordinates></LinearRing></outerBoundaryIs></Polygon></Placemark>
      <Placemark><name>Grass (-1,4)</name><styleUrl>#grassStyle_1</styleUrl><Polygon><outerBoundaryIs><LinearRing><coordinates>-110.9546875,32.2265625,0 -110.95156250000001,32.2265625,0 -110.95156250000001,32.2284375,0 -110.9546875,32.2284375,0 -110.9546875,32.2265625,0</coordinates></LinearRing></outerBoundaryIs></Polygon></Placemark>
      <Placemark><name>Grass (0,4)</name><styleUrl>#grassStyle_1</styleUrl><Polygon><outerBoundaryIs><LinearRing><coordinates>-110.95156250000001,32.2265625,0 -110.9484375,32.2265625,0 -110.9484375,32.2284375,0 -110.95156250000001,32.2284375,0 -110.95156250000001,32.2265625,0</coordinates></LinearRing></outerBoundaryIs></Polygon></Placemark>
      <Placemark><name>Grass (1,4)</name><styleUrl>#grassStyle_0</styleUrl><Polygon><outerBoundaryIs><LinearRing><coordinates>-110.9484375,32.2265625,0 -110.9453125,32.2265625,0 -110.9453125,32.2284375,0 -110.9484375,32.2284375,0 -110.9484375,32.2265625,0</coordinates></LinearRing></outerBoundaryIs></Polygon></Placemark>
      <Placemark><name>Grass (2,4)</name><styleUrl>#grassStyle_0</styleUrl><Polygon><outerBoundaryIs><LinearRing><coordinates>-110.9453125,32.2265625,0 -110.9421875,32.2265625,0 -110.9421875,32.2284375,0 -110.9453125,32.2284375,0 -110.9453125,32.2265625,0</coordinates></LinearRing></outerBoundaryIs></Polygon></Placemark>
      <Placemark><name>Grass (3,4)</name><styleUrl>#grassStyle_1</styleUrl><Polygon><outerBoundaryIs><LinearRing><coordinates>-110.9421875,32.2265625,0 -110.9390625,32.2265625,0 -110.9390625,32.2284375,0 -110.9421875,32.2284375,0 -110.9421875,32.2265625,0</coordinates></LinearRing></outerBoundaryIs></Polygon></Placemark>
      <Placemark><name>Grass (4,4)</name><styleUrl>#grassStyle_1</styleUrl><Polygon><outerBoundaryIs><LinearRing><coordinates>-110.9390625,32.2265625,0 -110.93593750000001,32.2265625,0 -110.93593750000001,32.2284375,0 -110.9390625,32.2284375,0 -110.9390625,32.2265625,0</coordinates></LinearRing></outerBoundaryIs></Polygon></Placemark>
      <Placemark><name>Grass (5,4)</name><styleUrl>#grassStyle_0</styleUrl><Polygon><outerBoundaryIs><LinearRing><coordinates>-110.93593750000001,32.2265625,0 -110.9328125,32.2265625,0 -110.9328125,32.2284375,0 -110.93593750000001,32.2284375,0 -110.93593750000001,32.2265625,0</coordinates></LinearRing></outerBoundaryIs></Polygon></Placemark>
      <Placemark><name>Grass (6,4)</name><styleUrl>#grassStyle_0</styleUrl><Polygon><outerBoundaryIs><LinearRing><coordinates>-110.9328125,32.2265625,0 -110.9296875,32.2265625,0 -110.9296875,32.2284375,0 -110.9328125,32.2284375,0 -110.9328125,32.2265625,0</coordinates></LinearRing></outerBoundaryIs></Polygon></Placemark>
      <Placemark><name>Grass (7,4)</name><styleUrl>#grassStyle_0</styleUrl><Polygon><outerBoundaryIs><LinearRing><coordinates>-110.9296875,32.2265625,0 -110.9265625,32.2265625,0 -110.9265625,32.2284375,0 -110.9296875,32.2284375,0 -110.9296875,32.2265625,0</coordinates></LinearRing></outerBoundaryIs></Polygon></Placemark>
      <Placemark><name>Grass (8,4)</name><styleUrl>#grassStyle_1</styleUrl><Polygon><outerBoundaryIs><LinearRing><coordinates>-110.9265625,32.2265625,0 -110.9234375,32.2265625,0 -110.9234375,32.2284375,0 -110.9265625,32.2284375,0 -110.9265625,32.2265625,0</coordinates></LinearRing></outerBoundaryIs></Polygon></Placemark>
      <Placemark><name>Grass (9,4)</name><styleUrl>#grassStyle_2</styleUrl><Polygon><outerBoundaryIs><LinearRing><coordinates>-110.9234375,32.2265625,0 -110.92031250000001,32.2265625,0 -110.92031250000001,32.2284375,0 -110.9234375,32.2284375,0 -110.9234375,32.2265625,0</coordinates></LinearRing></outerBoundaryIs></Polygon></Placemark>
      <Placemark><name>Grass (10,4)</name><styleUrl>#grassStyle_0</styleUrl><Polygon><outerBoundaryIs><LinearRing><coordinates>-110.92031250000001,32.2265625,0 -110.91718750000001,32.2265625,0 -110.91718750000001,32.2284375,0 -110.92031250000001,32.2284375,0 -110.92031250000001,32.2265625,0</coordinates></LinearRing></outerBoundaryIs></Polygon></Placemark>
      <Placemark><name>Grass (11,4)</name><styleUrl>#grassStyle_0</styleUrl><Polygon><outerBoundaryIs><LinearRing><coordinates>-110.91718750000001,32.2265625,0 -110.9140625,32.2265625,0 -110.9140625,32.2284375,0 -110.91718750000001,32.2284375,0 -110.91718750000001,32.2265625,0</coordinates></LinearRing></outerBoundaryIs></Polygon></Placemark>
      <Placemark><name>Grass (12,4)</name><styleUrl>#grassStyle_0</styleUrl><Polygon><outerBoundaryIs><LinearRing><coordinates>-110.9140625,32.2265625,0 -110.9109375,32.2265625,0 -110.9109375,32.2284375,0 -110.9140625,32.2284375,0 -110.9140625,32.2265625,0</coordinates></LinearRing></outerBoundaryIs></Polygon></Placemark>
      <Placemark><name>Grass (13,4)</name><styleUrl>#grassStyle_1</styleUrl><Polygon><outerBoundaryIs><LinearRing><coordinates>-110.9109375,32.2265625,0 -110.9078125,32.2265625,0 -110.9078125,32.2284375,0 -110.9109375,32.2284375,0 -110.9109375,32.2265625,0</coordinates></LinearRing></outerBoundaryIs></Polygon></Placemark>
      <Placemark><name>Grass (14,4)</name><styleUrl>#grassStyle_0</styleUrl><Polygon><outerBoundaryIs><LinearRing><coordinates>-110.9078125,32.2265625,0 -110.90468750000001,32.2265625,0 -110.90468750000001,32.2284375,0 -110.9078125,32.2284375,0 -110.9078125,32.2265625,0</coordinates></LinearRing></outerBoundaryIs></Polygon></Placemark>
      <Placemark><name>Grass (15,4)</name><styleUrl>#grassStyle_0</styleUrl><Polygon><outerBoundaryIs><LinearRing><coordinates>-110.90468750000001,32.2265625,0 -110.90156250000001,32.2265625,0 -110.90156250000001,32.2284375,0 -110.90468750000001,32.2284375,0 -110.90468750000001,32.2265625,0</coordinates></LinearRing></outerBoundaryIs></Polygon></Placemark>
      <Placemark><name>Grass (16,4)</name><styleUrl>#grassStyle_2</styleUrl><Polygon><outerBoundaryIs><LinearRing><coordinates>-110.90156250000001,32.2265625,0 -110.8984375,32.2265625,0 -110.8984375,32.2284375,0 -110.90156250000001,32.2284375,0 -110.90156250000001,32.2265625,0</coordinates></LinearRing></outerBoundaryIs></Polygon></Placemark>
      <Placemark><name>Grass (-16,5)</name><styleUrl>#grassStyle_1</styleUrl><Polygon><outerBoundaryIs><LinearRing><coordinates>-111.0015625,32.2284375,0 -110.9984375,32.2284375,0 -110.9984375,32.2303125,0 -111.0015625,32.2303125,0 -111.0015625,32.2284375,0</coordinates></LinearRing></outerBoundaryIs></Polygon></Placemark>
      <Placemark><name>Grass (-15,5)</name><styleUrl>#grassStyle_0</styleUrl><Polygon><outerBoundaryIs><LinearRing><coordinates>-110.9984375,32.2284375,0 -110.9953125,32.2284375,0 -110.9953125,32.2303125,0 -110.9984375,32.2303125,0 -110.9984375,32.2284375,0</coordinates></LinearRing></outerBoundaryIs></Polygon></Placemark>
      <Placemark><name>Grass (-14,5)</name><styleUrl>#grassStyle_0</styleUrl><Polygon><outerBoundaryIs><LinearRing><coordinates>-110.9953125,32.2284375,0 -110.9921875,32.2284375,0 -110.9921875,32.2303125,0 -110.9953125,32.2303125,0 -110.9953125,32.2284375,0</coordinates></LinearRing></outerBoundaryIs></Polygon></Placemark>
      <Placemark><name>Grass (-13,5)</name><styleUrl>#grassStyle_1</styleUrl><Polygon><outerBoundaryIs><LinearRing><coordinates>-110.9921875,32.2284375,0 -110.9890625,32.2284375,0 -110.9890625,32.2303125,0 -110.9921875,32.2303125,0 -110.9921875,32.2284375,0</coordinates></LinearRing></outerBoundaryIs></Polygon></Placemark>
      <Placemark><name>Grass (-12,5)</name><styleUrl>#grassStyle_0</styleUrl><Polygon><outerBoundaryIs><LinearRing><coordinates>-110.9890625,32.2284375,0 -110.9859375,32.2284375,0 -110.9859375,32.2303125,0 -110.9890625,32.2303125,0 -110.9890625,32.2284375,0</coordinates></LinearRing></outerBoundaryIs></Polygon></Placemark>
      <Placemark><name>Grass (-11,5)</name><styleUrl>#grassStyle_0</styleUrl><Polygon><outerBoundaryIs><LinearRing><coordinates>-110.9859375,32.2284375,0 -110.9828125,32.2284375,0 -110.9828125,32.2303125,0 -110.9859375,32.2303125,0 -110.9859375,32.2284375,0</coordinates></LinearRing></outerBoundaryIs></Polygon></Placemark>
      <Placemark><name>Grass (-10,5)</name><styleUrl>#grassStyle_1</styleUrl><Polygon><outerBoundaryIs><LinearRing><coordinates>-110.9828125,32.2284375,0 -110.9796875,32.2284375,0 -110.9796875,32.2303125,0 -110.9828125,32.2303125,0 -110.9828125,32.2284375,0</coordinates></LinearRing></outerBoundaryIs></Polygon></Placemark>
      <Placemark><name>Grass (-9,5)</name><styleUrl>#grassStyle_2</styleUrl><Polygon><outerBoundaryIs><LinearRing><coordinates>-110.9796875,32.2284375,0 -110.9765625,32.2284375,0 -110.9765625,32.2303125,0 -110.9796875,32.2303125,0 -110.9796875,32.2284375,0</coordinates></LinearRing></outerBoundaryIs></Polygon></Placemark>
      <Placemark><name>Grass (-8,5)</name><styleUrl>#grassStyle_0</styleUrl><Polygon><outerBoundaryIs><LinearRing><coordinates>-110.9765625,32.2284375,0 -110.9734375,32.2284375,0 -110.9734375,32.2303125,0 -110.9765625,32.2303125,0 -110.9765625,32.2284375,0</coordinates></LinearRing></outerBoundaryIs></Polygon></Placemark>
      <Placemark><name>Grass (-7,5)</name><styleUrl>#grassStyle_0</styleUrl><Polygon><outerBoundaryIs><LinearRing><coordinates>-110.9734375,32.2284375,0 -110.9703125,32.2284375,0 -110.9703125,32.2303125,0 -110.9734375,32.2303125,0 -110.9734375,32.2284375,0</coordinates></LinearRing></outerBoundaryIs></Polygon></Placemark>
      <Placemark><name>Grass (-6,5)</name><styleUrl>#grassStyle_2</styleUrl><Polygon><outerBoundaryIs><LinearRing><coordinates>-110.9703125,32.2284375,0 -110.96718750000001,32.2284375,0 -110.96718750000001,32.2303125,0 -110.9703125,32.2303125,0 -110.9703125,32.2284375,0</coordinates></LinearRing></outerBoundaryIs></Polygon></Placemark>
      <Placemark><name>Grass (-5,5)</name><styleUrl>#grassStyle_0</styleUrl><Polygon><outerBoundaryIs><LinearRing><coordinates>-110.96718750000001,32.2284375,0 -110.9640625,32.2284375,0 -110.9640625,32.2303125,0 -110.96718750000001,32.2303125,0 -110.96718750000001,32.2284375,0</coordinates></LinearRing></outerBoundaryIs></Polygon></Placemark>
      <Placemark><name>Grass (-4,5)</name><styleUrl>#grassStyle_1</styleUrl><Polygon><outerBoundaryIs><LinearRing><coordinates>-110.9640625,32.2284375,0 -110.9609375,32.2284375,0 -110.9609375,32.2303125,0 -110.9640625,32.2303125,0 -110.9640625,32.2284375,0</coordinates></LinearRing></outerBoundaryIs></Polygon></Placemark>
      <Placemark><name>Grass (-3,5)</name><styleUrl>#grassStyle_0</styleUrl><Polygon><outerBoundaryIs><LinearRing><coordinates>-110.9609375,32.2284375,0 -110.9578125,32.2284375,0 -110.9578125,32.2303125,0 -110.9609375,32.2303125,0 -110.9609375,32.2284375,0</coordinates></LinearRing></outerBoundaryIs></Polygon></Placemark>
      <Placemark><name>Grass (-2,5)</name><styleUrl>#grassStyle_0</styleUrl><Polygon><outerBoundaryIs><LinearRing><coordinates>-110.9578125,32.2284375,0 -110.9546875,32.2284375,0 -110.9546875,32.2303125,0 -110.9578125,32.2303125,0 -110.9578125,32.2284375,0</coordinates></LinearRing></outerBoundaryIs></Polygon></Placemark>
      <Placemark><name>Grass (-1,5)</name><styleUrl>#grassStyle_0</styleUrl><Polygon><outerBoundaryIs><LinearRing><coordinates>-110.9546875,32.2284375,0 -110.95156250000001,32.2284375,0 -110.95156250000001,32.2303125,0 -110.9546875,32.2303125,0 -110.9546875,32.2284375,0</coordinates></LinearRing></outerBoundaryIs></Polygon></Placemark>
      <Placemark><name>Grass (0,5)</name><styleUrl>#grassStyle_0</styleUrl><Polygon><outerBoundaryIs><LinearRing><coordinates>-110.95156250000001,32.2284375,0 -110.9484375,32.2284375,0 -110.9484375,32.2303125,0 -110.95156250000001,32.2303125,0 -110.95156250000001,32.2284375,0</coordinates></LinearRing></outerBoundaryIs></Polygon></Placemark>
      <Placemark><name>Grass (1,5)</name><styleUrl>#grassStyle_0</styleUrl><Polygon><outerBoundaryIs><LinearRing><coordinates>-110.9484375,32.2284375,0 -110.9453125,32.2284375,0 -110.9453125,32.2303125,0 -110.9484375,32.2303125,0 -110.9484375,32.2284375,0</coordinates></LinearRing></outerBoundaryIs></Polygon></Placemark>
      <Placemark><name>Grass (2,5)</name><styleUrl>#grassStyle_0</styleUrl><Polygon><outerBoundaryIs><LinearRing><coordinates>-110.9453125,32.2284375,0 -110.9421875,32.2284375,0 -110.9421875,32.2303125,0 -110.9453125,32.2303125,0 -110.9453125,32.2284375,0</coordinates></LinearRing></outerBoundaryIs></Polygon></Placemark>
      <Placemark><name>Grass (3,5)</name><styleUrl>#grassStyle_1</styleUrl><Polygon><outerBoundaryIs><LinearRing><coordinates>-110.9421875,32.2284375,0 -110.9390625,32.2284375,0 -110.9390625,32.2303125,0 -110.9421875,32.2303125,0 -110.9421875,32.2284375,0</coordinates></LinearRing></outerBoundaryIs></Polygon></Placemark>
      <Placemark><name>Grass (4,5)</name><styleUrl>#grassStyle_1</styleUrl><Polygon><outerBoundaryIs><LinearRing><coordinates>-110.9390625,32.2284375,0 -110.93593750000001,32.2284375,0 -110.93593750000001,32.2303125,0 -110.9390625,32.2303125,0 -110.9390625,32.2284375,0</coordinates></LinearRing></outerBoundaryIs></Polygon></Placemark>
      <Placemark><name>Grass (5,5)</name><styleUrl>#grassStyle_0</styleUrl><Polygon><outerBoundaryIs><LinearRing><coordinates>-110.93593750000001,32.2284375,0 -110.9328125,32.2284375,0 -110.9328125,32.2303125,0 -110.93593750000001,32.2303125,0 -110.93593750000001,32.2284375,0</coordinates></LinearRing></outerBoundaryIs></Polygon></Placemark>
      <Placemark><name>Grass (6,5)</name><styleUrl>#grassStyle_1</styleUrl><Polygon><outerBoundaryIs><LinearRing><coordinates>-110.9328125,32.2284375,0 -110.9296875,32.2284375,0 -110.9296875,32.2303125,0 -110.9328125,32.2303125,0 -110.9328125,32.2284375,0</coordinates></LinearRing></outerBoundaryIs></Polygon></Placemark>
      <Placemark><name>Grass (7,5)</name><styleUrl>#grassStyle_0</styleUrl><Polygon><outerBoundaryIs><LinearRing><coordinates>-110.9296875,32.2284375,0 -110.9265625,32.2284375,0 -110.9265625,32.2303125,0 -110.9296875,32.2303125,0 -110.9296875,32.2284375,0</coordinates></LinearRing></outerBoundaryIs></Polygon></Placemark>
      <Placemark><name>Grass (8,5)</name><styleUrl>#grassStyle_0</styleUrl><Polygon><outerBoundaryIs><LinearRing><coordinates>-110.9265625,32.2284375,0 -110.9234375,32.2284375,0 -110.9234375,32.2303125,0 -110.9265625,32.2303125,0 -110.9265625,32.2284375,0</coordinates></LinearRing></outerBoundaryIs></Polygon></Placemark>
      <Placemark><name>Grass (9,5)</name><styleUrl>#grassStyle_1</styleUrl><Polygon><outerBoundaryIs><LinearRing><coordinates>-110.9234375,32.2284375,0 -110.92031250000001,32.2284375,0 -110.92031250000001,32.2303125,0 -110.9234375,32.2303125,0 -110.9234375,32.2284375,0</coordinates></LinearRing></outerBoundaryIs></Polygon></Placemark>
      <Placemark><name>Grass (10,5)</name><styleUrl>#grassStyle_1</styleUrl><Polygon><outerBoundaryIs><LinearRing><coordinates>-110.92031250000001,32.2284375,0 -110.91718750000001,32.2284375,0 -110.91718750000001,32.2303125,0 -110.92031250000001,32.2303125,0 -110.92031250000001,32.2284375,0</coordinates></LinearRing></outerBoundaryIs></Polygon></Placemark>
      <Placemark><name>Grass (11,5)</name><styleUrl>#grassStyle_0</styleUrl><Polygon><outerBoundaryIs><LinearRing><coordinates>-110.91718750000001,32.2284375,0 -110.9140625,32.2284375,0 -110.9140625,32.2303125,0 -110.91718750000001,32.2303125,0 -110.91718750000001,32.2284375,0</coordinates></LinearRing></outerBoundaryIs></Polygon></Placemark>
      <Placemark><name>Grass (12,5)</name><styleUrl>#grassStyle_0</styleUrl><Polygon><outerBoundaryIs><LinearRing><coordinates>-110.9140625,32.2284375,0 -110.9109375,32.2284375,0 -110.9109375,32.2303125,0 -110.9140625,32.2303125,0 -110.9140625,32.2284375,0</coordinates></LinearRing></outerBoundaryIs></Polygon></Placemark>
      <Placemark><name>Grass (13,5)</name><styleUrl>#grassStyle_1</styleUrl><Polygon><outerBoundaryIs><LinearRing><coordinates>-110.9109375,32.2284375,0 -110.9078125,32.2284375,0 -110.9078125,32.2303125,0 -110.9109375,32.2303125,0 -110.9109375,32.2284375,0</coordinates></LinearRing></outerBoundaryIs></Polygon></Placemark>
      <Placemark><name>Grass (14,5)</name><styleUrl>#grassStyle_0</styleUrl><Polygon><outerBoundaryIs><LinearRing><coordinates>-110.9078125,32.2284375,0 -110.90468750000001,32.2284375,0 -110.90468750000001,32.2303125,0 -110.9078125,32.2303125,0 -110.9078125,32.2284375,0</coordinates></LinearRing></outerBoundaryIs></Polygon></Placemark>
      <Placemark><name>Grass (15,5)</name><styleUrl>#grassStyle_0</styleUrl><Polygon><outerBoundaryIs><LinearRing><coordinates>-110.90468750000001,32.2284375,0 -110.90156250000001,32.2284375,0 -110.90156250000001,32.2303125,0 -110.90468750000001,32.2303125,0 -110.90468750000001,32.2284375,0</coordinates></LinearRing></outerBoundaryIs></Polygon></Placemark>
      <Placemark><name>Grass (16,5)</name><styleUrl>#grassStyle_0</styleUrl><Polygon><outerBoundaryIs><LinearRing><coordinates>-110.90156250000001,32.2284375,0 -110.8984375,32.2284375,0 -110.8984375,32.2303125,0 -110.90156250000001,32.2303125,0 -110.90156250000001,32.2284375,0</coordinates></LinearRing></outerBoundaryIs></Polygon></Placemark>
      <Placemark><name>Grass (-16,6)</name><styleUrl>#grassStyle_0</styleUrl><Polygon><outerBoundaryIs><LinearRing><coordinates>-111.0015625,32.2303125,0 -110.9984375,32.2303125,0 -110.9984375,32.2321875,0 -111.0015625,32.2321875,0 -111.0015625,32.2303125,0</coordinates></LinearRing></outerBoundaryIs></Polygon></Placemark>
      <Placemark><name>Grass (-15,6)</name><styleUrl>#grassStyle_0</styleUrl><Polygon><outerBoundaryIs><LinearRing><coordinates>-110.9984375,32.2303125,0 -110.9953125,32.2303125,0 -110.9953125,32.2321875,0 -110.9984375,32.2321875,0 -110.9984375,32.2303125,0</coordinates></LinearRing></outerBoundaryIs></Polygon></Placemark>
      <Placemark><name>Grass (-14,6)</name><styleUrl>#grassStyle_0</styleUrl><Polygon><outerBoundaryIs><LinearRing><coordinates>-110.9953125,32.2303125,0 -110.9921875,32.2303125,0 -110.9921875,32.2321875,0 -110.9953125,32.2321875,0 -110.9953125,32.2303125,0</coordinates></LinearRing></outerBoundaryIs></Polygon></Placemark>
      <Placemark><name>Grass (-13,6)</name><styleUrl>#grassStyle_0</styleUrl><Polygon><outerBoundaryIs><LinearRing><coordinates>-110.9921875,32.2303125,0 -110.9890625,32.2303125,0 -110.9890625,32.2321875,0 -110.9921875,32.2321875,0 -110.9921875,32.2303125,0</coordinates></LinearRing></outerBoundaryIs></Polygon></Placemark>
      <Placemark><name>Grass (-12,6)</name><styleUrl>#grassStyle_1</styleUrl><Polygon><outerBoundaryIs><LinearRing><coordinates>-110.9890625,32.2303125,0 -110.9859375,32.2303125,0 -110.9859375,32.2321875,0 -110.9890625,32.2321875,0 -110.9890625,32.2303125,0</coordinates></LinearRing></outerBoundaryIs></Polygon></Placemark>
      <Placemark><name>Grass (-11,6)</name><styleUrl>#grassStyle_0</styleUrl><Polygon><outerBoundaryIs><LinearRing><coordinates>-110.9859375,32.2303125,0 -110.9828125,32.2303125,0 -110.9828125,32.2321875,0 -110.9859375,32.2321875,0 -110.9859375,32.2303125,0</coordinates></LinearRing></outerBoundaryIs></Polygon></Placemark>
      <Placemark><name>Grass (-10,6)</name><styleUrl>#grassStyle_0</styleUrl><Polygon><outerBoundaryIs><LinearRing><coordinates>-110.9828125,32.2303125,0 -110.9796875,32.2303125,0 -110.9796875,32.2321875,0 -110.9828125,32.2321875,0 -110.9828125,32.2303125,0</coordinates></LinearRing></outerBoundaryIs></Polygon></Placemark>
      <Placemark><name>Grass (-9,6)</name><styleUrl>#grassStyle_0</styleUrl><Polygon><outerBoundaryIs><LinearRing><coordinates>-110.9796875,32.2303125,0 -110.9765625,32.2303125,0 -110.9765625,32.2321875,0 -110.9796875,32.2321875,0 -110.9796875,32.2303125,0</coordinates></LinearRing></outerBoundaryIs></Polygon></Placemark>
      <Placemark><name>Grass (-8,6)</name><styleUrl>#grassStyle_0</styleUrl><Polygon><outerBoundaryIs><LinearRing><coordinates>-110.9765625,32.2303125,0 -110.9734375,32.2303125,0 -110.9734375,32.2321875,0 -110.9765625,32.2321875,0 -110.9765625,32.2303125,0</coordinates></LinearRing></outerBoundaryIs></Polygon></Placemark>
      <Placemark><name>Grass (-7,6)</name><styleUrl>#grassStyle_1</styleUrl><Polygon><outerBoundaryIs><LinearRing><coordinates>-110.9734375,32.2303125,0 -110.9703125,32.2303125,0 -110.9703125,32.2321875,0 -110.9734375,32.2321875,0 -110.9734375,32.2303125,0</coordinates></LinearRing></outerBoundaryIs></Polygon></Placemark>
      <Placemark><name>Grass (-6,6)</name><styleUrl>#grassStyle_0</styleUrl><Polygon><outerBoundaryIs><LinearRing><coordinates>-110.9703125,32.2303125,0 -110.96718750000001,32.2303125,0 -110.96718750000001,32.2321875,0 -110.9703125,32.2321875,0 -110.9703125,32.2303125,0</coordinates></LinearRing></outerBoundaryIs></Polygon></Placemark>
      <Placemark><name>Grass (-5,6)</name><styleUrl>#grassStyle_0</styleUrl><Polygon><outerBoundaryIs><LinearRing><coordinates>-110.96718750000001,32.2303125,0 -110.9640625,32.2303125,0 -110.9640625,32.2321875,0 -110.96718750000001,32.2321875,0 -110.96718750000001,32.2303125,0</coordinates></LinearRing></outerBoundaryIs></Polygon></Placemark>
      <Placemark><name>Grass (-4,6)</name><styleUrl>#grassStyle_0</styleUrl><Polygon><outerBoundaryIs><LinearRing><coordinates>-110.9640625,32.2303125,0 -110.9609375,32.2303125,0 -110.9609375,32.2321875,0 -110.9640625,32.2321875,0 -110.9640625,32.2303125,0</coordinates></LinearRing></outerBoundaryIs></Polygon></Placemark>
      <Placemark><name>Grass (-3,6)</name><styleUrl>#grassStyle_0</styleUrl><Polygon><outerBoundaryIs><LinearRing><coordinates>-110.9609375,32.2303125,0 -110.9578125,32.2303125,0 -110.9578125,32.2321875,0 -110.9609375,32.2321875,0 -110.9609375,32.2303125,0</coordinates></LinearRing></outerBoundaryIs></Polygon></Placemark>
      <Placemark><name>Grass (-2,6)</name><styleUrl>#grassStyle_0</styleUrl><Polygon><outerBoundaryIs><LinearRing><coordinates>-110.9578125,32.2303125,0 -110.9546875,32.2303125,0 -110.9546875,32.2321875,0 -110.9578125,32.2321875,0 -110.9578125,32.2303125,0</coordinates></LinearRing></outerBoundaryIs></Polygon></Placemark>
      <Placemark><name>Grass (-1,6)</name><styleUrl>#grassStyle_1</styleUrl><Polygon><outerBoundaryIs><LinearRing><coordinates>-110.9546875,32.2303125,0 -110.95156250000001,32.2303125,0 -110.95156250000001,32.2321875,0 -110.9546875,32.2321875,0 -110.9546875,32.2303125,0</coordinates></LinearRing></outerBoundaryIs></Polygon></Placemark>
      <Placemark><name>Grass (0,6)</name><styleUrl>#grassStyle_0</styleUrl><Polygon><outerBoundaryIs><LinearRing><coordinates>-110.95156250000001,32.2303125,0 -110.9484375,32.2303125,0 -110.9484375,32.2321875,0 -110.95156250000001,32.2321875,0 -110.95156250000001,32.2303125,0</coordinates></LinearRing></outerBoundaryIs></Polygon></Placemark>
      <Placemark><name>Grass (1,6)</name><styleUrl>#grassStyle_1</styleUrl><Polygon><outerBoundaryIs><LinearRing><coordinates>-110.9484375,32.2303125,0 -110.9453125,32.2303125,0 -110.9453125,32.2321875,0 -110.9484375,32.2321875,0 -110.9484375,32.2303125,0</coordinates></LinearRing></outerBoundaryIs></Polygon></Placemark>
      <Placemark><name>Grass (2,6)</name><styleUrl>#grassStyle_2</styleUrl><Polygon><outerBoundaryIs><LinearRing><coordinates>-110.9453125,32.2303125,0 -110.9421875,32.2303125,0 -110.9421875,32.2321875,0 -110.9453125,32.2321875,0 -110.9453125,32.2303125,0</coordinates></LinearRing></outerBoundaryIs></Polygon></Placemark>
      <Placemark><name>Grass (3,6)</name><styleUrl>#grassStyle_0</styleUrl><Polygon><outerBoundaryIs><LinearRing><coordinates>-110.9421875,32.2303125,0 -110.9390625,32.2303125,0 -110.9390625,32.2321875,0 -110.9421875,32.2321875,0 -110.9421875,32.2303125,0</coordinates></LinearRing></outerBoundaryIs></Polygon></Placemark>
      <Placemark><name>Grass (4,6)</name><styleUrl>#grassStyle_0</styleUrl><Polygon><outerBoundaryIs><LinearRing><coordinates>-110.9390625,32.2303125,0 -110.93593750000001,32.2303125,0 -110.93593750000001,32.2321875,0 -110.9390625,32.2321875,0 -110.9390625,32.2303125,0</coordinates></LinearRing></outerBoundaryIs></Polygon></Placemark>
      <Placemark><name>Grass (5,6)</name><styleUrl>#grassStyle_1</styleUrl><Polygon><outerBoundaryIs><LinearRing><coordinates>-110.93593750000001,32.2303125,0 -110.9328125,32.2303125,0 -110.9328125,32.2321875,0 -110.93593750000001,32.2321875,0 -110.93593750000001,32.2303125,0</coordinates></LinearRing></outerBoundaryIs></Polygon></Placemark>
      <Placemark><name>Grass (6,6)</name><styleUrl>#grassStyle_1</styleUrl><Polygon><outerBoundaryIs><LinearRing><coordinates>-110.9328125,32.2303125,0 -110.9296875,32.2303125,0 -110.9296875,32.2321875,0 -110.9328125,32.2321875,0 -110.9328125,32.2303125,0</coordinates></LinearRing></outerBoundaryIs></Polygon></Placemark>
      <Placemark><name>Grass (7,6)</name><styleUrl>#grassStyle_0</styleUrl><Polygon><outerBoundaryIs><LinearRing><coordinates>-110.9296875,32.2303125,0 -110.9265625,32.2303125,0 -110.9265625,32.2321875,0 -110.9296875,32.2321875,0 -110.9296875,32.2303125,0</coordinates></LinearRing></outerBoundaryIs></Polygon></Placemark>
      <Placemark><name>Grass (8,6)</name><styleUrl>#grassStyle_0</styleUrl><Polygon><outerBoundaryIs><LinearRing><coordinates>-110.9265625,32.2303125,0 -110.9234375,32.2303125,0 -110.9234375,32.2321875,0 -110.9265625,32.2321875,0 -110.9265625,32.2303125,0</coordinates></LinearRing></outerBoundaryIs></Polygon></Placemark>
      <Placemark><name>Grass (9,6)</name><styleUrl>#grassStyle_1</styleUrl><Polygon><outerBoundaryIs><LinearRing><coordinates>-110.9234375,32.2303125,0 -110.92031250000001,32.2303125,0 -110.92031250000001,32.2321875,0 -110.9234375,32.2321875,0 -110.9234375,32.2303125,0</coordinates></LinearRing></outerBoundaryIs></Polygon></Placemark>
      <Placemark><name>Grass (10,6)</name><styleUrl>#grassStyle_0</styleUrl><Polygon><outerBoundaryIs><LinearRing><coordinates>-110.92031250000001,32.2303125,0 -110.91718750000001,32.2303125,0 -110.91718750000001,32.2321875,0 -110.92031250000001,32.2321875,0 -110.92031250000001,32.2303125,0</coordinates></LinearRing></outerBoundaryIs></Polygon></Placemark>
      <Placemark><name>Grass (11,6)</name><styleUrl>#grassStyle_0</styleUrl><Polygon><outerBoundaryIs><LinearRing><coordinates>-110.91718750000001,32.2303125,0 -110.9140625,32.2303125,0 -110.9140625,32.2321875,0 -110.91718750000001,32.2321875,0 -110.91718750000001,32.2303125,0</coordinates></LinearRing></outerBoundaryIs></Polygon></Placemark>
      <Placemark><name>Grass (12,6)</name><styleUrl>#grassStyle_0</styleUrl><Polygon><outerBoundaryIs><LinearRing><coordinates>-110.9140625,32.2303125,0 -110.9109375,32.2303125,0 -110.9109375,32.2321875,0 -110.9140625,32.2321875,0 -110.9140625,32.2303125,0</coordinates></LinearRing></outerBoundaryIs></Polygon></Placemark>
      <Placemark><name>Grass (13,6)</name><styleUrl>#grassStyle_0</styleUrl><Polygon><outerBoundaryIs><LinearRing><coordinates>-110.9109375,32.2303125,0 -110.9078125,32.2303125,0 -110.9078125,32.2321875,0 -110.9109375,32.2321875,0 -110.9109375,32.2303125,0</coordinates></LinearRing></outerBoundaryIs></Polygon></Placemark>
      <Placemark><name>Grass (14,6)</name><styleUrl>#grassStyle_1</styleUrl><Polygon><outerBoundaryIs><LinearRing><coordinates>-110.9078125,32.2303125,0 -110.90468750000001,32.2303125,0 -110.90468750000001,32.2321875,0 -110.9078125,32.2321875,0 -110.9078125,32.2303125,0</coordinates></LinearRing></outerBoundaryIs></Polygon></Placemark>
      <Placemark><name>Grass (15,6)</name><styleUrl>#grassStyle_0</styleUrl><Polygon><outerBoundaryIs><LinearRing><coordinates>-110.90468750000001,32.2303125,0 -110.90156250000001,32.2303125,0 -110.90156250000001,32.2321875,0 -110.90468750000001,32.2321875,0 -110.90468750000001,32.2303125,0</coordinates></LinearRing></outerBoundaryIs></Polygon></Placemark>
      <Placemark><name>Grass (16,6)</name><styleUrl>#grassStyle_1</styleUrl><Polygon><outerBoundaryIs><LinearRing><coordinates>-110.90156250000001,32.2303125,0 -110.8984375,32.2303125,0 -110.8984375,32.2321875,0 -110.90156250000001,32.2321875,0 -110.90156250000001,32.2303125,0</coordinates></LinearRing></outerBoundaryIs></Polygon></Placemark>
      <Placemark><name>Grass (-16,7)</name><styleUrl>#grassStyle_0</styleUrl><Polygon><outerBoundaryIs><LinearRing><coordinates>-111.0015625,32.2321875,0 -110.9984375,32.2321875,0 -110.9984375,32.2340625,0 -111.0015625,32.2340625,0 -111.0015625,32.2321875,0</coordinates></LinearRing></outerBoundaryIs></Polygon></Placemark>
      <Placemark><name>Grass (-15,7)</name><styleUrl>#grassStyle_0</styleUrl><Polygon><outerBoundaryIs><LinearRing><coordinates>-110.9984375,32.2321875,0 -110.9953125,32.2321875,0 -110.9953125,32.2340625,0 -110.9984375,32.2340625,0 -110.9984375,32.2321875,0</coordinates></LinearRing></outerBoundaryIs></Polygon></Placemark>
      <Placemark><name>Grass (-14,7)</name><styleUrl>#grassStyle_1</styleUrl><Polygon><outerBoundaryIs><LinearRing><coordinates>-110.9953125,32.2321875,0 -110.9921875,32.2321875,0 -110.9921875,32.2340625,0 -110.9953125,32.2340625,0 -110.9953125,32.2321875,0</coordinates></LinearRing></outerBoundaryIs></Polygon></Placemark>
      <Placemark><name>Grass (-13,7)</name><styleUrl>#grassStyle_1</styleUrl><Polygon><outerBoundaryIs><LinearRing><coordinates>-110.9921875,32.2321875,0 -110.9890625,32.2321875,0 -110.9890625,32.2340625,0 -110.9921875,32.2340625,0 -110.9921875,32.2321875,0</coordinates></LinearRing></outerBoundaryIs></Polygon></Placemark>
      <Placemark><name>Grass (-12,7)</name><styleUrl>#grassStyle_1</styleUrl><Polygon><outerBoundaryIs><LinearRing><coordinates>-110.9890625,32.2321875,0 -110.9859375,32.2321875,0 -110.9859375,32.2340625,0 -110.9890625,32.2340625,0 -110.9890625,32.2321875,0</coordinates></LinearRing></outerBoundaryIs></Polygon></Placemark>
      <Placemark><name>Grass (-11,7)</name><styleUrl>#grassStyle_0</styleUrl><Polygon><outerBoundaryIs><LinearRing><coordinates>-110.9859375,32.2321875,0 -110.9828125,32.2321875,0 -110.9828125,32.2340625,0 -110.9859375,32.2340625,0 -110.9859375,32.2321875,0</coordinates></LinearRing></outerBoundaryIs></Polygon></Placemark>
      <Placemark><name>Grass (-10,7)</name><styleUrl>#grassStyle_0</styleUrl><Polygon><outerBoundaryIs><LinearRing><coordinates>-110.9828125,32.2321875,0 -110.9796875,32.2321875,0 -110.9796875,32.2340625,0 -110.9828125,32.2340625,0 -110.9828125,32.2321875,0</coordinates></LinearRing></outerBoundaryIs></Polygon></Placemark>
      <Placemark><name>Grass (-9,7)</name><styleUrl>#grassStyle_1</styleUrl><Polygon><outerBoundaryIs><LinearRing><coordinates>-110.9796875,32.2321875,0 -110.9765625,32.2321875,0 -110.9765625,32.2340625,0 -110.9796875,32.2340625,0 -110.9796875,32.2321875,0</coordinates></LinearRing></outerBoundaryIs></Polygon></Placemark>
      <Placemark><name>Grass (-8,7)</name><styleUrl>#grassStyle_0</styleUrl><Polygon><outerBoundaryIs><LinearRing><coordinates>-110.9765625,32.2321875,0 -110.9734375,32.2321875,0 -110.9734375,32.2340625,0 -110.9765625,32.2340625,0 -110.9765625,32.2321875,0</coordinates></LinearRing></outerBoundaryIs></Polygon></Placemark>
      <Placemark><name>Grass (-7,7)</name><styleUrl>#grassStyle_0</styleUrl><Polygon><outerBoundaryIs><LinearRing><coordinates>-110.9734375,32.2321875,0 -110.9703125,32.2321875,0 -110.9703125,32.2340625,0 -110.9734375,32.2340625,0 -110.9734375,32.2321875,0</coordinates></LinearRing></outerBoundaryIs></Polygon></Placemark>
      <Placemark><name>Grass (-6,7)</name><styleUrl>#grassStyle_1</styleUrl><Polygon><outerBoundaryIs><LinearRing><coordinates>-110.9703125,32.2321875,0 -110.96718750000001,32.2321875,0 -110.96718750000001,32.2340625,0 -110.9703125,32.2340625,0 -110.9703125,32.2321875,0</coordinates></LinearRing></outerBoundaryIs></Polygon></Placemark>
      <Placemark><name>Grass (-5,7)</name><styleUrl>#grassStyle_1</styleUrl><Polygon><outerBoundaryIs><LinearRing><coordinates>-110.96718750000001,32.2321875,0 -110.9640625,32.2321875,0 -110.9640625,32.2340625,0 -110.96718750000001,32.2340625,0 -110.96718750000001,32.2321875,0</coordinates></LinearRing></outerBoundaryIs></Polygon></Placemark>
      <Placemark><name>Grass (-4,7)</name><styleUrl>#grassStyle_1</styleUrl><Polygon><outerBoundaryIs><LinearRing><coordinates>-110.9640625,32.2321875,0 -110.9609375,32.2321875,0 -110.9609375,32.2340625,0 -110.9640625,32.2340625,0 -110.9640625,32.2321875,0</coordinates></LinearRing></outerBoundaryIs></Polygon></Placemark>
      <Placemark><name>Grass (-3,7)</name><styleUrl>#grassStyle_1</styleUrl><Polygon><outerBoundaryIs><LinearRing><coordinates>-110.9609375,32.2321875,0 -110.9578125,32.2321875,0 -110.9578125,32.2340625,0 -110.9609375,32.2340625,0 -110.9609375,32.2321875,0</coordinates></LinearRing></outerBoundaryIs></Polygon></Placemark>
      <Placemark><name>Grass (-2,7)</name><styleUrl>#grassStyle_1</styleUrl><Polygon><outerBoundaryIs><LinearRing><coordinates>-110.9578125,32.2321875,0 -110.9546875,32.2321875,0 -110.9546875,32.2340625,0 -110.9578125,32.2340625,0 -110.9578125,32.2321875,0</coordinates></LinearRing></outerBoundaryIs></Polygon></Placemark>
      <Placemark><name>Grass (-1,7)</name><styleUrl>#grassStyle_0</styleUrl><Polygon><outerBoundaryIs><LinearRing><coordinates>-110.9546875,32.2321875,0 -110.95156250000001,32.2321875,0 -110.95156250000001,32.2340625,0 -110.9546875,32.2340625,0 -110.9546875,32.2321875,0</coordinates></LinearRing></outerBoundaryIs></Polygon></Placemark>
      <Placemark><name>Grass (0,7)</name><styleUrl>#grassStyle_0</styleUrl><Polygon><outerBoundaryIs><LinearRing><coordinates>-110.95156250000001,32.2321875,0 -110.9484375,32.2321875,0 -110.9484375,32.2340625,0 -110.95156250000001,32.2340625,0 -110.95156250000001,32.2321875,0</coordinates></LinearRing></outerBoundaryIs></Polygon></Placemark>
      <Placemark><name>Grass (1,7)</name><styleUrl>#grassStyle_0</styleUrl><Polygon><outerBoundaryIs><LinearRing><coordinates>-110.9484375,32.2321875,0 -110.9453125,32.2321875,0 -110.9453125,32.2340625,0 -110.9484375,32.2340625,0 -110.9484375,32.2321875,0</coordinates></LinearRing></outerBoundaryIs></Polygon></Placemark>
      <Placemark><name>Grass (2,7)</name><styleUrl>#grassStyle_1</styleUrl><Polygon><outerBoundaryIs><LinearRing><coordinates>-110.9453125,32.2321875,0 -110.9421875,32.2321875,0 -110.9421875,32.2340625,0 -110.9453125,32.2340625,0 -110.9453125,32.2321875,0</coordinates></LinearRing></outerBoundaryIs></Polygon></Placemark>
      <Placemark><name>Grass (3,7)</name><styleUrl>#grassStyle_0</styleUrl><Polygon><outerBoundaryIs><LinearRing><coordinates>-110.9421875,32.2321875,0 -110.9390625,32.2321875,0 -110.9390625,32.2340625,0 -110.9421875,32.2340625,0 -110.9421875,32.2321875,0</coordinates></LinearRing></outerBoundaryIs></Polygon></Placemark>
      <Placemark><name>Grass (4,7)</name><styleUrl>#grassStyle_1</styleUrl><Polygon><outerBoundaryIs><LinearRing><coordinates>-110.9390625,32.2321875,0 -110.93593750000001,32.2321875,0 -110.93593750000001,32.2340625,0 -110.9390625,32.2340625,0 -110.9390625,32.2321875,0</coordinates></LinearRing></outerBoundaryIs></Polygon></Placemark>
      <Placemark><name>Grass (5,7)</name><styleUrl>#grassStyle_0</styleUrl><Polygon><outerBoundaryIs><LinearRing><coordinates>-110.93593750000001,32.2321875,0 -110.9328125,32.2321875,0 -110.9328125,32.2340625,0 -110.93593750000001,32.2340625,0 -110.93593750000001,32.2321875,0</coordinates></LinearRing></outerBoundaryIs></Polygon></Placemark>
      <Placemark><name>Grass (6,7)</name><styleUrl>#grassStyle_0</styleUrl><Polygon><outerBoundaryIs><LinearRing><coordinates>-110.9328125,32.2321875,0 -110.9296875,32.2321875,0 -110.9296875,32.2340625,0 -110.9328125,32.2340625,0 -110.9328125,32.2321875,0</coordinates></LinearRing></outerBoundaryIs></Polygon></Placemark>
      <Placemark><name>Grass (7,7)</name><styleUrl>#grassStyle_0</styleUrl><Polygon><outerBoundaryIs><LinearRing><coordinates>-110.9296875,32.2321875,0 -110.9265625,32.2321875,0 -110.9265625,32.2340625,0 -110.9296875,32.2340625,0 -110.9296875,32.2321875,0</coordinates></LinearRing></outerBoundaryIs></Polygon></Placemark>
      <Placemark><name>Grass (8,7)</name><styleUrl>#grassStyle_0</styleUrl><Polygon><outerBoundaryIs><LinearRing><coordinates>-110.9265625,32.2321875,0 -110.9234375,32.2321875,0 -110.9234375,32.2340625,0 -110.9265625,32.2340625,0 -110.9265625,32.2321875,0</coordinates></LinearRing></outerBoundaryIs></Polygon></Placemark>
      <Placemark><name>Grass (9,7)</name><styleUrl>#grassStyle_1</styleUrl><Polygon><outerBoundaryIs><LinearRing><coordinates>-110.9234375,32.2321875,0 -110.92031250000001,32.2321875,0 -110.92031250000001,32.2340625,0 -110.9234375,32.2340625,0 -110.9234375,32.2321875,0</coordinates></LinearRing></outerBoundaryIs></Polygon></Placemark>
      <Placemark><name>Grass (10,7)</name><styleUrl>#grassStyle_1</styleUrl><Polygon><outerBoundaryIs><LinearRing><coordinates>-110.92031250000001,32.2321875,0 -110.91718750000001,32.2321875,0 -110.91718750000001,32.2340625,0 -110.92031250000001,32.2340625,0 -110.92031250000001,32.2321875,0</coordinates></LinearRing></outerBoundaryIs></Polygon></Placemark>
      <Placemark><name>Grass (11,7)</name><styleUrl>#grassStyle_3</styleUrl><Polygon><outerBoundaryIs><LinearRing><coordinates>-110.91718750000001,32.2321875,0 -110.9140625,32.2321875,0 -110.9140625,32.2340625,0 -110.91718750000001,32.2340625,0 -110.91718750000001,32.2321875,0</coordinates></LinearRing></outerBoundaryIs></Polygon></Placemark>
      <Placemark><name>Grass (12,7)</name><styleUrl>#grassStyle_0</styleUrl><Polygon><outerBoundaryIs><LinearRing><coordinates>-110.9140625,32.2321875,0 -110.9109375,32.2321875,0 -110.9109375,32.2340625,0 -110.9140625,32.2340625,0 -110.9140625,32.2321875,0</coordinates></LinearRing></outerBoundaryIs></Polygon></Placemark>
      <Placemark><name>Grass (13,7)</name><styleUrl>#grassStyle_1</styleUrl><Polygon><outerBoundaryIs><LinearRing><coordinates>-110.9109375,32.2321875,0 -110.9078125,32.2321875,0 -110.9078125,32.2340625,0 -110.9109375,32.2340625,0 -110.9109375,32.2321875,0</coordinates></LinearRing></outerBoundaryIs></Polygon></Placemark>
      <Placemark><name>Grass (14,7)</name><styleUrl>#grassStyle_0</styleUrl><Polygon><outerBoundaryIs><LinearRing><coordinates>-110.9078125,32.2321875,0 -110.90468750000001,32.2321875,0 -110.90468750000001,32.2340625,0 -110.9078125,32.2340625,0 -110.9078125,32.2321875,0</coordinates></LinearRing></outerBoundaryIs></Polygon></Placemark>
      <Placemark><name>Grass (15,7)</name><styleUrl>#grassStyle_1</styleUrl><Polygon><outerBoundaryIs><LinearRing><coordinates>-110.90468750000001,32.2321875,0 -110.90156250000001,32.2321875,0 -110.90156250000001,32.2340625,0 -110.90468750000001,32.2340625,0 -110.90468750000001,32.2321875,0</coordinates></LinearRing></outerBoundaryIs></Polygon></Placemark>
      <Placemark><name>Grass (16,7)</name><styleUrl>#grassStyle_0</styleUrl><Polygon><outerBoundaryIs><LinearRing><coordinates>-110.90156250000001,32.2321875,0 -110.8984375,32.2321875,0 -110.8984375,32.2340625,0 -110.90156250000001,32.2340625,0 -110.90156250000001,32.2321875,0</coordinates></LinearRing></outerBoundaryIs></Polygon></Placemark>
      <Placemark><name>Grass (-16,8)</name><styleUrl>#grassStyle_1</styleUrl><Polygon><outerBoundaryIs><LinearRing><coordinates>-111.0015625,32.2340625,0 -110.9984375,32.2340625,0 -110.9984375,32.2359375,0 -111.0015625,32.2359375,0 -111.0015625,32.2340625,0</coordinates></LinearRing></outerBoundaryIs></Polygon></Placemark>
      <Placemark><name>Grass (-15,8)</name><styleUrl>#grassStyle_0</styleUrl><Polygon><outerBoundaryIs><LinearRing><coordinates>-110.9984375,32.2340625,0 -110.9953125,32.2340625,0 -110.9953125,32.2359375,0 -110.9984375,32.2359375,0 -110.9984375,32.2340625,0</coordinates></LinearRing></outerBoundaryIs></Polygon></Placemark>
      <Placemark><name>Grass (-14,8)</name><styleUrl>#grassStyle_1</styleUrl><Polygon><outerBoundaryIs><LinearRing><coordinates>-110.9953125,32.2340625,0 -110.9921875,32.2340625,0 -110.9921875,32.2359375,0 -110.9953125,32.2359375,0 -110.9953125,32.2340625,0</coordinates></LinearRing></outerBoundaryIs></Polygon></Placemark>
      <Placemark><name>Grass (-13,8)</name><styleUrl>#grassStyle_0</styleUrl><Polygon><outerBoundaryIs><LinearRing><coordinates>-110.9921875,32.2340625,0 -110.9890625,32.2340625,0 -110.9890625,32.2359375,0 -110.9921875,32.2359375,0 -110.9921875,32.2340625,0</coordinates></LinearRing></outerBoundaryIs></Polygon></Placemark>
      <Placemark><name>Grass (-12,8)</name><styleUrl>#grassStyle_1</styleUrl><Polygon><outerBoundaryIs><LinearRing><coordinates>-110.9890625,32.2340625,0 -110.9859375,32.2340625,0 -110.9859375,32.2359375,0 -110.9890625,32.2359375,0 -110.9890625,32.2340625,0</coordinates></LinearRing></outerBoundaryIs></Polygon></Placemark>
      <Placemark><name>Grass (-11,8)</name><styleUrl>#grassStyle_0</styleUrl><Polygon><outerBoundaryIs><LinearRing><coordinates>-110.9859375,32.2340625,0 -110.9828125,32.2340625,0 -110.9828125,32.2359375,0 -110.9859375,32.2359375,0 -110.9859375,32.2340625,0</coordinates></LinearRing></outerBoundaryIs></Polygon></Placemark>
      <Placemark><name>Grass (-10,8)</name><styleUrl>#grassStyle_0</styleUrl><Polygon><outerBoundaryIs><LinearRing><coordinates>-110.9828125,32.2340625,0 -110.9796875,32.2340625,0 -110.9796875,32.2359375,0 -110.9828125,32.2359375,0 -110.9828125,32.2340625,0</coordinates></LinearRing></outerBoundaryIs></Polygon></Placemark>
      <Placemark><name>Grass (-9,8)</name><styleUrl>#grassStyle_0</styleUrl><Polygon><outerBoundaryIs><LinearRing><coordinates>-110.9796875,32.2340625,0 -110.9765625,32.2340625,0 -110.9765625,32.2359375,0 -110.9796875,32.2359375,0 -110.9796875,32.2340625,0</coordinates></LinearRing></outerBoundaryIs></Polygon></Placemark>
      <Placemark><name>Grass (-8,8)</name><styleUrl>#grassStyle_1</styleUrl><Polygon><outerBoundaryIs><LinearRing><coordinates>-110.9765625,32.2340625,0 -110.9734375,32.2340625,0 -110.9734375,32.2359375,0 -110.9765625,32.2359375,0 -110.9765625,32.2340625,0</coordinates></LinearRing></outerBoundaryIs></Polygon></Placemark>
      <Placemark><name>Grass (-7,8)</name><styleUrl>#grassStyle_1</styleUrl><Polygon><outerBoundaryIs><LinearRing><coordinates>-110.9734375,32.2340625,0 -110.9703125,32.2340625,0 -110.9703125,32.2359375,0 -110.9734375,32.2359375,0 -110.9734375,32.2340625,0</coordinates></LinearRing></outerBoundaryIs></Polygon></Placemark>
      <Placemark><name>Grass (-6,8)</name><styleUrl>#grassStyle_1</styleUrl><Polygon><outerBoundaryIs><LinearRing><coordinates>-110.9703125,32.2340625,0 -110.96718750000001,32.2340625,0 -110.96718750000001,32.2359375,0 -110.9703125,32.2359375,0 -110.9703125,32.2340625,0</coordinates></LinearRing></outerBoundaryIs></Polygon></Placemark>
      <Placemark><name>Grass (-5,8)</name><styleUrl>#grassStyle_0</styleUrl><Polygon><outerBoundaryIs><LinearRing><coordinates>-110.96718750000001,32.2340625,0 -110.9640625,32.2340625,0 -110.9640625,32.2359375,0 -110.96718750000001,32.2359375,0 -110.96718750000001,32.2340625,0</coordinates></LinearRing></outerBoundaryIs></Polygon></Placemark>
      <Placemark><name>Grass (-4,8)</name><styleUrl>#grassStyle_0</styleUrl><Polygon><outerBoundaryIs><LinearRing><coordinates>-110.9640625,32.2340625,0 -110.9609375,32.2340625,0 -110.9609375,32.2359375,0 -110.9640625,32.2359375,0 -110.9640625,32.2340625,0</coordinates></LinearRing></outerBoundaryIs></Polygon></Placemark>
      <Placemark><name>Grass (-3,8)</name><styleUrl>#grassStyle_0</styleUrl><Polygon><outerBoundaryIs><LinearRing><coordinates>-110.9609375,32.2340625,0 -110.9578125,32.2340625,0 -110.9578125,32.2359375,0 -110.9609375,32.2359375,0 -110.9609375,32.2340625,0</coordinates></LinearRing></outerBoundaryIs></Polygon></Placemark>
      <Placemark><name>Grass (-2,8)</name><styleUrl>#grassStyle_1</styleUrl><Polygon><outerBoundaryIs><LinearRing><coordinates>-110.9578125,32.2340625,0 -110.9546875,32.2340625,0 -110.9546875,32.2359375,0 -110.9578125,32.2359375,0 -110.9578125,32.2340625,0</coordinates></LinearRing></outerBoundaryIs></Polygon></Placemark>
      <Placemark><name>Grass (-1,8)</name><styleUrl>#grassStyle_1</styleUrl><Polygon><outerBoundaryIs><LinearRing><coordinates>-110.9546875,32.2340625,0 -110.95156250000001,32.2340625,0 -110.95156250000001,32.2359375,0 -110.9546875,32.2359375,0 -110.9546875,32.2340625,0</coordinates></LinearRing></outerBoundaryIs></Polygon></Placemark>
      <Placemark><name>Grass (0,8)</name><styleUrl>#grassStyle_1</styleUrl><Polygon><outerBoundaryIs><LinearRing><coordinates>-110.95156250000001,32.2340625,0 -110.9484375,32.2340625,0 -110.9484375,32.2359375,0 -110.95156250000001,32.2359375,0 -110.95156250000001,32.2340625,0</coordinates></LinearRing></outerBoundaryIs></Polygon></Placemark>
      <Placemark><name>Grass (1,8)</name><styleUrl>#grassStyle_0</styleUrl><Polygon><outerBoundaryIs><LinearRing><coordinates>-110.9484375,32.2340625,0 -110.9453125,32.2340625,0 -110.9453125,32.2359375,0 -110.9484375,32.2359375,0 -110.9484375,32.2340625,0</coordinates></LinearRing></outerBoundaryIs></Polygon></Placemark>
      <Placemark><name>Grass (2,8)</name><styleUrl>#grassStyle_1</styleUrl><Polygon><outerBoundaryIs><LinearRing><coordinates>-110.9453125,32.2340625,0 -110.9421875,32.2340625,0 -110.9421875,32.2359375,0 -110.9453125,32.2359375,0 -110.9453125,32.2340625,0</coordinates></LinearRing></outerBoundaryIs></Polygon></Placemark>
      <Placemark><name>Grass (3,8)</name><styleUrl>#grassStyle_1</styleUrl><Polygon><outerBoundaryIs><LinearRing><coordinates>-110.9421875,32.2340625,0 -110.9390625,32.2340625,0 -110.9390625,32.2359375,0 -110.9421875,32.2359375,0 -110.9421875,32.2340625,0</coordinates></LinearRing></outerBoundaryIs></Polygon></Placemark>
      <Placemark><name>Grass (4,8)</name><styleUrl>#grassStyle_1</styleUrl><Polygon><outerBoundaryIs><LinearRing><coordinates>-110.9390625,32.2340625,0 -110.93593750000001,32.2340625,0 -110.93593750000001,32.2359375,0 -110.9390625,32.2359375,0 -110.9390625,32.2340625,0</coordinates></LinearRing></outerBoundaryIs></Polygon></Placemark>
      <Placemark><name>Grass (5,8)</name><styleUrl>#grassStyle_1</styleUrl><Polygon><outerBoundaryIs><LinearRing><coordinates>-110.93593750000001,32.2340625,0 -110.9328125,32.2340625,0 -110.9328125,32.2359375,0 -110.93593750000001,32.2359375,0 -110.93593750000001,32.2340625,0</coordinates></LinearRing></outerBoundaryIs></Polygon></Placemark>
      <Placemark><name>Grass (6,8)</name><styleUrl>#grassStyle_1</styleUrl><Polygon><outerBoundaryIs><LinearRing><coordinates>-110.9328125,32.2340625,0 -110.9296875,32.2340625,0 -110.9296875,32.2359375,0 -110.9328125,32.2359375,0 -110.9328125,32.2340625,0</coordinates></LinearRing></outerBoundaryIs></Polygon></Placemark>
      <Placemark><name>Grass (7,8)</name><styleUrl>#grassStyle_1</styleUrl><Polygon><outerBoundaryIs><LinearRing><coordinates>-110.9296875,32.2340625,0 -110.9265625,32.2340625,0 -110.9265625,32.2359375,0 -110.9296875,32.2359375,0 -110.9296875,32.2340625,0</coordinates></LinearRing></outerBoundaryIs></Polygon></Placemark>
      <Placemark><name>Grass (8,8)</name><styleUrl>#grassStyle_1</styleUrl><Polygon><outerBoundaryIs><LinearRing><coordinates>-110.9265625,32.2340625,0 -110.9234375,32.2340625,0 -110.9234375,32.2359375,0 -110.9265625,32.2359375,0 -110.9265625,32.2340625,0</coordinates></LinearRing></outerBoundaryIs></Polygon></Placemark>
      <Placemark><name>Grass (9,8)</name><styleUrl>#grassStyle_1</styleUrl><Polygon><outerBoundaryIs><LinearRing><coordinates>-110.9234375,32.2340625,0 -110.92031250000001,32.2340625,0 -110.92031250000001,32.2359375,0 -110.9234375,32.2359375,0 -110.9234375,32.2340625,0</coordinates></LinearRing></outerBoundaryIs></Polygon></Placemark>
      <Placemark><name>Grass (10,8)</name><styleUrl>#grassStyle_0</styleUrl><Polygon><outerBoundaryIs><LinearRing><coordinates>-110.92031250000001,32.2340625,0 -110.91718750000001,32.2340625,0 -110.91718750000001,32.2359375,0 -110.92031250000001,32.2359375,0 -110.92031250000001,32.2340625,0</coordinates></LinearRing></outerBoundaryIs></Polygon></Placemark>
      <Placemark><name>Grass (11,8)</name><styleUrl>#grassStyle_0</styleUrl><Polygon><outerBoundaryIs><LinearRing><coordinates>-110.91718750000001,32.2340625,0 -110.9140625,32.2340625,0 -110.9140625,32.2359375,0 -110.91718750000001,32.2359375,0 -110.91718750000001,32.2340625,0</coordinates></LinearRing></outerBoundaryIs></Polygon></Placemark>
      <Placemark><name>Grass (12,8)</name><styleUrl>#grassStyle_0</styleUrl><Polygon><outerBoundaryIs><LinearRing><coordinates>-110.9140625,32.2340625,0 -110.9109375,32.2340625,0 -110.9109375,32.2359375,0 -110.9140625,32.2359375,0 -110.9140625,32.2340625,0</coordinates></LinearRing></outerBoundaryIs></Polygon></Placemark>
      <Placemark><name>Grass (13,8)</name><styleUrl>#grassStyle_7</styleUrl><Polygon><outerBoundaryIs><LinearRing><coordinates>-110.9109375,32.2340625,0 -110.9078125,32.2340625,0 -110.9078125,32.2359375,0 -110.9109375,32.2359375,0 -110.9109375,32.2340625,0</coordinates></LinearRing></outerBoundaryIs></Polygon></Placemark>
      <Placemark><name>Grass (14,8)</name><styleUrl>#grassStyle_1</styleUrl><Polygon><outerBoundaryIs><LinearRing><coordinates>-110.9078125,32.2340625,0 -110.90468750000001,32.2340625,0 -110.90468750000001,32.2359375,0 -110.9078125,32.2359375,0 -110.9078125,32.2340625,0</coordinates></LinearRing></outerBoundaryIs></Polygon></Placemark>
      <Placemark><name>Grass (15,8)</name><styleUrl>#grassStyle_1</styleUrl><Polygon><outerBoundaryIs><LinearRing><coordinates>-110.90468750000001,32.2340625,0 -110.90156250000001,32.2340625,0 -110.90156250000001,32.2359375,0 -110.90468750000001,32.2359375,0 -110.90468750000001,32.2340625,0</coordinates></LinearRing></outerBoundaryIs></Polygon></Placemark>
      <Placemark><name>Grass (16,8)</name><styleUrl>#grassStyle_0</styleUrl><Polygon><outerBoundaryIs><LinearRing><coordinates>-110.90156250000001,32.2340625,0 -110.8984375,32.2340625,0 -110.8984375,32.2359375,0 -110.90156250000001,32.2359375,0 -110.90156250000001,32.2340625,0</coordinates></LinearRing></outerBoundaryIs></Polygon></Placemark>
      <Placemark><name>Grass (-16,9)</name><styleUrl>#grassStyle_1</styleUrl><Polygon><outerBoundaryIs><LinearRing><coordinates>-111.0015625,32.2359375,0 -110.9984375,32.2359375,0 -110.9984375,32.2378125,0 -111.0015625,32.2378125,0 -111.0015625,32.2359375,0</coordinates></LinearRing></outerBoundaryIs></Polygon></Placemark>
      <Placemark><name>Grass (-15,9)</name><styleUrl>#grassStyle_2</styleUrl><Polygon><outerBoundaryIs><LinearRing><coordinates>-110.9984375,32.2359375,0 -110.9953125,32.2359375,0 -110.9953125,32.2378125,0 -110.9984375,32.2378125,0 -110.9984375,32.2359375,0</coordinates></LinearRing></outerBoundaryIs></Polygon></Placemark>
      <Placemark><name>Grass (-14,9)</name><styleUrl>#grassStyle_1</styleUrl><Polygon><outerBoundaryIs><LinearRing><coordinates>-110.9953125,32.2359375,0 -110.9921875,32.2359375,0 -110.9921875,32.2378125,0 -110.9953125,32.2378125,0 -110.9953125,32.2359375,0</coordinates></LinearRing></outerBoundaryIs></Polygon></Placemark>
      <Placemark><name>Grass (-13,9)</name><styleUrl>#grassStyle_2</styleUrl><Polygon><outerBoundaryIs><LinearRing><coordinates>-110.9921875,32.2359375,0 -110.9890625,32.2359375,0 -110.9890625,32.2378125,0 -110.9921875,32.2378125,0 -110.9921875,32.2359375,0</coordinates></LinearRing></outerBoundaryIs></Polygon></Placemark>
      <Placemark><name>Grass (-12,9)</name><styleUrl>#grassStyle_0</styleUrl><Polygon><outerBoundaryIs><LinearRing><coordinates>-110.9890625,32.2359375,0 -110.9859375,32.2359375,0 -110.9859375,32.2378125,0 -110.9890625,32.2378125,0 -110.9890625,32.2359375,0</coordinates></LinearRing></outerBoundaryIs></Polygon></Placemark>
      <Placemark><name>Grass (-11,9)</name><styleUrl>#grassStyle_0</styleUrl><Polygon><outerBoundaryIs><LinearRing><coordinates>-110.9859375,32.2359375,0 -110.9828125,32.2359375,0 -110.9828125,32.2378125,0 -110.9859375,32.2378125,0 -110.9859375,32.2359375,0</coordinates></LinearRing></outerBoundaryIs></Polygon></Placemark>
      <Placemark><name>Grass (-10,9)</name><styleUrl>#grassStyle_1</styleUrl><Polygon><outerBoundaryIs><LinearRing><coordinates>-110.9828125,32.2359375,0 -110.9796875,32.2359375,0 -110.9796875,32.2378125,0 -110.9828125,32.2378125,0 -110.9828125,32.2359375,0</coordinates></LinearRing></outerBoundaryIs></Polygon></Placemark>
      <Placemark><name>Grass (-9,9)</name><styleUrl>#grassStyle_1</styleUrl><Polygon><outerBoundaryIs><LinearRing><coordinates>-110.9796875,32.2359375,0 -110.9765625,32.2359375,0 -110.9765625,32.2378125,0 -110.9796875,32.2378125,0 -110.9796875,32.2359375,0</coordinates></LinearRing></outerBoundaryIs></Polygon></Placemark>
      <Placemark><name>Grass (-8,9)</name><styleUrl>#grassStyle_0</styleUrl><Polygon><outerBoundaryIs><LinearRing><coordinates>-110.9765625,32.2359375,0 -110.9734375,32.2359375,0 -110.9734375,32.2378125,0 -110.9765625,32.2378125,0 -110.9765625,32.2359375,0</coordinates></LinearRing></outerBoundaryIs></Polygon></Placemark>
      <Placemark><name>Grass (-7,9)</name><styleUrl>#grassStyle_0</styleUrl><Polygon><outerBoundaryIs><LinearRing><coordinates>-110.9734375,32.2359375,0 -110.9703125,32.2359375,0 -110.9703125,32.2378125,0 -110.9734375,32.2378125,0 -110.9734375,32.2359375,0</coordinates></LinearRing></outerBoundaryIs></Polygon></Placemark>
      <Placemark><name>Grass (-6,9)</name><styleUrl>#grassStyle_0</styleUrl><Polygon><outerBoundaryIs><LinearRing><coordinates>-110.9703125,32.2359375,0 -110.96718750000001,32.2359375,0 -110.96718750000001,32.2378125,0 -110.9703125,32.2378125,0 -110.9703125,32.2359375,0</coordinates></LinearRing></outerBoundaryIs></Polygon></Placemark>
      <Placemark><name>Grass (-5,9)</name><styleUrl>#grassStyle_1</styleUrl><Polygon><outerBoundaryIs><LinearRing><coordinates>-110.96718750000001,32.2359375,0 -110.9640625,32.2359375,0 -110.9640625,32.2378125,0 -110.96718750000001,32.2378125,0 -110.96718750000001,32.2359375,0</coordinates></LinearRing></outerBoundaryIs></Polygon></Placemark>
      <Placemark><name>Grass (-4,9)</name><styleUrl>#grassStyle_0</styleUrl><Polygon><outerBoundaryIs><LinearRing><coordinates>-110.9640625,32.2359375,0 -110.9609375,32.2359375,0 -110.9609375,32.2378125,0 -110.9640625,32.2378125,0 -110.9640625,32.2359375,0</coordinates></LinearRing></outerBoundaryIs></Polygon></Placemark>
      <Placemark><name>Grass (-3,9)</name><styleUrl>#grassStyle_0</styleUrl><Polygon><outerBoundaryIs><LinearRing><coordinates>-110.9609375,32.2359375,0 -110.9578125,32.2359375,0 -110.9578125,32.2378125,0 -110.9609375,32.2378125,0 -110.9609375,32.2359375,0</coordinates></LinearRing></outerBoundaryIs></Polygon></Placemark>
      <Placemark><name>Grass (-2,9)</name><styleUrl>#grassStyle_1</styleUrl><Polygon><outerBoundaryIs><LinearRing><coordinates>-110.9578125,32.2359375,0 -110.9546875,32.2359375,0 -110.9546875,32.2378125,0 -110.9578125,32.2378125,0 -110.9578125,32.2359375,0</coordinates></LinearRing></outerBoundaryIs></Polygon></Placemark>
      <Placemark><name>Grass (-1,9)</name><styleUrl>#grassStyle_0</styleUrl><Polygon><outerBoundaryIs><LinearRing><coordinates>-110.9546875,32.2359375,0 -110.95156250000001,32.2359375,0 -110.95156250000001,32.2378125,0 -110.9546875,32.2378125,0 -110.9546875,32.2359375,0</coordinates></LinearRing></outerBoundaryIs></Polygon></Placemark>
      <Placemark><name>Grass (0,9)</name><styleUrl>#grassStyle_0</styleUrl><Polygon><outerBoundaryIs><LinearRing><coordinates>-110.95156250000001,32.2359375,0 -110.9484375,32.2359375,0 -110.9484375,32.2378125,0 -110.95156250000001,32.2378125,0 -110.95156250000001,32.2359375,0</coordinates></LinearRing></outerBoundaryIs></Polygon></Placemark>
      <Placemark><name>Grass (1,9)</name><styleUrl>#grassStyle_0</styleUrl><Polygon><outerBoundaryIs><LinearRing><coordinates>-110.9484375,32.2359375,0 -110.9453125,32.2359375,0 -110.9453125,32.2378125,0 -110.9484375,32.2378125,0 -110.9484375,32.2359375,0</coordinates></LinearRing></outerBoundaryIs></Polygon></Placemark>
      <Placemark><name>Grass (2,9)</name><styleUrl>#grassStyle_0</styleUrl><Polygon><outerBoundaryIs><LinearRing><coordinates>-110.9453125,32.2359375,0 -110.9421875,32.2359375,0 -110.9421875,32.2378125,0 -110.9453125,32.2378125,0 -110.9453125,32.2359375,0</coordinates></LinearRing></outerBoundaryIs></Polygon></Placemark>
      <Placemark><name>Grass (3,9)</name><styleUrl>#grassStyle_1</styleUrl><Polygon><outerBoundaryIs><LinearRing><coordinates>-110.9421875,32.2359375,0 -110.9390625,32.2359375,0 -110.9390625,32.2378125,0 -110.9421875,32.2378125,0 -110.9421875,32.2359375,0</coordinates></LinearRing></outerBoundaryIs></Polygon></Placemark>
      <Placemark><name>Grass (4,9)</name><styleUrl>#grassStyle_0</styleUrl><Polygon><outerBoundaryIs><LinearRing><coordinates>-110.9390625,32.2359375,0 -110.93593750000001,32.2359375,0 -110.93593750000001,32.2378125,0 -110.9390625,32.2378125,0 -110.9390625,32.2359375,0</coordinates></LinearRing></outerBoundaryIs></Polygon></Placemark>
      <Placemark><name>Grass (5,9)</name><styleUrl>#grassStyle_0</styleUrl><Polygon><outerBoundaryIs><LinearRing><coordinates>-110.93593750000001,32.2359375,0 -110.9328125,32.2359375,0 -110.9328125,32.2378125,0 -110.93593750000001,32.2378125,0 -110.93593750000001,32.2359375,0</coordinates></LinearRing></outerBoundaryIs></Polygon></Placemark>
      <Placemark><name>Grass (6,9)</name><styleUrl>#grassStyle_1</styleUrl><Polygon><outerBoundaryIs><LinearRing><coordinates>-110.9328125,32.2359375,0 -110.9296875,32.2359375,0 -110.9296875,32.2378125,0 -110.9328125,32.2378125,0 -110.9328125,32.2359375,0</coordinates></LinearRing></outerBoundaryIs></Polygon></Placemark>
      <Placemark><name>Grass (7,9)</name><styleUrl>#grassStyle_1</styleUrl><Polygon><outerBoundaryIs><LinearRing><coordinates>-110.9296875,32.2359375,0 -110.9265625,32.2359375,0 -110.9265625,32.2378125,0 -110.9296875,32.2378125,0 -110.9296875,32.2359375,0</coordinates></LinearRing></outerBoundaryIs></Polygon></Placemark>
      <Placemark><name>Grass (8,9)</name><styleUrl>#grassStyle_0</styleUrl><Polygon><outerBoundaryIs><LinearRing><coordinates>-110.9265625,32.2359375,0 -110.9234375,32.2359375,0 -110.9234375,32.2378125,0 -110.9265625,32.2378125,0 -110.9265625,32.2359375,0</coordinates></LinearRing></outerBoundaryIs></Polygon></Placemark>
      <Placemark><name>Grass (9,9)</name><styleUrl>#grassStyle_0</styleUrl><Polygon><outerBoundaryIs><LinearRing><coordinates>-110.9234375,32.2359375,0 -110.92031250000001,32.2359375,0 -110.92031250000001,32.2378125,0 -110.9234375,32.2378125,0 -110.9234375,32.2359375,0</coordinates></LinearRing></outerBoundaryIs></Polygon></Placemark>
      <Placemark><name>Grass (10,9)</name><styleUrl>#grassStyle_0</styleUrl><Polygon><outerBoundaryIs><LinearRing><coordinates>-110.92031250000001,32.2359375,0 -110.91718750000001,32.2359375,0 -110.91718750000001,32.2378125,0 -110.92031250000001,32.2378125,0 -110.92031250000001,32.2359375,0</coordinates></LinearRing></outerBoundaryIs></Polygon></Placemark>
      <Placemark><name>Grass (11,9)</name><styleUrl>#grassStyle_0</styleUrl><Polygon><outerBoundaryIs><LinearRing><coordinates>-110.91718750000001,32.2359375,0 -110.9140625,32.2359375,0 -110.9140625,32.2378125,0 -110.91718750000001,32.2378125,0 -110.91718750000001,32.2359375,0</coordinates></LinearRing></outerBoundaryIs></Polygon></Placemark>
      <Placemark><name>Grass (12,9)</name><styleUrl>#grassStyle_0</styleUrl><Polygon><outerBoundaryIs><LinearRing><coordinates>-110.9140625,32.2359375,0 -110.9109375,32.2359375,0 -110.9109375,32.2378125,0 -110.9140625,32.2378125,0 -110.9140625,32.2359375,0</coordinates></LinearRing></outerBoundaryIs></Polygon></Placemark>
      <Placemark><name>Grass (13,9)</name><styleUrl>#grassStyle_1</styleUrl><Polygon><outerBoundaryIs><LinearRing><coordinates>-110.9109375,32.2359375,0 -110.9078125,32.2359375,0 -110.9078125,32.2378125,0 -110.9109375,32.2378125,0 -110.9109375,32.2359375,0</coordinates></LinearRing></outerBoundaryIs></Polygon></Placemark>
      <Placemark><name>Grass (14,9)</name><styleUrl>#grassStyle_0</styleUrl><Polygon><outerBoundaryIs><LinearRing><coordinates>-110.9078125,32.2359375,0 -110.90468750000001,32.2359375,0 -110.90468750000001,32.2378125,0 -110.9078125,32.2378125,0 -110.9078125,32.2359375,0</coordinates></LinearRing></outerBoundaryIs></Polygon></Placemark>
      <Placemark><name>Grass (15,9)</name><styleUrl>#grassStyle_1</styleUrl><Polygon><outerBoundaryIs><LinearRing><coordinates>-110.90468750000001,32.2359375,0 -110.90156250000001,32.2359375,0 -110.90156250000001,32.2378125,0 -110.90468750000001,32.2378125,0 -110.90468750000001,32.2359375,0</coordinates></LinearRing></outerBoundaryIs></Polygon></Placemark>
      <Placemark><name>Grass (16,9)</name><styleUrl>#grassStyle_1</styleUrl><Polygon><outerBoundaryIs><LinearRing><coordinates>-110.90156250000001,32.2359375,0 -110.8984375,32.2359375,0 -110.8984375,32.2378125,0 -110.90156250000001,32.2378125,0 -110.90156250000001,32.2359375,0</coordinates></LinearRing></outerBoundaryIs></Polygon></Placemark>
      <Placemark><name>Grass (-16,10)</name><styleUrl>#grassStyle_0</styleUrl><Polygon><outerBoundaryIs><LinearRing><coordinates>-111.0015625,32.2378125,0 -110.9984375,32.2378125,0 -110.9984375,32.2396875,0 -111.0015625,32.2396875,0 -111.0015625,32.2378125,0</coordinates></LinearRing></outerBoundaryIs></Polygon></Placemark>
      <Placemark><name>Grass (-15,10)</name><styleUrl>#grassStyle_0</styleUrl><Polygon><outerBoundaryIs><LinearRing><coordinates>-110.9984375,32.2378125,0 -110.9953125,32.2378125,0 -110.9953125,32.2396875,0 -110.9984375,32.2396875,0 -110.9984375,32.2378125,0</coordinates></LinearRing></outerBoundaryIs></Polygon></Placemark>
      <Placemark><name>Grass (-14,10)</name><styleUrl>#grassStyle_1</styleUrl><Polygon><outerBoundaryIs><LinearRing><coordinates>-110.9953125,32.2378125,0 -110.9921875,32.2378125,0 -110.9921875,32.2396875,0 -110.9953125,32.2396875,0 -110.9953125,32.2378125,0</coordinates></LinearRing></outerBoundaryIs></Polygon></Placemark>
      <Placemark><name>Grass (-13,10)</name><styleUrl>#grassStyle_1</styleUrl><Polygon><outerBoundaryIs><LinearRing><coordinates>-110.9921875,32.2378125,0 -110.9890625,32.2378125,0 -110.9890625,32.2396875,0 -110.9921875,32.2396875,0 -110.9921875,32.2378125,0</coordinates></LinearRing></outerBoundaryIs></Polygon></Placemark>
      <Placemark><name>Grass (-12,10)</name><styleUrl>#grassStyle_1</styleUrl><Polygon><outerBoundaryIs><LinearRing><coordinates>-110.9890625,32.2378125,0 -110.9859375,32.2378125,0 -110.9859375,32.2396875,0 -110.9890625,32.2396875,0 -110.9890625,32.2378125,0</coordinates></LinearRing></outerBoundaryIs></Polygon></Placemark>
      <Placemark><name>Grass (-11,10)</name><styleUrl>#grassStyle_0</styleUrl><Polygon><outerBoundaryIs><LinearRing><coordinates>-110.9859375,32.2378125,0 -110.9828125,32.2378125,0 -110.9828125,32.2396875,0 -110.9859375,32.2396875,0 -110.9859375,32.2378125,0</coordinates></LinearRing></outerBoundaryIs></Polygon></Placemark>
      <Placemark><name>Grass (-10,10)</name><styleUrl>#grassStyle_1</styleUrl><Polygon><outerBoundaryIs><LinearRing><coordinates>-110.9828125,32.2378125,0 -110.9796875,32.2378125,0 -110.9796875,32.2396875,0 -110.9828125,32.2396875,0 -110.9828125,32.2378125,0</coordinates></LinearRing></outerBoundaryIs></Polygon></Placemark>
      <Placemark><name>Grass (-9,10)</name><styleUrl>#grassStyle_0</styleUrl><Polygon><outerBoundaryIs><LinearRing><coordinates>-110.9796875,32.2378125,0 -110.9765625,32.2378125,0 -110.9765625,32.2396875,0 -110.9796875,32.2396875,0 -110.9796875,32.2378125,0</coordinates></LinearRing></outerBoundaryIs></Polygon></Placemark>
      <Placemark><name>Grass (-8,10)</name><styleUrl>#grassStyle_0</styleUrl><Polygon><outerBoundaryIs><LinearRing><coordinates>-110.9765625,32.2378125,0 -110.9734375,32.2378125,0 -110.9734375,32.2396875,0 -110.9765625,32.2396875,0 -110.9765625,32.2378125,0</coordinates></LinearRing></outerBoundaryIs></Polygon></Placemark>
      <Placemark><name>Grass (-7,10)</name><styleUrl>#grassStyle_1</styleUrl><Polygon><outerBoundaryIs><LinearRing><coordinates>-110.9734375,32.2378125,0 -110.9703125,32.2378125,0 -110.9703125,32.2396875,0 -110.9734375,32.2396875,0 -110.9734375,32.2378125,0</coordinates></LinearRing></outerBoundaryIs></Polygon></Placemark>
      <Placemark><name>Grass (-6,10)</name><styleUrl>#grassStyle_0</styleUrl><Polygon><outerBoundaryIs><LinearRing><coordinates>-110.9703125,32.2378125,0 -110.96718750000001,32.2378125,0 -110.96718750000001,32.2396875,0 -110.9703125,32.2396875,0 -110.9703125,32.2378125,0</coordinates></LinearRing></outerBoundaryIs></Polygon></Placemark>
      <Placemark><name>Grass (-5,10)</name><styleUrl>#grassStyle_1</styleUrl><Polygon><outerBoundaryIs><LinearRing><coordinates>-110.96718750000001,32.2378125,0 -110.9640625,32.2378125,0 -110.9640625,32.2396875,0 -110.96718750000001,32.2396875,0 -110.96718750000001,32.2378125,0</coordinates></LinearRing></outerBoundaryIs></Polygon></Placemark>
      <Placemark><name>Grass (-4,10)</name><styleUrl>#grassStyle_0</styleUrl><Polygon><outerBoundaryIs><LinearRing><coordinates>-110.9640625,32.2378125,0 -110.9609375,32.2378125,0 -110.9609375,32.2396875,0 -110.9640625,32.2396875,0 -110.9640625,32.2378125,0</coordinates></LinearRing></outerBoundaryIs></Polygon></Placemark>
      <Placemark><name>Grass (-3,10)</name><styleUrl>#grassStyle_3</styleUrl><Polygon><outerBoundaryIs><LinearRing><coordinates>-110.9609375,32.2378125,0 -110.9578125,32.2378125,0 -110.9578125,32.2396875,0 -110.9609375,32.2396875,0 -110.9609375,32.2378125,0</coordinates></LinearRing></outerBoundaryIs></Polygon></Placemark>
      <Placemark><name>Grass (-2,10)</name><styleUrl>#grassStyle_2</styleUrl><Polygon><outerBoundaryIs><LinearRing><coordinates>-110.9578125,32.2378125,0 -110.9546875,32.2378125,0 -110.9546875,32.2396875,0 -110.9578125,32.2396875,0 -110.9578125,32.2378125,0</coordinates></LinearRing></outerBoundaryIs></Polygon></Placemark>
      <Placemark><name>Grass (-1,10)</name><styleUrl>#grassStyle_1</styleUrl><Polygon><outerBoundaryIs><LinearRing><coordinates>-110.9546875,32.2378125,0 -110.95156250000001,32.2378125,0 -110.95156250000001,32.2396875,0 -110.9546875,32.2396875,0 -110.9546875,32.2378125,0</coordinates></LinearRing></outerBoundaryIs></Polygon></Placemark>
      <Placemark><name>Grass (0,10)</name><styleUrl>#grassStyle_0</styleUrl><Polygon><outerBoundaryIs><LinearRing><coordinates>-110.95156250000001,32.2378125,0 -110.9484375,32.2378125,0 -110.9484375,32.2396875,0 -110.95156250000001,32.2396875,0 -110.95156250000001,32.2378125,0</coordinates></LinearRing></outerBoundaryIs></Polygon></Placemark>
      <Placemark><name>Grass (1,10)</name><styleUrl>#grassStyle_1</styleUrl><Polygon><outerBoundaryIs><LinearRing><coordinates>-110.9484375,32.2378125,0 -110.9453125,32.2378125,0 -110.9453125,32.2396875,0 -110.9484375,32.2396875,0 -110.9484375,32.2378125,0</coordinates></LinearRing></outerBoundaryIs></Polygon></Placemark>
      <Placemark><name>Grass (2,10)</name><styleUrl>#grassStyle_2</styleUrl><Polygon><outerBoundaryIs><LinearRing><coordinates>-110.9453125,32.2378125,0 -110.9421875,32.2378125,0 -110.9421875,32.2396875,0 -110.9453125,32.2396875,0 -110.9453125,32.2378125,0</coordinates></LinearRing></outerBoundaryIs></Polygon></Placemark>
      <Placemark><name>Grass (3,10)</name><styleUrl>#grassStyle_0</styleUrl><Polygon><outerBoundaryIs><LinearRing><coordinates>-110.9421875,32.2378125,0 -110.9390625,32.2378125,0 -110.9390625,32.2396875,0 -110.9421875,32.2396875,0 -110.9421875,32.2378125,0</coordinates></LinearRing></outerBoundaryIs></Polygon></Placemark>
      <Placemark><name>Grass (4,10)</name><styleUrl>#grassStyle_0</styleUrl><Polygon><outerBoundaryIs><LinearRing><coordinates>-110.9390625,32.2378125,0 -110.93593750000001,32.2378125,0 -110.93593750000001,32.2396875,0 -110.9390625,32.2396875,0 -110.9390625,32.2378125,0</coordinates></LinearRing></outerBoundaryIs></Polygon></Placemark>
      <Placemark><name>Grass (5,10)</name><styleUrl>#grassStyle_0</styleUrl><Polygon><outerBoundaryIs><LinearRing><coordinates>-110.93593750000001,32.2378125,0 -110.9328125,32.2378125,0 -110.9328125,32.2396875,0 -110.93593750000001,32.2396875,0 -110.93593750000001,32.2378125,0</coordinates></LinearRing></outerBoundaryIs></Polygon></Placemark>
      <Placemark><name>Grass (6,10)</name><styleUrl>#grassStyle_1</styleUrl><Polygon><outerBoundaryIs><LinearRing><coordinates>-110.9328125,32.2378125,0 -110.9296875,32.2378125,0 -110.9296875,32.2396875,0 -110.9328125,32.2396875,0 -110.9328125,32.2378125,0</coordinates></LinearRing></outerBoundaryIs></Polygon></Placemark>
      <Placemark><name>Grass (7,10)</name><styleUrl>#grassStyle_1</styleUrl><Polygon><outerBoundaryIs><LinearRing><coordinates>-110.9296875,32.2378125,0 -110.9265625,32.2378125,0 -110.9265625,32.2396875,0 -110.9296875,32.2396875,0 -110.9296875,32.2378125,0</coordinates></LinearRing></outerBoundaryIs></Polygon></Placemark>
      <Placemark><name>Grass (8,10)</name><styleUrl>#grassStyle_0</styleUrl><Polygon><outerBoundaryIs><LinearRing><coordinates>-110.9265625,32.2378125,0 -110.9234375,32.2378125,0 -110.9234375,32.2396875,0 -110.9265625,32.2396875,0 -110.9265625,32.2378125,0</coordinates></LinearRing></outerBoundaryIs></Polygon></Placemark>
      <Placemark><name>Grass (9,10)</name><styleUrl>#grassStyle_0</styleUrl><Polygon><outerBoundaryIs><LinearRing><coordinates>-110.9234375,32.2378125,0 -110.92031250000001,32.2378125,0 -110.92031250000001,32.2396875,0 -110.9234375,32.2396875,0 -110.9234375,32.2378125,0</coordinates></LinearRing></outerBoundaryIs></Polygon></Placemark>
      <Placemark><name>Grass (10,10)</name><styleUrl>#grassStyle_1</styleUrl><Polygon><outerBoundaryIs><LinearRing><coordinates>-110.92031250000001,32.2378125,0 -110.91718750000001,32.2378125,0 -110.91718750000001,32.2396875,0 -110.92031250000001,32.2396875,0 -110.92031250000001,32.2378125,0</coordinates></LinearRing></outerBoundaryIs></Polygon></Placemark>
      <Placemark><name>Grass (11,10)</name><styleUrl>#grassStyle_2</styleUrl><Polygon><outerBoundaryIs><LinearRing><coordinates>-110.91718750000001,32.2378125,0 -110.9140625,32.2378125,0 -110.9140625,32.2396875,0 -110.91718750000001,32.2396875,0 -110.91718750000001,32.2378125,0</coordinates></LinearRing></outerBoundaryIs></Polygon></Placemark>
      <Placemark><name>Grass (12,10)</name><styleUrl>#grassStyle_0</styleUrl><Polygon><outerBoundaryIs><LinearRing><coordinates>-110.9140625,32.2378125,0 -110.9109375,32.2378125,0 -110.9109375,32.2396875,0 -110.9140625,32.2396875,0 -110.9140625,32.2378125,0</coordinates></LinearRing></outerBoundaryIs></Polygon></Placemark>
      <Placemark><name>Grass (13,10)</name><styleUrl>#grassStyle_0</styleUrl><Polygon><outerBoundaryIs><LinearRing><coordinates>-110.9109375,32.2378125,0 -110.9078125,32.2378125,0 -110.9078125,32.2396875,0 -110.9109375,32.2396875,0 -110.9109375,32.2378125,0</coordinates></LinearRing></outerBoundaryIs></Polygon></Placemark>
      <Placemark><name>Grass (14,10)</name><styleUrl>#grassStyle_1</styleUrl><Polygon><outerBoundaryIs><LinearRing><coordinates>-110.9078125,32.2378125,0 -110.90468750000001,32.2378125,0 -110.90468750000001,32.2396875,0 -110.9078125,32.2396875,0 -110.9078125,32.2378125,0</coordinates></LinearRing></outerBoundaryIs></Polygon></Placemark>
      <Placemark><name>Grass (15,10)</name><styleUrl>#grassStyle_1</styleUrl><Polygon><outerBoundaryIs><LinearRing><coordinates>-110.90468750000001,32.2378125,0 -110.90156250000001,32.2378125,0 -110.90156250000001,32.2396875,0 -110.90468750000001,32.2396875,0 -110.90468750000001,32.2378125,0</coordinates></LinearRing></outerBoundaryIs></Polygon></Placemark>
      <Placemark><name>Grass (16,10)</name><styleUrl>#grassStyle_0</styleUrl><Polygon><outerBoundaryIs><LinearRing><coordinates>-110.90156250000001,32.2378125,0 -110.8984375,32.2378125,0 -110.8984375,32.2396875,0 -110.90156250000001,32.2396875,0 -110.90156250000001,32.2378125,0</coordinates></LinearRing></outerBoundaryIs></Polygon></Placemark>
      <Placemark><name>Grass (-16,11)</name><styleUrl>#grassStyle_0</styleUrl><Polygon><outerBoundaryIs><LinearRing><coordinates>-111.0015625,32.2396875,0 -110.9984375,32.2396875,0 -110.9984375,32.2415625,0 -111.0015625,32.2415625,0 -111.0015625,32.2396875,0</coordinates></LinearRing></outerBoundaryIs></Polygon></Placemark>
      <Placemark><name>Grass (-15,11)</name><styleUrl>#grassStyle_0</styleUrl><Polygon><outerBoundaryIs><LinearRing><coordinates>-110.9984375,32.2396875,0 -110.9953125,32.2396875,0 -110.9953125,32.2415625,0 -110.9984375,32.2415625,0 -110.9984375,32.2396875,0</coordinates></LinearRing></outerBoundaryIs></Polygon></Placemark>
      <Placemark><name>Grass (-14,11)</name><styleUrl>#grassStyle_0</styleUrl><Polygon><outerBoundaryIs><LinearRing><coordinates>-110.9953125,32.2396875,0 -110.9921875,32.2396875,0 -110.9921875,32.2415625,0 -110.9953125,32.2415625,0 -110.9953125,32.2396875,0</coordinates></LinearRing></outerBoundaryIs></Polygon></Placemark>
      <Placemark><name>Grass (-13,11)</name><styleUrl>#grassStyle_1</styleUrl><Polygon><outerBoundaryIs><LinearRing><coordinates>-110.9921875,32.2396875,0 -110.9890625,32.2396875,0 -110.9890625,32.2415625,0 -110.9921875,32.2415625,0 -110.9921875,32.2396875,0</coordinates></LinearRing></outerBoundaryIs></Polygon></Placemark>
      <Placemark><name>Grass (-12,11)</name><styleUrl>#grassStyle_0</styleUrl><Polygon><outerBoundaryIs><LinearRing><coordinates>-110.9890625,32.2396875,0 -110.9859375,32.2396875,0 -110.9859375,32.2415625,0 -110.9890625,32.2415625,0 -110.9890625,32.2396875,0</coordinates></LinearRing></outerBoundaryIs></Polygon></Placemark>
      <Placemark><name>Grass (-11,11)</name><styleUrl>#grassStyle_0</styleUrl><Polygon><outerBoundaryIs><LinearRing><coordinates>-110.9859375,32.2396875,0 -110.9828125,32.2396875,0 -110.9828125,32.2415625,0 -110.9859375,32.2415625,0 -110.9859375,32.2396875,0</coordinates></LinearRing></outerBoundaryIs></Polygon></Placemark>
      <Placemark><name>Grass (-10,11)</name><styleUrl>#grassStyle_1</styleUrl><Polygon><outerBoundaryIs><LinearRing><coordinates>-110.9828125,32.2396875,0 -110.9796875,32.2396875,0 -110.9796875,32.2415625,0 -110.9828125,32.2415625,0 -110.9828125,32.2396875,0</coordinates></LinearRing></outerBoundaryIs></Polygon></Placemark>
      <Placemark><name>Grass (-9,11)</name><styleUrl>#grassStyle_0</styleUrl><Polygon><outerBoundaryIs><LinearRing><coordinates>-110.9796875,32.2396875,0 -110.9765625,32.2396875,0 -110.9765625,32.2415625,0 -110.9796875,32.2415625,0 -110.9796875,32.2396875,0</coordinates></LinearRing></outerBoundaryIs></Polygon></Placemark>
      <Placemark><name>Grass (-8,11)</name><styleUrl>#grassStyle_0</styleUrl><Polygon><outerBoundaryIs><LinearRing><coordinates>-110.9765625,32.2396875,0 -110.9734375,32.2396875,0 -110.9734375,32.2415625,0 -110.9765625,32.2415625,0 -110.9765625,32.2396875,0</coordinates></LinearRing></outerBoundaryIs></Polygon></Placemark>
      <Placemark><name>Grass (-7,11)</name><styleUrl>#grassStyle_1</styleUrl><Polygon><outerBoundaryIs><LinearRing><coordinates>-110.9734375,32.2396875,0 -110.9703125,32.2396875,0 -110.9703125,32.2415625,0 -110.9734375,32.2415625,0 -110.9734375,32.2396875,0</coordinates></LinearRing></outerBoundaryIs></Polygon></Placemark>
      <Placemark><name>Grass (-6,11)</name><styleUrl>#grassStyle_1</styleUrl><Polygon><outerBoundaryIs><LinearRing><coordinates>-110.9703125,32.2396875,0 -110.96718750000001,32.2396875,0 -110.96718750000001,32.2415625,0 -110.9703125,32.2415625,0 -110.9703125,32.2396875,0</coordinates></LinearRing></outerBoundaryIs></Polygon></Placemark>
      <Placemark><name>Grass (-5,11)</name><styleUrl>#grassStyle_0</styleUrl><Polygon><outerBoundaryIs><LinearRing><coordinates>-110.96718750000001,32.2396875,0 -110.9640625,32.2396875,0 -110.9640625,32.2415625,0 -110.96718750000001,32.2415625,0 -110.96718750000001,32.2396875,0</coordinates></LinearRing></outerBoundaryIs></Polygon></Placemark>
      <Placemark><name>Grass (-4,11)</name><styleUrl>#grassStyle_1</styleUrl><Polygon><outerBoundaryIs><LinearRing><coordinates>-110.9640625,32.2396875,0 -110.9609375,32.2396875,0 -110.9609375,32.2415625,0 -110.9640625,32.2415625,0 -110.9640625,32.2396875,0</coordinates></LinearRing></outerBoundaryIs></Polygon></Placemark>
      <Placemark><name>Grass (-3,11)</name><styleUrl>#grassStyle_1</styleUrl><Polygon><outerBoundaryIs><LinearRing><coordinates>-110.9609375,32.2396875,0 -110.9578125,32.2396875,0 -110.9578125,32.2415625,0 -110.9609375,32.2415625,0 -110.9609375,32.2396875,0</coordinates></LinearRing></outerBoundaryIs></Polygon></Placemark>
      <Placemark><name>Grass (-2,11)</name><styleUrl>#grassStyle_0</styleUrl><Polygon><outerBoundaryIs><LinearRing><coordinates>-110.9578125,32.2396875,0 -110.9546875,32.2396875,0 -110.9546875,32.2415625,0 -110.9578125,32.2415625,0 -110.9578125,32.2396875,0</coordinates></LinearRing></outerBoundaryIs></Polygon></Placemark>
      <Placemark><name>Grass (-1,11)</name><styleUrl>#grassStyle_0</styleUrl><Polygon><outerBoundaryIs><LinearRing><coordinates>-110.9546875,32.2396875,0 -110.95156250000001,32.2396875,0 -110.95156250000001,32.2415625,0 -110.9546875,32.2415625,0 -110.9546875,32.2396875,0</coordinates></LinearRing></outerBoundaryIs></Polygon></Placemark>
      <Placemark><name>Grass (0,11)</name><styleUrl>#grassStyle_2</styleUrl><Polygon><outerBoundaryIs><LinearRing><coordinates>-110.95156250000001,32.2396875,0 -110.9484375,32.2396875,0 -110.9484375,32.2415625,0 -110.95156250000001,32.2415625,0 -110.95156250000001,32.2396875,0</coordinates></LinearRing></outerBoundaryIs></Polygon></Placemark>
      <Placemark><name>Grass (1,11)</name><styleUrl>#grassStyle_2</styleUrl><Polygon><outerBoundaryIs><LinearRing><coordinates>-110.9484375,32.2396875,0 -110.9453125,32.2396875,0 -110.9453125,32.2415625,0 -110.9484375,32.2415625,0 -110.9484375,32.2396875,0</coordinates></LinearRing></outerBoundaryIs></Polygon></Placemark>
      <Placemark><name>Grass (2,11)</name><styleUrl>#grassStyle_1</styleUrl><Polygon><outerBoundaryIs><LinearRing><coordinates>-110.9453125,32.2396875,0 -110.9421875,32.2396875,0 -110.9421875,32.2415625,0 -110.9453125,32.2415625,0 -110.9453125,32.2396875,0</coordinates></LinearRing></outerBoundaryIs></Polygon></Placemark>
      <Placemark><name>Grass (3,11)</name><styleUrl>#grassStyle_1</styleUrl><Polygon><outerBoundaryIs><LinearRing><coordinates>-110.9421875,32.2396875,0 -110.9390625,32.2396875,0 -110.9390625,32.2415625,0 -110.9421875,32.2415625,0 -110.9421875,32.2396875,0</coordinates></LinearRing></outerBoundaryIs></Polygon></Placemark>
      <Placemark><name>Grass (4,11)</name><styleUrl>#grassStyle_1</styleUrl><Polygon><outerBoundaryIs><LinearRing><coordinates>-110.9390625,32.2396875,0 -110.93593750000001,32.2396875,0 -110.93593750000001,32.2415625,0 -110.9390625,32.2415625,0 -110.9390625,32.2396875,0</coordinates></LinearRing></outerBoundaryIs></Polygon></Placemark>
      <Placemark><name>Grass (5,11)</name><styleUrl>#grassStyle_1</styleUrl><Polygon><outerBoundaryIs><LinearRing><coordinates>-110.93593750000001,32.2396875,0 -110.9328125,32.2396875,0 -110.9328125,32.2415625,0 -110.93593750000001,32.2415625,0 -110.93593750000001,32.2396875,0</coordinates></LinearRing></outerBoundaryIs></Polygon></Placemark>
      <Placemark><name>Grass (6,11)</name><styleUrl>#grassStyle_0</styleUrl><Polygon><outerBoundaryIs><LinearRing><coordinates>-110.9328125,32.2396875,0 -110.9296875,32.2396875,0 -110.9296875,32.2415625,0 -110.9328125,32.2415625,0 -110.9328125,32.2396875,0</coordinates></LinearRing></outerBoundaryIs></Polygon></Placemark>
      <Placemark><name>Grass (7,11)</name><styleUrl>#grassStyle_1</styleUrl><Polygon><outerBoundaryIs><LinearRing><coordinates>-110.9296875,32.2396875,0 -110.9265625,32.2396875,0 -110.9265625,32.2415625,0 -110.9296875,32.2415625,0 -110.9296875,32.2396875,0</coordinates></LinearRing></outerBoundaryIs></Polygon></Placemark>
      <Placemark><name>Grass (8,11)</name><styleUrl>#grassStyle_0</styleUrl><Polygon><outerBoundaryIs><LinearRing><coordinates>-110.9265625,32.2396875,0 -110.9234375,32.2396875,0 -110.9234375,32.2415625,0 -110.9265625,32.2415625,0 -110.9265625,32.2396875,0</coordinates></LinearRing></outerBoundaryIs></Polygon></Placemark>
      <Placemark><name>Grass (9,11)</name><styleUrl>#grassStyle_1</styleUrl><Polygon><outerBoundaryIs><LinearRing><coordinates>-110.9234375,32.2396875,0 -110.92031250000001,32.2396875,0 -110.92031250000001,32.2415625,0 -110.9234375,32.2415625,0 -110.9234375,32.2396875,0</coordinates></LinearRing></outerBoundaryIs></Polygon></Placemark>
      <Placemark><name>Grass (10,11)</name><styleUrl>#grassStyle_0</styleUrl><Polygon><outerBoundaryIs><LinearRing><coordinates>-110.92031250000001,32.2396875,0 -110.91718750000001,32.2396875,0 -110.91718750000001,32.2415625,0 -110.92031250000001,32.2415625,0 -110.92031250000001,32.2396875,0</coordinates></LinearRing></outerBoundaryIs></Polygon></Placemark>
      <Placemark><name>Grass (11,11)</name><styleUrl>#grassStyle_0</styleUrl><Polygon><outerBoundaryIs><LinearRing><coordinates>-110.91718750000001,32.2396875,0 -110.9140625,32.2396875,0 -110.9140625,32.2415625,0 -110.91718750000001,32.2415625,0 -110.91718750000001,32.2396875,0</coordinates></LinearRing></outerBoundaryIs></Polygon></Placemark>
      <Placemark><name>Grass (12,11)</name><styleUrl>#grassStyle_1</styleUrl><Polygon><outerBoundaryIs><LinearRing><coordinates>-110.9140625,32.2396875,0 -110.9109375,32.2396875,0 -110.9109375,32.2415625,0 -110.9140625,32.2415625,0 -110.9140625,32.2396875,0</coordinates></LinearRing></outerBoundaryIs></Polygon></Placemark>
      <Placemark><name>Grass (13,11)</name><styleUrl>#grassStyle_3</styleUrl><Polygon><outerBoundaryIs><LinearRing><coordinates>-110.9109375,32.2396875,0 -110.9078125,32.2396875,0 -110.9078125,32.2415625,0 -110.9109375,32.2415625,0 -110.9109375,32.2396875,0</coordinates></LinearRing></outerBoundaryIs></Polygon></Placemark>
      <Placemark><name>Grass (14,11)</name><styleUrl>#grassStyle_0</styleUrl><Polygon><outerBoundaryIs><LinearRing><coordinates>-110.9078125,32.2396875,0 -110.90468750000001,32.2396875,0 -110.90468750000001,32.2415625,0 -110.9078125,32.2415625,0 -110.9078125,32.2396875,0</coordinates></LinearRing></outerBoundaryIs></Polygon></Placemark>
      <Placemark><name>Grass (15,11)</name><styleUrl>#grassStyle_0</styleUrl><Polygon><outerBoundaryIs><LinearRing><coordinates>-110.90468750000001,32.2396875,0 -110.90156250000001,32.2396875,0 -110.90156250000001,32.2415625,0 -110.90468750000001,32.2415625,0 -110.90468750000001,32.2396875,0</coordinates></LinearRing></outerBoundaryIs></Polygon></Placemark>
      <Placemark><name>Grass (16,11)</name><styleUrl>#grassStyle_1</styleUrl><Polygon><outerBoundaryIs><LinearRing><coordinates>-110.90156250000001,32.2396875,0 -110.8984375,32.2396875,0 -110.8984375,32.2415625,0 -110.90156250000001,32.2415625,0 -110.90156250000001,32.2396875,0</coordinates></LinearRing></outerBoundaryIs></Polygon></Placemark>
      <Placemark><name>Grass (-16,12)</name><styleUrl>#grassStyle_0</styleUrl><Polygon><outerBoundaryIs><LinearRing><coordinates>-111.0015625,32.2415625,0 -110.9984375,32.2415625,0 -110.9984375,32.2434375,0 -111.0015625,32.2434375,0 -111.0015625,32.2415625,0</coordinates></LinearRing></outerBoundaryIs></Polygon></Placemark>
      <Placemark><name>Grass (-15,12)</name><styleUrl>#grassStyle_0</styleUrl><Polygon><outerBoundaryIs><LinearRing><coordinates>-110.9984375,32.2415625,0 -110.9953125,32.2415625,0 -110.9953125,32.2434375,0 -110.9984375,32.2434375,0 -110.9984375,32.2415625,0</coordinates></LinearRing></outerBoundaryIs></Polygon></Placemark>
      <Placemark><name>Grass (-14,12)</name><styleUrl>#grassStyle_1</styleUrl><Polygon><outerBoundaryIs><LinearRing><coordinates>-110.9953125,32.2415625,0 -110.9921875,32.2415625,0 -110.9921875,32.2434375,0 -110.9953125,32.2434375,0 -110.9953125,32.2415625,0</coordinates></LinearRing></outerBoundaryIs></Polygon></Placemark>
      <Placemark><name>Grass (-13,12)</name><styleUrl>#grassStyle_0</styleUrl><Polygon><outerBoundaryIs><LinearRing><coordinates>-110.9921875,32.2415625,0 -110.9890625,32.2415625,0 -110.9890625,32.2434375,0 -110.9921875,32.2434375,0 -110.9921875,32.2415625,0</coordinates></LinearRing></outerBoundaryIs></Polygon></Placemark>
      <Placemark><name>Grass (-12,12)</name><styleUrl>#grassStyle_1</styleUrl><Polygon><outerBoundaryIs><LinearRing><coordinates>-110.9890625,32.2415625,0 -110.9859375,32.2415625,0 -110.9859375,32.2434375,0 -110.9890625,32.2434375,0 -110.9890625,32.2415625,0</coordinates></LinearRing></outerBoundaryIs></Polygon></Placemark>
      <Placemark><name>Grass (-11,12)</name><styleUrl>#grassStyle_1</styleUrl><Polygon><outerBoundaryIs><LinearRing><coordinates>-110.9859375,32.2415625,0 -110.9828125,32.2415625,0 -110.9828125,32.2434375,0 -110.9859375,32.2434375,0 -110.9859375,32.2415625,0</coordinates></LinearRing></outerBoundaryIs></Polygon></Placemark>
      <Placemark><name>Grass (-10,12)</name><styleUrl>#grassStyle_0</styleUrl><Polygon><outerBoundaryIs><LinearRing><coordinates>-110.9828125,32.2415625,0 -110.9796875,32.2415625,0 -110.9796875,32.2434375,0 -110.9828125,32.2434375,0 -110.9828125,32.2415625,0</coordinates></LinearRing></outerBoundaryIs></Polygon></Placemark>
      <Placemark><name>Grass (-9,12)</name><styleUrl>#grassStyle_0</styleUrl><Polygon><outerBoundaryIs><LinearRing><coordinates>-110.9796875,32.2415625,0 -110.9765625,32.2415625,0 -110.9765625,32.2434375,0 -110.9796875,32.2434375,0 -110.9796875,32.2415625,0</coordinates></LinearRing></outerBoundaryIs></Polygon></Placemark>
      <Placemark><name>Grass (-8,12)</name><styleUrl>#grassStyle_0</styleUrl><Polygon><outerBoundaryIs><LinearRing><coordinates>-110.9765625,32.2415625,0 -110.9734375,32.2415625,0 -110.9734375,32.2434375,0 -110.9765625,32.2434375,0 -110.9765625,32.2415625,0</coordinates></LinearRing></outerBoundaryIs></Polygon></Placemark>
      <Placemark><name>Grass (-7,12)</name><styleUrl>#grassStyle_1</styleUrl><Polygon><outerBoundaryIs><LinearRing><coordinates>-110.9734375,32.2415625,0 -110.9703125,32.2415625,0 -110.9703125,32.2434375,0 -110.9734375,32.2434375,0 -110.9734375,32.2415625,0</coordinates></LinearRing></outerBoundaryIs></Polygon></Placemark>
      <Placemark><name>Grass (-6,12)</name><styleUrl>#grassStyle_0</styleUrl><Polygon><outerBoundaryIs><LinearRing><coordinates>-110.9703125,32.2415625,0 -110.96718750000001,32.2415625,0 -110.96718750000001,32.2434375,0 -110.9703125,32.2434375,0 -110.9703125,32.2415625,0</coordinates></LinearRing></outerBoundaryIs></Polygon></Placemark>
      <Placemark><name>Grass (-5,12)</name><styleUrl>#grassStyle_1</styleUrl><Polygon><outerBoundaryIs><LinearRing><coordinates>-110.96718750000001,32.2415625,0 -110.9640625,32.2415625,0 -110.9640625,32.2434375,0 -110.96718750000001,32.2434375,0 -110.96718750000001,32.2415625,0</coordinates></LinearRing></outerBoundaryIs></Polygon></Placemark>
      <Placemark><name>Grass (-4,12)</name><styleUrl>#grassStyle_1</styleUrl><Polygon><outerBoundaryIs><LinearRing><coordinates>-110.9640625,32.2415625,0 -110.9609375,32.2415625,0 -110.9609375,32.2434375,0 -110.9640625,32.2434375,0 -110.9640625,32.2415625,0</coordinates></LinearRing></outerBoundaryIs></Polygon></Placemark>
      <Placemark><name>Grass (-3,12)</name><styleUrl>#grassStyle_3</styleUrl><Polygon><outerBoundaryIs><LinearRing><coordinates>-110.9609375,32.2415625,0 -110.9578125,32.2415625,0 -110.9578125,32.2434375,0 -110.9609375,32.2434375,0 -110.9609375,32.2415625,0</coordinates></LinearRing></outerBoundaryIs></Polygon></Placemark>
      <Placemark><name>Grass (-2,12)</name><styleUrl>#grassStyle_0</styleUrl><Polygon><outerBoundaryIs><LinearRing><coordinates>-110.9578125,32.2415625,0 -110.9546875,32.2415625,0 -110.9546875,32.2434375,0 -110.9578125,32.2434375,0 -110.9578125,32.2415625,0</coordinates></LinearRing></outerBoundaryIs></Polygon></Placemark>
      <Placemark><name>Grass (-1,12)</name><styleUrl>#grassStyle_0</styleUrl><Polygon><outerBoundaryIs><LinearRing><coordinates>-110.9546875,32.2415625,0 -110.95156250000001,32.2415625,0 -110.95156250000001,32.2434375,0 -110.9546875,32.2434375,0 -110.9546875,32.2415625,0</coordinates></LinearRing></outerBoundaryIs></Polygon></Placemark>
      <Placemark><name>Grass (0,12)</name><styleUrl>#grassStyle_0</styleUrl><Polygon><outerBoundaryIs><LinearRing><coordinates>-110.95156250000001,32.2415625,0 -110.9484375,32.2415625,0 -110.9484375,32.2434375,0 -110.95156250000001,32.2434375,0 -110.95156250000001,32.2415625,0</coordinates></LinearRing></outerBoundaryIs></Polygon></Placemark>
      <Placemark><name>Grass (1,12)</name><styleUrl>#grassStyle_0</styleUrl><Polygon><outerBoundaryIs><LinearRing><coordinates>-110.9484375,32.2415625,0 -110.9453125,32.2415625,0 -110.9453125,32.2434375,0 -110.9484375,32.2434375,0 -110.9484375,32.2415625,0</coordinates></LinearRing></outerBoundaryIs></Polygon></Placemark>
      <Placemark><name>Grass (2,12)</name><styleUrl>#grassStyle_0</styleUrl><Polygon><outerBoundaryIs><LinearRing><coordinates>-110.9453125,32.2415625,0 -110.9421875,32.2415625,0 -110.9421875,32.2434375,0 -110.9453125,32.2434375,0 -110.9453125,32.2415625,0</coordinates></LinearRing></outerBoundaryIs></Polygon></Placemark>
      <Placemark><name>Grass (3,12)</name><styleUrl>#grassStyle_2</styleUrl><Polygon><outerBoundaryIs><LinearRing><coordinates>-110.9421875,32.2415625,0 -110.9390625,32.2415625,0 -110.9390625,32.2434375,0 -110.9421875,32.2434375,0 -110.9421875,32.2415625,0</coordinates></LinearRing></outerBoundaryIs></Polygon></Placemark>
      <Placemark><name>Grass (4,12)</name><styleUrl>#grassStyle_0</styleUrl><Polygon><outerBoundaryIs><LinearRing><coordinates>-110.9390625,32.2415625,0 -110.93593750000001,32.2415625,0 -110.93593750000001,32.2434375,0 -110.9390625,32.2434375,0 -110.9390625,32.2415625,0</coordinates></LinearRing></outerBoundaryIs></Polygon></Placemark>
      <Placemark><name>Grass (5,12)</name><styleUrl>#grassStyle_0</styleUrl><Polygon><outerBoundaryIs><LinearRing><coordinates>-110.93593750000001,32.2415625,0 -110.9328125,32.2415625,0 -110.9328125,32.2434375,0 -110.93593750000001,32.2434375,0 -110.93593750000001,32.2415625,0</coordinates></LinearRing></outerBoundaryIs></Polygon></Placemark>
      <Placemark><name>Grass (6,12)</name><styleUrl>#grassStyle_0</styleUrl><Polygon><outerBoundaryIs><LinearRing><coordinates>-110.9328125,32.2415625,0 -110.9296875,32.2415625,0 -110.9296875,32.2434375,0 -110.9328125,32.2434375,0 -110.9328125,32.2415625,0</coordinates></LinearRing></outerBoundaryIs></Polygon></Placemark>
      <Placemark><name>Grass (7,12)</name><styleUrl>#grassStyle_0</styleUrl><Polygon><outerBoundaryIs><LinearRing><coordinates>-110.9296875,32.2415625,0 -110.9265625,32.2415625,0 -110.9265625,32.2434375,0 -110.9296875,32.2434375,0 -110.9296875,32.2415625,0</coordinates></LinearRing></outerBoundaryIs></Polygon></Placemark>
      <Placemark><name>Grass (8,12)</name><styleUrl>#grassStyle_0</styleUrl><Polygon><outerBoundaryIs><LinearRing><coordinates>-110.9265625,32.2415625,0 -110.9234375,32.2415625,0 -110.9234375,32.2434375,0 -110.9265625,32.2434375,0 -110.9265625,32.2415625,0</coordinates></LinearRing></outerBoundaryIs></Polygon></Placemark>
      <Placemark><name>Grass (9,12)</name><styleUrl>#grassStyle_0</styleUrl><Polygon><outerBoundaryIs><LinearRing><coordinates>-110.9234375,32.2415625,0 -110.92031250000001,32.2415625,0 -110.92031250000001,32.2434375,0 -110.9234375,32.2434375,0 -110.9234375,32.2415625,0</coordinates></LinearRing></outerBoundaryIs></Polygon></Placemark>
      <Placemark><name>Grass (10,12)</name><styleUrl>#grassStyle_0</styleUrl><Polygon><outerBoundaryIs><LinearRing><coordinates>-110.92031250000001,32.2415625,0 -110.91718750000001,32.2415625,0 -110.91718750000001,32.2434375,0 -110.92031250000001,32.2434375,0 -110.92031250000001,32.2415625,0</coordinates></LinearRing></outerBoundaryIs></Polygon></Placemark>
      <Placemark><name>Grass (11,12)</name><styleUrl>#grassStyle_1</styleUrl><Polygon><outerBoundaryIs><LinearRing><coordinates>-110.91718750000001,32.2415625,0 -110.9140625,32.2415625,0 -110.9140625,32.2434375,0 -110.91718750000001,32.2434375,0 -110.91718750000001,32.2415625,0</coordinates></LinearRing></outerBoundaryIs></Polygon></Placemark>
      <Placemark><name>Grass (12,12)</name><styleUrl>#grassStyle_0</styleUrl><Polygon><outerBoundaryIs><LinearRing><coordinates>-110.9140625,32.2415625,0 -110.9109375,32.2415625,0 -110.9109375,32.2434375,0 -110.9140625,32.2434375,0 -110.9140625,32.2415625,0</coordinates></LinearRing></outerBoundaryIs></Polygon></Placemark>
      <Placemark><name>Grass (13,12)</name><styleUrl>#grassStyle_0</styleUrl><Polygon><outerBoundaryIs><LinearRing><coordinates>-110.9109375,32.2415625,0 -110.9078125,32.2415625,0 -110.9078125,32.2434375,0 -110.9109375,32.2434375,0 -110.9109375,32.2415625,0</coordinates></LinearRing></outerBoundaryIs></Polygon></Placemark>
      <Placemark><name>Grass (14,12)</name><styleUrl>#grassStyle_0</styleUrl><Polygon><outerBoundaryIs><LinearRing><coordinates>-110.9078125,32.2415625,0 -110.90468750000001,32.2415625,0 -110.90468750000001,32.2434375,0 -110.9078125,32.2434375,0 -110.9078125,32.2415625,0</coordinates></LinearRing></outerBoundaryIs></Polygon></Placemark>
      <Placemark><name>Grass (15,12)</name><styleUrl>#grassStyle_0</styleUrl><Polygon><outerBoundaryIs><LinearRing><coordinates>-110.90468750000001,32.2415625,0 -110.90156250000001,32.2415625,0 -110.90156250000001,32.2434375,0 -110.90468750000001,32.2434375,0 -110.90468750000001,32.2415625,0</coordinates></LinearRing></outerBoundaryIs></Polygon></Placemark>
      <Placemark><name>Grass (16,12)</name><styleUrl>#grassStyle_0</styleUrl><Polygon><outerBoundaryIs><LinearRing><coordinates>-110.90156250000001,32.2415625,0 -110.8984375,32.2415625,0 -110.8984375,32.2434375,0 -110.90156250000001,32.2434375,0 -110.90156250000001,32.2415625,0</coordinates></LinearRing></outerBoundaryIs></Polygon></Placemark>
      <Placemark><name>Grass (-16,13)</name><styleUrl>#grassStyle_0</styleUrl><Polygon><outerBoundaryIs><LinearRing><coordinates>-111.0015625,32.2434375,0 -110.9984375,32.2434375,0 -110.9984375,32.2453125,0 -111.0015625,32.2453125,0 -111.0015625,32.2434375,0</coordinates></LinearRing></outerBoundaryIs></Polygon></Placemark>
      <Placemark><name>Grass (-15,13)</name><styleUrl>#grassStyle_0</styleUrl><Polygon><outerBoundaryIs><LinearRing><coordinates>-110.9984375,32.2434375,0 -110.9953125,32.2434375,0 -110.9953125,32.2453125,0 -110.9984375,32.2453125,0 -110.9984375,32.2434375,0</coordinates></LinearRing></outerBoundaryIs></Polygon></Placemark>
      <Placemark><name>Grass (-14,13)</name><styleUrl>#grassStyle_0</styleUrl><Polygon><outerBoundaryIs><LinearRing><coordinates>-110.9953125,32.2434375,0 -110.9921875,32.2434375,0 -110.9921875,32.2453125,0 -110.9953125,32.2453125,0 -110.9953125,32.2434375,0</coordinates></LinearRing></outerBoundaryIs></Polygon></Placemark>
      <Placemark><name>Grass (-13,13)</name><styleUrl>#grassStyle_1</styleUrl><Polygon><outerBoundaryIs><LinearRing><coordinates>-110.9921875,32.2434375,0 -110.9890625,32.2434375,0 -110.9890625,32.2453125,0 -110.9921875,32.2453125,0 -110.9921875,32.2434375,0</coordinates></LinearRing></outerBoundaryIs></Polygon></Placemark>
      <Placemark><name>Grass (-12,13)</name><styleUrl>#grassStyle_0</styleUrl><Polygon><outerBoundaryIs><LinearRing><coordinates>-110.9890625,32.2434375,0 -110.9859375,32.2434375,0 -110.9859375,32.2453125,0 -110.9890625,32.2453125,0 -110.9890625,32.2434375,0</coordinates></LinearRing></outerBoundaryIs></Polygon></Placemark>
      <Placemark><name>Grass (-11,13)</name><styleUrl>#grassStyle_1</styleUrl><Polygon><outerBoundaryIs><LinearRing><coordinates>-110.9859375,32.2434375,0 -110.9828125,32.2434375,0 -110.9828125,32.2453125,0 -110.9859375,32.2453125,0 -110.9859375,32.2434375,0</coordinates></LinearRing></outerBoundaryIs></Polygon></Placemark>
      <Placemark><name>Grass (-10,13)</name><styleUrl>#grassStyle_0</styleUrl><Polygon><outerBoundaryIs><LinearRing><coordinates>-110.9828125,32.2434375,0 -110.9796875,32.2434375,0 -110.9796875,32.2453125,0 -110.9828125,32.2453125,0 -110.9828125,32.2434375,0</coordinates></LinearRing></outerBoundaryIs></Polygon></Placemark>
      <Placemark><name>Grass (-9,13)</name><styleUrl>#grassStyle_1</styleUrl><Polygon><outerBoundaryIs><LinearRing><coordinates>-110.9796875,32.2434375,0 -110.9765625,32.2434375,0 -110.9765625,32.2453125,0 -110.9796875,32.2453125,0 -110.9796875,32.2434375,0</coordinates></LinearRing></outerBoundaryIs></Polygon></Placemark>
      <Placemark><name>Grass (-8,13)</name><styleUrl>#grassStyle_0</styleUrl><Polygon><outerBoundaryIs><LinearRing><coordinates>-110.9765625,32.2434375,0 -110.9734375,32.2434375,0 -110.9734375,32.2453125,0 -110.9765625,32.2453125,0 -110.9765625,32.2434375,0</coordinates></LinearRing></outerBoundaryIs></Polygon></Placemark>
      <Placemark><name>Grass (-7,13)</name><styleUrl>#grassStyle_0</styleUrl><Polygon><outerBoundaryIs><LinearRing><coordinates>-110.9734375,32.2434375,0 -110.9703125,32.2434375,0 -110.9703125,32.2453125,0 -110.9734375,32.2453125,0 -110.9734375,32.2434375,0</coordinates></LinearRing></outerBoundaryIs></Polygon></Placemark>
      <Placemark><name>Grass (-6,13)</name><styleUrl>#grassStyle_0</styleUrl><Polygon><outerBoundaryIs><LinearRing><coordinates>-110.9703125,32.2434375,0 -110.96718750000001,32.2434375,0 -110.96718750000001,32.2453125,0 -110.9703125,32.2453125,0 -110.9703125,32.2434375,0</coordinates></LinearRing></outerBoundaryIs></Polygon></Placemark>
      <Placemark><name>Grass (-5,13)</name><styleUrl>#grassStyle_0</styleUrl><Polygon><outerBoundaryIs><LinearRing><coordinates>-110.96718750000001,32.2434375,0 -110.9640625,32.2434375,0 -110.9640625,32.2453125,0 -110.96718750000001,32.2453125,0 -110.96718750000001,32.2434375,0</coordinates></LinearRing></outerBoundaryIs></Polygon></Placemark>
      <Placemark><name>Grass (-4,13)</name><styleUrl>#grassStyle_0</styleUrl><Polygon><outerBoundaryIs><LinearRing><coordinates>-110.9640625,32.2434375,0 -110.9609375,32.2434375,0 -110.9609375,32.2453125,0 -110.9640625,32.2453125,0 -110.9640625,32.2434375,0</coordinates></LinearRing></outerBoundaryIs></Polygon></Placemark>
      <Placemark><name>Grass (-3,13)</name><styleUrl>#grassStyle_0</styleUrl><Polygon><outerBoundaryIs><LinearRing><coordinates>-110.9609375,32.2434375,0 -110.9578125,32.2434375,0 -110.9578125,32.2453125,0 -110.9609375,32.2453125,0 -110.9609375,32.2434375,0</coordinates></LinearRing></outerBoundaryIs></Polygon></Placemark>
      <Placemark><name>Grass (-2,13)</name><styleUrl>#grassStyle_0</styleUrl><Polygon><outerBoundaryIs><LinearRing><coordinates>-110.9578125,32.2434375,0 -110.9546875,32.2434375,0 -110.9546875,32.2453125,0 -110.9578125,32.2453125,0 -110.9578125,32.2434375,0</coordinates></LinearRing></outerBoundaryIs></Polygon></Placemark>
      <Placemark><name>Grass (-1,13)</name><styleUrl>#grassStyle_1</styleUrl><Polygon><outerBoundaryIs><LinearRing><coordinates>-110.9546875,32.2434375,0 -110.95156250000001,32.2434375,0 -110.95156250000001,32.2453125,0 -110.9546875,32.2453125,0 -110.9546875,32.2434375,0</coordinates></LinearRing></outerBoundaryIs></Polygon></Placemark>
      <Placemark><name>Grass (0,13)</name><styleUrl>#grassStyle_0</styleUrl><Polygon><outerBoundaryIs><LinearRing><coordinates>-110.95156250000001,32.2434375,0 -110.9484375,32.2434375,0 -110.9484375,32.2453125,0 -110.95156250000001,32.2453125,0 -110.95156250000001,32.2434375,0</coordinates></LinearRing></outerBoundaryIs></Polygon></Placemark>
      <Placemark><name>Grass (1,13)</name><styleUrl>#grassStyle_1</styleUrl><Polygon><outerBoundaryIs><LinearRing><coordinates>-110.9484375,32.2434375,0 -110.9453125,32.2434375,0 -110.9453125,32.2453125,0 -110.9484375,32.2453125,0 -110.9484375,32.2434375,0</coordinates></LinearRing></outerBoundaryIs></Polygon></Placemark>
      <Placemark><name>Grass (2,13)</name><styleUrl>#grassStyle_0</styleUrl><Polygon><outerBoundaryIs><LinearRing><coordinates>-110.9453125,32.2434375,0 -110.9421875,32.2434375,0 -110.9421875,32.2453125,0 -110.9453125,32.2453125,0 -110.9453125,32.2434375,0</coordinates></LinearRing></outerBoundaryIs></Polygon></Placemark>
      <Placemark><name>Grass (3,13)</name><styleUrl>#grassStyle_0</styleUrl><Polygon><outerBoundaryIs><LinearRing><coordinates>-110.9421875,32.2434375,0 -110.9390625,32.2434375,0 -110.9390625,32.2453125,0 -110.9421875,32.2453125,0 -110.9421875,32.2434375,0</coordinates></LinearRing></outerBoundaryIs></Polygon></Placemark>
      <Placemark><name>Grass (4,13)</name><styleUrl>#grassStyle_1</styleUrl><Polygon><outerBoundaryIs><LinearRing><coordinates>-110.9390625,32.2434375,0 -110.93593750000001,32.2434375,0 -110.93593750000001,32.2453125,0 -110.9390625,32.2453125,0 -110.9390625,32.2434375,0</coordinates></LinearRing></outerBoundaryIs></Polygon></Placemark>
      <Placemark><name>Grass (5,13)</name><styleUrl>#grassStyle_1</styleUrl><Polygon><outerBoundaryIs><LinearRing><coordinates>-110.93593750000001,32.2434375,0 -110.9328125,32.2434375,0 -110.9328125,32.2453125,0 -110.93593750000001,32.2453125,0 -110.93593750000001,32.2434375,0</coordinates></LinearRing></outerBoundaryIs></Polygon></Placemark>
      <Placemark><name>Grass (6,13)</name><styleUrl>#grassStyle_1</styleUrl><Polygon><outerBoundaryIs><LinearRing><coordinates>-110.9328125,32.2434375,0 -110.9296875,32.2434375,0 -110.9296875,32.2453125,0 -110.9328125,32.2453125,0 -110.9328125,32.2434375,0</coordinates></LinearRing></outerBoundaryIs></Polygon></Placemark>
      <Placemark><name>Grass (7,13)</name><styleUrl>#grassStyle_0</styleUrl><Polygon><outerBoundaryIs><LinearRing><coordinates>-110.9296875,32.2434375,0 -110.9265625,32.2434375,0 -110.9265625,32.2453125,0 -110.9296875,32.2453125,0 -110.9296875,32.2434375,0</coordinates></LinearRing></outerBoundaryIs></Polygon></Placemark>
      <Placemark><name>Grass (8,13)</name><styleUrl>#grassStyle_1</styleUrl><Polygon><outerBoundaryIs><LinearRing><coordinates>-110.9265625,32.2434375,0 -110.9234375,32.2434375,0 -110.9234375,32.2453125,0 -110.9265625,32.2453125,0 -110.9265625,32.2434375,0</coordinates></LinearRing></outerBoundaryIs></Polygon></Placemark>
      <Placemark><name>Grass (9,13)</name><styleUrl>#grassStyle_2</styleUrl><Polygon><outerBoundaryIs><LinearRing><coordinates>-110.9234375,32.2434375,0 -110.92031250000001,32.2434375,0 -110.92031250000001,32.2453125,0 -110.9234375,32.2453125,0 -110.9234375,32.2434375,0</coordinates></LinearRing></outerBoundaryIs></Polygon></Placemark>
      <Placemark><name>Grass (10,13)</name><styleUrl>#grassStyle_0</styleUrl><Polygon><outerBoundaryIs><LinearRing><coordinates>-110.92031250000001,32.2434375,0 -110.91718750000001,32.2434375,0 -110.91718750000001,32.2453125,0 -110.92031250000001,32.2453125,0 -110.92031250000001,32.2434375,0</coordinates></LinearRing></outerBoundaryIs></Polygon></Placemark>
      <Placemark><name>Grass (11,13)</name><styleUrl>#grassStyle_1</styleUrl><Polygon><outerBoundaryIs><LinearRing><coordinates>-110.91718750000001,32.2434375,0 -110.9140625,32.2434375,0 -110.9140625,32.2453125,0 -110.91718750000001,32.2453125,0 -110.91718750000001,32.2434375,0</coordinates></LinearRing></outerBoundaryIs></Polygon></Placemark>
      <Placemark><name>Grass (12,13)</name><styleUrl>#grassStyle_0</styleUrl><Polygon><outerBoundaryIs><LinearRing><coordinates>-110.9140625,32.2434375,0 -110.9109375,32.2434375,0 -110.9109375,32.2453125,0 -110.9140625,32.2453125,0 -110.9140625,32.2434375,0</coordinates></LinearRing></outerBoundaryIs></Polygon></Placemark>
      <Placemark><name>Grass (13,13)</name><styleUrl>#grassStyle_1</styleUrl><Polygon><outerBoundaryIs><LinearRing><coordinates>-110.9109375,32.2434375,0 -110.9078125,32.2434375,0 -110.9078125,32.2453125,0 -110.9109375,32.2453125,0 -110.9109375,32.2434375,0</coordinates></LinearRing></outerBoundaryIs></Polygon></Placemark>
      <Placemark><name>Grass (14,13)</name><styleUrl>#grassStyle_1</styleUrl><Polygon><outerBoundaryIs><LinearRing><coordinates>-110.9078125,32.2434375,0 -110.90468750000001,32.2434375,0 -110.90468750000001,32.2453125,0 -110.9078125,32.2453125,0 -110.9078125,32.2434375,0</coordinates></LinearRing></outerBoundaryIs></Polygon></Placemark>
      <Placemark><name>Grass (15,13)</name><styleUrl>#grassStyle_0</styleUrl><Polygon><outerBoundaryIs><LinearRing><coordinates>-110.90468750000001,32.2434375,0 -110.90156250000001,32.2434375,0 -110.90156250000001,32.2453125,0 -110.90468750000001,32.2453125,0 -110.90468750000001,32.2434375,0</coordinates></LinearRing></outerBoundaryIs></Polygon></Placemark>
      <Placemark><name>Grass (16,13)</name><styleUrl>#grassStyle_1</styleUrl><Polygon><outerBoundaryIs><LinearRing><coordinates>-110.90156250000001,32.2434375,0 -110.8984375,32.2434375,0 -110.8984375,32.2453125,0 -110.90156250000001,32.2453125,0 -110.90156250000001,32.2434375,0</coordinates></LinearRing></outerBoundaryIs></Polygon></Placemark>
      <Placemark><name>Grass (-16,14)</name><styleUrl>#grassStyle_1</styleUrl><Polygon><outerBoundaryIs><LinearRing><coordinates>-111.0015625,32.2453125,0 -110.9984375,32.2453125,0 -110.9984375,32.2471875,0 -111.0015625,32.2471875,0 -111.0015625,32.2453125,0</coordinates></LinearRing></outerBoundaryIs></Polygon></Placemark>
      <Placemark><name>Grass (-15,14)</name><styleUrl>#grassStyle_0</styleUrl><Polygon><outerBoundaryIs><LinearRing><coordinates>-110.9984375,32.2453125,0 -110.9953125,32.2453125,0 -110.9953125,32.2471875,0 -110.9984375,32.2471875,0 -110.9984375,32.2453125,0</coordinates></LinearRing></outerBoundaryIs></Polygon></Placemark>
      <Placemark><name>Grass (-14,14)</name><styleUrl>#grassStyle_1</styleUrl><Polygon><outerBoundaryIs><LinearRing><coordinates>-110.9953125,32.2453125,0 -110.9921875,32.2453125,0 -110.9921875,32.2471875,0 -110.9953125,32.2471875,0 -110.9953125,32.2453125,0</coordinates></LinearRing></outerBoundaryIs></Polygon></Placemark>
      <Placemark><name>Grass (-13,14)</name><styleUrl>#grassStyle_0</styleUrl><Polygon><outerBoundaryIs><LinearRing><coordinates>-110.9921875,32.2453125,0 -110.9890625,32.2453125,0 -110.9890625,32.2471875,0 -110.9921875,32.2471875,0 -110.9921875,32.2453125,0</coordinates></LinearRing></outerBoundaryIs></Polygon></Placemark>
      <Placemark><name>Grass (-12,14)</name><styleUrl>#grassStyle_1</styleUrl><Polygon><outerBoundaryIs><LinearRing><coordinates>-110.9890625,32.2453125,0 -110.9859375,32.2453125,0 -110.9859375,32.2471875,0 -110.9890625,32.2471875,0 -110.9890625,32.2453125,0</coordinates></LinearRing></outerBoundaryIs></Polygon></Placemark>
      <Placemark><name>Grass (-11,14)</name><styleUrl>#grassStyle_1</styleUrl><Polygon><outerBoundaryIs><LinearRing><coordinates>-110.9859375,32.2453125,0 -110.9828125,32.2453125,0 -110.9828125,32.2471875,0 -110.9859375,32.2471875,0 -110.9859375,32.2453125,0</coordinates></LinearRing></outerBoundaryIs></Polygon></Placemark>
      <Placemark><name>Grass (-10,14)</name><styleUrl>#grassStyle_0</styleUrl><Polygon><outerBoundaryIs><LinearRing><coordinates>-110.9828125,32.2453125,0 -110.9796875,32.2453125,0 -110.9796875,32.2471875,0 -110.9828125,32.2471875,0 -110.9828125,32.2453125,0</coordinates></LinearRing></outerBoundaryIs></Polygon></Placemark>
      <Placemark><name>Grass (-9,14)</name><styleUrl>#grassStyle_0</styleUrl><Polygon><outerBoundaryIs><LinearRing><coordinates>-110.9796875,32.2453125,0 -110.9765625,32.2453125,0 -110.9765625,32.2471875,0 -110.9796875,32.2471875,0 -110.9796875,32.2453125,0</coordinates></LinearRing></outerBoundaryIs></Polygon></Placemark>
      <Placemark><name>Grass (-8,14)</name><styleUrl>#grassStyle_0</styleUrl><Polygon><outerBoundaryIs><LinearRing><coordinates>-110.9765625,32.2453125,0 -110.9734375,32.2453125,0 -110.9734375,32.2471875,0 -110.9765625,32.2471875,0 -110.9765625,32.2453125,0</coordinates></LinearRing></outerBoundaryIs></Polygon></Placemark>
      <Placemark><name>Grass (-7,14)</name><styleUrl>#grassStyle_0</styleUrl><Polygon><outerBoundaryIs><LinearRing><coordinates>-110.9734375,32.2453125,0 -110.9703125,32.2453125,0 -110.9703125,32.2471875,0 -110.9734375,32.2471875,0 -110.9734375,32.2453125,0</coordinates></LinearRing></outerBoundaryIs></Polygon></Placemark>
      <Placemark><name>Grass (-6,14)</name><styleUrl>#grassStyle_0</styleUrl><Polygon><outerBoundaryIs><LinearRing><coordinates>-110.9703125,32.2453125,0 -110.96718750000001,32.2453125,0 -110.96718750000001,32.2471875,0 -110.9703125,32.2471875,0 -110.9703125,32.2453125,0</coordinates></LinearRing></outerBoundaryIs></Polygon></Placemark>
      <Placemark><name>Grass (-5,14)</name><styleUrl>#grassStyle_1</styleUrl><Polygon><outerBoundaryIs><LinearRing><coordinates>-110.96718750000001,32.2453125,0 -110.9640625,32.2453125,0 -110.9640625,32.2471875,0 -110.96718750000001,32.2471875,0 -110.96718750000001,32.2453125,0</coordinates></LinearRing></outerBoundaryIs></Polygon></Placemark>
      <Placemark><name>Grass (-4,14)</name><styleUrl>#grassStyle_1</styleUrl><Polygon><outerBoundaryIs><LinearRing><coordinates>-110.9640625,32.2453125,0 -110.9609375,32.2453125,0 -110.9609375,32.2471875,0 -110.9640625,32.2471875,0 -110.9640625,32.2453125,0</coordinates></LinearRing></outerBoundaryIs></Polygon></Placemark>
      <Placemark><name>Grass (-3,14)</name><styleUrl>#grassStyle_1</styleUrl><Polygon><outerBoundaryIs><LinearRing><coordinates>-110.9609375,32.2453125,0 -110.9578125,32.2453125,0 -110.9578125,32.2471875,0 -110.9609375,32.2471875,0 -110.9609375,32.2453125,0</coordinates></LinearRing></outerBoundaryIs></Polygon></Placemark>
      <Placemark><name>Grass (-2,14)</name><styleUrl>#grassStyle_0</styleUrl><Polygon><outerBoundaryIs><LinearRing><coordinates>-110.9578125,32.2453125,0 -110.9546875,32.2453125,0 -110.9546875,32.2471875,0 -110.9578125,32.2471875,0 -110.9578125,32.2453125,0</coordinates></LinearRing></outerBoundaryIs></Polygon></Placemark>
      <Placemark><name>Grass (-1,14)</name><styleUrl>#grassStyle_1</styleUrl><Polygon><outerBoundaryIs><LinearRing><coordinates>-110.9546875,32.2453125,0 -110.95156250000001,32.2453125,0 -110.95156250000001,32.2471875,0 -110.9546875,32.2471875,0 -110.9546875,32.2453125,0</coordinates></LinearRing></outerBoundaryIs></Polygon></Placemark>
      <Placemark><name>Grass (0,14)</name><styleUrl>#grassStyle_2</styleUrl><Polygon><outerBoundaryIs><LinearRing><coordinates>-110.95156250000001,32.2453125,0 -110.9484375,32.2453125,0 -110.9484375,32.2471875,0 -110.95156250000001,32.2471875,0 -110.95156250000001,32.2453125,0</coordinates></LinearRing></outerBoundaryIs></Polygon></Placemark>
      <Placemark><name>Grass (1,14)</name><styleUrl>#grassStyle_0</styleUrl><Polygon><outerBoundaryIs><LinearRing><coordinates>-110.9484375,32.2453125,0 -110.9453125,32.2453125,0 -110.9453125,32.2471875,0 -110.9484375,32.2471875,0 -110.9484375,32.2453125,0</coordinates></LinearRing></outerBoundaryIs></Polygon></Placemark>
      <Placemark><name>Grass (2,14)</name><styleUrl>#grassStyle_0</styleUrl><Polygon><outerBoundaryIs><LinearRing><coordinates>-110.9453125,32.2453125,0 -110.9421875,32.2453125,0 -110.9421875,32.2471875,0 -110.9453125,32.2471875,0 -110.9453125,32.2453125,0</coordinates></LinearRing></outerBoundaryIs></Polygon></Placemark>
      <Placemark><name>Grass (3,14)</name><styleUrl>#grassStyle_0</styleUrl><Polygon><outerBoundaryIs><LinearRing><coordinates>-110.9421875,32.2453125,0 -110.9390625,32.2453125,0 -110.9390625,32.2471875,0 -110.9421875,32.2471875,0 -110.9421875,32.2453125,0</coordinates></LinearRing></outerBoundaryIs></Polygon></Placemark>
      <Placemark><name>Grass (4,14)</name><styleUrl>#grassStyle_0</styleUrl><Polygon><outerBoundaryIs><LinearRing><coordinates>-110.9390625,32.2453125,0 -110.93593750000001,32.2453125,0 -110.93593750000001,32.2471875,0 -110.9390625,32.2471875,0 -110.9390625,32.2453125,0</coordinates></LinearRing></outerBoundaryIs></Polygon></Placemark>
      <Placemark><name>Grass (5,14)</name><styleUrl>#grassStyle_0</styleUrl><Polygon><outerBoundaryIs><LinearRing><coordinates>-110.93593750000001,32.2453125,0 -110.9328125,32.2453125,0 -110.9328125,32.2471875,0 -110.93593750000001,32.2471875,0 -110.93593750000001,32.2453125,0</coordinates></LinearRing></outerBoundaryIs></Polygon></Placemark>
      <Placemark><name>Grass (6,14)</name><styleUrl>#grassStyle_0</styleUrl><Polygon><outerBoundaryIs><LinearRing><coordinates>-110.9328125,32.2453125,0 -110.9296875,32.2453125,0 -110.9296875,32.2471875,0 -110.9328125,32.2471875,0 -110.9328125,32.2453125,0</coordinates></LinearRing></outerBoundaryIs></Polygon></Placemark>
      <Placemark><name>Grass (7,14)</name><styleUrl>#grassStyle_0</styleUrl><Polygon><outerBoundaryIs><LinearRing><coordinates>-110.9296875,32.2453125,0 -110.9265625,32.2453125,0 -110.9265625,32.2471875,0 -110.9296875,32.2471875,0 -110.9296875,32.2453125,0</coordinates></LinearRing></outerBoundaryIs></Polygon></Placemark>
      <Placemark><name>Grass (8,14)</name><styleUrl>#grassStyle_0</styleUrl><Polygon><outerBoundaryIs><LinearRing><coordinates>-110.9265625,32.2453125,0 -110.9234375,32.2453125,0 -110.9234375,32.2471875,0 -110.9265625,32.2471875,0 -110.9265625,32.2453125,0</coordinates></LinearRing></outerBoundaryIs></Polygon></Placemark>
      <Placemark><name>Grass (9,14)</name><styleUrl>#grassStyle_0</styleUrl><Polygon><outerBoundaryIs><LinearRing><coordinates>-110.9234375,32.2453125,0 -110.92031250000001,32.2453125,0 -110.92031250000001,32.2471875,0 -110.9234375,32.2471875,0 -110.9234375,32.2453125,0</coordinates></LinearRing></outerBoundaryIs></Polygon></Placemark>
      <Placemark><name>Grass (10,14)</name><styleUrl>#grassStyle_2</styleUrl><Polygon><outerBoundaryIs><LinearRing><coordinates>-110.92031250000001,32.2453125,0 -110.91718750000001,32.2453125,0 -110.91718750000001,32.2471875,0 -110.92031250000001,32.2471875,0 -110.92031250000001,32.2453125,0</coordinates></LinearRing></outerBoundaryIs></Polygon></Placemark>
      <Placemark><name>Grass (11,14)</name><styleUrl>#grassStyle_0</styleUrl><Polygon><outerBoundaryIs><LinearRing><coordinates>-110.91718750000001,32.2453125,0 -110.9140625,32.2453125,0 -110.9140625,32.2471875,0 -110.91718750000001,32.2471875,0 -110.91718750000001,32.2453125,0</coordinates></LinearRing></outerBoundaryIs></Polygon></Placemark>
      <Placemark><name>Grass (12,14)</name><styleUrl>#grassStyle_1</styleUrl><Polygon><outerBoundaryIs><LinearRing><coordinates>-110.9140625,32.2453125,0 -110.9109375,32.2453125,0 -110.9109375,32.2471875,0 -110.9140625,32.2471875,0 -110.9140625,32.2453125,0</coordinates></LinearRing></outerBoundaryIs></Polygon></Placemark>
      <Placemark><name>Grass (13,14)</name><styleUrl>#grassStyle_0</styleUrl><Polygon><outerBoundaryIs><LinearRing><coordinates>-110.9109375,32.2453125,0 -110.9078125,32.2453125,0 -110.9078125,32.2471875,0 -110.9109375,32.2471875,0 -110.9109375,32.2453125,0</coordinates></LinearRing></outerBoundaryIs></Polygon></Placemark>
      <Placemark><name>Grass (14,14)</name><styleUrl>#grassStyle_0</styleUrl><Polygon><outerBoundaryIs><LinearRing><coordinates>-110.9078125,32.2453125,0 -110.90468750000001,32.2453125,0 -110.90468750000001,32.2471875,0 -110.9078125,32.2471875,0 -110.9078125,32.2453125,0</coordinates></LinearRing></outerBoundaryIs></Polygon></Placemark>
      <Placemark><name>Grass (15,14)</name><styleUrl>#grassStyle_0</styleUrl><Polygon><outerBoundaryIs><LinearRing><coordinates>-110.90468750000001,32.2453125,0 -110.90156250000001,32.2453125,0 -110.90156250000001,32.2471875,0 -110.90468750000001,32.2471875,0 -110.90468750000001,32.2453125,0</coordinates></LinearRing></outerBoundaryIs></Polygon></Placemark>
      <Placemark><name>Grass (16,14)</name><styleUrl>#grassStyle_0</styleUrl><Polygon><outerBoundaryIs><LinearRing><coordinates>-110.90156250000001,32.2453125,0 -110.8984375,32.2453125,0 -110.8984375,32.2471875,0 -110.90156250000001,32.2471875,0 -110.90156250000001,32.2453125,0</coordinates></LinearRing></outerBoundaryIs></Polygon></Placemark>
      <Placemark><name>Grass (-16,15)</name><styleUrl>#grassStyle_0</styleUrl><Polygon><outerBoundaryIs><LinearRing><coordinates>-111.0015625,32.2471875,0 -110.9984375,32.2471875,0 -110.9984375,32.2490625,0 -111.0015625,32.2490625,0 -111.0015625,32.2471875,0</coordinates></LinearRing></outerBoundaryIs></Polygon></Placemark>
      <Placemark><name>Grass (-15,15)</name><styleUrl>#grassStyle_0</styleUrl><Polygon><outerBoundaryIs><LinearRing><coordinates>-110.9984375,32.2471875,0 -110.9953125,32.2471875,0 -110.9953125,32.2490625,0 -110.9984375,32.2490625,0 -110.9984375,32.2471875,0</coordinates></LinearRing></outerBoundaryIs></Polygon></Placemark>
      <Placemark><name>Grass (-14,15)</name><styleUrl>#grassStyle_1</styleUrl><Polygon><outerBoundaryIs><LinearRing><coordinates>-110.9953125,32.2471875,0 -110.9921875,32.2471875,0 -110.9921875,32.2490625,0 -110.9953125,32.2490625,0 -110.9953125,32.2471875,0</coordinates></LinearRing></outerBoundaryIs></Polygon></Placemark>
      <Placemark><name>Grass (-13,15)</name><styleUrl>#grassStyle_0</styleUrl><Polygon><outerBoundaryIs><LinearRing><coordinates>-110.9921875,32.2471875,0 -110.9890625,32.2471875,0 -110.9890625,32.2490625,0 -110.9921875,32.2490625,0 -110.9921875,32.2471875,0</coordinates></LinearRing></outerBoundaryIs></Polygon></Placemark>
      <Placemark><name>Grass (-12,15)</name><styleUrl>#grassStyle_0</styleUrl><Polygon><outerBoundaryIs><LinearRing><coordinates>-110.9890625,32.2471875,0 -110.9859375,32.2471875,0 -110.9859375,32.2490625,0 -110.9890625,32.2490625,0 -110.9890625,32.2471875,0</coordinates></LinearRing></outerBoundaryIs></Polygon></Placemark>
      <Placemark><name>Grass (-11,15)</name><styleUrl>#grassStyle_1</styleUrl><Polygon><outerBoundaryIs><LinearRing><coordinates>-110.9859375,32.2471875,0 -110.9828125,32.2471875,0 -110.9828125,32.2490625,0 -110.9859375,32.2490625,0 -110.9859375,32.2471875,0</coordinates></LinearRing></outerBoundaryIs></Polygon></Placemark>
      <Placemark><name>Grass (-10,15)</name><styleUrl>#grassStyle_1</styleUrl><Polygon><outerBoundaryIs><LinearRing><coordinates>-110.9828125,32.2471875,0 -110.9796875,32.2471875,0 -110.9796875,32.2490625,0 -110.9828125,32.2490625,0 -110.9828125,32.2471875,0</coordinates></LinearRing></outerBoundaryIs></Polygon></Placemark>
      <Placemark><name>Grass (-9,15)</name><styleUrl>#grassStyle_1</styleUrl><Polygon><outerBoundaryIs><LinearRing><coordinates>-110.9796875,32.2471875,0 -110.9765625,32.2471875,0 -110.9765625,32.2490625,0 -110.9796875,32.2490625,0 -110.9796875,32.2471875,0</coordinates></LinearRing></outerBoundaryIs></Polygon></Placemark>
      <Placemark><name>Grass (-8,15)</name><styleUrl>#grassStyle_0</styleUrl><Polygon><outerBoundaryIs><LinearRing><coordinates>-110.9765625,32.2471875,0 -110.9734375,32.2471875,0 -110.9734375,32.2490625,0 -110.9765625,32.2490625,0 -110.9765625,32.2471875,0</coordinates></LinearRing></outerBoundaryIs></Polygon></Placemark>
      <Placemark><name>Grass (-7,15)</name><styleUrl>#grassStyle_0</styleUrl><Polygon><outerBoundaryIs><LinearRing><coordinates>-110.9734375,32.2471875,0 -110.9703125,32.2471875,0 -110.9703125,32.2490625,0 -110.9734375,32.2490625,0 -110.9734375,32.2471875,0</coordinates></LinearRing></outerBoundaryIs></Polygon></Placemark>
      <Placemark><name>Grass (-6,15)</name><styleUrl>#grassStyle_0</styleUrl><Polygon><outerBoundaryIs><LinearRing><coordinates>-110.9703125,32.2471875,0 -110.96718750000001,32.2471875,0 -110.96718750000001,32.2490625,0 -110.9703125,32.2490625,0 -110.9703125,32.2471875,0</coordinates></LinearRing></outerBoundaryIs></Polygon></Placemark>
      <Placemark><name>Grass (-5,15)</name><styleUrl>#grassStyle_0</styleUrl><Polygon><outerBoundaryIs><LinearRing><coordinates>-110.96718750000001,32.2471875,0 -110.9640625,32.2471875,0 -110.9640625,32.2490625,0 -110.96718750000001,32.2490625,0 -110.96718750000001,32.2471875,0</coordinates></LinearRing></outerBoundaryIs></Polygon></Placemark>
      <Placemark><name>Grass (-4,15)</name><styleUrl>#grassStyle_1</styleUrl><Polygon><outerBoundaryIs><LinearRing><coordinates>-110.9640625,32.2471875,0 -110.9609375,32.2471875,0 -110.9609375,32.2490625,0 -110.9640625,32.2490625,0 -110.9640625,32.2471875,0</coordinates></LinearRing></outerBoundaryIs></Polygon></Placemark>
      <Placemark><name>Grass (-3,15)</name><styleUrl>#grassStyle_0</styleUrl><Polygon><outerBoundaryIs><LinearRing><coordinates>-110.9609375,32.2471875,0 -110.9578125,32.2471875,0 -110.9578125,32.2490625,0 -110.9609375,32.2490625,0 -110.9609375,32.2471875,0</coordinates></LinearRing></outerBoundaryIs></Polygon></Placemark>
      <Placemark><name>Grass (-2,15)</name><styleUrl>#grassStyle_1</styleUrl><Polygon><outerBoundaryIs><LinearRing><coordinates>-110.9578125,32.2471875,0 -110.9546875,32.2471875,0 -110.9546875,32.2490625,0 -110.9578125,32.2490625,0 -110.9578125,32.2471875,0</coordinates></LinearRing></outerBoundaryIs></Polygon></Placemark>
      <Placemark><name>Grass (-1,15)</name><styleUrl>#grassStyle_3</styleUrl><Polygon><outerBoundaryIs><LinearRing><coordinates>-110.9546875,32.2471875,0 -110.95156250000001,32.2471875,0 -110.95156250000001,32.2490625,0 -110.9546875,32.2490625,0 -110.9546875,32.2471875,0</coordinates></LinearRing></outerBoundaryIs></Polygon></Placemark>
      <Placemark><name>Grass (0,15)</name><styleUrl>#grassStyle_1</styleUrl><Polygon><outerBoundaryIs><LinearRing><coordinates>-110.95156250000001,32.2471875,0 -110.9484375,32.2471875,0 -110.9484375,32.2490625,0 -110.95156250000001,32.2490625,0 -110.95156250000001,32.2471875,0</coordinates></LinearRing></outerBoundaryIs></Polygon></Placemark>
      <Placemark><name>Grass (1,15)</name><styleUrl>#grassStyle_0</styleUrl><Polygon><outerBoundaryIs><LinearRing><coordinates>-110.9484375,32.2471875,0 -110.9453125,32.2471875,0 -110.9453125,32.2490625,0 -110.9484375,32.2490625,0 -110.9484375,32.2471875,0</coordinates></LinearRing></outerBoundaryIs></Polygon></Placemark>
      <Placemark><name>Grass (2,15)</name><styleUrl>#grassStyle_1</styleUrl><Polygon><outerBoundaryIs><LinearRing><coordinates>-110.9453125,32.2471875,0 -110.9421875,32.2471875,0 -110.9421875,32.2490625,0 -110.9453125,32.2490625,0 -110.9453125,32.2471875,0</coordinates></LinearRing></outerBoundaryIs></Polygon></Placemark>
      <Placemark><name>Grass (3,15)</name><styleUrl>#grassStyle_1</styleUrl><Polygon><outerBoundaryIs><LinearRing><coordinates>-110.9421875,32.2471875,0 -110.9390625,32.2471875,0 -110.9390625,32.2490625,0 -110.9421875,32.2490625,0 -110.9421875,32.2471875,0</coordinates></LinearRing></outerBoundaryIs></Polygon></Placemark>
      <Placemark><name>Grass (4,15)</name><styleUrl>#grassStyle_0</styleUrl><Polygon><outerBoundaryIs><LinearRing><coordinates>-110.9390625,32.2471875,0 -110.93593750000001,32.2471875,0 -110.93593750000001,32.2490625,0 -110.9390625,32.2490625,0 -110.9390625,32.2471875,0</coordinates></LinearRing></outerBoundaryIs></Polygon></Placemark>
      <Placemark><name>Grass (5,15)</name><styleUrl>#grassStyle_0</styleUrl><Polygon><outerBoundaryIs><LinearRing><coordinates>-110.93593750000001,32.2471875,0 -110.9328125,32.2471875,0 -110.9328125,32.2490625,0 -110.93593750000001,32.2490625,0 -110.93593750000001,32.2471875,0</coordinates></LinearRing></outerBoundaryIs></Polygon></Placemark>
      <Placemark><name>Grass (6,15)</name><styleUrl>#grassStyle_1</styleUrl><Polygon><outerBoundaryIs><LinearRing><coordinates>-110.9328125,32.2471875,0 -110.9296875,32.2471875,0 -110.9296875,32.2490625,0 -110.9328125,32.2490625,0 -110.9328125,32.2471875,0</coordinates></LinearRing></outerBoundaryIs></Polygon></Placemark>
      <Placemark><name>Grass (7,15)</name><styleUrl>#grassStyle_0</styleUrl><Polygon><outerBoundaryIs><LinearRing><coordinates>-110.9296875,32.2471875,0 -110.9265625,32.2471875,0 -110.9265625,32.2490625,0 -110.9296875,32.2490625,0 -110.9296875,32.2471875,0</coordinates></LinearRing></outerBoundaryIs></Polygon></Placemark>
      <Placemark><name>Grass (8,15)</name><styleUrl>#grassStyle_0</styleUrl><Polygon><outerBoundaryIs><LinearRing><coordinates>-110.9265625,32.2471875,0 -110.9234375,32.2471875,0 -110.9234375,32.2490625,0 -110.9265625,32.2490625,0 -110.9265625,32.2471875,0</coordinates></LinearRing></outerBoundaryIs></Polygon></Placemark>
      <Placemark><name>Grass (9,15)</name><styleUrl>#grassStyle_1</styleUrl><Polygon><outerBoundaryIs><LinearRing><coordinates>-110.9234375,32.2471875,0 -110.92031250000001,32.2471875,0 -110.92031250000001,32.2490625,0 -110.9234375,32.2490625,0 -110.9234375,32.2471875,0</coordinates></LinearRing></outerBoundaryIs></Polygon></Placemark>
      <Placemark><name>Grass (10,15)</name><styleUrl>#grassStyle_0</styleUrl><Polygon><outerBoundaryIs><LinearRing><coordinates>-110.92031250000001,32.2471875,0 -110.91718750000001,32.2471875,0 -110.91718750000001,32.2490625,0 -110.92031250000001,32.2490625,0 -110.92031250000001,32.2471875,0</coordinates></LinearRing></outerBoundaryIs></Polygon></Placemark>
      <Placemark><name>Grass (11,15)</name><styleUrl>#grassStyle_1</styleUrl><Polygon><outerBoundaryIs><LinearRing><coordinates>-110.91718750000001,32.2471875,0 -110.9140625,32.2471875,0 -110.9140625,32.2490625,0 -110.91718750000001,32.2490625,0 -110.91718750000001,32.2471875,0</coordinates></LinearRing></outerBoundaryIs></Polygon></Placemark>
      <Placemark><name>Grass (12,15)</name><styleUrl>#grassStyle_0</styleUrl><Polygon><outerBoundaryIs><LinearRing><coordinates>-110.9140625,32.2471875,0 -110.9109375,32.2471875,0 -110.9109375,32.2490625,0 -110.9140625,32.2490625,0 -110.9140625,32.2471875,0</coordinates></LinearRing></outerBoundaryIs></Polygon></Placemark>
      <Placemark><name>Grass (13,15)</name><styleUrl>#grassStyle_1</styleUrl><Polygon><outerBoundaryIs><LinearRing><coordinates>-110.9109375,32.2471875,0 -110.9078125,32.2471875,0 -110.9078125,32.2490625,0 -110.9109375,32.2490625,0 -110.9109375,32.2471875,0</coordinates></LinearRing></outerBoundaryIs></Polygon></Placemark>
      <Placemark><name>Grass (14,15)</name><styleUrl>#grassStyle_1</styleUrl><Polygon><outerBoundaryIs><LinearRing><coordinates>-110.9078125,32.2471875,0 -110.90468750000001,32.2471875,0 -110.90468750000001,32.2490625,0 -110.9078125,32.2490625,0 -110.9078125,32.2471875,0</coordinates></LinearRing></outerBoundaryIs></Polygon></Placemark>
      <Placemark><name>Grass (15,15)</name><styleUrl>#grassStyle_0</styleUrl><Polygon><outerBoundaryIs><LinearRing><coordinates>-110.90468750000001,32.2471875,0 -110.90156250000001,32.2471875,0 -110.90156250000001,32.2490625,0 -110.90468750000001,32.2490625,0 -110.90468750000001,32.2471875,0</coordinates></LinearRing></outerBoundaryIs></Polygon></Placemark>
      <Placemark><name>Grass (16,15)</name><styleUrl>#grassStyle_0</styleUrl><Polygon><outerBoundaryIs><LinearRing><coordinates>-110.90156250000001,32.2471875,0 -110.8984375,32.2471875,0 -110.8984375,32.2490625,0 -110.90156250000001,32.2490625,0 -110.90156250000001,32.2471875,0</coordinates></LinearRing></outerBoundaryIs></Polygon></Placemark>
      <Placemark><name>Grass (-16,16)</name><styleUrl>#grassStyle_0</styleUrl><Polygon><outerBoundaryIs><LinearRing><coordinates>-111.0015625,32.2490625,0 -110.9984375,32.2490625,0 -110.9984375,32.2509375,0 -111.0015625,32.2509375,0 -111.0015625,32.2490625,0</coordinates></LinearRing></outerBoundaryIs></Polygon></Placemark>
      <Placemark><name>Grass (-15,16)</name><styleUrl>#grassStyle_0</styleUrl><Polygon><outerBoundaryIs><LinearRing><coordinates>-110.9984375,32.2490625,0 -110.9953125,32.2490625,0 -110.9953125,32.2509375,0 -110.9984375,32.2509375,0 -110.9984375,32.2490625,0</coordinates></LinearRing></outerBoundaryIs></Polygon></Placemark>
      <Placemark><name>Grass (-14,16)</name><styleUrl>#grassStyle_0</styleUrl><Polygon><outerBoundaryIs><LinearRing><coordinates>-110.9953125,32.2490625,0 -110.9921875,32.2490625,0 -110.9921875,32.2509375,0 -110.9953125,32.2509375,0 -110.9953125,32.2490625,0</coordinates></LinearRing></outerBoundaryIs></Polygon></Placemark>
      <Placemark><name>Grass (-13,16)</name><styleUrl>#grassStyle_1</styleUrl><Polygon><outerBoundaryIs><LinearRing><coordinates>-110.9921875,32.2490625,0 -110.9890625,32.2490625,0 -110.9890625,32.2509375,0 -110.9921875,32.2509375,0 -110.9921875,32.2490625,0</coordinates></LinearRing></outerBoundaryIs></Polygon></Placemark>
      <Placemark><name>Grass (-12,16)</name><styleUrl>#grassStyle_0</styleUrl><Polygon><outerBoundaryIs><LinearRing><coordinates>-110.9890625,32.2490625,0 -110.9859375,32.2490625,0 -110.9859375,32.2509375,0 -110.9890625,32.2509375,0 -110.9890625,32.2490625,0</coordinates></LinearRing></outerBoundaryIs></Polygon></Placemark>
      <Placemark><name>Grass (-11,16)</name><styleUrl>#grassStyle_1</styleUrl><Polygon><outerBoundaryIs><LinearRing><coordinates>-110.9859375,32.2490625,0 -110.9828125,32.2490625,0 -110.9828125,32.2509375,0 -110.9859375,32.2509375,0 -110.9859375,32.2490625,0</coordinates></LinearRing></outerBoundaryIs></Polygon></Placemark>
      <Placemark><name>Grass (-10,16)</name><styleUrl>#grassStyle_1</styleUrl><Polygon><outerBoundaryIs><LinearRing><coordinates>-110.9828125,32.2490625,0 -110.9796875,32.2490625,0 -110.9796875,32.2509375,0 -110.9828125,32.2509375,0 -110.9828125,32.2490625,0</coordinates></LinearRing></outerBoundaryIs></Polygon></Placemark>
      <Placemark><name>Grass (-9,16)</name><styleUrl>#grassStyle_0</styleUrl><Polygon><outerBoundaryIs><LinearRing><coordinates>-110.9796875,32.2490625,0 -110.9765625,32.2490625,0 -110.9765625,32.2509375,0 -110.9796875,32.2509375,0 -110.9796875,32.2490625,0</coordinates></LinearRing></outerBoundaryIs></Polygon></Placemark>
      <Placemark><name>Grass (-8,16)</name><styleUrl>#grassStyle_1</styleUrl><Polygon><outerBoundaryIs><LinearRing><coordinates>-110.9765625,32.2490625,0 -110.9734375,32.2490625,0 -110.9734375,32.2509375,0 -110.9765625,32.2509375,0 -110.9765625,32.2490625,0</coordinates></LinearRing></outerBoundaryIs></Polygon></Placemark>
      <Placemark><name>Grass (-7,16)</name><styleUrl>#grassStyle_0</styleUrl><Polygon><outerBoundaryIs><LinearRing><coordinates>-110.9734375,32.2490625,0 -110.9703125,32.2490625,0 -110.9703125,32.2509375,0 -110.9734375,32.2509375,0 -110.9734375,32.2490625,0</coordinates></LinearRing></outerBoundaryIs></Polygon></Placemark>
      <Placemark><name>Grass (-6,16)</name><styleUrl>#grassStyle_0</styleUrl><Polygon><outerBoundaryIs><LinearRing><coordinates>-110.9703125,32.2490625,0 -110.96718750000001,32.2490625,0 -110.96718750000001,32.2509375,0 -110.9703125,32.2509375,0 -110.9703125,32.2490625,0</coordinates></LinearRing></outerBoundaryIs></Polygon></Placemark>
      <Placemark><name>Grass (-5,16)</name><styleUrl>#grassStyle_0</styleUrl><Polygon><outerBoundaryIs><LinearRing><coordinates>-110.96718750000001,32.2490625,0 -110.9640625,32.2490625,0 -110.9640625,32.2509375,0 -110.96718750000001,32.2509375,0 -110.96718750000001,32.2490625,0</coordinates></LinearRing></outerBoundaryIs></Polygon></Placemark>
      <Placemark><name>Grass (-4,16)</name><styleUrl>#grassStyle_1</styleUrl><Polygon><outerBoundaryIs><LinearRing><coordinates>-110.9640625,32.2490625,0 -110.9609375,32.2490625,0 -110.9609375,32.2509375,0 -110.9640625,32.2509375,0 -110.9640625,32.2490625,0</coordinates></LinearRing></outerBoundaryIs></Polygon></Placemark>
      <Placemark><name>Grass (-3,16)</name><styleUrl>#grassStyle_0</styleUrl><Polygon><outerBoundaryIs><LinearRing><coordinates>-110.9609375,32.2490625,0 -110.9578125,32.2490625,0 -110.9578125,32.2509375,0 -110.9609375,32.2509375,0 -110.9609375,32.2490625,0</coordinates></LinearRing></outerBoundaryIs></Polygon></Placemark>
      <Placemark><name>Grass (-2,16)</name><styleUrl>#grassStyle_0</styleUrl><Polygon><outerBoundaryIs><LinearRing><coordinates>-110.9578125,32.2490625,0 -110.9546875,32.2490625,0 -110.9546875,32.2509375,0 -110.9578125,32.2509375,0 -110.9578125,32.2490625,0</coordinates></LinearRing></outerBoundaryIs></Polygon></Placemark>
      <Placemark><name>Grass (-1,16)</name><styleUrl>#grassStyle_0</styleUrl><Polygon><outerBoundaryIs><LinearRing><coordinates>-110.9546875,32.2490625,0 -110.95156250000001,32.2490625,0 -110.95156250000001,32.2509375,0 -110.9546875,32.2509375,0 -110.9546875,32.2490625,0</coordinates></LinearRing></outerBoundaryIs></Polygon></Placemark>
      <Placemark><name>Grass (0,16)</name><styleUrl>#grassStyle_1</styleUrl><Polygon><outerBoundaryIs><LinearRing><coordinates>-110.95156250000001,32.2490625,0 -110.9484375,32.2490625,0 -110.9484375,32.2509375,0 -110.95156250000001,32.2509375,0 -110.95156250000001,32.2490625,0</coordinates></LinearRing></outerBoundaryIs></Polygon></Placemark>
      <Placemark><name>Grass (1,16)</name><styleUrl>#grassStyle_1</styleUrl><Polygon><outerBoundaryIs><LinearRing><coordinates>-110.9484375,32.2490625,0 -110.9453125,32.2490625,0 -110.9453125,32.2509375,0 -110.9484375,32.2509375,0 -110.9484375,32.2490625,0</coordinates></LinearRing></outerBoundaryIs></Polygon></Placemark>
      <Placemark><name>Grass (2,16)</name><styleUrl>#grassStyle_1</styleUrl><Polygon><outerBoundaryIs><LinearRing><coordinates>-110.9453125,32.2490625,0 -110.9421875,32.2490625,0 -110.9421875,32.2509375,0 -110.9453125,32.2509375,0 -110.9453125,32.2490625,0</coordinates></LinearRing></outerBoundaryIs></Polygon></Placemark>
      <Placemark><name>Grass (3,16)</name><styleUrl>#grassStyle_1</styleUrl><Polygon><outerBoundaryIs><LinearRing><coordinates>-110.9421875,32.2490625,0 -110.9390625,32.2490625,0 -110.9390625,32.2509375,0 -110.9421875,32.2509375,0 -110.9421875,32.2490625,0</coordinates></LinearRing></outerBoundaryIs></Polygon></Placemark>
      <Placemark><name>Grass (4,16)</name><styleUrl>#grassStyle_0</styleUrl><Polygon><outerBoundaryIs><LinearRing><coordinates>-110.9390625,32.2490625,0 -110.93593750000001,32.2490625,0 -110.93593750000001,32.2509375,0 -110.9390625,32.2509375,0 -110.9390625,32.2490625,0</coordinates></LinearRing></outerBoundaryIs></Polygon></Placemark>
      <Placemark><name>Grass (5,16)</name><styleUrl>#grassStyle_1</styleUrl><Polygon><outerBoundaryIs><LinearRing><coordinates>-110.93593750000001,32.2490625,0 -110.9328125,32.2490625,0 -110.9328125,32.2509375,0 -110.93593750000001,32.2509375,0 -110.93593750000001,32.2490625,0</coordinates></LinearRing></outerBoundaryIs></Polygon></Placemark>
      <Placemark><name>Grass (6,16)</name><styleUrl>#grassStyle_1</styleUrl><Polygon><outerBoundaryIs><LinearRing><coordinates>-110.9328125,32.2490625,0 -110.9296875,32.2490625,0 -110.9296875,32.2509375,0 -110.9328125,32.2509375,0 -110.9328125,32.2490625,0</coordinates></LinearRing></outerBoundaryIs></Polygon></Placemark>
      <Placemark><name>Grass (7,16)</name><styleUrl>#grassStyle_0</styleUrl><Polygon><outerBoundaryIs><LinearRing><coordinates>-110.9296875,32.2490625,0 -110.9265625,32.2490625,0 -110.9265625,32.2509375,0 -110.9296875,32.2509375,0 -110.9296875,32.2490625,0</coordinates></LinearRing></outerBoundaryIs></Polygon></Placemark>
      <Placemark><name>Grass (8,16)</name><styleUrl>#grassStyle_0</styleUrl><Polygon><outerBoundaryIs><LinearRing><coordinates>-110.9265625,32.2490625,0 -110.9234375,32.2490625,0 -110.9234375,32.2509375,0 -110.9265625,32.2509375,0 -110.9265625,32.2490625,0</coordinates></LinearRing></outerBoundaryIs></Polygon></Placemark>
      <Placemark><name>Grass (9,16)</name><styleUrl>#grassStyle_0</styleUrl><Polygon><outerBoundaryIs><LinearRing><coordinates>-110.9234375,32.2490625,0 -110.92031250000001,32.2490625,0 -110.92031250000001,32.2509375,0 -110.9234375,32.2509375,0 -110.9234375,32.2490625,0</coordinates></LinearRing></outerBoundaryIs></Polygon></Placemark>
      <Placemark><name>Grass (10,16)</name><styleUrl>#grassStyle_1</styleUrl><Polygon><outerBoundaryIs><LinearRing><coordinates>-110.92031250000001,32.2490625,0 -110.91718750000001,32.2490625,0 -110.91718750000001,32.2509375,0 -110.92031250000001,32.2509375,0 -110.92031250000001,32.2490625,0</coordinates></LinearRing></outerBoundaryIs></Polygon></Placemark>
      <Placemark><name>Grass (11,16)</name><styleUrl>#grassStyle_0</styleUrl><Polygon><outerBoundaryIs><LinearRing><coordinates>-110.91718750000001,32.2490625,0 -110.9140625,32.2490625,0 -110.9140625,32.2509375,0 -110.91718750000001,32.2509375,0 -110.91718750000001,32.2490625,0</coordinates></LinearRing></outerBoundaryIs></Polygon></Placemark>
      <Placemark><name>Grass (12,16)</name><styleUrl>#grassStyle_1</styleUrl><Polygon><outerBoundaryIs><LinearRing><coordinates>-110.9140625,32.2490625,0 -110.9109375,32.2490625,0 -110.9109375,32.2509375,0 -110.9140625,32.2509375,0 -110.9140625,32.2490625,0</coordinates></LinearRing></outerBoundaryIs></Polygon></Placemark>
      <Placemark><name>Grass (13,16)</name><styleUrl>#grassStyle_1</styleUrl><Polygon><outerBoundaryIs><LinearRing><coordinates>-110.9109375,32.2490625,0 -110.9078125,32.2490625,0 -110.9078125,32.2509375,0 -110.9109375,32.2509375,0 -110.9109375,32.2490625,0</coordinates></LinearRing></outerBoundaryIs></Polygon></Placemark>
      <Placemark><name>Grass (14,16)</name><styleUrl>#grassStyle_1</styleUrl><Polygon><outerBoundaryIs><LinearRing><coordinates>-110.9078125,32.2490625,0 -110.90468750000001,32.2490625,0 -110.90468750000001,32.2509375,0 -110.9078125,32.2509375,0 -110.9078125,32.2490625,0</coordinates></LinearRing></outerBoundaryIs></Polygon></Placemark>
      <Placemark><name>Grass (15,16)</name><styleUrl>#grassStyle_0</styleUrl><Polygon><outerBoundaryIs><LinearRing><coordinates>-110.90468750000001,32.2490625,0 -110.90156250000001,32.2490625,0 -110.90156250000001,32.2509375,0 -110.90468750000001,32.2509375,0 -110.90468750000001,32.2490625,0</coordinates></LinearRing></outerBoundaryIs></Polygon></Placemark>
      <Placemark><name>Grass (16,16)</name><styleUrl>#grassStyle_0</styleUrl><Polygon><outerBoundaryIs><LinearRing><coordinates>-110.90156250000001,32.2490625,0 -110.8984375,32.2490625,0 -110.8984375,32.2509375,0 -110.90156250000001,32.2509375,0 -110.90156250000001,32.2490625,0</coordinates></LinearRing></outerBoundaryIs></Polygon></Placemark>
    </Folder>
    <Folder><name>Cows</name>
      <Placemark>
        <name>Greedy Cow</name>
        <description>Energy: 29</description>
        <styleUrl>#greedyCowStyle</styleUrl>
        <Point><coordinates>-110.92299548379104,32.21782034853447,0</coordinates></Point>
      </Placemark>
      <Placemark>
        <name>Greedy Cow</name>
        <description>Energy: 34</description>
        <styleUrl>#greedyCowStyle</styleUrl>
        <Point><coordinates>-110.92634016004692,32.218485365582985,0</coordinates></Point>
      </Placemark>
      <Placemark>
        <name>Greedy Cow</name>
        <description>Energy: 39</description>
        <styleUrl>#greedyCowStyle</styleUrl>
        <Point><coordinates>-110.94764745566948,32.24375628956558,0</coordinates></Point>
      </Placemark>
      <Placemark>
        <name>Greedy Cow</name>
        <description>Energy: 44</description>
        <styleUrl>#greedyCowStyle</styleUrl>
        <Point><coordinates>-110.90284170813707,32.24971001895614,0</coordinates></Point>
      </Placemark>
      <Placemark>
        <name>Greedy Cow</name>
        <description>Energy: 39</description>
        <styleUrl>#greedyCowStyle</styleUrl>
        <Point><coordinates>-110.96483378504811,32.25,0</coordinates></Point>
      </Placemark>
      <Placemark>
        <name>Greedy Cow</name>
        <description>Energy: 49</description>
        <styleUrl>#greedyCowStyle</styleUrl>
        <Point><coordinates>-110.98535667086078,32.219164419671,0</coordinates></Point>
      </Placemark>
      <Placemark>
        <name>Greedy Cow</name>
        <description>Energy: 24</description>
        <styleUrl>#greedyCowStyle</styleUrl>
        <Point><coordinates>-110.92012586925127,32.23950867942192,0</coordinates></Point>
      </Placemark>
      <Placemark>
        <name>Greedy Cow</name>
        <description>Energy: 39</description>
        <styleUrl>#greedyCowStyle</styleUrl>
        <Point><coordinates>-110.97331322605531,32.247946099197065,0</coordinates></Point>
      </Placemark>
      <Placemark>
        <name>Greedy Cow</name>
        <description>Energy: 39</description>
        <styleUrl>#greedyCowStyle</styleUrl>
        <Point><coordinates>-110.9210721971591,32.21444622242582,0</coordinates></Point>
      </Placemark>
      <Placemark>
        <name>Greedy Cow</name>
        <description>Energy: 34</description>
        <styleUrl>#greedyCowStyle</styleUrl>
        <Point><coordinates>-110.95840502837483,32.23286498175793,0</coordinates></Point>
      </Placemark>
      <Placemark>
        <name>Greedy Cow</name>
        <description>Energy: 24</description>
        <styleUrl>#greedyCowStyle</styleUrl>
        <Point><coordinates>-110.98873706581142,32.22000192653517,0</coordinates></Point>
      </Placemark>
      <Placemark>
        <name>Greedy Cow</name>
        <description>Energy: 34</description>
        <styleUrl>#greedyCowStyle</styleUrl>
        <Point><coordinates>-110.90665444898836,32.21892735353351,0</coordinates></Point>
      </Placemark>
      <Placemark>
        <name>Greedy Cow</name>
        <description>Energy: 29</description>
        <styleUrl>#greedyCowStyle</styleUrl>
        <Point><coordinates>-110.92973124076269,32.240215263131454,0</coordinates></Point>
      </Placemark>
      <Placemark>
        <name>Greedy Cow</name>
        <description>Energy: 44</description>
        <styleUrl>#greedyCowStyle</styleUrl>
        <Point><coordinates>-110.96111379721965,32.223690931609,0</coordinates></Point>
      </Placemark>
      <Placemark>
        <name>Greedy Cow</name>
        <description>Energy: 49</description>
        <styleUrl>#greedyCowStyle</styleUrl>
        <Point><coordinates>-110.9,32.225554509996414,0</coordinates></Point>
      </Placemark>
      <Placemark>
        <name>Greedy Cow</name>
        <description>Energy: 49</description>
        <styleUrl>#greedyCowStyle</styleUrl>
        <Point><coordinates>-110.97968788227475,32.19,0</coordinates></Point>
      </Placemark>
      <Placemark>
        <name>Greedy Cow</name>
        <description>Energy: 29</description>
        <styleUrl>#greedyCowStyle</styleUrl>
        <Point><coordinates>-110.9530482779694,32.21441569982193,0</coordinates></Point>
      </Placemark>
      <Placemark>
        <name>Greedy Cow</name>
        <description>Energy: 44</description>
        <styleUrl>#greedyCowStyle</styleUrl>
        <Point><coordinates>-110.94124930175882,32.24852452771024,0</coordinates></Point>
      </Placemark>
      <Placemark>
        <name>Greedy Cow</name>
        <description>Energy: 34</description>
        <styleUrl>#greedyCowStyle</styleUrl>
        <Point><coordinates>-110.98565980907591,32.193929265363366,0</coordinates></Point>
      </Placemark>
      <Placemark>
        <name>Greedy Cow</name>
        <description>Energy: 49</description>
        <styleUrl>#greedyCowStyle</styleUrl>
        <Point><coordinates>-110.92639949218224,32.245559822213124,0</coordinates></Point>
      </Placemark>
      <Placemark>
        <name>Greedy Cow</name>
        <description>Energy: 44</description>
        <styleUrl>#greedyCowStyle</styleUrl>
        <Point><coordinates>-110.960037470626,32.19192934122269,0</coordinates></Point>
      </Placemark>
      <Placemark>
        <name>Greedy Cow</name>
        <description>Energy: 39</description>
        <styleUrl>#greedyCowStyle</styleUrl>
        <Point><coordinates>-110.91927222371197,32.218007954293086,0</coordinates></Point>
      </Placemark>
      <Placemark>
        <name>Greedy Cow</name>
        <description>Energy: 34</description>
        <styleUrl>#greedyCowStyle</styleUrl>
        <Point><coordinates>-110.93010957991055,32.190979228857884,0</coordinates></Point>
      </Placemark>
      <Placemark>
        <name>Greedy Cow</name>
        <description>Energy: 44</description>
        <styleUrl>#greedyCowStyle</styleUrl>
        <Point><coordinates>-110.96700329050937,32.22215963139071,0</coordinates></Point>
      </Placemark>
      <Placemark>
        <name>Greedy Cow</name>
        <description>Energy: 39</description>
        <styleUrl>#greedyCowStyle</styleUrl>
        <Point><coordinates>-110.92954098874546,32.24347303060687,0</coordinates></Point>
      </Placemark>
      <Placemark>
        <name>Greedy Cow</name>
        <description>Energy: 34</description>
        <styleUrl>#greedyCowStyle</styleUrl>
        <Point><coordinates>-110.97700085990265,32.2485981633494,0</coordinates></Point>
      </Placemark>
      <Placemark>
        <name>Greedy Cow</name>
        <description>Energy: 29</description>
        <styleUrl>#greedyCowStyle</styleUrl>
        <Point><coordinates>-110.900567894068,32.24725372597903,0</coordinates></Point>
      </Placemark>
      <Placemark>
        <name>Greedy Cow</name>
        <description>Energy: 24</description>
        <styleUrl>#greedyCowStyle</styleUrl>
        <Point><coordinates>-110.9810001335984,32.20284829733862,0</coordinates></Point>
      </Placemark>
      <Placemark>
        <name>Greedy Cow</name>
        <description>Energy: 41</description>
        <styleUrl>#greedyCowStyle</styleUrl>
        <Point><coordinates>-110.94185806829645,32.24382867880432,0</coordinates></Point>
      </Placemark>
      <Placemark>
        <name>Greedy Cow</name>
        <description>Energy: 31</description>
        <styleUrl>#greedyCowStyle</styleUrl>
        <Point><coordinates>-110.90598238430246,32.198513724744615,0</coordinates></Point>
      </Placemark>
      <Placemark>
        <name>Greedy Cow</name>
        <description>Energy: 16</description>
        <styleUrl>#greedyCowStyle</styleUrl>
        <Point><coordinates>-110.9363264202026,32.22021865538869,0</coordinates></Point>
      </Placemark>
      <Placemark>
        <name>Greedy Cow</name>
        <description>Energy: 36</description>
        <styleUrl>#greedyCowStyle</styleUrl>
        <Point><coordinates>-110.94927979630465,32.19136398929846,0</coordinates></Point>
      </Placemark>
      <Placemark>
        <name>Greedy Cow</name>
        <description>Energy: 26</description>
        <styleUrl>#greedyCowStyle</styleUrl>
        <Point><coordinates>-110.94245292954467,32.203608322945435,0</coordinates></Point>
      </Placemark>
      <Placemark>
        <name>Greedy Cow</name>
        <description>Energy: 31</description>
        <styleUrl>#greedyCowStyle</styleUrl>
        <Point><coordinates>-110.91887740584579,32.20056669490993,0</coordinates></Point>
      </Placemark>
      <Placemark>
        <name>Greedy Cow</name>
        <description>Energy: 31</description>
        <styleUrl>#greedyCowStyle</styleUrl>
        <Point><coordinates>-110.90544995666633,32.2330260333498,0</coordinates></Point>
      </Placemark>
      <Placemark>
        <name>Greedy Cow</name>
        <description>Energy: 21</description>
        <styleUrl>#greedyCowStyle</styleUrl>
        <Point><coordinates>-110.96654932322265,32.25,0</coordinates></Point>
      </Placemark>
      <Placemark>
        <name>Greedy Cow</name>
        <description>Energy: 36</description>
        <styleUrl>#greedyCowStyle</styleUrl>
        <Point><coordinates>-110.98931702548711,32.1955903550601,0</coordinates></Point>
      </Placemark>
      <Placemark>
        <name>Greedy Cow</name>
        <description>Energy: 41</description>
        <styleUrl>#greedyCowStyle</styleUrl>
        <Point><coordinates>-110.98262976763435,32.245235155216726,0</coordinates></Point>
      </Placemark>
      <Placemark>
        <name>Greedy Cow</name>
        <description>Energy: 26</description>
        <styleUrl>#greedyCowStyle</styleUrl>
        <Point><coordinates>-110.94631275686012,32.249874775061905,0</coordinates></Point>
      </Placemark>
      <Placemark>
        <name>Greedy Cow</name>
        <description>Energy: 46</description>
        <styleUrl>#greedyCowStyle</styleUrl>
        <Point><coordinates>-110.94361294731867,32.24930044511249,0</coordinates></Point>
      </Placemark>
      <Placemark>
        <name>Greedy Cow</name>
        <description>Energy: 46</description>
        <styleUrl>#greedyCowStyle</styleUrl>
        <Point><coordinates>-110.90895434345826,32.22908768086355,0</coordinates></Point>
      </Placemark>
      <Placemark>
        <name>Greedy Cow</name>
        <description>Energy: 36</description>
        <styleUrl>#greedyCowStyle</styleUrl>
        <Point><coordinates>-110.98975956376387,32.221037731678294,0</coordinates></Point>
      </Placemark>
      <Placemark>
        <name>Greedy Cow</name>
        <description>Energy: 36</description>
        <styleUrl>#greedyCowStyle</styleUrl>
        <Point><coordinates>-110.9502643456188,32.21582101613296,0</coordinates></Point>
      </Placemark>
      <Placemark>
        <name>Greedy Cow</name>
        <description>Energy: 46</description>
        <styleUrl>#greedyCowStyle</styleUrl>
        <Point><coordinates>-110.98992760989586,32.19988440588413,0</coordinates></Point>
      </Placemark>
      <Placemark>
        <name>Greedy Cow</name>
        <description>Energy: 26</description>
        <styleUrl>#greedyCowStyle</styleUrl>
        <Point><coordinates>-110.97886961896496,32.20567083730785,0</coordinates></Point>
      </Placemark>
      <Placemark>
        <name>Greedy Cow</name>
        <description>Energy: 41</description>
        <styleUrl>#greedyCowStyle</styleUrl>
        <Point><coordinates>-110.9,32.216557765887494,0</coordinates></Point>
      </Placemark>
      <Placemark>
        <name>Greedy Cow</name>
        <description>Energy: 36</description>
        <styleUrl>#greedyCowStyle</styleUrl>
        <Point><coordinates>-110.90373933176616,32.22874565468242,0</coordinates></Point>
      </Placemark>
      <Placemark>
        <name>Greedy Cow</name>
        <description>Energy: 26</description>
        <styleUrl>#greedyCowStyle</styleUrl>
        <Point><coordinates>-110.93755138698378,32.24977612004148,0</coordinates></Point>
      </Placemark>
      <Placemark>
        <name>Greedy Cow</name>
        <description>Energy: 41</description>
        <styleUrl>#greedyCowStyle</styleUrl>
        <Point><coordinates>-110.91031909792643,32.21720213961505,0</coordinates></Point>
      </Placemark>
      <Placemark>
        <name>Greedy Cow</name>
        <description>Energy: 26</description>
        <styleUrl>#greedyCowStyle</styleUrl>
        <Point><coordinates>-110.90387261970787,32.23410401229555,0</coordinates></Point>
      </Placemark>
      <Placemark>
        <name>Greedy Cow</name>
        <description>Energy: 36</description>
        <styleUrl>#greedyCowStyle</styleUrl>
        <Point><coordinates>-110.9313312895188,32.23949573343773,0</coordinates></Point>
      </Placemark>
      <Placemark>
        <name>Greedy Cow</name>
        <description>Energy: 41</description>
        <styleUrl>#greedyCowStyle</styleUrl>
        <Point><coordinates>-110.92577278180836,32.217980280196414,0</coordinates></Point>
      </Placemark>
      <Placemark>
        <name>Greedy Cow</name>
        <description>Energy: 26</description>
        <styleUrl>#greedyCowStyle</styleUrl>
        <Point><coordinates>-110.94817540519709,32.224109407858,0</coordinates></Point>
      </Placemark>
      <Placemark>
        <name>Greedy Cow</name>
        <description>Energy: 41</description>
        <styleUrl>#greedyCowStyle</styleUrl>
        <Point><coordinates>-110.92612737826246,32.2099581574325,0</coordinates></Point>
      </Placemark>
      <Placemark>
        <name>Greedy Cow</name>
        <description>Energy: 36</description>
        <styleUrl>#greedyCowStyle</styleUrl>
        <Point><coordinates>-110.93718898275966,32.20403623803641,0</coordinates></Point>
      </Placemark>
      <Placemark>
        <name>Greedy Cow</name>
        <description>Energy: 36</description>
        <styleUrl>#greedyCowStyle</styleUrl>
        <Point><coordinates>-110.92238555335938,32.20115815062949,0</coordinates></Point>
      </Placemark>
      <Placemark>
        <name>Greedy Cow</name>
        <description>Energy: 37</description>
        <styleUrl>#greedyCowStyle</styleUrl>
        <Point><coordinates>-110.97999634998425,32.239678752594095,0</coordinates></Point>
      </Placemark>
      <Placemark>
        <name>Greedy Cow</name>
        <description>Energy: 37</description>
        <styleUrl>#greedyCowStyle</styleUrl>
        <Point><coordinates>-110.96960248496954,32.19336178811363,0</coordinates></Point>
      </Placemark>
      <Placemark>
        <name>Greedy Cow</name>
        <description>Energy: 32</description>
        <styleUrl>#greedyCowStyle</styleUrl>
        <Point><coordinates>-110.97416831033591,32.1998358503008,0</coordinates></Point>
      </Placemark>
      <Placemark>
        <name>Greedy Cow</name>
        <description>Energy: 27</description>
        <styleUrl>#greedyCowStyle</styleUrl>
        <Point><coordinates>-110.9497473722473,32.21425973733875,0</coordinates></Point>
      </Placemark>
      <Placemark>
        <name>Greedy Cow</name>
        <description>Energy: 47</description>
        <styleUrl>#greedyCowStyle</styleUrl>
        <Point><coordinates>-110.91920612369746,32.19985789025706,0</coordinates></Point>
      </Placemark>
      <Placemark>
        <name>Greedy Cow</name>
        <description>Energy: 17</description>
        <styleUrl>#greedyCowStyle</styleUrl>
        <Point><coordinates>-110.96598035533769,32.20817656567598,0</coordinates></Point>
      </Placemark>
      <Placemark>
        <name>Greedy Cow</name>
        <description>Energy: 37</description>
        <styleUrl>#greedyCowStyle</styleUrl>
        <Point><coordinates>-110.92420845134264,32.23023321763803,0</coordinates></Point>
      </Placemark>
      <Placemark>
        <name>Greedy Cow</name>
        <description>Energy: 22</description>
        <styleUrl>#greedyCowStyle</styleUrl>
        <Point><coordinates>-110.95667419218562,32.23204214003051,0</coordinates></Point>
      </Placemark>
      <Placemark>
        <name>Greedy Cow</name>
        <description>Energy: 42</description>
        <styleUrl>#greedyCowStyle</styleUrl>
        <Point><coordinates>-110.93867647116517,32.24814793812164,0</coordinates></Point>
      </Placemark>
      <Placemark>
        <name>Greedy Cow</name>
        <description>Energy: 37</description>
        <styleUrl>#greedyCowStyle</styleUrl>
        <Point><coordinates>-110.9851271841198,32.24293248754972,0</coordinates></Point>
      </Placemark>
      <Placemark>
        <name>Greedy Cow</name>
        <description>Energy: 32</description>
        <styleUrl>#greedyCowStyle</styleUrl>
        <Point><coordinates>-110.9979265328383,32.214769743100014,0</coordinates></Point>
      </Placemark>
      <Placemark>
        <name>Greedy Cow</name>
        <description>Energy: 37</description>
        <styleUrl>#greedyCowStyle</styleUrl>
        <Point><coordinates>-110.96395736239556,32.22234260199133,0</coordinates></Point>
      </Placemark>
      <Placemark>
        <name>Greedy Cow</name>
        <description>Energy: 27</description>
        <styleUrl>#greedyCowStyle</styleUrl>
        <Point><coordinates>-110.91704209465821,32.25,0</coordinates></Point>
      </Placemark>
      <Placemark>
        <name>Greedy Cow</name>
        <description>Energy: 22</description>
        <styleUrl>#greedyCowStyle</styleUrl>
        <Point><coordinates>-110.93635499312778,32.24548985127855,0</coordinates></Point>
      </Placemark>
      <Placemark>
        <name>Greedy Cow</name>
        <description>Energy: 32</description>
        <styleUrl>#greedyCowStyle</styleUrl>
        <Point><coordinates>-110.96593321249473,32.19772985290346,0</coordinates></Point>
      </Placemark>
      <Placemark>
        <name>Greedy Cow</name>
        <description>Energy: 32</description>
        <styleUrl>#greedyCowStyle</styleUrl>
        <Point><coordinates>-110.90303437095487,32.24435560970826,0</coordinates></Point>
      </Placemark>
      <Placemark>
        <name>Greedy Cow</name>
        <description>Energy: 32</description>
        <styleUrl>#greedyCowStyle</styleUrl>
        <Point><coordinates>-110.93289050888968,32.20606418887891,0</coordinates></Point>
      </Placemark>
      <Placemark>
        <name>Greedy Cow</name>
        <description>Energy: 32</description>
        <styleUrl>#greedyCowStyle</styleUrl>
        <Point><coordinates>-110.97328023595598,32.236028839713214,0</coordinates></Point>
      </Placemark>
      <Placemark>
        <name>Greedy Cow</name>
        <description>Energy: 47</description>
        <styleUrl>#greedyCowStyle</styleUrl>
        <Point><coordinates>-110.94530645826057,32.1987670387826,0</coordinates></Point>
      </Placemark>
      <Placemark>
        <name>Greedy Cow</name>
        <description>Energy: 32</description>
        <styleUrl>#greedyCowStyle</styleUrl>
        <Point><coordinates>-110.95379402645426,32.23439969129996,0</coordinates></Point>
      </Placemark>
      <Placemark>
        <name>Greedy Cow</name>
        <description>Energy: 42</description>
        <styleUrl>#greedyCowStyle</styleUrl>
        <Point><coordinates>-110.9863089352232,32.19942173274903,0</coordinates></Point>
      </Placemark>
      <Placemark>
        <name>Greedy Cow</name>
        <description>Energy: 47</description>
        <styleUrl>#greedyCowStyle</styleUrl>
        <Point><coordinates>-110.97275579258405,32.23363839779241,0</coordinates></Point>
      </Placemark>
      <Placemark>
        <name>Greedy Cow</name>
        <description>Energy: 47</description>
        <styleUrl>#greedyCowStyle</styleUrl>
        <Point><coordinates>-110.990779472915,32.19756837493115,0</coordinates></Point>
      </Placemark>
      <Placemark>
        <name>Greedy Cow</name>
        <description>Energy: 37</description>
        <styleUrl>#greedyCowStyle</styleUrl>
        <Point><coordinates>-110.93405983812544,32.23274659394808,0</coordinates></Point>
      </Placemark>
      <Placemark>
        <name>Greedy Cow</name>
        <description>Energy: 37</description>
        <styleUrl>#greedyCowStyle</styleUrl>
        <Point><coordinates>-110.93733459017288,32.23148578620157,0</coordinates></Point>
      </Placemark>
      <Placemark>
        <name>Greedy Cow</name>
        <description>Energy: 42</description>
        <styleUrl>#greedyCowStyle</styleUrl>
        <Point><coordinates>-110.9025898677964,32.20993188941452,0</coordinates></Point>
      </Placemark>
      <Placemark>
        <name>Greedy Cow</name>
        <description>Energy: 37</description>
        <styleUrl>#greedyCowStyle</styleUrl>
        <Point><coordinates>-110.9088315476823,32.21034650607688,0</coordinates></Point>
      </Placemark>
      <Placemark>
        <name>Greedy Cow</name>
        <description>Energy: 22</description>
        <styleUrl>#greedyCowStyle</styleUrl>
        <Point><coordinates>-110.9834271584018,32.24401840798118,0</coordinates></Point>
      </Placemark>
      <Placemark>
        <name>Greedy Cow</name>
        <description>Energy: 38</description>
        <styleUrl>#greedyCowStyle</styleUrl>
        <Point><coordinates>-110.92170897360499,32.24029484516175,0</coordinates></Point>
      </Placemark>
      <Placemark>
        <name>Greedy Cow</name>
        <description>Energy: 33</description>
        <styleUrl>#greedyCowStyle</styleUrl>
        <Point><coordinates>-110.99682503864875,32.22951339396923,0</coordinates></Point>
      </Placemark>
      <Placemark>
        <name>Greedy Cow</name>
        <description>Energy: 23</description>
        <styleUrl>#greedyCowStyle</styleUrl>
        <Point><coordinates>-110.95508880814589,32.19363754770321,0</coordinates></Point>
      </Placemark>
      <Placemark>
        <name>Greedy Cow</name>
        <description>Energy: 28</description>
        <styleUrl>#greedyCowStyle</styleUrl>
        <Point><coordinates>-110.9833140122019,32.213821683744406,0</coordinates></Point>
      </Placemark>
      <Placemark>
        <name>Greedy Cow</name>
        <description>Energy: 43</description>
        <styleUrl>#greedyCowStyle</styleUrl>
        <Point><coordinates>-110.93603728007108,32.2140655460775,0</coordinates></Point>
      </Placemark>
      <Placemark>
        <name>Greedy Cow</name>
        <description>Energy: 43</description>
        <styleUrl>#greedyCowStyle</styleUrl>
        <Point><coordinates>-110.94586473070306,32.21738094290003,0</coordinates></Point>
      </Placemark>
      <Placemark>
        <name>Greedy Cow</name>
        <description>Energy: 33</description>
        <styleUrl>#greedyCowStyle</styleUrl>
        <Point><coordinates>-110.93898110077959,32.222336774421876,0</coordinates></Point>
      </Placemark>
      <Placemark>
        <name>Greedy Cow</name>
        <description>Energy: 38</description>
        <styleUrl>#greedyCowStyle</styleUrl>
        <Point><coordinates>-110.93240631755368,32.235410341891765,0</coordinates></Point>
      </Placemark>
      <Placemark>
        <name>Greedy Cow</name>
        <description>Energy: 48</description>
        <styleUrl>#greedyCowStyle</styleUrl>
        <Point><coordinates>-110.99194990286463,32.22709620912246,0</coordinates></Point>
      </Placemark>
      <Placemark>
        <name>Greedy Cow</name>
        <description>Energy: 23</description>
        <styleUrl>#greedyCowStyle</styleUrl>
        <Point><coordinates>-110.95076511049167,32.243413611039685,0</coordinates></Point>
      </Placemark>
      <Placemark>
        <name>Greedy Cow</name>
        <description>Energy: 38</description>
        <styleUrl>#greedyCowStyle</styleUrl>
        <Point><coordinates>-110.98819674519964,32.22768038228519,0</coordinates></Point>
      </Placemark>
      <Placemark>
        <name>Greedy Cow</name>
        <description>Energy: 38</description>
        <styleUrl>#greedyCowStyle</styleUrl>
        <Point><coordinates>-110.92292981449116,32.22227762204599,0</coordinates></Point>
      </Placemark>
      <Placemark>
        <name>Greedy Cow</name>
        <description>Energy: 28</description>
        <styleUrl>#greedyCowStyle</styleUrl>
        <Point><coordinates>-110.91235737911944,32.20421805164512,0</coordinates></Point>
      </Placemark>
      <Placemark>
        <name>Greedy Cow</name>
        <description>Energy: 28</description>
        <styleUrl>#greedyCowStyle</styleUrl>
        <Point><coordinates>-110.96392456534116,32.225367083951866,0</coordinates></Point>
      </Placemark>
      <Placemark>
        <name>Greedy Cow</name>
        <description>Energy: 38</description>
        <styleUrl>#greedyCowStyle</styleUrl>
        <Point><coordinates>-110.97445397089622,32.239167680327846,0</coordinates></Point>
      </Placemark>
      <Placemark>
        <name>Greedy Cow</name>
        <description>Energy: 23</description>
        <styleUrl>#greedyCowStyle</styleUrl>
        <Point><coordinates>-110.96324205695413,32.227554233396305,0</coordinates></Point>
      </Placemark>
      <Placemark>
        <name>Greedy Cow</name>
        <description>Energy: 33</description>
        <styleUrl>#greedyCowStyle</styleUrl>
        <Point><coordinates>-110.91374277942306,32.214260568394586,0</coordinates></Point>
      </Placemark>
      <Placemark>
        <name>Greedy Cow</name>
        <description>Energy: 48</description>
        <styleUrl>#greedyCowStyle</styleUrl>
        <Point><coordinates>-110.97224125316667,32.21377305958995,0</coordinates></Point>
      </Placemark>
      <Placemark>
        <name>Greedy Cow</name>
        <description>Energy: 28</description>
        <styleUrl>#greedyCowStyle</styleUrl>
        <Point><coordinates>-111.0,32.21052187243014,0</coordinates></Point>
      </Placemark>
      <Placemark>
        <name>Greedy Cow</name>
        <description>Energy: 28</description>
        <styleUrl>#greedyCowStyle</styleUrl>
        <Point><coordinates>-110.96109496385176,32.211171189565746,0</coordinates></Point>
      </Placemark>
      <Placemark>
        <name>Greedy Cow</name>
        <description>Energy: 48</description>
        <styleUrl>#greedyCowStyle</styleUrl>
        <Point><coordinates>-110.96077997651084,32.244946135783735,0</coordinates></Point>
      </Placemark>
      <Placemark>
        <name>Greedy Cow</name>
        <description>Energy: 33</description>
        <styleUrl>#greedyCowStyle</styleUrl>
        <Point><coordinates>-110.95011891162055,32.21376049801818,0</coordinates></Point>
      </Placemark>
      <Placemark>
        <name>Greedy Cow</name>
        <description>Energy: 28</description>
        <styleUrl>#greedyCowStyle</styleUrl>
        <Point><coordinates>-110.93571997647351,32.21981368150588,0</coordinates></Point>
      </Placemark>
      <Placemark>
        <name>Greedy Cow</name>
        <description>Energy: 48</description>
        <styleUrl>#greedyCowStyle</styleUrl>
        <Point><coordinates>-110.94670972987969,32.21467698543083,0</coordinates></Point>
      </Placemark>
      <Placemark>
        <name>Greedy Cow</name>
        <description>Energy: 48</description>
        <styleUrl>#greedyCowStyle</styleUrl>
        <Point><coordinates>-110.95297753307293,32.223035511369886,0</coordinates></Point>
      </Placemark>
      <Placemark>
        <name>Greedy Cow</name>
        <description>Energy: 38</description>
        <styleUrl>#greedyCowStyle</styleUrl>
        <Point><coordinates>-110.98249954310708,32.20450754079391,0</coordinates></Point>
      </Placemark>
      <Placemark>
        <name>Greedy Cow</name>
        <description>Energy: 28</description>
        <styleUrl>#greedyCowStyle</styleUrl>
        <Point><coordinates>-110.9597685548508,32.23007328370379,0</coordinates></Point>
      </Placemark>
      <Placemark>
        <name>Greedy Cow</name>
        <description>Energy: 38</description>
        <styleUrl>#greedyCowStyle</styleUrl>
        <Point><coordinates>-110.98352147425209,32.19976017760108,0</coordinates></Point>
      </Placemark>
      <Placemark>
        <name>Greedy Cow</name>
        <description>Energy: 29</description>
        <styleUrl>#greedyCowStyle</styleUrl>
        <Point><coordinates>-110.94536876237194,32.237220718788095,0</coordinates></Point>
      </Placemark>
      <Placemark>
        <name>Greedy Cow</name>
        <description>Energy: 29</description>
        <styleUrl>#greedyCowStyle</styleUrl>
        <Point><coordinates>-110.91690284200426,32.218218427152465,0</coordinates></Point>
      </Placemark>
      <Placemark>
        <name>Greedy Cow</name>
        <description>Energy: 49</description>
        <styleUrl>#greedyCowStyle</styleUrl>
        <Point><coordinates>-110.95678271961646,32.214036775794575,0</coordinates></Point>
      </Placemark>
      <Placemark>
        <name>Greedy Cow</name>
        <description>Energy: 44</description>
        <styleUrl>#greedyCowStyle</styleUrl>
        <Point><coordinates>-110.97844157969459,32.224431779435726,0</coordinates></Point>
      </Placemark>
      <Placemark>
        <name>Greedy Cow</name>
        <description>Energy: 44</description>
        <styleUrl>#greedyCowStyle</styleUrl>
        <Point><coordinates>-110.95321420630584,32.233429647619985,0</coordinates></Point>
      </Placemark>
      <Placemark>
        <name>Greedy Cow</name>
        <description>Energy: 34</description>
        <styleUrl>#greedyCowStyle</styleUrl>
        <Point><coordinates>-110.92789653164677,32.22421183432075,0</coordinates></Point>
      </Placemark>
      <Placemark>
        <name>Greedy Cow</name>
        <description>Energy: 29</description>
        <styleUrl>#greedyCowStyle</styleUrl>
        <Point><coordinates>-110.98311479431038,32.221835648624925,0</coordinates></Point>
      </Placemark>
      <Placemark>
        <name>Greedy Cow</name>
        <description>Energy: 44</description>
        <styleUrl>#greedyCowStyle</styleUrl>
        <Point><coordinates>-110.98754032805705,32.22998690188512,0</coordinates></Point>
      </Placemark>
      <Placemark>
        <name>Greedy Cow</name>
        <description>Energy: 44</description>
        <styleUrl>#greedyCowStyle</styleUrl>
        <Point><coordinates>-110.93666208720795,32.23944086737261,0</coordinates></Point>
      </Placemark>
      <Placemark>
        <name>Greedy Cow</name>
        <description>Energy: 44</description>
        <styleUrl>#greedyCowStyle</styleUrl>
        <Point><coordinates>-110.965151040354,32.231483211318,0</coordinates></Point>
      </Placemark>
      <Placemark>
        <name>Greedy Cow</name>
        <description>Energy: 29</description>
        <styleUrl>#greedyCowStyle</styleUrl>
        <Point><coordinates>-110.90558505858688,32.22260805229014,0</coordinates></Point>
      </Placemark>
      <Placemark>
        <name>Greedy Cow</name>
        <description>Energy: 34</description>
        <styleUrl>#greedyCowStyle</styleUrl>
        <Point><coordinates>-110.93209656513577,32.20957015194919,0</coordinates></Point>
      </Placemark>
      <Placemark>
        <name>Greedy Cow</name>
        <description>Energy: 39</description>
        <styleUrl>#greedyCowStyle</styleUrl>
        <Point><coordinates>-110.92920006723533,32.25,0</coordinates></Point>
      </Placemark>
      <Placemark>
        <name>Greedy Cow</name>
        <description>Energy: 44</description>
        <styleUrl>#greedyCowStyle</styleUrl>
        <Point><coordinates>-110.94919996229547,32.248153888079656,0</coordinates></Point>
      </Placemark>
      <Placemark>
        <name>Greedy Cow</name>
        <description>Energy: 34</description>
        <styleUrl>#greedyCowStyle</styleUrl>
        <Point><coordinates>-110.99019702143781,32.19811695602474,0</coordinates></Point>
      </Placemark>
      <Placemark>
        <name>Greedy Cow</name>
        <description>Energy: 34</description>
        <styleUrl>#greedyCowStyle</styleUrl>
        <Point><coordinates>-110.98723468576316,32.20462804921656,0</coordinates></Point>
      </Placemark>
      <Placemark>
        <name>Greedy Cow</name>
        <description>Energy: 44</description>
        <styleUrl>#greedyCowStyle</styleUrl>
        <Point><coordinates>-110.94583722037372,32.19426466596712,0</coordinates></Point>
      </Placemark>
      <Placemark>
        <name>Greedy Cow</name>
        <description>Energy: 34</description>
        <styleUrl>#greedyCowStyle</styleUrl>
        <Point><coordinates>-110.97309451754325,32.21953578290045,0</coordinates></Point>
      </Placemark>
      <Placemark>
        <name>Greedy Cow</name>
        <description>Energy: 44</description>
        <styleUrl>#greedyCowStyle</styleUrl>
        <Point><coordinates>-110.9057167906584,32.22341132050877,0</coordinates></Point>
      </Placemark>
      <Placemark>
        <name>Greedy Cow</name>
        <description>Energy: 24</description>
        <styleUrl>#greedyCowStyle</styleUrl>
        <Point><coordinates>-110.99435368859415,32.244869631629605,0</coordinates></Point>
      </Placemark>
      <Placemark>
        <name>Greedy Cow</name>
        <description>Energy: 44</description>
        <styleUrl>#greedyCowStyle</styleUrl>
        <Point><coordinates>-110.93867983366721,32.19,0</coordinates></Point>
      </Placemark>
      <Placemark>
        <name>Greedy Cow</name>
        <description>Energy: 44</description>
        <styleUrl>#greedyCowStyle</styleUrl>
        <Point><coordinates>-110.97333097182441,32.21198643022375,0</coordinates></Point>
      </Placemark>
      <Placemark>
        <name>Greedy Cow</name>
        <description>Energy: 34</description>
        <styleUrl>#greedyCowStyle</styleUrl>
        <Point><coordinates>-110.9481046418626,32.23071978798653,0</coordinates></Point>
      </Placemark>
      <Placemark>
        <name>Greedy Cow</name>
        <description>Energy: 39</description>
        <styleUrl>#greedyCowStyle</styleUrl>
        <Point><coordinates>-110.97650963542651,32.239702511121166,0</coordinates></Point>
      </Placemark>
      <Placemark>
        <name>Greedy Cow</name>
        <description>Energy: 29</description>
        <styleUrl>#greedyCowStyle</styleUrl>
        <Point><coordinates>-110.94482023408412,32.205305459086084,0</coordinates></Point>
      </Placemark>
      <Placemark>
        <name>Greedy Cow</name>
        <description>Energy: 34</description>
        <styleUrl>#greedyCowStyle</styleUrl>
        <Point><coordinates>-110.95821913942942,32.229763746493916,0</coordinates></Point>
      </Placemark>
      <Placemark>
        <name>Greedy Cow</name>
        <description>Energy: 39</description>
        <styleUrl>#greedyCowStyle</styleUrl>
        <Point><coordinates>-110.99021136968332,32.2238669624035,0</coordinates></Point>
      </Placemark>
      <Placemark>
        <name>Greedy Cow</name>
        <description>Energy: 24</description>
        <styleUrl>#greedyCowStyle</styleUrl>
        <Point><coordinates>-110.95215821473856,32.19990570523845,0</coordinates></Point>
      </Placemark>
      <Placemark>
        <name>Greedy Cow</name>
        <description>Energy: 34</description>
        <styleUrl>#greedyCowStyle</styleUrl>
        <Point><coordinates>-110.91713729879481,32.2305827290461,0</coordinates></Point>
      </Placemark>
      <Placemark>
        <name>Greedy Cow</name>
        <description>Energy: 29</description>
        <styleUrl>#greedyCowStyle</styleUrl>
        <Point><coordinates>-110.91717485899734,32.23717230751006,0</coordinates></Point>
      </Placemark>
      <Placemark>
        <name>Greedy Cow</name>
        <description>Energy: 44</description>
        <styleUrl>#greedyCowStyle</styleUrl>
        <Point><coordinates>-110.95236206258461,32.20848537373436,0</coordinates></Point>
      </Placemark>
      <Placemark>
        <name>Greedy Cow</name>
        <description>Energy: 29</description>
        <styleUrl>#greedyCowStyle</styleUrl>
        <Point><coordinates>-110.92667014722917,32.249010925596416,0</coordinates></Point>
      </Placemark>
      <Placemark>
        <name>Greedy Cow</name>
        <description>Energy: 34</description>
        <styleUrl>#greedyCowStyle</styleUrl>
        <Point><coordinates>-110.90978946868462,32.21432310892085,0</coordinates></Point>
      </Placemark>
      <Placemark>
        <name>Greedy Cow</name>
        <description>Energy: 29</description>
        <styleUrl>#greedyCowStyle</styleUrl>
        <Point><coordinates>-110.94092101123431,32.216590543602884,0</coordinates></Point>
      </Placemark>
      <Placemark>
        <name>Greedy Cow</name>
        <description>Energy: 29</description>
        <styleUrl>#greedyCowStyle</styleUrl>
        <Point><coordinates>-110.94978265407708,32.22476998711784,0</coordinates></Point>
      </Placemark>
      <Placemark>
        <name>Greedy Cow</name>
        <description>Energy: 29</description>
        <styleUrl>#greedyCowStyle</styleUrl>
        <Point><coordinates>-110.93507662912234,32.23037021091071,0</coordinates></Point>
      </Placemark>
      <Placemark>
        <name>Greedy Cow</name>
        <description>Energy: 44</description>
        <styleUrl>#greedyCowStyle</styleUrl>
        <Point><coordinates>-110.94110665781163,32.20312577486467,0</coordinates></Point>
      </Placemark>
      <Placemark>
        <name>Greedy Cow</name>
        <description>Energy: 34</description>
        <styleUrl>#greedyCowStyle</styleUrl>
        <Point><coordinates>-110.95389817554673,32.190415126404424,0</coordinates></Point>
      </Placemark>
      <Placemark>
        <name>Greedy Cow</name>
        <description>Energy: 34</description>
        <styleUrl>#greedyCowStyle</styleUrl>
        <Point><coordinates>-110.9216794901345,32.20145844113847,0</coordinates></Point>
      </Placemark>
      <Placemark>
        <name>Greedy Cow</name>
        <description>Energy: 29</description>
        <styleUrl>#greedyCowStyle</styleUrl>
        <Point><coordinates>-110.97430501174014,32.22124189819931,0</coordinates></Point>
      </Placemark>
      <Placemark>
        <name>Greedy Cow</name>
        <description>Energy: 49</description>
        <styleUrl>#greedyCowStyle</styleUrl>
        <Point><coordinates>-110.90860326329886,32.23309564768103,0</coordinates></Point>
      </Placemark>
      <Placemark>
        <name>Greedy Cow</name>
        <description>Energy: 34</description>
        <styleUrl>#greedyCowStyle</styleUrl>
        <Point><coordinates>-110.95681379479045,32.229904453175095,0</coordinates></Point>
      </Placemark>
      <Placemark>
        <name>Greedy Cow</name>
        <description>Energy: 29</description>
        <styleUrl>#greedyCowStyle</styleUrl>
        <Point><coordinates>-110.95527511213913,32.2425662470016,0</coordinates></Point>
      </Placemark>
      <Placemark>
        <name>Greedy Cow</name>
        <description>Energy: 29</description>
        <styleUrl>#greedyCowStyle</styleUrl>
        <Point><coordinates>-110.98865914905156,32.24516930377283,0</coordinates></Point>
      </Placemark>
      <Placemark>
        <name>Greedy Cow</name>
        <description>Energy: 44</description>
        <styleUrl>#greedyCowStyle</styleUrl>
        <Point><coordinates>-110.91604788089998,32.24571139825954,0</coordinates></Point>
      </Placemark>
      <Placemark>
        <name>Greedy Cow</name>
        <description>Energy: 39</description>
        <styleUrl>#greedyCowStyle</styleUrl>
        <Point><coordinates>-110.91055584980431,32.19447078913921,0</coordinates></Point>
      </Placemark>
      <Placemark>
        <name>Greedy Cow</name>
        <description>Energy: 39</description>
        <styleUrl>#greedyCowStyle</styleUrl>
        <Point><coordinates>-110.91556089202957,32.25,0</coordinates></Point>
      </Placemark>
      <Placemark>
        <name>Greedy Cow</name>
        <description>Energy: 49</description>
        <styleUrl>#greedyCowStyle</styleUrl>
        <Point><coordinates>-110.95759587738802,32.21319506687757,0</coordinates></Point>
      </Placemark>
      <Placemark>
        <name>Greedy Cow</name>
        <description>Energy: 44</description>
        <styleUrl>#greedyCowStyle</styleUrl>
        <Point><coordinates>-110.97289047117968,32.23227141036382,0</coordinates></Point>
      </Placemark>
      <Placemark>
        <name>Greedy Cow</name>
        <description>Energy: 24</description>
        <styleUrl>#greedyCowStyle</styleUrl>
        <Point><coordinates>-110.97403864556328,32.200409766767756,0</coordinates></Point>
      </Placemark>
      <Placemark>
        <name>Greedy Cow</name>
        <description>Energy: 34</description>
        <styleUrl>#greedyCowStyle</styleUrl>
        <Point><coordinates>-110.91266472010417,32.235971562345036,0</coordinates></Point>
      </Placemark>
      <Placemark>
        <name>Greedy Cow</name>
        <description>Energy: 29</description>
        <styleUrl>#greedyCowStyle</styleUrl>
        <Point><coordinates>-110.95616447107122,32.19920066368891,0</coordinates></Point>
      </Placemark>
      <Placemark>
        <name>Greedy Cow</name>
        <description>Energy: 29</description>
        <styleUrl>#greedyCowStyle</styleUrl>
        <Point><coordinates>-110.98429805293445,32.19293096756814,0</coordinates></Point>
      </Placemark>
      <Placemark>
        <name>Greedy Cow</name>
        <description>Energy: 44</description>
        <styleUrl>#greedyCowStyle</styleUrl>
        <Point><coordinates>-110.98571588024235,32.196908127150245,0</coordinates></Point>
      </Placemark>
      <Placemark>
        <name>Greedy Cow</name>
        <description>Energy: 34</description>
        <styleUrl>#greedyCowStyle</styleUrl>
        <Point><coordinates>-110.96627848857155,32.19,0</coordinates></Point>
      </Placemark>
      <Placemark>
        <name>Greedy Cow</name>
        <description>Energy: 39</description>
        <styleUrl>#greedyCowStyle</styleUrl>
        <Point><coordinates>-110.91728766949275,32.20824016969259,0</coordinates></Point>
      </Placemark>
      <Placemark>
        <name>Greedy Cow</name>
        <description>Energy: 44</description>
        <styleUrl>#greedyCowStyle</styleUrl>
        <Point><coordinates>-110.9120908813744,32.223016888534275,0</coordinates></Point>
      </Placemark>
      <Placemark>
        <name>Greedy Cow</name>
        <description>Energy: 44</description>
        <styleUrl>#greedyCowStyle</styleUrl>
        <Point><coordinates>-110.93682022100818,32.217929403104186,0</coordinates></Point>
      </Placemark>
      <Placemark>
        <name>Greedy Cow</name>
        <description>Energy: 29</description>
        <styleUrl>#greedyCowStyle</styleUrl>
        <Point><coordinates>-110.94285039754796,32.243310138283505,0</coordinates></Point>
      </Placemark>
      <Placemark>
        <name>Greedy Cow</name>
        <description>Energy: 24</description>
        <styleUrl>#greedyCowStyle</styleUrl>
        <Point><coordinates>-110.9667917450859,32.19388842379003,0</coordinates></Point>
      </Placemark>
      <Placemark>
        <name>Greedy Cow</name>
        <description>Energy: 49</description>
        <styleUrl>#greedyCowStyle</styleUrl>
        <Point><coordinates>-110.98238095102931,32.19215093621125,0</coordinates></Point>
      </Placemark>
      <Placemark>
        <name>Greedy Cow</name>
        <description>Energy: 44</description>
        <styleUrl>#greedyCowStyle</styleUrl>
        <Point><coordinates>-110.9376074880667,32.200086223514724,0</coordinates></Point>
      </Placemark>
      <Placemark>
        <name>Greedy Cow</name>
        <description>Energy: 34</description>
        <styleUrl>#greedyCowStyle</styleUrl>
        <Point><coordinates>-110.99176137665343,32.222337695110134,0</coordinates></Point>
      </Placemark>
      <Placemark>
        <name>Greedy Cow</name>
        <description>Energy: 34</description>
        <styleUrl>#greedyCowStyle</styleUrl>
        <Point><coordinates>-111.0,32.24635751232176,0</coordinates></Point>
      </Placemark>
      <Placemark>
        <name>Greedy Cow</name>
        <description>Energy: 39</description>
        <styleUrl>#greedyCowStyle</styleUrl>
        <Point><coordinates>-110.9135065630386,32.20644259414321,0</coordinates></Point>
      </Placemark>
      <Placemark>
        <name>Greedy Cow</name>
        <description>Energy: 29</description>
        <styleUrl>#greedyCowStyle</styleUrl>
        <Point><coordinates>-110.9463503758004,32.22027634253509,0</coordinates></Point>
      </Placemark>
      <Placemark>
        <name>Greedy Cow</name>
        <description>Energy: 44</description>
        <styleUrl>#greedyCowStyle</styleUrl>
        <Point><coordinates>-110.97074489632769,32.22214101615212,0</coordinates></Point>
      </Placemark>
      <Placemark>
        <name>Greedy Cow</name>
        <description>Energy: 34</description>
        <styleUrl>#greedyCowStyle</styleUrl>
        <Point><coordinates>-110.98839947229595,32.24491964870194,0</coordinates></Point>
      </Placemark>
      <Placemark>
        <name>Greedy Cow</name>
        <description>Energy: 29</description>
        <styleUrl>#greedyCowStyle</styleUrl>
        <Point><coordinates>-110.94072864712021,32.24814596548028,0</coordinates></Point>
      </Placemark>
      <Placemark>
        <name>Greedy Cow</name>
        <description>Energy: 39</description>
        <styleUrl>#greedyCowStyle</styleUrl>
        <Point><coordinates>-110.96459303905074,32.24805270256139,0</coordinates></Point>
      </Placemark>
      <Placemark>
        <name>Greedy Cow</name>
        <description>Energy: 29</description>
        <styleUrl>#greedyCowStyle</styleUrl>
        <Point><coordinates>-110.90301093877818,32.24410359731184,0</coordinates></Point>
      </Placemark>
      <Placemark>
        <name>Greedy Cow</name>
        <description>Energy: 24</description>
        <styleUrl>#greedyCowStyle</styleUrl>
        <Point><coordinates>-110.96679205318006,32.240647612729646,0</coordinates></Point>
      </Placemark>
      <Placemark>
        <name>Greedy Cow</name>
        <description>Energy: 24</description>
        <styleUrl>#greedyCowStyle</styleUrl>
        <Point><coordinates>-110.96861014280182,32.232190861363044,0</coordinates></Point>
      </Placemark>
      <Placemark>
        <name>Greedy Cow</name>
        <description>Energy: 34</description>
        <styleUrl>#greedyCowStyle</styleUrl>
        <Point><coordinates>-110.90298688318236,32.24526176865306,0</coordinates></Point>
      </Placemark>
      <Placemark>
        <name>Greedy Cow</name>
        <description>Energy: 34</description>
        <styleUrl>#greedyCowStyle</styleUrl>
        <Point><coordinates>-110.95741793396283,32.19558215066028,0</coordinates></Point>
      </Placemark>
      <Placemark>
        <name>Greedy Cow</name>
        <description>Energy: 34</description>
        <styleUrl>#greedyCowStyle</styleUrl>
        <Point><coordinates>-110.90695605617888,32.23173985162794,0</coordinates></Point>
      </Placemark>
      <Placemark>
        <name>Greedy Cow</name>
        <description>Energy: 39</description>
        <styleUrl>#greedyCowStyle</styleUrl>
        <Point><coordinates>-110.97999285192421,32.21435034307222,0</coordinates></Point>
      </Placemark>
      <Placemark>
        <name>Greedy Cow</name>
        <description>Energy: 29</description>
        <styleUrl>#greedyCowStyle</styleUrl>
        <Point><coordinates>-110.98494912943491,32.22595112221371,0</coordinates></Point>
      </Placemark>
      <Placemark>
        <name>Greedy Cow</name>
        <description>Energy: 49</description>
        <styleUrl>#greedyCowStyle</styleUrl>
        <Point><coordinates>-110.94831552155114,32.24567924464527,0</coordinates></Point>
      </Placemark>
      <Placemark>
        <name>Greedy Cow</name>
        <description>Energy: 34</description>
        <styleUrl>#greedyCowStyle</styleUrl>
        <Point><coordinates>-110.93144231785156,32.21293375734681,0</coordinates></Point>
      </Placemark>
      <Placemark>
        <name>Greedy Cow</name>
        <description>Energy: 49</description>
        <styleUrl>#greedyCowStyle</styleUrl>
        <Point><coordinates>-110.91450901718795,32.2187970790671,0</coordinates></Point>
      </Placemark>
      <Placemark>
        <name>Greedy Cow</name>
        <description>Energy: 49</description>
        <styleUrl>#greedyCowStyle</styleUrl>
        <Point><coordinates>-110.98558159113956,32.219982075240125,0</coordinates></Point>
      </Placemark>
      <Placemark>
        <name>Greedy Cow</name>
        <description>Energy: 39</description>
        <styleUrl>#greedyCowStyle</styleUrl>
        <Point><coordinates>-110.93256860620959,32.22621849903986,0</coordinates></Point>
      </Placemark>
      <Placemark>
        <name>Greedy Cow</name>
        <description>Energy: 49</description>
        <styleUrl>#greedyCowStyle</styleUrl>
        <Point><coordinates>-110.90347584965997,32.241321623040584,0</coordinates></Point>
      </Placemark>
      <Placemark>
        <name>Greedy Cow</name>
        <description>Energy: 40</description>
        <styleUrl>#greedyCowStyle</styleUrl>
        <Point><coordinates>-110.9724155025356,32.20123650504477,0</coordinates></Point>
      </Placemark>
      <Placemark>
        <name>Greedy Cow</name>
        <description>Energy: 45</description>
        <styleUrl>#greedyCowStyle</styleUrl>
        <Point><coordinates>-110.93543436513595,32.23493811631593,0</coordinates></Point>
      </Placemark>
      <Placemark>
        <name>Greedy Cow</name>
        <description>Energy: 45</description>
        <styleUrl>#greedyCowStyle</styleUrl>
        <Point><coordinates>-110.9908948585089,32.191776635594266,0</coordinates></Point>
      </Placemark>
      <Placemark>
        <name>Greedy Cow</name>
        <description>Energy: 40</description>
        <styleUrl>#greedyCowStyle</styleUrl>
        <Point><coordinates>-110.99335013701351,32.24286151130323,0</coordinates></Point>
      </Placemark>
      <Placemark>
        <name>Greedy Cow</name>
        <description>Energy: 25</description>
        <styleUrl>#greedyCowStyle</styleUrl>
        <Point><coordinates>-110.90390531283218,32.247302673769305,0</coordinates></Point>
      </Placemark>
      <Placemark>
        <name>Greedy Cow</name>
        <description>Energy: 30</description>
        <styleUrl>#greedyCowStyle</styleUrl>
        <Point><coordinates>-110.94445596434413,32.24112625944768,0</coordinates></Point>
      </Placemark>
      <Placemark>
        <name>Greedy Cow</name>
        <description>Energy: 45</description>
        <styleUrl>#greedyCowStyle</styleUrl>
        <Point><coordinates>-110.99897714817976,32.21226056643173,0</coordinates></Point>
      </Placemark>
      <Placemark>
        <name>Greedy Cow</name>
        <description>Energy: 50</description>
        <styleUrl>#greedyCowStyle</styleUrl>
        <Point><coordinates>-110.92496087627738,32.19703676967863,0</coordinates></Point>
      </Placemark>
      <Placemark>
        <name>Greedy Cow</name>
        <description>Energy: 30</description>
        <styleUrl>#greedyCowStyle</styleUrl>
        <Point><coordinates>-110.94169438909582,32.194346036249776,0</coordinates></Point>
      </Placemark>
      <Placemark>
        <name>Greedy Cow</name>
        <description>Energy: 40</description>
        <styleUrl>#greedyCowStyle</styleUrl>
        <Point><coordinates>-110.94694715042377,32.23082124055612,0</coordinates></Point>
      </Placemark>
      <Placemark>
        <name>Greedy Cow</name>
        <description>Energy: 30</description>
        <styleUrl>#greedyCowStyle</styleUrl>
        <Point><coordinates>-110.97904914532806,32.24162573822729,0</coordinates></Point>
      </Placemark>
      <Placemark>
        <name>Greedy Cow</name>
        <description>Energy: 45</description>
        <styleUrl>#greedyCowStyle</styleUrl>
        <Point><coordinates>-110.97981081419198,32.2227511533505,0</coordinates></Point>
      </Placemark>
      <Placemark>
        <name>Greedy Cow</name>
        <description>Energy: 20</description>
        <styleUrl>#greedyCowStyle</styleUrl>
        <Point><coordinates>-110.93576312982763,32.22338275607834,0</coordinates></Point>
      </Placemark>
      <Placemark>
        <name>Greedy Cow</name>
        <description>Energy: 30</description>
        <styleUrl>#greedyCowStyle</styleUrl>
        <Point><coordinates>-110.99055759281799,32.24301882858855,0</coordinates></Point>
      </Placemark>
      <Placemark>
        <name>Greedy Cow</name>
        <description>Energy: 45</description>
        <styleUrl>#greedyCowStyle</styleUrl>
        <Point><coordinates>-110.97682517898615,32.19621689896867,0</coordinates></Point>
      </Placemark>
      <Placemark>
        <name>Greedy Cow</name>
        <description>Energy: 25</description>
        <styleUrl>#greedyCowStyle</styleUrl>
        <Point><coordinates>-110.9613679762394,32.237172112961645,0</coordinates></Point>
      </Placemark>
      <Placemark>
        <name>Greedy Cow</name>
        <description>Energy: 35</description>
        <styleUrl>#greedyCowStyle</styleUrl>
        <Point><coordinates>-110.93874673205073,32.20320416052009,0</coordinates></Point>
      </Placemark>
      <Placemark>
        <name>Greedy Cow</name>
        <description>Energy: 25</description>
        <styleUrl>#greedyCowStyle</styleUrl>
        <Point><coordinates>-110.95556560640149,32.224644236815145,0</coordinates></Point>
      </Placemark>
      <Placemark>
        <name>Greedy Cow</name>
        <description>Energy: 25</description>
        <styleUrl>#greedyCowStyle</styleUrl>
        <Point><coordinates>-110.97402425706811,32.245990198068824,0</coordinates></Point>
      </Placemark>
      <Placemark>
        <name>Greedy Cow</name>
        <description>Energy: 45</description>
        <styleUrl>#greedyCowStyle</styleUrl>
        <Point><coordinates>-110.98832116045642,32.194858895293756,0</coordinates></Point>
      </Placemark>
      <Placemark>
        <name>Greedy Cow</name>
        <description>Energy: 35</description>
        <styleUrl>#greedyCowStyle</styleUrl>
        <Point><coordinates>-110.92339345927338,32.246173401605844,0</coordinates></Point>
      </Placemark>
      <Placemark>
        <name>Greedy Cow</name>
        <description>Energy: 30</description>
        <styleUrl>#greedyCowStyle</styleUrl>
        <Point><coordinates>-110.9727414620214,32.245782246725234,0</coordinates></Point>
      </Placemark>
      <Placemark>
        <name>Greedy Cow</name>
        <description>Energy: 40</description>
        <styleUrl>#greedyCowStyle</styleUrl>
        <Point><coordinates>-110.93306150083706,32.24476534222817,0</coordinates></Point>
      </Placemark>
      <Placemark>
        <name>Greedy Cow</name>
        <description>Energy: 30</description>
        <styleUrl>#greedyCowStyle</styleUrl>
        <Point><coordinates>-110.93611420025866,32.25,0</coordinates></Point>
      </Placemark>
      <Placemark>
        <name>Greedy Cow</name>
        <description>Energy: 30</description>
        <styleUrl>#greedyCowStyle</styleUrl>
        <Point><coordinates>-110.92876038141691,32.22981011546187,0</coordinates></Point>
      </Placemark>
      <Placemark>
        <name>Greedy Cow</name>
        <description>Energy: 35</description>
        <styleUrl>#greedyCowStyle</styleUrl>
        <Point><coordinates>-110.92328873651994,32.201853024755586,0</coordinates></Point>
      </Placemark>
      <Placemark>
        <name>Greedy Cow</name>
        <description>Energy: 50</description>
        <styleUrl>#greedyCowStyle</styleUrl>
        <Point><coordinates>-110.92731226003598,32.199986841581975,0</coordinates></Point>
      </Placemark>
      <Placemark>
        <name>Greedy Cow</name>
        <description>Energy: 25</description>
        <styleUrl>#greedyCowStyle</styleUrl>
        <Point><coordinates>-110.90183765910368,32.192125297744326,0</coordinates></Point>
      </Placemark>
      <Placemark>
        <name>Greedy Cow</name>
        <description>Energy: 45</description>
        <styleUrl>#greedyCowStyle</styleUrl>
        <Point><coordinates>-110.98604987887816,32.194670762721415,0</coordinates></Point>
      </Placemark>
      <Placemark>
        <name>Greedy Cow</name>
        <description>Energy: 45</description>
        <styleUrl>#greedyCowStyle</styleUrl>
        <Point><coordinates>-110.91685525390115,32.22431662236619,0</coordinates></Point>
      </Placemark>
      <Placemark>
        <name>Greedy Cow</name>
        <description>Energy: 25</description>
        <styleUrl>#greedyCowStyle</styleUrl>
        <Point><coordinates>-110.99810713980145,32.22021904930901,0</coordinates></Point>
      </Placemark>
      <Placemark>
        <name>Greedy Cow</name>
        <description>Energy: 40</description>
        <styleUrl>#greedyCowStyle</styleUrl>
        <Point><coordinates>-110.93747396660739,32.19,0</coordinates></Point>
      </Placemark>
      <Placemark>
        <name>Greedy Cow</name>
        <description>Energy: 45</description>
        <styleUrl>#greedyCowStyle</styleUrl>
        <Point><coordinates>-110.92120100296265,32.236366615603,0</coordinates></Point>
      </Placemark>
      <Placemark>
        <name>Greedy Cow</name>
        <description>Energy: 30</description>
        <styleUrl>#greedyCowStyle</styleUrl>
        <Point><coordinates>-110.9615107778823,32.24015190455447,0</coordinates></Point>
      </Placemark>
      <Placemark>
        <name>Greedy Cow</name>
        <description>Energy: 30</description>
        <styleUrl>#greedyCowStyle</styleUrl>
        <Point><coordinates>-110.93636298848664,32.24374576767903,0</coordinates></Point>
      </Placemark>
      <Placemark>
        <name>Greedy Cow</name>
        <description>Energy: 25</description>
        <styleUrl>#greedyCowStyle</styleUrl>
        <Point><coordinates>-110.96878079326991,32.2255633464245,0</coordinates></Point>
      </Placemark>
      <Placemark>
        <name>Greedy Cow</name>
        <description>Energy: 35</description>
        <styleUrl>#greedyCowStyle</styleUrl>
        <Point><coordinates>-110.91997808039753,32.21399144397403,0</coordinates></Point>
      </Placemark>
      <Placemark>
        <name>Greedy Cow</name>
        <description>Energy: 30</description>
        <styleUrl>#greedyCowStyle</styleUrl>
        <Point><coordinates>-110.92465105846803,32.24202997017495,0</coordinates></Point>
      </Placemark>
      <Placemark>
        <name>Greedy Cow</name>
        <description>Energy: 45</description>
        <styleUrl>#greedyCowStyle</styleUrl>
        <Point><coordinates>-110.90010126356941,32.21875546630219,0</coordinates></Point>
      </Placemark>
      <Placemark>
        <name>Greedy Cow</name>
        <description>Energy: 20</description>
        <styleUrl>#greedyCowStyle</styleUrl>
        <Point><coordinates>-110.92512774189684,32.218774227026465,0</coordinates></Point>
      </Placemark>
      <Placemark>
        <name>Greedy Cow</name>
        <description>Energy: 25</description>
        <styleUrl>#greedyCowStyle</styleUrl>
        <Point><coordinates>-110.99694869462168,32.204616397684326,0</coordinates></Point>
      </Placemark>
      <Placemark>
        <name>Greedy Cow</name>
        <description>Energy: 25</description>
        <styleUrl>#greedyCowStyle</styleUrl>
        <Point><coordinates>-110.98003269755415,32.24334219992779,0</coordinates></Point>
      </Placemark>
      <Placemark>
        <name>Greedy Cow</name>
        <description>Energy: 45</description>
        <styleUrl>#greedyCowStyle</styleUrl>
        <Point><coordinates>-110.97034079183976,32.21813775877197,0</coordinates></Point>
      </Placemark>
      <Placemark>
        <name>Greedy Cow</name>
        <description>Energy: 25</description>
        <styleUrl>#greedyCowStyle</styleUrl>
        <Point><coordinates>-110.96259197826456,32.208772847035185,0</coordinates></Point>
      </Placemark>
      <Placemark>
        <name>Greedy Cow</name>
        <description>Energy: 35</description>
        <styleUrl>#greedyCowStyle</styleUrl>
        <Point><coordinates>-110.92444918842702,32.20786992484891,0</coordinates></Point>
      </Placemark>
      <Placemark>
        <name>Greedy Cow</name>
        <description>Energy: 40</description>
        <styleUrl>#greedyCowStyle</styleUrl>
        <Point><coordinates>-110.97047425929836,32.20047318432974,0</coordinates></Point>
      </Placemark>
      <Placemark>
        <name>Greedy Cow</name>
        <description>Energy: 25</description>
        <styleUrl>#greedyCowStyle</styleUrl>
        <Point><coordinates>-110.96055250688191,32.20013866463106,0</coordinates></Point>
      </Placemark>
      <Placemark>
        <name>Greedy Cow</name>
        <description>Energy: 30</description>
        <styleUrl>#greedyCowStyle</styleUrl>
        <Point><coordinates>-110.95192243165489,32.214777827079594,0</coordinates></Point>
      </Placemark>
      <Placemark>
        <name>Greedy Cow</name>
        <description>Energy: 40</description>
        <styleUrl>#greedyCowStyle</styleUrl>
        <Point><coordinates>-110.93817637323497,32.24184317107254,0</coordinates></Point>
      </Placemark>
      <Placemark>
        <name>Greedy Cow</name>
        <description>Energy: 45</description>
        <styleUrl>#greedyCowStyle</styleUrl>
        <Point><coordinates>-110.96464672522629,32.22842661988307,0</coordinates></Point>
      </Placemark>
      <Placemark>
        <name>Greedy Cow</name>
        <description>Energy: 50</description>
        <styleUrl>#greedyCowStyle</styleUrl>
        <Point><coordinates>-110.9659784509273,32.22426259069404,0</coordinates></Point>
      </Placemark>
      <Placemark>
        <name>Greedy Cow</name>
        <description>Energy: 40</description>
        <styleUrl>#greedyCowStyle</styleUrl>
        <Point><coordinates>-110.97416785315889,32.220959354264075,0</coordinates></Point>
      </Placemark>
      <Placemark>
        <name>Greedy Cow</name>
        <description>Energy: 25</description>
        <styleUrl>#greedyCowStyle</styleUrl>
        <Point><coordinates>-110.97071620807286,32.24907982807941,0</coordinates></Point>
      </Placemark>
      <Placemark>
        <name>Greedy Cow</name>
        <description>Energy: 30</description>
        <styleUrl>#greedyCowStyle</styleUrl>
        <Point><coordinates>-110.9069837889376,32.24580214055501,0</coordinates></Point>
      </Placemark>
      <Placemark>
        <name>Greedy Cow</name>
        <description>Energy: 45</description>
        <styleUrl>#greedyCowStyle</styleUrl>
        <Point><coordinates>-110.91746593424259,32.190547877572754,0</coordinates></Point>
      </Placemark>
      <Placemark>
        <name>Greedy Cow</name>
        <description>Energy: 30</description>
        <styleUrl>#greedyCowStyle</styleUrl>
        <Point><coordinates>-110.93953508663483,32.21732242615529,0</coordinates></Point>
      </Placemark>
      <Placemark>
        <name>Greedy Cow</name>
        <description>Energy: 30</description>
        <styleUrl>#greedyCowStyle</styleUrl>
        <Point><coordinates>-110.96909703180275,32.24350821781952,0</coordinates></Point>
      </Placemark>
      <Placemark>
        <name>Greedy Cow</name>
        <description>Energy: 30</description>
        <styleUrl>#greedyCowStyle</styleUrl>
        <Point><coordinates>-110.91096120592981,32.20452543390088,0</coordinates></Point>
      </Placemark>
      <Placemark>
        <name>Greedy Cow</name>
        <description>Energy: 20</description>
        <styleUrl>#greedyCowStyle</styleUrl>
        <Point><coordinates>-110.96495351110464,32.20826765112807,0</coordinates></Point>
      </Placemark>
      <Placemark>
        <name>Greedy Cow</name>
        <description>Energy: 30</description>
        <styleUrl>#greedyCowStyle</styleUrl>
        <Point><coordinates>-110.91940714341773,32.248551818489375,0</coordinates></Point>
      </Placemark>
      <Placemark>
        <name>Greedy Cow</name>
        <description>Energy: 40</description>
        <styleUrl>#greedyCowStyle</styleUrl>
        <Point><coordinates>-110.98558021754766,32.235634679605745,0</coordinates></Point>
      </Placemark>
      <Placemark>
        <name>Greedy Cow</name>
        <description>Energy: 40</description>
        <styleUrl>#greedyCowStyle</styleUrl>
        <Point><coordinates>-110.97338595004733,32.24391359625155,0</coordinates></Point>
      </Placemark>
      <Placemark>
        <name>Greedy Cow</name>
        <description>Energy: 20</description>
        <styleUrl>#greedyCowStyle</styleUrl>
        <Point><coordinates>-110.93159256748294,32.22382388801675,0</coordinates></Point>
      </Placemark>
      <Placemark>
        <name>Greedy Cow</name>
        <description>Energy: 35</description>
        <styleUrl>#greedyCowStyle</styleUrl>
        <Point><coordinates>-110.97809635430781,32.19,0</coordinates></Point>
      </Placemark>
      <Placemark>
        <name>Greedy Cow</name>
        <description>Energy: 45</description>
        <styleUrl>#greedyCowStyle</styleUrl>
        <Point><coordinates>-110.94404134898285,32.24344794965639,0</coordinates></Point>
      </Placemark>
      <Placemark>
        <name>Greedy Cow</name>
        <description>Energy: 30</description>
        <styleUrl>#greedyCowStyle</styleUrl>
        <Point><coordinates>-110.91561958827057,32.19,0</coordinates></Point>
      </Placemark>
      <Placemark>
        <name>Greedy Cow</name>
        <description>Energy: 40</description>
        <styleUrl>#greedyCowStyle</styleUrl>
        <Point><coordinates>-110.91901122591075,32.23424073539216,0</coordinates></Point>
      </Placemark>
      <Placemark>
        <name>Greedy Cow</name>
        <description>Energy: 35</description>
        <styleUrl>#greedyCowStyle</styleUrl>
        <Point><coordinates>-110.96940431054483,32.211239657147665,0</coordinates></Point>
      </Placemark>
      <Placemark>
        <name>Greedy Cow</name>
        <description>Energy: 40</description>
        <styleUrl>#greedyCowStyle</styleUrl>
        <Point><coordinates>-110.98566088972456,32.190678910859475,0</coordinates></Point>
      </Placemark>
      <Placemark>
        <name>Greedy Cow</name>
        <description>Energy: 25</description>
        <styleUrl>#greedyCowStyle</styleUrl>
        <Point><coordinates>-110.91855617828844,32.240012023547045,0</coordinates></Point>
      </Placemark>
      <Placemark>
        <name>Greedy Cow</name>
        <description>Energy: 30</description>
        <styleUrl>#greedyCowStyle</styleUrl>
        <Point><coordinates>-110.96159576118451,32.208973680109565,0</coordinates></Point>
      </Placemark>
      <Placemark>
        <name>Greedy Cow</name>
        <description>Energy: 25</description>
        <styleUrl>#greedyCowStyle</styleUrl>
        <Point><coordinates>-110.90987580026611,32.215476859938164,0</coordinates></Point>
      </Placemark>
      <Placemark>
        <name>Greedy Cow</name>
        <description>Energy: 40</description>
        <styleUrl>#greedyCowStyle</styleUrl>
        <Point><coordinates>-110.9017647794749,32.19843589608698,0</coordinates></Point>
      </Placemark>
      <Placemark>
        <name>Greedy Cow</name>
        <description>Energy: 25</description>
        <styleUrl>#greedyCowStyle</styleUrl>
        <Point><coordinates>-110.96438167069424,32.23136761617182,0</coordinates></Point>
      </Placemark>
      <Placemark>
        <name>Greedy Cow</name>
        <description>Energy: 20</description>
        <styleUrl>#greedyCowStyle</styleUrl>
        <Point><coordinates>-110.9858332912789,32.19378990076626,0</coordinates></Point>
      </Placemark>
      <Placemark>
        <name>Greedy Cow</name>
        <description>Energy: 45</description>
        <styleUrl>#greedyCowStyle</styleUrl>
        <Point><coordinates>-110.93306179265255,32.24670062526789,0</coordinates></Point>
      </Placemark>
      <Placemark>
        <name>Greedy Cow</name>
        <description>Energy: 15</description>
        <styleUrl>#greedyCowStyle</styleUrl>
        <Point><coordinates>-110.9593080517793,32.19940726440422,0</coordinates></Point>
      </Placemark>
      <Placemark>
        <name>Greedy Cow</name>
        <description>Energy: 45</description>
        <styleUrl>#greedyCowStyle</styleUrl>
        <Point><coordinates>-110.9641581324281,32.19769134203317,0</coordinates></Point>
      </Placemark>
      <Placemark>
        <name>Greedy Cow</name>
        <description>Energy: 35</description>
        <styleUrl>#greedyCowStyle</styleUrl>
        <Point><coordinates>-110.97162814900457,32.19,0</coordinates></Point>
      </Placemark>
      <Placemark>
        <name>Greedy Cow</name>
        <description>Energy: 30</description>
        <styleUrl>#greedyCowStyle</styleUrl>
        <Point><coordinates>-110.98285125654044,32.2128287843455,0</coordinates></Point>
      </Placemark>
      <Placemark>
        <name>Greedy Cow</name>
        <description>Energy: 35</description>
        <styleUrl>#greedyCowStyle</styleUrl>
        <Point><coordinates>-110.94183409900114,32.24827443139975,0</coordinates></Point>
      </Placemark>
      <Placemark>
        <name>Greedy Cow</name>
        <description>Energy: 40</description>
        <styleUrl>#greedyCowStyle</styleUrl>
        <Point><coordinates>-110.92065411188425,32.200340456013876,0</coordinates></Point>
      </Placemark>
      <Placemark>
        <name>Greedy Cow</name>
        <description>Energy: 31</description>
        <styleUrl>#greedyCowStyle</styleUrl>
        <Point><coordinates>-110.93168962001633,32.203393482593704,0</coordinates></Point>
      </Placemark>
      <Placemark>
        <name>Greedy Cow</name>
        <description>Energy: 46</description>
        <styleUrl>#greedyCowStyle</styleUrl>
        <Point><coordinates>-110.93247570837717,32.19082490533866,0</coordinates></Point>
      </Placemark>
      <Placemark>
        <name>Greedy Cow</name>
        <description>Energy: 31</description>
        <styleUrl>#greedyCowStyle</styleUrl>
        <Point><coordinates>-110.91243374566852,32.20529282231694,0</coordinates></Point>
      </Placemark>
      <Placemark>
        <name>Greedy Cow</name>
        <description>Energy: 26</description>
        <styleUrl>#greedyCowStyle</styleUrl>
        <Point><coordinates>-110.93441861498219,32.193502247556886,0</coordinates></Point>
      </Placemark>
      <Placemark>
        <name>Greedy Cow</name>
        <description>Energy: 31</description>
        <styleUrl>#greedyCowStyle</styleUrl>
        <Point><coordinates>-110.94587005570409,32.243526822848615,0</coordinates></Point>
      </Placemark>
      <Placemark>
        <name>Greedy Cow</name>
        <description>Energy: 41</description>
        <styleUrl>#greedyCowStyle</styleUrl>
        <Point><coordinates>-110.97342119788262,32.22423326969156,0</coordinates></Point>
      </Placemark>
      <Placemark>
        <name>Greedy Cow</name>
        <description>Energy: 41</description>
        <styleUrl>#greedyCowStyle</styleUrl>
        <Point><coordinates>-110.92772816976348,32.240408782985945,0</coordinates></Point>
      </Placemark>
      <Placemark>
        <name>Greedy Cow</name>
        <description>Energy: 36</description>
        <styleUrl>#greedyCowStyle</styleUrl>
        <Point><coordinates>-110.92629271871465,32.23245914325167,0</coordinates></Point>
      </Placemark>
      <Placemark>
        <name>Greedy Cow</name>
        <description>Energy: 46</description>
        <styleUrl>#greedyCowStyle</styleUrl>
        <Point><coordinates>-110.93346644781916,32.206966240855884,0</coordinates></Point>
      </Placemark>
      <Placemark>
        <name>Greedy Cow</name>
        <description>Energy: 36</description>
        <styleUrl>#greedyCowStyle</styleUrl>
        <Point><coordinates>-110.96166550146856,32.24510652074221,0</coordinates></Point>
      </Placemark>
      <Placemark>
        <name>Greedy Cow</name>
        <description>Energy: 46</description>
        <styleUrl>#greedyCowStyle</styleUrl>
        <Point><coordinates>-110.90870876734112,32.225820542493324,0</coordinates></Point>
      </Placemark>
      <Placemark>
        <name>Greedy Cow</name>
        <description>Energy: 36</description>
        <styleUrl>#greedyCowStyle</styleUrl>
        <Point><coordinates>-110.97706229195107,32.20095281182834,0</coordinates></Point>
      </Placemark>
      <Placemark>
        <name>Greedy Cow</name>
        <description>Energy: 21</description>
        <styleUrl>#greedyCowStyle</styleUrl>
        <Point><coordinates>-110.95261853065874,32.22627261661436,0</coordinates></Point>
      </Placemark>
      <Placemark>
        <name>Greedy Cow</name>
        <description>Energy: 31</description>
        <styleUrl>#greedyCowStyle</styleUrl>
        <Point><coordinates>-110.99109443453193,32.20409096258102,0</coordinates></Point>
      </Placemark>
      <Placemark>
        <name>Greedy Cow</name>
        <description>Energy: 36</description>
        <styleUrl>#greedyCowStyle</styleUrl>
        <Point><coordinates>-110.96404954457822,32.24841698320721,0</coordinates></Point>
      </Placemark>
      <Placemark>
        <name>Greedy Cow</name>
        <description>Energy: 36</description>
        <styleUrl>#greedyCowStyle</styleUrl>
        <Point><coordinates>-110.99497413974211,32.19172283292506,0</coordinates></Point>
      </Placemark>
      <Placemark>
        <name>Greedy Cow</name>
        <description>Energy: 21</description>
        <styleUrl>#greedyCowStyle</styleUrl>
        <Point><coordinates>-110.92258099806905,32.20527516083246,0</coordinates></Point>
      </Placemark>
      <Placemark>
        <name>Greedy Cow</name>
        <description>Energy: 41</description>
        <styleUrl>#greedyCowStyle</styleUrl>
        <Point><coordinates>-110.92671994023796,32.23864823938082,0</coordinates></Point>
      </Placemark>
      <Placemark>
        <name>Greedy Cow</name>
        <description>Energy: 31</description>
        <styleUrl>#greedyCowStyle</styleUrl>
        <Point><coordinates>-110.9808454057983,32.22099970790924,0</coordinates></Point>
      </Placemark>
      <Placemark>
        <name>Greedy Cow</name>
        <description>Energy: 36</description>
        <styleUrl>#greedyCowStyle</styleUrl>
        <Point><coordinates>-110.97428008556648,32.235454436218255,0</coordinates></Point>
      </Placemark>
      <Placemark>
        <name>Greedy Cow</name>
        <description>Energy: 46</description>
        <styleUrl>#greedyCowStyle</styleUrl>
        <Point><coordinates>-110.90246289795627,32.23362523569199,0</coordinates></Point>
      </Placemark>
      <Placemark>
        <name>Greedy Cow</name>
        <description>Energy: 21</description>
        <styleUrl>#greedyCowStyle</styleUrl>
        <Point><coordinates>-110.91633627921361,32.22276851308216,0</coordinates></Point>
      </Placemark>
      <Placemark>
        <name>Greedy Cow</name>
        <description>Energy: 46</description>
        <styleUrl>#greedyCowStyle</styleUrl>
        <Point><coordinates>-110.93426949751685,32.22131504274003,0</coordinates></Point>
      </Placemark>
      <Placemark>
        <name>Greedy Cow</name>
        <description>Energy: 46</description>
        <styleUrl>#greedyCowStyle</styleUrl>
        <Point><coordinates>-110.99145144731865,32.21110994855122,0</coordinates></Point>
      </Placemark>
      <Placemark>
        <name>Greedy Cow</name>
        <description>Energy: 31</description>
        <styleUrl>#greedyCowStyle</styleUrl>
        <Point><coordinates>-110.9,32.24811551535023,0</coordinates></Point>
      </Placemark>
      <Placemark>
        <name>Greedy Cow</name>
        <description>Energy: 46</description>
        <styleUrl>#greedyCowStyle</styleUrl>
        <Point><coordinates>-110.93756452041517,32.238080549388876,0</coordinates></Point>
      </Placemark>
      <Placemark>
        <name>Greedy Cow</name>
        <description>Energy: 41</description>
        <styleUrl>#greedyCowStyle</styleUrl>
        <Point><coordinates>-110.9709594394578,32.23203338329233,0</coordinates></Point>
      </Placemark>
      <Placemark>
        <name>Greedy Cow</name>
        <description>Energy: 36</description>
        <styleUrl>#greedyCowStyle</styleUrl>
        <Point><coordinates>-110.94595946627732,32.19878038740815,0</coordinates></Point>
      </Placemark>
      <Placemark>
        <name>Greedy Cow</name>
        <description>Energy: 16</description>
        <styleUrl>#greedyCowStyle</styleUrl>
        <Point><coordinates>-110.97672867243287,32.220075521905635,0</coordinates></Point>
      </Placemark>
      <Placemark>
        <name>Greedy Cow</name>
        <description>Energy: 36</description>
        <styleUrl>#greedyCowStyle</styleUrl>
        <Point><coordinates>-110.97004316859021,32.233766946037086,0</coordinates></Point>
      </Placemark>
      <Placemark>
        <name>Greedy Cow</name>
        <description>Energy: 41</description>
        <styleUrl>#greedyCowStyle</styleUrl>
        <Point><coordinates>-110.93301333819427,32.20941661601494,0</coordinates></Point>
      </Placemark>
      <Placemark>
        <name>Greedy Cow</name>
        <description>Energy: 46</description>
        <styleUrl>#greedyCowStyle</styleUrl>
        <Point><coordinates>-110.91468523543192,32.19508645378186,0</coordinates></Point>
      </Placemark>
      <Placemark>
        <name>Greedy Cow</name>
        <description>Energy: 41</description>
        <styleUrl>#greedyCowStyle</styleUrl>
        <Point><coordinates>-110.94359364222836,32.21560132049422,0</coordinates></Point>
      </Placemark>
      <Placemark>
        <name>Greedy Cow</name>
        <description>Energy: 31</description>
        <styleUrl>#greedyCowStyle</styleUrl>
        <Point><coordinates>-110.91169237901826,32.194018427988425,0</coordinates></Point>
      </Placemark>
      <Placemark>
        <name>Greedy Cow</name>
        <description>Energy: 31</description>
        <styleUrl>#greedyCowStyle</styleUrl>
        <Point><coordinates>-110.93714123840715,32.2203398033934,0</coordinates></Point>
      </Placemark>
      <Placemark>
        <name>Greedy Cow</name>
        <description>Energy: 21</description>
        <styleUrl>#greedyCowStyle</styleUrl>
        <Point><coordinates>-110.91842772449644,32.234540145442814,0</coordinates></Point>
      </Placemark>
      <Placemark>
        <name>Greedy Cow</name>
        <description>Energy: 46</description>
        <styleUrl>#greedyCowStyle</styleUrl>
        <Point><coordinates>-110.9315333880974,32.243487340654454,0</coordinates></Point>
      </Placemark>
      <Placemark>
        <name>Greedy Cow</name>
        <description>Energy: 31</description>
        <styleUrl>#greedyCowStyle</styleUrl>
        <Point><coordinates>-110.94802791265514,32.20013596959482,0</coordinates></Point>
      </Placemark>
      <Placemark>
        <name>Greedy Cow</name>
        <description>Energy: 46</description>
        <styleUrl>#greedyCowStyle</styleUrl>
        <Point><coordinates>-110.97647714763494,32.24578713243036,0</coordinates></Point>
      </Placemark>
      <Placemark>
        <name>Greedy Cow</name>
        <description>Energy: 16</description>
        <styleUrl>#greedyCowStyle</styleUrl>
        <Point><coordinates>-110.93234368187483,32.23640105609098,0</coordinates></Point>
      </Placemark>
      <Placemark>
        <name>Greedy Cow</name>
        <description>Energy: 31</description>
        <styleUrl>#greedyCowStyle</styleUrl>
        <Point><coordinates>-110.93711329324394,32.24148238939189,0</coordinates></Point>
      </Placemark>
      <Placemark>
        <name>Greedy Cow</name>
        <description>Energy: 16</description>
        <styleUrl>#greedyCowStyle</styleUrl>
        <Point><coordinates>-110.93995666959121,32.19176759726962,0</coordinates></Point>
      </Placemark>
      <Placemark>
        <name>Greedy Cow</name>
        <description>Energy: 26</description>
        <styleUrl>#greedyCowStyle</styleUrl>
        <Point><coordinates>-110.99824946901724,32.19690227475176,0</coordinates></Point>
      </Placemark>
      <Placemark>
        <name>Greedy Cow</name>
        <description>Energy: 26</description>
        <styleUrl>#greedyCowStyle</styleUrl>
        <Point><coordinates>-110.942705562952,32.19824431926948,0</coordinates></Point>
      </Placemark>
      <Placemark>
        <name>Greedy Cow</name>
        <description>Energy: 46</description>
        <styleUrl>#greedyCowStyle</styleUrl>
        <Point><coordinates>-110.96074626723615,32.22835034519331,0</coordinates></Point>
      </Placemark>
      <Placemark>
        <name>Greedy Cow</name>
        <description>Energy: 46</description>
        <styleUrl>#greedyCowStyle</styleUrl>
        <Point><coordinates>-110.96344476560654,32.22886979997739,0</coordinates></Point>
      </Placemark>
      <Placemark>
        <name>Greedy Cow</name>
        <description>Energy: 41</description>
        <styleUrl>#greedyCowStyle</styleUrl>
        <Point><coordinates>-110.9,32.191804354293346,0</coordinates></Point>
      </Placemark>
      <Placemark>
        <name>Greedy Cow</name>
        <description>Energy: 31</description>
        <styleUrl>#greedyCowStyle</styleUrl>
        <Point><coordinates>-110.90805568785939,32.22868745016797,0</coordinates></Point>
      </Placemark>
      <Placemark>
        <name>Greedy Cow</name>
        <description>Energy: 21</description>
        <styleUrl>#greedyCowStyle</styleUrl>
        <Point><coordinates>-110.94597011699103,32.236217358946696,0</coordinates></Point>
      </Placemark>
      <Placemark>
        <name>Greedy Cow</name>
        <description>Energy: 21</description>
        <styleUrl>#greedyCowStyle</styleUrl>
        <Point><coordinates>-110.92985167516967,32.19375795667289,0</coordinates></Point>
      </Placemark>
      <Placemark>
        <name>Greedy Cow</name>
        <description>Energy: 31</description>
        <styleUrl>#greedyCowStyle</styleUrl>
        <Point><coordinates>-110.96644202383148,32.21247251862511,0</coordinates></Point>
      </Placemark>
      <Placemark>
        <name>Greedy Cow</name>
        <description>Energy: 46</description>
        <styleUrl>#greedyCowStyle</styleUrl>
        <Point><coordinates>-110.94502239670277,32.19761154498601,0</coordinates></Point>
      </Placemark>
      <Placemark>
        <name>Greedy Cow</name>
        <description>Energy: 26</description>
        <styleUrl>#greedyCowStyle</styleUrl>
        <Point><coordinates>-110.90686792069198,32.22476506525507,0</coordinates></Point>
      </Placemark>
      <Placemark>
        <name>Greedy Cow</name>
        <description>Energy: 36</description>
        <styleUrl>#greedyCowStyle</styleUrl>
        <Point><coordinates>-110.90595317662893,32.232160506272784,0</coordinates></Point>
      </Placemark>
      <Placemark>
        <name>Greedy Cow</name>
        <description>Energy: 46</description>
        <styleUrl>#greedyCowStyle</styleUrl>
        <Point><coordinates>-110.98184597383445,32.20836840034858,0</coordinates></Point>
      </Placemark>
      <Placemark>
        <name>Greedy Cow</name>
        <description>Energy: 26</description>
        <styleUrl>#greedyCowStyle</styleUrl>
        <Point><coordinates>-110.9707842638416,32.21466601253034,0</coordinates></Point>
      </Placemark>
      <Placemark>
        <name>Greedy Cow</name>
        <description>Energy: 31</description>
        <styleUrl>#greedyCowStyle</styleUrl>
        <Point><coordinates>-110.92322454748997,32.25,0</coordinates></Point>
      </Placemark>
      <Placemark>
        <name>Greedy Cow</name>
        <description>Energy: 31</description>
        <styleUrl>#greedyCowStyle</styleUrl>
        <Point><coordinates>-110.90723225922484,32.24954152123946,0</coordinates></Point>
      </Placemark>
      <Placemark>
        <name>Greedy Cow</name>
        <description>Energy: 16</description>
        <styleUrl>#greedyCowStyle</styleUrl>
        <Point><coordinates>-110.96420287105809,32.2413610797355,0</coordinates></Point>
      </Placemark>
      <Placemark>
        <name>Greedy Cow</name>
        <description>Energy: 41</description>
        <styleUrl>#greedyCowStyle</styleUrl>
        <Point><coordinates>-110.92620254481703,32.195645732341376,0</coordinates></Point>
      </Placemark>
      <Placemark>
        <name>Greedy Cow</name>
        <description>Energy: 26</description>
        <styleUrl>#greedyCowStyle</styleUrl>
        <Point><coordinates>-110.91963686378956,32.24347936346033,0</coordinates></Point>
      </Placemark>
      <Placemark>
        <name>Greedy Cow</name>
        <description>Energy: 26</description>
        <styleUrl>#greedyCowStyle</styleUrl>
        <Point><coordinates>-110.92962523089768,32.24205844080358,0</coordinates></Point>
      </Placemark>
      <Placemark>
        <name>Greedy Cow</name>
        <description>Energy: 26</description>
        <styleUrl>#greedyCowStyle</styleUrl>
        <Point><coordinates>-110.92647548961978,32.23340256655713,0</coordinates></Point>
      </Placemark>
      <Placemark>
        <name>Greedy Cow</name>
        <description>Energy: 31</description>
        <styleUrl>#greedyCowStyle</styleUrl>
        <Point><coordinates>-110.937684060425,32.24705607912937,0</coordinates></Point>
      </Placemark>
      <Placemark>
        <name>Greedy Cow</name>
        <description>Energy: 21</description>
        <styleUrl>#greedyCowStyle</styleUrl>
        <Point><coordinates>-110.945725066915,32.20264575467038,0</coordinates></Point>
      </Placemark>
      <Placemark>
        <name>Greedy Cow</name>
        <description>Energy: 41</description>
        <styleUrl>#greedyCowStyle</styleUrl>
        <Point><coordinates>-110.97167762858507,32.20437830959875,0</coordinates></Point>
      </Placemark>
      <Placemark>
        <name>Greedy Cow</name>
        <description>Energy: 41</description>
        <styleUrl>#greedyCowStyle</styleUrl>
        <Point><coordinates>-110.94136406295326,32.224511816565574,0</coordinates></Point>
      </Placemark>
      <Placemark>
        <name>Greedy Cow</name>
        <description>Energy: 46</description>
        <styleUrl>#greedyCowStyle</styleUrl>
        <Point><coordinates>-110.91070338094745,32.194384082921,0</coordinates></Point>
      </Placemark>
      <Placemark>
        <name>Greedy Cow</name>
        <description>Energy: 26</description>
        <styleUrl>#greedyCowStyle</styleUrl>
        <Point><coordinates>-110.93008207571215,32.226879159587746,0</coordinates></Point>
      </Placemark>
      <Placemark>
        <name>Greedy Cow</name>
        <description>Energy: 46</description>
        <styleUrl>#greedyCowStyle</styleUrl>
        <Point><coordinates>-110.94304145657242,32.20686460504091,0</coordinates></Point>
      </Placemark>
      <Placemark>
        <name>Greedy Cow</name>
        <description>Energy: 21</description>
        <styleUrl>#greedyCowStyle</styleUrl>
        <Point><coordinates>-110.95902155021145,32.25,0</coordinates></Point>
      </Placemark>
      <Placemark>
        <name>Greedy Cow</name>
        <description>Energy: 36</description>
        <styleUrl>#greedyCowStyle</styleUrl>
        <Point><coordinates>-110.93631720313815,32.19388263298418,0</coordinates></Point>
      </Placemark>
      <Placemark>
        <name>Greedy Cow</name>
        <description>Energy: 26</description>
        <styleUrl>#greedyCowStyle</styleUrl>
        <Point><coordinates>-110.91853664132718,32.201481018002234,0</coordinates></Point>
      </Placemark>
      <Placemark>
        <name>Greedy Cow</name>
        <description>Energy: 31</description>
        <styleUrl>#greedyCowStyle</styleUrl>
        <Point><coordinates>-110.92040860968262,32.2286604992058,0</coordinates></Point>
      </Placemark>
      <Placemark>
        <name>Greedy Cow</name>
        <description>Energy: 31</description>
        <styleUrl>#greedyCowStyle</styleUrl>
        <Point><coordinates>-110.91304536891623,32.225012753590825,0</coordinates></Point>
      </Placemark>
      <Placemark>
        <name>Greedy Cow</name>
        <description>Energy: 36</description>
        <styleUrl>#greedyCowStyle</styleUrl>
        <Point><coordinates>-110.90326444361324,32.2014498546565,0</coordinates></Point>
      </Placemark>
      <Placemark>
        <name>Greedy Cow</name>
        <description>Energy: 31</description>
        <styleUrl>#greedyCowStyle</styleUrl>
        <Point><coordinates>-110.97953761139186,32.192297338422684,0</coordinates></Point>
      </Placemark>
      <Placemark>
        <name>Greedy Cow</name>
        <description>Energy: 41</description>
        <styleUrl>#greedyCowStyle</styleUrl>
        <Point><coordinates>-110.90533682828304,32.19365427770534,0</coordinates></Point>
      </Placemark>
      <Placemark>
        <name>Greedy Cow</name>
        <description>Energy: 46</description>
        <styleUrl>#greedyCowStyle</styleUrl>
        <Point><coordinates>-110.9512422868902,32.23689330107271,0</coordinates></Point>
      </Placemark>
      <Placemark>
        <name>Greedy Cow</name>
        <description>Energy: 26</description>
        <styleUrl>#greedyCowStyle</styleUrl>
        <Point><coordinates>-110.99687634891399,32.23927083076882,0</coordinates></Point>
      </Placemark>
      <Placemark>
        <name>Greedy Cow</name>
        <description>Energy: 26</description>
        <styleUrl>#greedyCowStyle</styleUrl>
        <Point><coordinates>-110.91845417067172,32.22424826773023,0</coordinates></Point>
      </Placemark>
      <Placemark>
        <name>Greedy Cow</name>
        <description>Energy: 31</description>
        <styleUrl>#greedyCowStyle</styleUrl>
        <Point><coordinates>-110.97285236534888,32.249166107975974,0</coordinates></Point>
      </Placemark>
      <Placemark>
        <name>Greedy Cow</name>
        <description>Energy: 26</description>
        <styleUrl>#greedyCowStyle</styleUrl>
        <Point><coordinates>-110.9849110761714,32.20122887200943,0</coordinates></Point>
      </Placemark>
      <Placemark>
        <name>Greedy Cow</name>
        <description>Energy: 36</description>
        <styleUrl>#greedyCowStyle</styleUrl>
        <Point><coordinates>-110.99796821777356,32.1932365195052,0</coordinates></Point>
      </Placemark>
      <Placemark>
        <name>Greedy Cow</name>
        <description>Energy: 46</description>
        <styleUrl>#greedyCowStyle</styleUrl>
        <Point><coordinates>-110.95071111567977,32.204562921237795,0</coordinates></Point>
      </Placemark>
      <Placemark>
        <name>Greedy Cow</name>
        <description>Energy: 41</description>
        <styleUrl>#greedyCowStyle</styleUrl>
        <Point><coordinates>-110.9134256216453,32.19700472513306,0</coordinates></Point>
      </Placemark>
      <Placemark>
        <name>Greedy Cow</name>
        <description>Energy: 26</description>
        <styleUrl>#greedyCowStyle</styleUrl>
        <Point><coordinates>-110.92450993159686,32.21583494676998,0</coordinates></Point>
      </Placemark>
      <Placemark>
        <name>Greedy Cow</name>
        <description>Energy: 31</description>
        <styleUrl>#greedyCowStyle</styleUrl>
        <Point><coordinates>-110.98424886348256,32.19221262760701,0</coordinates></Point>
      </Placemark>
      <Placemark>
        <name>Greedy Cow</name>
        <description>Energy: 46</description>
        <styleUrl>#greedyCowStyle</styleUrl>
        <Point><coordinates>-110.99072433288131,32.19,0</coordinates></Point>
      </Placemark>
      <Placemark>
        <name>Greedy Cow</name>
        <description>Energy: 16</description>
        <styleUrl>#greedyCowStyle</styleUrl>
        <Point><coordinates>-110.93846447926275,32.2201518520027,0</coordinates></Point>
      </Placemark>
      <Placemark>
        <name>Greedy Cow</name>
        <description>Energy: 31</description>
        <styleUrl>#greedyCowStyle</styleUrl>
        <Point><coordinates>-110.99877671711123,32.241637427985665,0</coordinates></Point>
      </Placemark>
      <Placemark>
        <name>Greedy Cow</name>
        <description>Energy: 41</description>
        <styleUrl>#greedyCowStyle</styleUrl>
        <Point><coordinates>-110.90869172031232,32.24477357403483,0</coordinates></Point>
      </Placemark>
      <Placemark>
        <name>Greedy Cow</name>
        <description>Energy: 31</description>
        <styleUrl>#greedyCowStyle</styleUrl>
        <Point><coordinates>-110.96034704022472,32.232687256361935,0</coordinates></Point>
      </Placemark>
      <Placemark>
        <name>Greedy Cow</name>
        <description>Energy: 31</description>
        <styleUrl>#greedyCowStyle</styleUrl>
        <Point><coordinates>-110.94661778702654,32.22697013459109,0</coordinates></Point>
      </Placemark>
      <Placemark>
        <name>Greedy Cow</name>
        <description>Energy: 26</description>
        <styleUrl>#greedyCowStyle</styleUrl>
        <Point><coordinates>-110.93040456594098,32.21059896007214,0</coordinates></Point>
      </Placemark>
      <Placemark>
        <name>Greedy Cow</name>
        <description>Energy: 36</description>
        <styleUrl>#greedyCowStyle</styleUrl>
        <Point><coordinates>-110.95415566215087,32.20874862177194,0</coordinates></Point>
      </Placemark>
      <Placemark>
        <name>Greedy Cow</name>
        <description>Energy: 41</description>
        <styleUrl>#greedyCowStyle</styleUrl>
        <Point><coordinates>-110.9070576877163,32.24547404375907,0</coordinates></Point>
      </Placemark>
      <Placemark>
        <name>Greedy Cow</name>
        <description>Energy: 31</description>
        <styleUrl>#greedyCowStyle</styleUrl>
        <Point><coordinates>-110.97621590220949,32.210618268903936,0</coordinates></Point>
      </Placemark>
      <Placemark>
        <name>Greedy Cow</name>
        <description>Energy: 21</description>
        <styleUrl>#greedyCowStyle</styleUrl>
        <Point><coordinates>-110.94402080002511,32.243532672508586,0</coordinates></Point>
      </Placemark>
      <Placemark>
        <name>Greedy Cow</name>
        <description>Energy: 46</description>
        <styleUrl>#greedyCowStyle</styleUrl>
        <Point><coordinates>-110.92625711079613,32.245745021894315,0</coordinates></Point>
      </Placemark>
      <Placemark>
        <name>Greedy Cow</name>
        <description>Energy: 16</description>
        <styleUrl>#greedyCowStyle</styleUrl>
        <Point><coordinates>-110.94769061999742,32.22708425131599,0</coordinates></Point>
      </Placemark>
      <Placemark>
        <name>Greedy Cow</name>
        <description>Energy: 41</description>
        <styleUrl>#greedyCowStyle</styleUrl>
        <Point><coordinates>-110.99526770259729,32.19,0</coordinates></Point>
      </Placemark>
      <Placemark>
        <name>Greedy Cow</name>
        <description>Energy: 41</description>
        <styleUrl>#greedyCowStyle</styleUrl>
        <Point><coordinates>-110.94819714405159,32.212924805701,0</coordinates></Point>
      </Placemark>
      <Placemark>
        <name>Greedy Cow</name>
        <description>Energy: 41</description>
        <styleUrl>#greedyCowStyle</styleUrl>
        <Point><coordinates>-110.94870316948753,32.2078780804466,0</coordinates></Point>
      </Placemark>
      <Placemark>
        <name>Greedy Cow</name>
        <description>Energy: 26</description>
        <styleUrl>#greedyCowStyle</styleUrl>
        <Point><coordinates>-110.98275569236941,32.197242120205765,0</coordinates></Point>
      </Placemark>
      <Placemark>
        <name>Greedy Cow</name>
        <description>Energy: 41</description>
        <styleUrl>#greedyCowStyle</styleUrl>
        <Point><coordinates>-110.9324317437219,32.190129962699196,0</coordinates></Point>
      </Placemark>
      <Placemark>
        <name>Greedy Cow</name>
        <description>Energy: 21</description>
        <styleUrl>#greedyCowStyle</styleUrl>
        <Point><coordinates>-110.9541695057163,32.205826398925296,0</coordinates></Point>
      </Placemark>
      <Placemark>
        <name>Greedy Cow</name>
        <description>Energy: 31</description>
        <styleUrl>#greedyCowStyle</styleUrl>
        <Point><coordinates>-110.99965627169082,32.24517868270316,0</coordinates></Point>
      </Placemark>
      <Placemark>
        <name>Greedy Cow</name>
        <description>Energy: 41</description>
        <styleUrl>#greedyCowStyle</styleUrl>
        <Point><coordinates>-110.94464348250332,32.24632913916834,0</coordinates></Point>
      </Placemark>
      <Placemark>
        <name>Greedy Cow</name>
        <description>Energy: 26</description>
        <styleUrl>#greedyCowStyle</styleUrl>
        <Point><coordinates>-110.92048840584201,32.202481213664385,0</coordinates></Point>
      </Placemark>
      <Placemark>
        <name>Greedy Cow</name>
        <description>Energy: 31</description>
        <styleUrl>#greedyCowStyle</styleUrl>
        <Point><coordinates>-110.9939168090397,32.24056379609699,0</coordinates></Point>
      </Placemark>
      <Placemark>
        <name>Greedy Cow</name>
        <description>Energy: 11</description>
        <styleUrl>#greedyCowStyle</styleUrl>
        <Point><coordinates>-110.94841380482373,32.24614504375218,0</coordinates></Point>
      </Placemark>
      <Placemark>
        <name>Greedy Cow</name>
        <description>Energy: 31</description>
        <styleUrl>#greedyCowStyle</styleUrl>
        <Point><coordinates>-110.99345661421137,32.20013062564238,0</coordinates></Point>
      </Placemark>
      <Placemark>
        <name>Greedy Cow</name>
        <description>Energy: 36</description>
        <styleUrl>#greedyCowStyle</styleUrl>
        <Point><coordinates>-110.90500576173058,32.212016405245166,0</coordinates></Point>
      </Placemark>
      <Placemark>
        <name>Greedy Cow</name>
        <description>Energy: 31</description>
        <styleUrl>#greedyCowStyle</styleUrl>
        <Point><coordinates>-110.95594986521786,32.19342360199967,0</coordinates></Point>
      </Placemark>
      <Placemark>
        <name>Greedy Cow</name>
        <description>Energy: 36</description>
        <styleUrl>#greedyCowStyle</styleUrl>
        <Point><coordinates>-110.95419587598406,32.21567691130368,0</coordinates></Point>
      </Placemark>
      <Placemark>
        <name>Greedy Cow</name>
        <description>Energy: 21</description>
        <styleUrl>#greedyCowStyle</styleUrl>
        <Point><coordinates>-110.97225815391005,32.22322894660747,0</coordinates></Point>
      </Placemark>
      <Placemark>
        <name>Greedy Cow</name>
        <description>Energy: 26</description>
        <styleUrl>#greedyCowStyle</styleUrl>
        <Point><coordinates>-110.93423569298238,32.203362894699694,0</coordinates></Point>
      </Placemark>
      <Placemark>
        <name>Greedy Cow</name>
        <description>Energy: 26</description>
        <styleUrl>#greedyCowStyle</styleUrl>
        <Point><coordinates>-110.91845676808899,32.21404213869682,0</coordinates></Point>
      </Placemark>
      <Placemark>
        <name>Greedy Cow</name>
        <description>Energy: 46</description>
        <styleUrl>#greedyCowStyle</styleUrl>
        <Point><coordinates>-110.95338666553863,32.21145852609321,0</coordinates></Point>
      </Placemark>
      <Placemark>
        <name>Greedy Cow</name>
        <description>Energy: 31</description>
        <styleUrl>#greedyCowStyle</styleUrl>
        <Point><coordinates>-110.99703491744303,32.23871203606757,0</coordinates></Point>
      </Placemark>
      <Placemark>
        <name>Greedy Cow</name>
        <description>Energy: 41</description>
        <styleUrl>#greedyCowStyle</styleUrl>
        <Point><coordinates>-110.98696273257191,32.24763545299987,0</coordinates></Point>
      </Placemark>
      <Placemark>
        <name>Greedy Cow</name>
        <description>Energy: 36</description>
        <styleUrl>#greedyCowStyle</styleUrl>
        <Point><coordinates>-110.94831620724548,32.23095320835081,0</coordinates></Point>
      </Placemark>
      <Placemark>
        <name>Greedy Cow</name>
        <description>Energy: 36</description>
        <styleUrl>#greedyCowStyle</styleUrl>
        <Point><coordinates>-110.96474914739834,32.242872280426255,0</coordinates></Point>
      </Placemark>
      <Placemark>
        <name>Greedy Cow</name>
        <description>Energy: 46</description>
        <styleUrl>#greedyCowStyle</styleUrl>
        <Point><coordinates>-110.99476181631294,32.24560003507438,0</coordinates></Point>
      </Placemark>
      <Placemark>
        <name>Greedy Cow</name>
        <description>Energy: 16</description>
        <styleUrl>#greedyCowStyle</styleUrl>
        <Point><coordinates>-110.99298262073124,32.249376955634034,0</coordinates></Point>
      </Placemark>
      <Placemark>
        <name>Greedy Cow</name>
        <description>Energy: 36</description>
        <styleUrl>#greedyCowStyle</styleUrl>
        <Point><coordinates>-110.91627167859984,32.21451622614713,0</coordinates></Point>
      </Placemark>
      <Placemark>
        <name>Greedy Cow</name>
        <description>Energy: 31</description>
        <styleUrl>#greedyCowStyle</styleUrl>
        <Point><coordinates>-110.92394503128699,32.19128893658842,0</coordinates></Point>
      </Placemark>
      <Placemark>
        <name>Greedy Cow</name>
        <description>Energy: 41</description>
        <styleUrl>#greedyCowStyle</styleUrl>
        <Point><coordinates>-110.9768204360798,32.25,0</coordinates></Point>
      </Placemark>
      <Placemark>
        <name>Greedy Cow</name>
        <description>Energy: 36</description>
        <styleUrl>#greedyCowStyle</styleUrl>
        <Point><coordinates>-110.98486356869374,32.24444578592189,0</coordinates></Point>
      </Placemark>
      <Placemark>
        <name>Greedy Cow</name>
        <description>Energy: 41</description>
        <styleUrl>#greedyCowStyle</styleUrl>
        <Point><coordinates>-110.97555464980701,32.19977151744065,0</coordinates></Point>
      </Placemark>
      <Placemark>
        <name>Greedy Cow</name>
        <description>Energy: 41</description>
        <styleUrl>#greedyCowStyle</styleUrl>
        <Point><coordinates>-110.98258603482378,32.1932941889507,0</coordinates></Point>
      </Placemark>
      <Placemark>
        <name>Greedy Cow</name>
        <description>Energy: 36</description>
        <styleUrl>#greedyCowStyle</styleUrl>
        <Point><coordinates>-110.93552162744835,32.21794792611693,0</coordinates></Point>
      </Placemark>
      <Placemark>
        <name>Greedy Cow</name>
        <description>Energy: 26</description>
        <styleUrl>#greedyCowStyle</styleUrl>
        <Point><coordinates>-110.9,32.24308291378713,0</coordinates></Point>
      </Placemark>
      <Placemark>
        <name>Greedy Cow</name>
        <description>Energy: 26</description>
        <styleUrl>#greedyCowStyle</styleUrl>
        <Point><coordinates>-111.0,32.20535471845275,0</coordinates></Point>
      </Placemark>
      <Placemark>
        <name>Greedy Cow</name>
        <description>Energy: 31</description>
        <styleUrl>#greedyCowStyle</styleUrl>
        <Point><coordinates>-110.90511073576852,32.24926383078427,0</coordinates></Point>
      </Placemark>
      <Placemark>
        <name>Greedy Cow</name>
        <description>Energy: 41</description>
        <styleUrl>#greedyCowStyle</styleUrl>
        <Point><coordinates>-110.95404360452349,32.22811374670692,0</coordinates></Point>
      </Placemark>
      <Placemark>
        <name>Greedy Cow</name>
        <description>Energy: 31</description>
        <styleUrl>#greedyCowStyle</styleUrl>
        <Point><coordinates>-110.97618543828942,32.22475625180217,0</coordinates></Point>
      </Placemark>
      <Placemark>
        <name>Greedy Cow</name>
        <description>Energy: 21</description>
        <styleUrl>#greedyCowStyle</styleUrl>
        <Point><coordinates>-110.92918754857943,32.19050179583364,0</coordinates></Point>
      </Placemark>
      <Placemark>
        <name>Greedy Cow</name>
        <description>Energy: 26</description>
        <styleUrl>#greedyCowStyle</styleUrl>
        <Point><coordinates>-110.97807667027999,32.20630856700687,0</coordinates></Point>
      </Placemark>
      <Placemark>
        <name>Greedy Cow</name>
        <description>Energy: 26</description>
        <styleUrl>#greedyCowStyle</styleUrl>
        <Point><coordinates>-110.94725530821654,32.24909989477987,0</coordinates></Point>
      </Placemark>
      <Placemark>
        <name>Greedy Cow</name>
        <description>Energy: 26</description>
        <styleUrl>#greedyCowStyle</styleUrl>
        <Point><coordinates>-110.90776466287043,32.24733304897638,0</coordinates></Point>
      </Placemark>
      <Placemark>
        <name>Greedy Cow</name>
        <description>Energy: 31</description>
        <styleUrl>#greedyCowStyle</styleUrl>
        <Point><coordinates>-110.95085929045906,32.23327966544463,0</coordinates></Point>
      </Placemark>
      <Placemark>
        <name>Greedy Cow</name>
        <description>Energy: 26</description>
        <styleUrl>#greedyCowStyle</styleUrl>
        <Point><coordinates>-110.95669248579503,32.19639490584868,0</coordinates></Point>
      </Placemark>
      <Placemark>
        <name>Greedy Cow</name>
        <description>Energy: 41</description>
        <styleUrl>#greedyCowStyle</styleUrl>
        <Point><coordinates>-110.93585102860112,32.21218149226653,0</coordinates></Point>
      </Placemark>
      <Placemark>
        <name>Greedy Cow</name>
        <description>Energy: 46</description>
        <styleUrl>#greedyCowStyle</styleUrl>
        <Point><coordinates>-110.9383125523784,32.247888054934045,0</coordinates></Point>
      </Placemark>
      <Placemark>
        <name>Greedy Cow</name>
        <description>Energy: 31</description>
        <styleUrl>#greedyCowStyle</styleUrl>
        <Point><coordinates>-110.92861604491564,32.221280981986645,0</coordinates></Point>
      </Placemark>
      <Placemark>
        <name>Greedy Cow</name>
        <description>Energy: 31</description>
        <styleUrl>#greedyCowStyle</styleUrl>
        <Point><coordinates>-110.95922622498553,32.211044515333064,0</coordinates></Point>
      </Placemark>
      <Placemark>
        <name>Greedy Cow</name>
        <description>Energy: 31</description>
        <styleUrl>#greedyCowStyle</styleUrl>
        <Point><coordinates>-110.92799032336036,32.24130308457645,0</coordinates></Point>
      </Placemark>
      <Placemark>
        <name>Greedy Cow</name>
        <description>Energy: 21</description>
        <styleUrl>#greedyCowStyle</styleUrl>
        <Point><coordinates>-110.92753650684033,32.240745878437664,0</coordinates></Point>
      </Placemark>
      <Placemark>
        <name>Greedy Cow</name>
        <description>Energy: 36</description>
        <styleUrl>#greedyCowStyle</styleUrl>
        <Point><coordinates>-110.98682297943601,32.22634415599825,0</coordinates></Point>
      </Placemark>
      <Placemark>
        <name>Greedy Cow</name>
        <description>Energy: 41</description>
        <styleUrl>#greedyCowStyle</styleUrl>
        <Point><coordinates>-110.94672976118832,32.24299706520906,0</coordinates></Point>
      </Placemark>
      <Placemark>
        <name>Greedy Cow</name>
        <description>Energy: 21</description>
        <styleUrl>#greedyCowStyle</styleUrl>
        <Point><coordinates>-110.97977681464242,32.22542620203298,0</coordinates></Point>
      </Placemark>
      <Placemark>
        <name>Greedy Cow</name>
        <description>Energy: 41</description>
        <styleUrl>#greedyCowStyle</styleUrl>
        <Point><coordinates>-110.91332317473638,32.21298576392869,0</coordinates></Point>
      </Placemark>
      <Placemark>
        <name>Greedy Cow</name>
        <description>Energy: 41</description>
        <styleUrl>#greedyCowStyle</styleUrl>
        <Point><coordinates>-110.97037243450961,32.23239642512001,0</coordinates></Point>
      </Placemark>
      <Placemark>
        <name>Greedy Cow</name>
        <description>Energy: 31</description>
        <styleUrl>#greedyCowStyle</styleUrl>
        <Point><coordinates>-110.95197657826274,32.24028413778015,0</coordinates></Point>
      </Placemark>
      <Placemark>
        <name>Greedy Cow</name>
        <description>Energy: 26</description>
        <styleUrl>#greedyCowStyle</styleUrl>
        <Point><coordinates>-110.9093613590735,32.23935908964074,0</coordinates></Point>
      </Placemark>
      <Placemark>
        <name>Greedy Cow</name>
        <description>Energy: 36</description>
        <styleUrl>#greedyCowStyle</styleUrl>
        <Point><coordinates>-110.91554521998816,32.22440103539309,0</coordinates></Point>
      </Placemark>
      <Placemark>
        <name>Greedy Cow</name>
        <description>Energy: 41</description>
        <styleUrl>#greedyCowStyle</styleUrl>
        <Point><coordinates>-110.9970747898554,32.23187635229372,0</coordinates></Point>
      </Placemark>
      <Placemark>
        <name>Greedy Cow</name>
        <description>Energy: 26</description>
        <styleUrl>#greedyCowStyle</styleUrl>
        <Point><coordinates>-110.9429225048079,32.22598835179439,0</coordinates></Point>
      </Placemark>
      <Placemark>
        <name>Greedy Cow</name>
        <description>Energy: 31</description>
        <styleUrl>#greedyCowStyle</styleUrl>
        <Point><coordinates>-110.95829135024746,32.21455690418862,0</coordinates></Point>
      </Placemark>
      <Placemark>
        <name>Greedy Cow</name>
        <description>Energy: 36</description>
        <styleUrl>#greedyCowStyle</styleUrl>
        <Point><coordinates>-110.93415096417684,32.24131835788444,0</coordinates></Point>
      </Placemark>
      <Placemark>
        <name>Greedy Cow</name>
        <description>Energy: 21</description>
        <styleUrl>#greedyCowStyle</styleUrl>
        <Point><coordinates>-110.91124459907249,32.200073279448105,0</coordinates></Point>
      </Placemark>
      <Placemark>
        <name>Greedy Cow</name>
        <description>Energy: 26</description>
        <styleUrl>#greedyCowStyle</styleUrl>
        <Point><coordinates>-110.91683622439875,32.220916005563915,0</coordinates></Point>
      </Placemark>
      <Placemark>
        <name>Greedy Cow</name>
        <description>Energy: 22</description>
        <styleUrl>#greedyCowStyle</styleUrl>
        <Point><coordinates>-110.93459806022287,32.21217925046546,0</coordinates></Point>
      </Placemark>
      <Placemark>
        <name>Greedy Cow</name>
        <description>Energy: 27</description>
        <styleUrl>#greedyCowStyle</styleUrl>
        <Point><coordinates>-110.97347498620458,32.24036850565776,0</coordinates></Point>
      </Placemark>
      <Placemark>
        <name>Greedy Cow</name>
        <description>Energy: 27</description>
        <styleUrl>#greedyCowStyle</styleUrl>
        <Point><coordinates>-110.96158089005789,32.2019007803716,0</coordinates></Point>
      </Placemark>
      <Placemark>
        <name>Greedy Cow</name>
        <description>Energy: 32</description>
        <styleUrl>#greedyCowStyle</styleUrl>
        <Point><coordinates>-110.9,32.24886827377404,0</coordinates></Point>
      </Placemark>
      <Placemark>
        <name>Greedy Cow</name>
        <description>Energy: 37</description>
        <styleUrl>#greedyCowStyle</styleUrl>
        <Point><coordinates>-110.93431524197253,32.236704468726366,0</coordinates></Point>
      </Placemark>
      <Placemark>
        <name>Greedy Cow</name>
        <description>Energy: 27</description>
        <styleUrl>#greedyCowStyle</styleUrl>
        <Point><coordinates>-110.92794676313301,32.237221148680234,0</coordinates></Point>
      </Placemark>
      <Placemark>
        <name>Greedy Cow</name>
        <description>Energy: 27</description>
        <styleUrl>#greedyCowStyle</styleUrl>
        <Point><coordinates>-110.97805937046017,32.22049896935661,0</coordinates></Point>
      </Placemark>
      <Placemark>
        <name>Greedy Cow</name>
        <description>Energy: 37</description>
        <styleUrl>#greedyCowStyle</styleUrl>
        <Point><coordinates>-110.9004363743955,32.19671278040934,0</coordinates></Point>
      </Placemark>
      <Placemark>
        <name>Greedy Cow</name>
        <description>Energy: 37</description>
        <styleUrl>#greedyCowStyle</styleUrl>
        <Point><coordinates>-110.93563341185788,32.22073303125902,0</coordinates></Point>
      </Placemark>
      <Placemark>
        <name>Greedy Cow</name>
        <description>Energy: 37</description>
        <styleUrl>#greedyCowStyle</styleUrl>
        <Point><coordinates>-110.90705902894868,32.22266947996511,0</coordinates></Point>
      </Placemark>
      <Placemark>
        <name>Greedy Cow</name>
        <description>Energy: 42</description>
        <styleUrl>#greedyCowStyle</styleUrl>
        <Point><coordinates>-110.97928437420069,32.20188655635141,0</coordinates></Point>
      </Placemark>
      <Placemark>
        <name>Greedy Cow</name>
        <description>Energy: 42</description>
        <styleUrl>#greedyCowStyle</styleUrl>
        <Point><coordinates>-110.96072929084981,32.224964627542946,0</coordinates></Point>
      </Placemark>
      <Placemark>
        <name>Greedy Cow</name>
        <description>Energy: 37</description>
        <styleUrl>#greedyCowStyle</styleUrl>
        <Point><coordinates>-110.90308150410088,32.21773613168873,0</coordinates></Point>
      </Placemark>
      <Placemark>
        <name>Greedy Cow</name>
        <description>Energy: 47</description>
        <styleUrl>#greedyCowStyle</styleUrl>
        <Point><coordinates>-110.92685965313846,32.22200586287511,0</coordinates></Point>
      </Placemark>
      <Placemark>
        <name>Greedy Cow</name>
        <description>Energy: 27</description>
        <styleUrl>#greedyCowStyle</styleUrl>
        <Point><coordinates>-110.9049707882832,32.19123673533453,0</coordinates></Point>
      </Placemark>
      <Placemark>
        <name>Greedy Cow</name>
        <description>Energy: 27</description>
        <styleUrl>#greedyCowStyle</styleUrl>
        <Point><coordinates>-110.98604725696198,32.20730591171708,0</coordinates></Point>
      </Placemark>
      <Placemark>
        <name>Greedy Cow</name>
        <description>Energy: 22</description>
        <styleUrl>#greedyCowStyle</styleUrl>
        <Point><coordinates>-110.94713597485492,32.2313468523396,0</coordinates></Point>
      </Placemark>
      <Placemark>
        <name>Greedy Cow</name>
        <description>Energy: 32</description>
        <styleUrl>#greedyCowStyle</styleUrl>
        <Point><coordinates>-110.97787573118268,32.21128344225206,0</coordinates></Point>
      </Placemark>
      <Placemark>
        <name>Greedy Cow</name>
        <description>Energy: 27</description>
        <styleUrl>#greedyCowStyle</styleUrl>
        <Point><coordinates>-110.96388326788224,32.220716949453056,0</coordinates></Point>
      </Placemark>
      <Placemark>
        <name>Greedy Cow</name>
        <description>Energy: 22</description>
        <styleUrl>#greedyCowStyle</styleUrl>
        <Point><coordinates>-110.92862629724485,32.22970132617383,0</coordinates></Point>
      </Placemark>
      <Placemark>
        <name>Greedy Cow</name>
        <description>Energy: 42</description>
        <styleUrl>#greedyCowStyle</styleUrl>
        <Point><coordinates>-110.93055339992361,32.23372982846051,0</coordinates></Point>
      </Placemark>
      <Placemark>
        <name>Greedy Cow</name>
        <description>Energy: 27</description>
        <styleUrl>#greedyCowStyle</styleUrl>
        <Point><coordinates>-110.94759147543503,32.22137546839311,0</coordinates></Point>
      </Placemark>
      <Placemark>
        <name>Greedy Cow</name>
        <description>Energy: 37</description>
        <styleUrl>#greedyCowStyle</styleUrl>
        <Point><coordinates>-110.9172048558069,32.199802751551815,0</coordinates></Point>
      </Placemark>
      <Placemark>
        <name>Greedy Cow</name>
        <description>Energy: 37</description>
        <styleUrl>#greedyCowStyle</styleUrl>
        <Point><coordinates>-110.9643379748279,32.24180474296024,0</coordinates></Point>
      </Placemark>
      <Placemark>
        <name>Greedy Cow</name>
        <description>Energy: 37</description>
        <styleUrl>#greedyCowStyle</styleUrl>
        <Point><coordinates>-110.99752147348377,32.201390991500915,0</coordinates></Point>
      </Placemark>
      <Placemark>
        <name>Greedy Cow</name>
        <description>Energy: 37</description>
        <styleUrl>#greedyCowStyle</styleUrl>
        <Point><coordinates>-110.99276617851508,32.222060706992494,0</coordinates></Point>
      </Placemark>
      <Placemark>
        <name>Greedy Cow</name>
        <description>Energy: 37</description>
        <styleUrl>#greedyCowStyle</styleUrl>
        <Point><coordinates>-110.90615742283691,32.21979816170005,0</coordinates></Point>
      </Placemark>
      <Placemark>
        <name>Greedy Cow</name>
        <description>Energy: 42</description>
        <styleUrl>#greedyCowStyle</styleUrl>
        <Point><coordinates>-110.98743292739735,32.23593773326101,0</coordinates></Point>
      </Placemark>
      <Placemark>
        <name>Greedy Cow</name>
        <description>Energy: 37</description>
        <styleUrl>#greedyCowStyle</styleUrl>
        <Point><coordinates>-110.98884269407021,32.19616478664866,0</coordinates></Point>
      </Placemark>
      <Placemark>
        <name>Greedy Cow</name>
        <description>Energy: 37</description>
        <styleUrl>#greedyCowStyle</styleUrl>
        <Point><coordinates>-110.99241276144475,32.194545984719724,0</coordinates></Point>
      </Placemark>
      <Placemark>
        <name>Greedy Cow</name>
        <description>Energy: 32</description>
        <styleUrl>#greedyCowStyle</styleUrl>
        <Point><coordinates>-110.90536591745494,32.24826169252652,0</coordinates></Point>
      </Placemark>
      <Placemark>
        <name>Greedy Cow</name>
        <description>Energy: 27</description>
        <styleUrl>#greedyCowStyle</styleUrl>
        <Point><coordinates>-110.94699603786567,32.19932025552747,0</coordinates></Point>
      </Placemark>
      <Placemark>
        <name>Greedy Cow</name>
        <description>Energy: 22</description>
        <styleUrl>#greedyCowStyle</styleUrl>
        <Point><coordinates>-110.94040501123364,32.221041306438856,0</coordinates></Point>
      </Placemark>
      <Placemark>
        <name>Greedy Cow</name>
        <description>Energy: 47</description>
        <styleUrl>#greedyCowStyle</styleUrl>
        <Point><coordinates>-110.93338014862408,32.19860274075413,0</coordinates></Point>
      </Placemark>
      <Placemark>
        <name>Greedy Cow</name>
        <description>Energy: 32</description>
        <styleUrl>#greedyCowStyle</styleUrl>
        <Point><coordinates>-110.9959251810125,32.19106591220366,0</coordinates></Point>
      </Placemark>
      <Placemark>
        <name>Greedy Cow</name>
        <description>Energy: 27</description>
        <styleUrl>#greedyCowStyle</styleUrl>
        <Point><coordinates>-110.94465941155418,32.22899495040836,0</coordinates></Point>
      </Placemark>
      <Placemark>
        <name>Greedy Cow</name>
        <description>Energy: 37</description>
        <styleUrl>#greedyCowStyle</styleUrl>
        <Point><coordinates>-110.98776567954228,32.19,0</coordinates></Point>
      </Placemark>
      <Placemark>
        <name>Greedy Cow</name>
        <description>Energy: 27</description>
        <styleUrl>#greedyCowStyle</styleUrl>
        <Point><coordinates>-110.92211540775179,32.20382004138935,0</coordinates></Point>
      </Placemark>
      <Placemark>
        <name>Greedy Cow</name>
        <description>Energy: 47</description>
        <styleUrl>#greedyCowStyle</styleUrl>
        <Point><coordinates>-110.94012903966602,32.244983659121274,0</coordinates></Point>
      </Placemark>
      <Placemark>
        <name>Greedy Cow</name>
        <description>Energy: 37</description>
        <styleUrl>#greedyCowStyle</styleUrl>
        <Point><coordinates>-110.99872154352386,32.23137593452791,0</coordinates></Point>
      </Placemark>
      <Placemark>
        <name>Greedy Cow</name>
        <description>Energy: 37</description>
        <styleUrl>#greedyCowStyle</styleUrl>
        <Point><coordinates>-110.98254452133195,32.245579626795745,0</coordinates></Point>
      </Placemark>
      <Placemark>
        <name>Greedy Cow</name>
        <description>Energy: 27</description>
        <styleUrl>#greedyCowStyle</styleUrl>
        <Point><coordinates>-110.99236724508495,32.214802648005616,0</coordinates></Point>
      </Placemark>
      <Placemark>
        <name>Greedy Cow</name>
        <description>Energy: 22</description>
        <styleUrl>#greedyCowStyle</styleUrl>
        <Point><coordinates>-110.92500210968859,32.22322112939293,0</coordinates></Point>
      </Placemark>
      <Placemark>
        <name>Greedy Cow</name>
        <description>Energy: 47</description>
        <styleUrl>#greedyCowStyle</styleUrl>
        <Point><coordinates>-110.98855222208428,32.225891595991605,0</coordinates></Point>
      </Placemark>
      <Placemark>
        <name>Greedy Cow</name>
        <description>Energy: 47</description>
        <styleUrl>#greedyCowStyle</styleUrl>
        <Point><coordinates>-110.90310664027592,32.22515812671218,0</coordinates></Point>
      </Placemark>
      <Placemark>
        <name>Greedy Cow</name>
        <description>Energy: 47</description>
        <styleUrl>#greedyCowStyle</styleUrl>
        <Point><coordinates>-110.91696648817576,32.228188382957555,0</coordinates></Point>
      </Placemark>
      <Placemark>
        <name>Greedy Cow</name>
        <description>Energy: 32</description>
        <styleUrl>#greedyCowStyle</styleUrl>
        <Point><coordinates>-110.97612838831287,32.23298984744686,0</coordinates></Point>
      </Placemark>
      <Placemark>
        <name>Greedy Cow</name>
        <description>Energy: 27</description>
        <styleUrl>#greedyCowStyle</styleUrl>
        <Point><coordinates>-110.96654254608873,32.21053501159818,0</coordinates></Point>
      </Placemark>
      <Placemark>
        <name>Greedy Cow</name>
        <description>Energy: 37</description>
        <styleUrl>#greedyCowStyle</styleUrl>
        <Point><coordinates>-110.982891812663,32.22414868649409,0</coordinates></Point>
      </Placemark>
      <Placemark>
        <name>Greedy Cow</name>
        <description>Energy: 37</description>
        <styleUrl>#greedyCowStyle</styleUrl>
        <Point><coordinates>-110.93059537989404,32.242691942848104,0</coordinates></Point>
      </Placemark>
      <Placemark>
        <name>Greedy Cow</name>
        <description>Energy: 47</description>
        <styleUrl>#greedyCowStyle</styleUrl>
        <Point><coordinates>-110.93996944249751,32.2264185836836,0</coordinates></Point>
      </Placemark>
      <Placemark>
        <name>Greedy Cow</name>
        <description>Energy: 32</description>
        <styleUrl>#greedyCowStyle</styleUrl>
        <Point><coordinates>-110.96188908880936,32.21353094182829,0</coordinates></Point>
      </Placemark>
      <Placemark>
        <name>Greedy Cow</name>
        <description>Energy: 17</description>
        <styleUrl>#greedyCowStyle</styleUrl>
        <Point><coordinates>-110.96139419822214,32.21908197502035,0</coordinates></Point>
      </Placemark>
      <Placemark>
        <name>Greedy Cow</name>
        <description>Energy: 22</description>
        <styleUrl>#greedyCowStyle</styleUrl>
        <Point><coordinates>-110.90612980625906,32.21805937394897,0</coordinates></Point>
      </Placemark>
      <Placemark>
        <name>Greedy Cow</name>
        <description>Energy: 32</description>
        <styleUrl>#greedyCowStyle</styleUrl>
        <Point><coordinates>-110.93234138445729,32.20139486215738,0</coordinates></Point>
      </Placemark>
      <Placemark>
        <name>Greedy Cow</name>
        <description>Energy: 32</description>
        <styleUrl>#greedyCowStyle</styleUrl>
        <Point><coordinates>-110.91307616301853,32.2073293269633,0</coordinates></Point>
      </Placemark>
      <Placemark>
        <name>Greedy Cow</name>
        <description>Energy: 32</description>
        <styleUrl>#greedyCowStyle</styleUrl>
        <Point><coordinates>-110.93701314410966,32.226166180620936,0</coordinates></Point>
      </Placemark>
      <Placemark>
        <name>Greedy Cow</name>
        <description>Energy: 37</description>
        <styleUrl>#greedyCowStyle</styleUrl>
        <Point><coordinates>-110.95125619172124,32.21329555976485,0</coordinates></Point>
      </Placemark>
      <Placemark>
        <name>Greedy Cow</name>
        <description>Energy: 37</description>
        <styleUrl>#greedyCowStyle</styleUrl>
        <Point><coordinates>-110.93296552926495,32.2090190920589,0</coordinates></Point>
      </Placemark>
      <Placemark>
        <name>Greedy Cow</name>
        <description>Energy: 27</description>
        <styleUrl>#greedyCowStyle</styleUrl>
        <Point><coordinates>-110.90738560816696,32.24153246555997,0</coordinates></Point>
      </Placemark>
      <Placemark>
        <name>Greedy Cow</name>
        <description>Energy: 37</description>
        <styleUrl>#greedyCowStyle</styleUrl>
        <Point><coordinates>-110.9457704089798,32.24780337706034,0</coordinates></Point>
      </Placemark>
      <Placemark>
        <name>Greedy Cow</name>
        <description>Energy: 27</description>
        <styleUrl>#greedyCowStyle</styleUrl>
        <Point><coordinates>-110.93670059196002,32.211521961890796,0</coordinates></Point>
      </Placemark>
      <Placemark>
        <name>Greedy Cow</name>
        <description>Energy: 22</description>
        <styleUrl>#greedyCowStyle</styleUrl>
        <Point><coordinates>-110.95662506915166,32.25,0</coordinates></Point>
      </Placemark>
      <Placemark>
        <name>Greedy Cow</name>
        <description>Energy: 7</description>
        <styleUrl>#greedyCowStyle</styleUrl>
        <Point><coordinates>-110.9581329845983,32.24866056370858,0</coordinates></Point>
      </Placemark>
      <Placemark>
        <name>Greedy Cow</name>
        <description>Energy: 17</description>
        <styleUrl>#greedyCowStyle</styleUrl>
        <Point><coordinates>-110.99812371793668,32.19458089296621,0</coordinates></Point>
      </Placemark>
      <Placemark>
        <name>Greedy Cow</name>
        <description>Energy: 22</description>
        <styleUrl>#greedyCowStyle</styleUrl>
        <Point><coordinates>-110.95492635633603,32.23620484376432,0</coordinates></Point>
      </Placemark>
      <Placemark>
        <name>Greedy Cow</name>
        <description>Energy: 32</description>
        <styleUrl>#greedyCowStyle</styleUrl>
        <Point><coordinates>-110.9,32.20089559205793,0</coordinates></Point>
      </Placemark>
      <Placemark>
        <name>Greedy Cow</name>
        <description>Energy: 27</description>
        <styleUrl>#greedyCowStyle</styleUrl>
        <Point><coordinates>-110.95705439185005,32.1920623787218,0</coordinates></Point>
      </Placemark>
      <Placemark>
        <name>Greedy Cow</name>
        <description>Energy: 32</description>
        <styleUrl>#greedyCowStyle</styleUrl>
        <Point><coordinates>-110.9764101086531,32.21423420545648,0</coordinates></Point>
      </Placemark>
      <Placemark>
        <name>Greedy Cow</name>
        <description>Energy: 32</description>
        <styleUrl>#greedyCowStyle</styleUrl>
        <Point><coordinates>-110.97173649278261,32.219330702855544,0</coordinates></Point>
      </Placemark>
      <Placemark>
        <name>Greedy Cow</name>
        <description>Energy: 17</description>
        <styleUrl>#greedyCowStyle</styleUrl>
        <Point><coordinates>-110.97592219365076,32.248326241914164,0</coordinates></Point>
      </Placemark>
      <Placemark>
        <name>Greedy Cow</name>
        <description>Energy: 32</description>
        <styleUrl>#greedyCowStyle</styleUrl>
        <Point><coordinates>-110.90241303339903,32.22243943036366,0</coordinates></Point>
      </Placemark>
      <Placemark>
        <name>Greedy Cow</name>
        <description>Energy: 2</description>
        <styleUrl>#greedyCowStyle</styleUrl>
        <Point><coordinates>-110.9224162696696,32.200456977990314,0</coordinates></Point>
      </Placemark>
      <Placemark>
        <name>Greedy Cow</name>
        <description>Energy: 47</description>
        <styleUrl>#greedyCowStyle</styleUrl>
        <Point><coordinates>-110.96566199796722,32.22815636607264,0</coordinates></Point>
      </Placemark>
      <Placemark>
        <name>Greedy Cow</name>
        <description>Energy: 22</description>
        <styleUrl>#greedyCowStyle</styleUrl>
        <Point><coordinates>-110.97409303061451,32.2352011687982,0</coordinates></Point>
      </Placemark>
      <Placemark>
        <name>Greedy Cow</name>
        <description>Energy: 7</description>
        <styleUrl>#greedyCowStyle</styleUrl>
        <Point><coordinates>-110.97457305817206,32.22935220628072,0</coordinates></Point>
      </Placemark>
      <Placemark>
        <name>Greedy Cow</name>
        <description>Energy: 27</description>
        <styleUrl>#greedyCowStyle</styleUrl>
        <Point><coordinates>-110.9090206989541,32.20690107137514,0</coordinates></Point>
      </Placemark>
      <Placemark>
        <name>Greedy Cow</name>
        <description>Energy: 22</description>
        <styleUrl>#greedyCowStyle</styleUrl>
        <Point><coordinates>-110.97212771117655,32.21984056762341,0</coordinates></Point>
      </Placemark>
      <Placemark>
        <name>Greedy Cow</name>
        <description>Energy: 37</description>
        <styleUrl>#greedyCowStyle</styleUrl>
        <Point><coordinates>-110.97311392380848,32.19745439988736,0</coordinates></Point>
      </Placemark>
      <Placemark>
        <name>Greedy Cow</name>
        <description>Energy: 27</description>
        <styleUrl>#greedyCowStyle</styleUrl>
        <Point><coordinates>-110.98180802770672,32.233258726195146,0</coordinates></Point>
      </Placemark>
      <Placemark>
        <name>Greedy Cow</name>
        <description>Energy: 42</description>
        <styleUrl>#greedyCowStyle</styleUrl>
        <Point><coordinates>-110.9911198885654,32.201554809813054,0</coordinates></Point>
      </Placemark>
      <Placemark>
        <name>Greedy Cow</name>
        <description>Energy: 22</description>
        <styleUrl>#greedyCowStyle</styleUrl>
        <Point><coordinates>-110.97843483594713,32.19270978692362,0</coordinates></Point>
      </Placemark>
      <Placemark>
        <name>Greedy Cow</name>
        <description>Energy: 42</description>
        <styleUrl>#greedyCowStyle</styleUrl>
        <Point><coordinates>-110.97022566246193,32.204194661801196,0</coordinates></Point>
      </Placemark>
      <Placemark>
        <name>Greedy Cow</name>
        <description>Energy: 27</description>
        <styleUrl>#greedyCowStyle</styleUrl>
        <Point><coordinates>-111.0,32.20022351722971,0</coordinates></Point>
      </Placemark>
      <Placemark>
        <name>Greedy Cow</name>
        <description>Energy: 42</description>
        <styleUrl>#greedyCowStyle</styleUrl>
        <Point><coordinates>-110.9,32.219605845695966,0</coordinates></Point>
      </Placemark>
      <Placemark>
        <name>Greedy Cow</name>
        <description>Energy: 27</description>
        <styleUrl>#greedyCowStyle</styleUrl>
        <Point><coordinates>-110.97682539022762,32.248162209471296,0</coordinates></Point>
      </Placemark>
      <Placemark>
        <name>Greedy Cow</name>
        <description>Energy: 37</description>
        <styleUrl>#greedyCowStyle</styleUrl>
        <Point><coordinates>-110.98607405244208,32.23914285471484,0</coordinates></Point>
      </Placemark>
      <Placemark>
        <name>Greedy Cow</name>
        <description>Energy: 37</description>
        <styleUrl>#greedyCowStyle</styleUrl>
        <Point><coordinates>-110.90082428170325,32.249106857838186,0</coordinates></Point>
      </Placemark>
      <Placemark>
        <name>Greedy Cow</name>
        <description>Energy: 37</description>
        <styleUrl>#greedyCowStyle</styleUrl>
        <Point><coordinates>-110.91923916455791,32.248846145007754,0</coordinates></Point>
      </Placemark>
      <Placemark>
        <name>Greedy Cow</name>
        <description>Energy: 37</description>
        <styleUrl>#greedyCowStyle</styleUrl>
        <Point><coordinates>-110.98266320594199,32.222457539131334,0</coordinates></Point>
      </Placemark>
      <Placemark>
        <name>Greedy Cow</name>
        <description>Energy: 42</description>
        <styleUrl>#greedyCowStyle</styleUrl>
        <Point><coordinates>-110.98068768483597,32.21808083164157,0</coordinates></Point>
      </Placemark>
      <Placemark>
        <name>Greedy Cow</name>
        <description>Energy: 27</description>
        <styleUrl>#greedyCowStyle</styleUrl>
        <Point><coordinates>-110.96279695077979,32.225214451204415,0</coordinates></Point>
      </Placemark>
      <Placemark>
        <name>Greedy Cow</name>
        <description>Energy: 2</description>
        <styleUrl>#greedyCowStyle</styleUrl>
        <Point><coordinates>-110.97563115030623,32.21280191795137,0</coordinates></Point>
      </Placemark>
      <Placemark>
        <name>Greedy Cow</name>
        <description>Energy: 27</description>
        <styleUrl>#greedyCowStyle</styleUrl>
        <Point><coordinates>-110.9006284153136,32.2142604382349,0</coordinates></Point>
      </Placemark>
      <Placemark>
        <name>Greedy Cow</name>
        <description>Energy: 47</description>
        <styleUrl>#greedyCowStyle</styleUrl>
        <Point><coordinates>-110.95195564930478,32.23106310207632,0</coordinates></Point>
      </Placemark>
      <Placemark>
        <name>Greedy Cow</name>
        <description>Energy: 37</description>
        <styleUrl>#greedyCowStyle</styleUrl>
        <Point><coordinates>-110.92977154288897,32.204267994430225,0</coordinates></Point>
      </Placemark>
      <Placemark>
        <name>Greedy Cow</name>
        <description>Energy: 42</description>
        <styleUrl>#greedyCowStyle</styleUrl>
        <Point><coordinates>-110.92357626464305,32.23871217525889,0</coordinates></Point>
      </Placemark>
      <Placemark>
        <name>Greedy Cow</name>
        <description>Energy: 17</description>
        <styleUrl>#greedyCowStyle</styleUrl>
        <Point><coordinates>-110.97154266355426,32.239613390577084,0</coordinates></Point>
      </Placemark>
      <Placemark>
        <name>Greedy Cow</name>
        <description>Energy: 42</description>
        <styleUrl>#greedyCowStyle</styleUrl>
        <Point><coordinates>-110.90609425924441,32.19883991443461,0</coordinates></Point>
      </Placemark>
      <Placemark>
        <name>Greedy Cow</name>
        <description>Energy: 22</description>
        <styleUrl>#greedyCowStyle</styleUrl>
        <Point><coordinates>-110.95897363198762,32.22847447594044,0</coordinates></Point>
      </Placemark>
      <Placemark>
        <name>Greedy Cow</name>
        <description>Energy: 27</description>
        <styleUrl>#greedyCowStyle</styleUrl>
        <Point><coordinates>-110.95307119311695,32.21177587858118,0</coordinates></Point>
      </Placemark>
      <Placemark>
        <name>Greedy Cow</name>
        <description>Energy: 17</description>
        <styleUrl>#greedyCowStyle</styleUrl>
        <Point><coordinates>-110.94557916833205,32.191075097131915,0</coordinates></Point>
      </Placemark>
      <Placemark>
        <name>Greedy Cow</name>
        <description>Energy: 17</description>
        <styleUrl>#greedyCowStyle</styleUrl>
        <Point><coordinates>-110.9880707565864,32.22560300272002,0</coordinates></Point>
      </Placemark>
      <Placemark>
        <name>Greedy Cow</name>
        <description>Energy: 47</description>
        <styleUrl>#greedyCowStyle</styleUrl>
        <Point><coordinates>-110.982832641431,32.208188839273966,0</coordinates></Point>
      </Placemark>
      <Placemark>
        <name>Greedy Cow</name>
        <description>Energy: 17</description>
        <styleUrl>#greedyCowStyle</styleUrl>
        <Point><coordinates>-110.94692185866329,32.24425345182661,0</coordinates></Point>
      </Placemark>
      <Placemark>
        <name>Greedy Cow</name>
        <description>Energy: 32</description>
        <styleUrl>#greedyCowStyle</styleUrl>
        <Point><coordinates>-110.93402896412005,32.19560953445584,0</coordinates></Point>
      </Placemark>
      <Placemark>
        <name>Greedy Cow</name>
        <description>Energy: 32</description>
        <styleUrl>#greedyCowStyle</styleUrl>
        <Point><coordinates>-110.92691122848397,32.24676276894887,0</coordinates></Point>
      </Placemark>
      <Placemark>
        <name>Greedy Cow</name>
        <description>Energy: 22</description>
        <styleUrl>#greedyCowStyle</styleUrl>
        <Point><coordinates>-110.92393462702863,32.23786904331893,0</coordinates></Point>
      </Placemark>
      <Placemark>
        <name>Greedy Cow</name>
        <description>Energy: 22</description>
        <styleUrl>#greedyCowStyle</styleUrl>
        <Point><coordinates>-110.95481965008129,32.1959003374668,0</coordinates></Point>
      </Placemark>
      <Placemark>
        <name>Greedy Cow</name>
        <description>Energy: 32</description>
        <styleUrl>#greedyCowStyle</styleUrl>
        <Point><coordinates>-110.949988389661,32.22112156313876,0</coordinates></Point>
      </Placemark>
      <Placemark>
        <name>Greedy Cow</name>
        <description>Energy: 47</description>
        <styleUrl>#greedyCowStyle</styleUrl>
        <Point><coordinates>-110.93917168803885,32.21317126737967,0</coordinates></Point>
      </Placemark>
      <Placemark>
        <name>Greedy Cow</name>
        <description>Energy: 22</description>
        <styleUrl>#greedyCowStyle</styleUrl>
        <Point><coordinates>-110.99138599810264,32.21221635413282,0</coordinates></Point>
      </Placemark>
      <Placemark>
        <name>Greedy Cow</name>
        <description>Energy: 37</description>
        <styleUrl>#greedyCowStyle</styleUrl>
        <Point><coordinates>-110.90159850234781,32.20017524409829,0</coordinates></Point>
      </Placemark>
      <Placemark>
        <name>Greedy Cow</name>
        <description>Energy: 42</description>
        <styleUrl>#greedyCowStyle</styleUrl>
        <Point><coordinates>-110.95309716422487,32.24321178530198,0</coordinates></Point>
      </Placemark>
      <Placemark>
        <name>Greedy Cow</name>
        <description>Energy: 37</description>
        <styleUrl>#greedyCowStyle</styleUrl>
        <Point><coordinates>-110.9917886748564,32.228772541523334,0</coordinates></Point>
      </Placemark>
      <Placemark>
        <name>Greedy Cow</name>
        <description>Energy: 42</description>
        <styleUrl>#greedyCowStyle</styleUrl>
        <Point><coordinates>-110.93603455559328,32.23598876700825,0</coordinates></Point>
      </Placemark>
      <Placemark>
        <name>Greedy Cow</name>
        <description>Energy: 22</description>
        <styleUrl>#greedyCowStyle</styleUrl>
        <Point><coordinates>-110.90639222722417,32.20973004513929,0</coordinates></Point>
      </Placemark>
      <Placemark>
        <name>Greedy Cow</name>
        <description>Energy: 37</description>
        <styleUrl>#greedyCowStyle</styleUrl>
        <Point><coordinates>-110.93847229712883,32.24815074505862,0</coordinates></Point>
      </Placemark>
      <Placemark>
        <name>Greedy Cow</name>
        <description>Energy: 37</description>
        <styleUrl>#greedyCowStyle</styleUrl>
        <Point><coordinates>-110.98289852446193,32.20262578426701,0</coordinates></Point>
      </Placemark>
      <Placemark>
        <name>Greedy Cow</name>
        <description>Energy: 17</description>
        <styleUrl>#greedyCowStyle</styleUrl>
        <Point><coordinates>-110.94041682232573,32.22843216134274,0</coordinates></Point>
      </Placemark>
      <Placemark>
        <name>Greedy Cow</name>
        <description>Energy: 47</description>
        <styleUrl>#greedyCowStyle</styleUrl>
        <Point><coordinates>-110.95998320736265,32.22107973346796,0</coordinates></Point>
      </Placemark>
      <Placemark>
        <name>Greedy Cow</name>
        <description>Energy: 12</description>
        <styleUrl>#greedyCowStyle</styleUrl>
        <Point><coordinates>-110.9364528820713,32.193354648830876,0</coordinates></Point>
      </Placemark>
      <Placemark>
        <name>Greedy Cow</name>
        <description>Energy: 32</description>
        <styleUrl>#greedyCowStyle</styleUrl>
        <Point><coordinates>-110.95893050868132,32.20241829230274,0</coordinates></Point>
      </Placemark>
      <Placemark>
        <name>Greedy Cow</name>
        <description>Energy: 12</description>
        <styleUrl>#greedyCowStyle</styleUrl>
        <Point><coordinates>-110.97288181465713,32.21028614562437,0</coordinates></Point>
      </Placemark>
      <Placemark>
        <name>Greedy Cow</name>
        <description>Energy: 32</description>
        <styleUrl>#greedyCowStyle</styleUrl>
        <Point><coordinates>-110.9033533256827,32.23421933420129,0</coordinates></Point>
      </Placemark>
      <Placemark>
        <name>Greedy Cow</name>
        <description>Energy: 2</description>
        <styleUrl>#greedyCowStyle</styleUrl>
        <Point><coordinates>-110.92830849379277,32.231253822378335,0</coordinates></Point>
      </Placemark>
      <Placemark>
        <name>Greedy Cow</name>
        <description>Energy: 37</description>
        <styleUrl>#greedyCowStyle</styleUrl>
        <Point><coordinates>-110.98151555654493,32.22588024155054,0</coordinates></Point>
      </Placemark>
      <Placemark>
        <name>Greedy Cow</name>
        <description>Energy: 47</description>
        <styleUrl>#greedyCowStyle</styleUrl>
        <Point><coordinates>-110.97082000683481,32.22177711399317,0</coordinates></Point>
      </Placemark>
      <Placemark>
        <name>Greedy Cow</name>
        <description>Energy: 42</description>
        <styleUrl>#greedyCowStyle</styleUrl>
        <Point><coordinates>-110.90085218162122,32.19400236964233,0</coordinates></Point>
      </Placemark>
      <Placemark>
        <name>Greedy Cow</name>
        <description>Energy: 38</description>
        <styleUrl>#greedyCowStyle</styleUrl>
        <Point><coordinates>-110.94013907558207,32.20772890400171,0</coordinates></Point>
      </Placemark>
      <Placemark>
        <name>Greedy Cow</name>
        <description>Energy: 39</description>
        <styleUrl>#greedyCowStyle</styleUrl>
        <Point><coordinates>-110.91320072424979,32.200473847879344,0</coordinates></Point>
      </Placemark>
      <Placemark>
        <name>Greedy Cow</name>
        <description>Energy: 39</description>
        <styleUrl>#greedyCowStyle</styleUrl>
        <Point><coordinates>-110.98445934781701,32.24855201826927,0</coordinates></Point>
      </Placemark>
      <Placemark>
        <name>Greedy Cow</name>
        <description>Energy: 30</description>
        <styleUrl>#greedyCowStyle</styleUrl>
        <Point><coordinates>-110.9248674904711,32.19122311956871,0</coordinates></Point>
      </Placemark>
      <Placemark>
        <name>Greedy Cow</name>
        <description>Energy: 35</description>
        <styleUrl>#greedyCowStyle</styleUrl>
        <Point><coordinates>-110.98037119866348,32.21611872251858,0</coordinates></Point>
      </Placemark>
      <Placemark>
        <name>Greedy Cow</name>
        <description>Energy: 26</description>
        <styleUrl>#greedyCowStyle</styleUrl>
        <Point><coordinates>-110.91432650588553,32.241886422826816,0</coordinates></Point>
      </Placemark>
      <Placemark>
        <name>Greedy Cow</name>
        <description>Energy: 17</description>
        <styleUrl>#greedyCowStyle</styleUrl>
        <Point><coordinates>-110.99103669137601,32.23378916732003,0</coordinates></Point>
      </Placemark>
      <Placemark>
        <name>Greedy Cow</name>
        <description>Energy: 47</description>
        <styleUrl>#greedyCowStyle</styleUrl>
        <Point><coordinates>-110.98132803138665,32.24424773522659,0</coordinates></Point>
      </Placemark>
      <Placemark>
        <name>Greedy Cow</name>
        <description>Energy: 22</description>
        <styleUrl>#greedyCowStyle</styleUrl>
        <Point><coordinates>-110.95651077049115,32.224029494071296,0</coordinates></Point>
      </Placemark>
      <Placemark>
        <name>Greedy Cow</name>
        <description>Energy: 12</description>
        <styleUrl>#greedyCowStyle</styleUrl>
        <Point><coordinates>-110.95199296371054,32.194288645294314,0</coordinates></Point>
      </Placemark>
      <Placemark>
        <name>Greedy Cow</name>
        <description>Energy: 22</description>
        <styleUrl>#greedyCowStyle</styleUrl>
        <Point><coordinates>-110.97035121622402,32.23620184770576,0</coordinates></Point>
      </Placemark>
      <Placemark>
        <name>Greedy Cow</name>
        <description>Energy: 42</description>
        <styleUrl>#greedyCowStyle</styleUrl>
        <Point><coordinates>-110.9520005484442,32.2279528651298,0</coordinates></Point>
      </Placemark>
      <Placemark>
        <name>Greedy Cow</name>
        <description>Energy: 7</description>
        <styleUrl>#greedyCowStyle</styleUrl>
        <Point><coordinates>-110.90208169768911,32.245703101733746,0</coordinates></Point>
      </Placemark>
      <Placemark>
        <name>Greedy Cow</name>
        <description>Energy: 47</description>
        <styleUrl>#greedyCowStyle</styleUrl>
        <Point><coordinates>-110.93868471596684,32.19842274940065,0</coordinates></Point>
      </Placemark>
      <Placemark>
        <name>Greedy Cow</name>
        <description>Energy: 27</description>
        <styleUrl>#greedyCowStyle</styleUrl>
        <Point><coordinates>-110.9189817613903,32.19,0</coordinates></Point>
      </Placemark>
      <Placemark>
        <name>Greedy Cow</name>
        <description>Energy: 47</description>
        <styleUrl>#greedyCowStyle</styleUrl>
        <Point><coordinates>-110.98880507031643,32.19182526855828,0</coordinates></Point>
      </Placemark>
      <Placemark>
        <name>Greedy Cow</name>
        <description>Energy: 47</description>
        <styleUrl>#greedyCowStyle</styleUrl>
        <Point><coordinates>-110.90554175618554,32.222454155895505,0</coordinates></Point>
      </Placemark>
      <Placemark>
        <name>Greedy Cow</name>
        <description>Energy: 22</description>
        <styleUrl>#greedyCowStyle</styleUrl>
        <Point><coordinates>-110.98565370058631,32.22200804093264,0</coordinates></Point>
      </Placemark>
      <Placemark>
        <name>Greedy Cow</name>
        <description>Energy: 37</description>
        <styleUrl>#greedyCowStyle</styleUrl>
        <Point><coordinates>-110.99687180155348,32.23492099438505,0</coordinates></Point>
      </Placemark>
      <Placemark>
        <name>Greedy Cow</name>
        <description>Energy: 47</description>
        <styleUrl>#greedyCowStyle</styleUrl>
        <Point><coordinates>-110.90271051141357,32.216444025897786,0</coordinates></Point>
      </Placemark>
      <Placemark>
        <name>Greedy Cow</name>
        <description>Energy: 32</description>
        <styleUrl>#greedyCowStyle</styleUrl>
        <Point><coordinates>-110.97961709678515,32.19297968046929,0</coordinates></Point>
      </Placemark>
      <Placemark>
        <name>Greedy Cow</name>
        <description>Energy: 22</description>
        <styleUrl>#greedyCowStyle</styleUrl>
        <Point><coordinates>-110.95336834921471,32.248782235972655,0</coordinates></Point>
      </Placemark>
      <Placemark>
        <name>Greedy Cow</name>
        <description>Energy: 22</description>
        <styleUrl>#greedyCowStyle</styleUrl>
        <Point><coordinates>-110.90296713489646,32.19,0</coordinates></Point>
      </Placemark>
      <Placemark>
        <name>Greedy Cow</name>
        <description>Energy: 42</description>
        <styleUrl>#greedyCowStyle</styleUrl>
        <Point><coordinates>-110.97887104188973,32.25,0</coordinates></Point>
      </Placemark>
      <Placemark>
        <name>Greedy Cow</name>
        <description>Energy: 37</description>
        <styleUrl>#greedyCowStyle</styleUrl>
        <Point><coordinates>-111.0,32.2038111671924,0</coordinates></Point>
      </Placemark>
      <Placemark>
        <name>Greedy Cow</name>
        <description>Energy: 37</description>
        <styleUrl>#greedyCowStyle</styleUrl>
        <Point><coordinates>-110.90407686609947,32.25,0</coordinates></Point>
      </Placemark>
      <Placemark>
        <name>Greedy Cow</name>
        <description>Energy: 22</description>
        <styleUrl>#greedyCowStyle</styleUrl>
        <Point><coordinates>-110.90321970797689,32.221508887221404,0</coordinates></Point>
      </Placemark>
      <Placemark>
        <name>Greedy Cow</name>
        <description>Energy: 27</description>
        <styleUrl>#greedyCowStyle</styleUrl>
        <Point><coordinates>-110.93694598980841,32.19913674977776,0</coordinates></Point>
      </Placemark>
      <Placemark>
        <name>Greedy Cow</name>
        <description>Energy: 27</description>
        <styleUrl>#greedyCowStyle</styleUrl>
        <Point><coordinates>-110.91861139061541,32.22735966294685,0</coordinates></Point>
      </Placemark>
      <Placemark>
        <name>Greedy Cow</name>
        <description>Energy: 32</description>
        <styleUrl>#greedyCowStyle</styleUrl>
        <Point><coordinates>-110.98806443324999,32.20305966273692,0</coordinates></Point>
      </Placemark>
      <Placemark>
        <name>Greedy Cow</name>
        <description>Energy: 27</description>
        <styleUrl>#greedyCowStyle</styleUrl>
        <Point><coordinates>-110.95920165916938,32.2146347759982,0</coordinates></Point>
      </Placemark>
      <Placemark>
        <name>Greedy Cow</name>
        <description>Energy: 42</description>
        <styleUrl>#greedyCowStyle</styleUrl>
        <Point><coordinates>-110.92424465168693,32.19939667634882,0</coordinates></Point>
      </Placemark>
      <Placemark>
        <name>Greedy Cow</name>
        <description>Energy: 32</description>
        <styleUrl>#greedyCowStyle</styleUrl>
        <Point><coordinates>-110.984220332444,32.2232814917416,0</coordinates></Point>
      </Placemark>
      <Placemark>
        <name>Greedy Cow</name>
        <description>Energy: 17</description>
        <styleUrl>#greedyCowStyle</styleUrl>
        <Point><coordinates>-110.99074126937847,32.247533617602556,0</coordinates></Point>
      </Placemark>
      <Placemark>
        <name>Greedy Cow</name>
        <description>Energy: 17</description>
        <styleUrl>#greedyCowStyle</styleUrl>
        <Point><coordinates>-110.93853067297091,32.243484490653636,0</coordinates></Point>
      </Placemark>
      <Placemark>
        <name>Greedy Cow</name>
        <description>Energy: 27</description>
        <styleUrl>#greedyCowStyle</styleUrl>
        <Point><coordinates>-110.97042981020506,32.227368432667355,0</coordinates></Point>
      </Placemark>
      <Placemark>
        <name>Greedy Cow</name>
        <description>Energy: 32</description>
        <styleUrl>#greedyCowStyle</styleUrl>
        <Point><coordinates>-110.9045015618942,32.22638008210636,0</coordinates></Point>
      </Placemark>
      <Placemark>
        <name>Greedy Cow</name>
        <description>Energy: 22</description>
        <styleUrl>#greedyCowStyle</styleUrl>
        <Point><coordinates>-110.94689307514173,32.245514741196594,0</coordinates></Point>
      </Placemark>
      <Placemark>
        <name>Greedy Cow</name>
        <description>Energy: 42</description>
        <styleUrl>#greedyCowStyle</styleUrl>
        <Point><coordinates>-110.91354174443231,32.22895986517487,0</coordinates></Point>
      </Placemark>
      <Placemark>
        <name>Greedy Cow</name>
        <description>Energy: 32</description>
        <styleUrl>#greedyCowStyle</styleUrl>
        <Point><coordinates>-110.95908689881031,32.21616942299868,0</coordinates></Point>
      </Placemark>
      <Placemark>
        <name>Greedy Cow</name>
        <description>Energy: 37</description>
        <styleUrl>#greedyCowStyle</styleUrl>
        <Point><coordinates>-110.95101849677708,32.22087076985589,0</coordinates></Point>
      </Placemark>
      <Placemark>
        <name>Greedy Cow</name>
        <description>Energy: 22</description>
        <styleUrl>#greedyCowStyle</styleUrl>
        <Point><coordinates>-110.98510165215855,32.227304962417115,0</coordinates></Point>
      </Placemark>
      <Placemark>
        <name>Greedy Cow</name>
        <description>Energy: 12</description>
        <styleUrl>#greedyCowStyle</styleUrl>
        <Point><coordinates>-110.93184621730019,32.22770097676581,0</coordinates></Point>
      </Placemark>
      <Placemark>
        <name>Greedy Cow</name>
        <description>Energy: 37</description>
        <styleUrl>#greedyCowStyle</styleUrl>
        <Point><coordinates>-110.96819049858252,32.19,0</coordinates></Point>
      </Placemark>
      <Placemark>
        <name>Greedy Cow</name>
        <description>Energy: 7</description>
        <styleUrl>#greedyCowStyle</styleUrl>
        <Point><coordinates>-110.9671253301176,32.19554933523825,0</coordinates></Point>
      </Placemark>
      <Placemark>
        <name>Greedy Cow</name>
        <description>Energy: 12</description>
        <styleUrl>#greedyCowStyle</styleUrl>
        <Point><coordinates>-110.93601956221057,32.20671134111677,0</coordinates></Point>
      </Placemark>
      <Placemark>
        <name>Greedy Cow</name>
        <description>Energy: 37</description>
        <styleUrl>#greedyCowStyle</styleUrl>
        <Point><coordinates>-110.92317716627043,32.24350483041324,0</coordinates></Point>
      </Placemark>
      <Placemark>
        <name>Greedy Cow</name>
        <description>Energy: 2</description>
        <styleUrl>#greedyCowStyle</styleUrl>
        <Point><coordinates>-110.99410418887442,32.205363676698944,0</coordinates></Point>
      </Placemark>
      <Placemark>
        <name>Greedy Cow</name>
        <description>Energy: 22</description>
        <styleUrl>#greedyCowStyle</styleUrl>
        <Point><coordinates>-110.99247704512872,32.20694517424379,0</coordinates></Point>
      </Placemark>
      <Placemark>
        <name>Greedy Cow</name>
        <description>Energy: 37</description>
        <styleUrl>#greedyCowStyle</styleUrl>
        <Point><coordinates>-110.98043460823715,32.194906481668426,0</coordinates></Point>
      </Placemark>
      <Placemark>
        <name>Greedy Cow</name>
        <description>Energy: 12</description>
        <styleUrl>#greedyCowStyle</styleUrl>
        <Point><coordinates>-110.95512847292945,32.20497613430241,0</coordinates></Point>
      </Placemark>
      <Placemark>
        <name>Greedy Cow</name>
        <description>Energy: 42</description>
        <styleUrl>#greedyCowStyle</styleUrl>
        <Point><coordinates>-110.91170218691282,32.24147344126327,0</coordinates></Point>
      </Placemark>
      <Placemark>
        <name>Greedy Cow</name>
        <description>Energy: 32</description>
        <styleUrl>#greedyCowStyle</styleUrl>
        <Point><coordinates>-110.98411088329837,32.23089219099033,0</coordinates></Point>
      </Placemark>
      <Placemark>
        <name>Greedy Cow</name>
        <description>Energy: 22</description>
        <styleUrl>#greedyCowStyle</styleUrl>
        <Point><coordinates>-110.90817543210184,32.214861976821766,0</coordinates></Point>
      </Placemark>
      <Placemark>
        <name>Greedy Cow</name>
        <description>Energy: 47</description>
        <styleUrl>#greedyCowStyle</styleUrl>
        <Point><coordinates>-110.94170666325994,32.238720161658776,0</coordinates></Point>
      </Placemark>
      <Placemark>
        <name>Greedy Cow</name>
        <description>Energy: 22</description>
        <styleUrl>#greedyCowStyle</styleUrl>
        <Point><coordinates>-110.92743860101763,32.20029273524753,0</coordinates></Point>
      </Placemark>
      <Placemark>
        <name>Greedy Cow</name>
        <description>Energy: 27</description>
        <styleUrl>#greedyCowStyle</styleUrl>
        <Point><coordinates>-110.98755401528271,32.20472378185724,0</coordinates></Point>
      </Placemark>
      <Placemark>
        <name>Greedy Cow</name>
        <description>Energy: 32</description>
        <styleUrl>#greedyCowStyle</styleUrl>
        <Point><coordinates>-110.97310015664758,32.205655698563646,0</coordinates></Point>
      </Placemark>
      <Placemark>
        <name>Greedy Cow</name>
        <description>Energy: 17</description>
        <styleUrl>#greedyCowStyle</styleUrl>
        <Point><coordinates>-110.9,32.19,0</coordinates></Point>
      </Placemark>
      <Placemark>
        <name>Greedy Cow</name>
        <description>Energy: 22</description>
        <styleUrl>#greedyCowStyle</styleUrl>
        <Point><coordinates>-110.91855024153418,32.20903205080847,0</coordinates></Point>
      </Placemark>
      <Placemark>
        <name>Greedy Cow</name>
        <description>Energy: 32</description>
        <styleUrl>#greedyCowStyle</styleUrl>
        <Point><coordinates>-110.96353074922017,32.23851930108134,0</coordinates></Point>
      </Placemark>
      <Placemark>
        <name>Greedy Cow</name>
        <description>Energy: 37</description>
        <styleUrl>#greedyCowStyle</styleUrl>
        <Point><coordinates>-110.9486737624582,32.204761151571354,0</coordinates></Point>
      </Placemark>
      <Placemark>
        <name>Greedy Cow</name>
        <description>Energy: 42</description>
        <styleUrl>#greedyCowStyle</styleUrl>
        <Point><coordinates>-110.90481283076329,32.22974331950611,0</coordinates></Point>
      </Placemark>
      <Placemark>
        <name>Greedy Cow</name>
        <description>Energy: 27</description>
        <styleUrl>#greedyCowStyle</styleUrl>
        <Point><coordinates>-110.90173193276699,32.229269538877645,0</coordinates></Point>
      </Placemark>
      <Placemark>
        <name>Greedy Cow</name>
        <description>Energy: 37</description>
        <styleUrl>#greedyCowStyle</styleUrl>
        <Point><coordinates>-110.93558897281744,32.22348706710887,0</coordinates></Point>
      </Placemark>
      <Placemark>
        <name>Greedy Cow</name>
        <description>Energy: 32</description>
        <styleUrl>#greedyCowStyle</styleUrl>
        <Point><coordinates>-110.96823234757339,32.203602396137505,0</coordinates></Point>
      </Placemark>
      <Placemark>
        <name>Greedy Cow</name>
        <description>Energy: 27</description>
        <styleUrl>#greedyCowStyle</styleUrl>
        <Point><coordinates>-110.9198179918383,32.19381966228218,0</coordinates></Point>
      </Placemark>
      <Placemark>
        <name>Greedy Cow</name>
        <description>Energy: 32</description>
        <styleUrl>#greedyCowStyle</styleUrl>
        <Point><coordinates>-110.98737875059851,32.22663279411092,0</coordinates></Point>
      </Placemark>
      <Placemark>
        <name>Greedy Cow</name>
        <description>Energy: 37</description>
        <styleUrl>#greedyCowStyle</styleUrl>
        <Point><coordinates>-110.98623149262332,32.2414702756426,0</coordinates></Point>
      </Placemark>
      <Placemark>
        <name>Greedy Cow</name>
        <description>Energy: 27</description>
        <styleUrl>#greedyCowStyle</styleUrl>
        <Point><coordinates>-110.94056511453869,32.20150555676278,0</coordinates></Point>
      </Placemark>
      <Placemark>
        <name>Greedy Cow</name>
        <description>Energy: 42</description>
        <styleUrl>#greedyCowStyle</styleUrl>
        <Point><coordinates>-110.98775414340342,32.212064218765995,0</coordinates></Point>
      </Placemark>
      <Placemark>
        <name>Greedy Cow</name>
        <description>Energy: 47</description>
        <styleUrl>#greedyCowStyle</styleUrl>
        <Point><coordinates>-110.93241844109029,32.23358498332007,0</coordinates></Point>
      </Placemark>
      <Placemark>
        <name>Greedy Cow</name>
        <description>Energy: 12</description>
        <styleUrl>#greedyCowStyle</styleUrl>
        <Point><coordinates>-110.96017013236344,32.21503032413247,0</coordinates></Point>
      </Placemark>
      <Placemark>
        <name>Greedy Cow</name>
        <description>Energy: 32</description>
        <styleUrl>#greedyCowStyle</styleUrl>
        <Point><coordinates>-110.98036909155147,32.20287371013021,0</coordinates></Point>
      </Placemark>
      <Placemark>
        <name>Greedy Cow</name>
        <description>Energy: 47</description>
        <styleUrl>#greedyCowStyle</styleUrl>
        <Point><coordinates>-110.9938305397598,32.233483961538504,0</coordinates></Point>
      </Placemark>
      <Placemark>
        <name>Greedy Cow</name>
        <description>Energy: 27</description>
        <styleUrl>#greedyCowStyle</styleUrl>
        <Point><coordinates>-110.95432108094398,32.21693001358711,0</coordinates></Point>
      </Placemark>
      <Placemark>
        <name>Greedy Cow</name>
        <description>Energy: 12</description>
        <styleUrl>#greedyCowStyle</styleUrl>
        <Point><coordinates>-110.95821227107957,32.208850242430884,0</coordinates></Point>
      </Placemark>
      <Placemark>
        <name>Greedy Cow</name>
        <description>Energy: 12</description>
        <styleUrl>#greedyCowStyle</styleUrl>
        <Point><coordinates>-110.91758897697059,32.192795183876,0</coordinates></Point>
      </Placemark>
      <Placemark>
        <name>Greedy Cow</name>
        <description>Energy: 27</description>
        <styleUrl>#greedyCowStyle</styleUrl>
        <Point><coordinates>-110.98447045156082,32.20502620478207,0</coordinates></Point>
      </Placemark>
      <Placemark>
        <name>Greedy Cow</name>
        <description>Energy: 42</description>
        <styleUrl>#greedyCowStyle</styleUrl>
        <Point><coordinates>-110.93118942727666,32.23078575892074,0</coordinates></Point>
      </Placemark>
      <Placemark>
        <name>Greedy Cow</name>
        <description>Energy: 17</description>
        <styleUrl>#greedyCowStyle</styleUrl>
        <Point><coordinates>-110.98892044717346,32.225937451602285,0</coordinates></Point>
      </Placemark>
      <Placemark>
        <name>Greedy Cow</name>
        <description>Energy: 47</description>
        <styleUrl>#greedyCowStyle</styleUrl>
        <Point><coordinates>-110.98978177108052,32.19111972996483,0</coordinates></Point>
      </Placemark>
      <Placemark>
        <name>Greedy Cow</name>
        <description>Energy: 27</description>
        <styleUrl>#greedyCowStyle</styleUrl>
        <Point><coordinates>-110.95247812453215,32.21112695513746,0</coordinates></Point>
      </Placemark>
      <Placemark>
        <name>Greedy Cow</name>
        <description>Energy: 33</description>
        <styleUrl>#greedyCowStyle</styleUrl>
        <Point><coordinates>-110.91644074065115,32.24110069268169,0</coordinates></Point>
      </Placemark>
      <Placemark>
        <name>Greedy Cow</name>
        <description>Energy: 38</description>
        <styleUrl>#greedyCowStyle</styleUrl>
        <Point><coordinates>-110.9658391292805,32.24532125381807,0</coordinates></Point>
      </Placemark>
      <Placemark>
        <name>Greedy Cow</name>
        <description>Energy: 28</description>
        <styleUrl>#greedyCowStyle</styleUrl>
        <Point><coordinates>-110.95778638380142,32.247132821914285,0</coordinates></Point>
      </Placemark>
      <Placemark>
        <name>Greedy Cow</name>
        <description>Energy: 43</description>
        <styleUrl>#greedyCowStyle</styleUrl>
        <Point><coordinates>-110.98078592729127,32.2391326664156,0</coordinates></Point>
      </Placemark>
      <Placemark>
        <name>Greedy Cow</name>
        <description>Energy: 43</description>
        <styleUrl>#greedyCowStyle</styleUrl>
        <Point><coordinates>-110.93942746797399,32.20249207787502,0</coordinates></Point>
      </Placemark>
      <Placemark>
        <name>Greedy Cow</name>
        <description>Energy: 38</description>
        <styleUrl>#greedyCowStyle</styleUrl>
        <Point><coordinates>-110.9096933308475,32.22931135958174,0</coordinates></Point>
      </Placemark>
      <Placemark>
        <name>Greedy Cow</name>
        <description>Energy: 28</description>
        <styleUrl>#greedyCowStyle</styleUrl>
        <Point><coordinates>-110.9169392871555,32.213380139221265,0</coordinates></Point>
      </Placemark>
      <Placemark>
        <name>Greedy Cow</name>
        <description>Energy: 43</description>
        <styleUrl>#greedyCowStyle</styleUrl>
        <Point><coordinates>-110.9356021250355,32.22587179028685,0</coordinates></Point>
      </Placemark>
      <Placemark>
        <name>Greedy Cow</name>
        <description>Energy: 28</description>
        <styleUrl>#greedyCowStyle</styleUrl>
        <Point><coordinates>-110.9845815506762,32.233664721572325,0</coordinates></Point>
      </Placemark>
      <Placemark>
        <name>Greedy Cow</name>
        <description>Energy: 43</description>
        <styleUrl>#greedyCowStyle</styleUrl>
        <Point><coordinates>-110.98763702597878,32.25,0</coordinates></Point>
      </Placemark>
      <Placemark>
        <name>Greedy Cow</name>
        <description>Energy: 43</description>
        <styleUrl>#greedyCowStyle</styleUrl>
        <Point><coordinates>-110.99138614872997,32.230435056829876,0</coordinates></Point>
      </Placemark>
      <Placemark>
        <name>Greedy Cow</name>
        <description>Energy: 33</description>
        <styleUrl>#greedyCowStyle</styleUrl>
        <Point><coordinates>-110.99165148345125,32.238294562606576,0</coordinates></Point>
      </Placemark>
      <Placemark>
        <name>Greedy Cow</name>
        <description>Energy: 28</description>
        <styleUrl>#greedyCowStyle</styleUrl>
        <Point><coordinates>-110.93788301629863,32.2062607731541,0</coordinates></Point>
      </Placemark>
      <Placemark>
        <name>Greedy Cow</name>
        <description>Energy: 33</description>
        <styleUrl>#greedyCowStyle</styleUrl>
        <Point><coordinates>-110.95386293372788,32.20032395405317,0</coordinates></Point>
      </Placemark>
      <Placemark>
        <name>Greedy Cow</name>
        <description>Energy: 28</description>
        <styleUrl>#greedyCowStyle</styleUrl>
        <Point><coordinates>-110.98013054812294,32.20673205643817,0</coordinates></Point>
      </Placemark>
      <Placemark>
        <name>Greedy Cow</name>
        <description>Energy: 43</description>
        <styleUrl>#greedyCowStyle</styleUrl>
        <Point><coordinates>-110.96086484718795,32.198449032338964,0</coordinates></Point>
      </Placemark>
      <Placemark>
        <name>Greedy Cow</name>
        <description>Energy: 38</description>
        <styleUrl>#greedyCowStyle</styleUrl>
        <Point><coordinates>-110.95136852733181,32.21776900817407,0</coordinates></Point>
      </Placemark>
      <Placemark>
        <name>Greedy Cow</name>
        <description>Energy: 38</description>
        <styleUrl>#greedyCowStyle</styleUrl>
        <Point><coordinates>-110.90911440920746,32.21010964038765,0</coordinates></Point>
      </Placemark>
      <Placemark>
        <name>Greedy Cow</name>
        <description>Energy: 43</description>
        <styleUrl>#greedyCowStyle</styleUrl>
        <Point><coordinates>-110.96539380305977,32.196651334743706,0</coordinates></Point>
      </Placemark>
      <Placemark>
        <name>Greedy Cow</name>
        <description>Energy: 28</description>
        <styleUrl>#greedyCowStyle</styleUrl>
        <Point><coordinates>-110.9,32.22101978525541,0</coordinates></Point>
      </Placemark>
      <Placemark>
        <name>Greedy Cow</name>
        <description>Energy: 38</description>
        <styleUrl>#greedyCowStyle</styleUrl>
        <Point><coordinates>-110.9221239433429,32.22000675314565,0</coordinates></Point>
      </Placemark>
      <Placemark>
        <name>Greedy Cow</name>
        <description>Energy: 38</description>
        <styleUrl>#greedyCowStyle</styleUrl>
        <Point><coordinates>-110.9116327933337,32.21795632529362,0</coordinates></Point>
      </Placemark>
      <Placemark>
        <name>Greedy Cow</name>
        <description>Energy: 18</description>
        <styleUrl>#greedyCowStyle</styleUrl>
        <Point><coordinates>-110.9835343871752,32.20349474447532,0</coordinates></Point>
      </Placemark>
      <Placemark>
        <name>Greedy Cow</name>
        <description>Energy: 28</description>
        <styleUrl>#greedyCowStyle</styleUrl>
        <Point><coordinates>-110.94003968286509,32.231219019915,0</coordinates></Point>
      </Placemark>
      <Placemark>
        <name>Greedy Cow</name>
        <description>Energy: 28</description>
        <styleUrl>#greedyCowStyle</styleUrl>
        <Point><coordinates>-110.90302725825995,32.194496141886475,0</coordinates></Point>
      </Placemark>
      <Placemark>
        <name>Greedy Cow</name>
        <description>Energy: 23</description>
        <styleUrl>#greedyCowStyle</styleUrl>
        <Point><coordinates>-110.9963186881574,32.19459546427942,0</coordinates></Point>
      </Placemark>
      <Placemark>
        <name>Greedy Cow</name>
        <description>Energy: 28</description>
        <styleUrl>#greedyCowStyle</styleUrl>
        <Point><coordinates>-110.91602339601117,32.20916453714816,0</coordinates></Point>
      </Placemark>
      <Placemark>
        <name>Greedy Cow</name>
        <description>Energy: 28</description>
        <styleUrl>#greedyCowStyle</styleUrl>
        <Point><coordinates>-110.90167996804156,32.23049875700359,0</coordinates></Point>
      </Placemark>
      <Placemark>
        <name>Greedy Cow</name>
        <description>Energy: 28</description>
        <styleUrl>#greedyCowStyle</styleUrl>
        <Point><coordinates>-110.95445668216104,32.19673905892827,0</coordinates></Point>
      </Placemark>
      <Placemark>
        <name>Greedy Cow</name>
        <description>Energy: 38</description>
        <styleUrl>#greedyCowStyle</styleUrl>
        <Point><coordinates>-110.94269447091503,32.20752664387211,0</coordinates></Point>
      </Placemark>
      <Placemark>
        <name>Greedy Cow</name>
        <description>Energy: 33</description>
        <styleUrl>#greedyCowStyle</styleUrl>
        <Point><coordinates>-110.94778589229503,32.23457006426948,0</coordinates></Point>
      </Placemark>
      <Placemark>
        <name>Greedy Cow</name>
        <description>Energy: 18</description>
        <styleUrl>#greedyCowStyle</styleUrl>
        <Point><coordinates>-110.95964382839973,32.19972083646889,0</coordinates></Point>
      </Placemark>
      <Placemark>
        <name>Greedy Cow</name>
        <description>Energy: 13</description>
        <styleUrl>#greedyCowStyle</styleUrl>
        <Point><coordinates>-110.96162807404319,32.190218703514255,0</coordinates></Point>
      </Placemark>
      <Placemark>
        <name>Greedy Cow</name>
        <description>Energy: 3</description>
        <styleUrl>#greedyCowStyle</styleUrl>
        <Point><coordinates>-110.93522236847065,32.22614325238667,0</coordinates></Point>
      </Placemark>
      <Placemark>
        <name>Greedy Cow</name>
        <description>Energy: 33</description>
        <styleUrl>#greedyCowStyle</styleUrl>
        <Point><coordinates>-110.91178735318968,32.24096562169893,0</coordinates></Point>
      </Placemark>
      <Placemark>
        <name>Greedy Cow</name>
        <description>Energy: 23</description>
        <styleUrl>#greedyCowStyle</styleUrl>
        <Point><coordinates>-110.95514709862587,32.20300967876795,0</coordinates></Point>
      </Placemark>
      <Placemark>
        <name>Greedy Cow</name>
        <description>Energy: 18</description>
        <styleUrl>#greedyCowStyle</styleUrl>
        <Point><coordinates>-110.92867280666479,32.23840477332607,0</coordinates></Point>
      </Placemark>
      <Placemark>
        <name>Greedy Cow</name>
        <description>Energy: 23</description>
        <styleUrl>#greedyCowStyle</styleUrl>
        <Point><coordinates>-110.99479604612327,32.22981918503841,0</coordinates></Point>
      </Placemark>
      <Placemark>
        <name>Greedy Cow</name>
        <description>Energy: 13</description>
        <styleUrl>#greedyCowStyle</styleUrl>
        <Point><coordinates>-110.93525905187673,32.20490731476142,0</coordinates></Point>
      </Placemark>
      <Placemark>
        <name>Greedy Cow</name>
        <description>Energy: 3</description>
        <styleUrl>#greedyCowStyle</styleUrl>
        <Point><coordinates>-110.96634693659534,32.20322844613062,0</coordinates></Point>
      </Placemark>
      <Placemark>
        <name>Greedy Cow</name>
        <description>Energy: 43</description>
        <styleUrl>#greedyCowStyle</styleUrl>
        <Point><coordinates>-110.98668842587507,32.23101782497947,0</coordinates></Point>
      </Placemark>
      <Placemark>
        <name>Greedy Cow</name>
        <description>Energy: 38</description>
        <styleUrl>#greedyCowStyle</styleUrl>
        <Point><coordinates>-110.9288634382909,32.192693009639925,0</coordinates></Point>
      </Placemark>
      <Placemark>
        <name>Greedy Cow</name>
        <description>Energy: 23</description>
        <styleUrl>#greedyCowStyle</styleUrl>
        <Point><coordinates>-110.93215556611274,32.19426265189066,0</coordinates></Point>
      </Placemark>
      <Placemark>
        <name>Greedy Cow</name>
        <description>Energy: 33</description>
        <styleUrl>#greedyCowStyle</styleUrl>
        <Point><coordinates>-110.96255823627492,32.230702872138906,0</coordinates></Point>
      </Placemark>
      <Placemark>
        <name>Greedy Cow</name>
        <description>Energy: 38</description>
        <styleUrl>#greedyCowStyle</styleUrl>
        <Point><coordinates>-110.95128451047452,32.23803478150997,0</coordinates></Point>
      </Placemark>
      <Placemark>
        <name>Greedy Cow</name>
        <description>Energy: 28</description>
        <styleUrl>#greedyCowStyle</styleUrl>
        <Point><coordinates>-110.94555743718685,32.217555349921014,0</coordinates></Point>
      </Placemark>
      <Placemark>
        <name>Greedy Cow</name>
        <description>Energy: 38</description>
        <styleUrl>#greedyCowStyle</styleUrl>
        <Point><coordinates>-110.94300676959587,32.19724302212261,0</coordinates></Point>
      </Placemark>
      <Placemark>
        <name>Greedy Cow</name>
        <description>Energy: 23</description>
        <styleUrl>#greedyCowStyle</styleUrl>
        <Point><coordinates>-110.97224823891467,32.21310319879844,0</coordinates></Point>
      </Placemark>
      <Placemark>
        <name>Greedy Cow</name>
        <description>Energy: 33</description>
        <styleUrl>#greedyCowStyle</styleUrl>
        <Point><coordinates>-110.94013565654076,32.19719629695783,0</coordinates></Point>
      </Placemark>
      <Placemark>
        <name>Greedy Cow</name>
        <description>Energy: 48</description>
        <styleUrl>#greedyCowStyle</styleUrl>
        <Point><coordinates>-111.0,32.24022693440529,0</coordinates></Point>
      </Placemark>
      <Placemark>
        <name>Greedy Cow</name>
        <description>Energy: 38</description>
        <styleUrl>#greedyCowStyle</styleUrl>
        <Point><coordinates>-110.99178548057783,32.24673634551204,0</coordinates></Point>
      </Placemark>
      <Placemark>
        <name>Greedy Cow</name>
        <description>Energy: 18</description>
        <styleUrl>#greedyCowStyle</styleUrl>
        <Point><coordinates>-110.96599340237786,32.243082837958745,0</coordinates></Point>
      </Placemark>
      <Placemark>
        <name>Greedy Cow</name>
        <description>Energy: 33</description>
        <styleUrl>#greedyCowStyle</styleUrl>
        <Point><coordinates>-110.93668681866049,32.21101615228942,0</coordinates></Point>
      </Placemark>
      <Placemark>
        <name>Greedy Cow</name>
        <description>Energy: 28</description>
        <styleUrl>#greedyCowStyle</styleUrl>
        <Point><coordinates>-110.94202837532353,32.23028115641179,0</coordinates></Point>
      </Placemark>
      <Placemark>
        <name>Greedy Cow</name>
        <description>Energy: 23</description>
        <styleUrl>#greedyCowStyle</styleUrl>
        <Point><coordinates>-110.9353451976813,32.23750545766972,0</coordinates></Point>
      </Placemark>
      <Placemark>
        <name>Greedy Cow</name>
        <description>Energy: 23</description>
        <styleUrl>#greedyCowStyle</styleUrl>
        <Point><coordinates>-110.97283438511312,32.2240976138357,0</coordinates></Point>
      </Placemark>
      <Placemark>
        <name>Greedy Cow</name>
        <description>Energy: 18</description>
        <styleUrl>#greedyCowStyle</styleUrl>
        <Point><coordinates>-110.95252265836116,32.213356408369044,0</coordinates></Point>
      </Placemark>
      <Placemark>
        <name>Greedy Cow</name>
        <description>Energy: 28</description>
        <styleUrl>#greedyCowStyle</styleUrl>
        <Point><coordinates>-110.97504705389687,32.22062350370229,0</coordinates></Point>
      </Placemark>
      <Placemark>
        <name>Greedy Cow</name>
        <description>Energy: 23</description>
        <styleUrl>#greedyCowStyle</styleUrl>
        <Point><coordinates>-110.99594381166665,32.19199554433138,0</coordinates></Point>
      </Placemark>
      <Placemark>
        <name>Greedy Cow</name>
        <description>Energy: 18</description>
        <styleUrl>#greedyCowStyle</styleUrl>
        <Point><coordinates>-110.97754655446052,32.23997837968297,0</coordinates></Point>
      </Placemark>
      <Placemark>
        <name>Greedy Cow</name>
        <description>Energy: 23</description>
        <styleUrl>#greedyCowStyle</styleUrl>
        <Point><coordinates>-110.95990220300942,32.231939069561015,0</coordinates></Point>
      </Placemark>
      <Placemark>
        <name>Greedy Cow</name>
        <description>Energy: 28</description>
        <styleUrl>#greedyCowStyle</styleUrl>
        <Point><coordinates>-110.98273267599008,32.2158983351715,0</coordinates></Point>
      </Placemark>
      <Placemark>
        <name>Greedy Cow</name>
        <description>Energy: 13</description>
        <styleUrl>#greedyCowStyle</styleUrl>
        <Point><coordinates>-110.968905610924,32.227448816490494,0</coordinates></Point>
      </Placemark>
      <Placemark>
        <name>Greedy Cow</name>
        <description>Energy: 38</description>
        <styleUrl>#greedyCowStyle</styleUrl>
        <Point><coordinates>-110.94464324712075,32.246238988746015,0</coordinates></Point>
      </Placemark>
      <Placemark>
        <name>Greedy Cow</name>
        <description>Energy: 23</description>
        <styleUrl>#greedyCowStyle</styleUrl>
        <Point><coordinates>-110.94173644366296,32.22012735709532,0</coordinates></Point>
      </Placemark>
      <Placemark>
        <name>Greedy Cow</name>
        <description>Energy: 43</description>
        <styleUrl>#greedyCowStyle</styleUrl>
        <Point><coordinates>-110.99563724724082,32.21848631041945,0</coordinates></Point>
      </Placemark>
      <Placemark>
        <name>Greedy Cow</name>
        <description>Energy: 23</description>
        <styleUrl>#greedyCowStyle</styleUrl>
        <Point><coordinates>-110.97118116441635,32.21227052469023,0</coordinates></Point>
      </Placemark>
      <Placemark>
        <name>Greedy Cow</name>
        <description>Energy: 28</description>
        <styleUrl>#greedyCowStyle</styleUrl>
        <Point><coordinates>-110.90112054270293,32.1951405214134,0</coordinates></Point>
      </Placemark>
      <Placemark>
        <name>Greedy Cow</name>
        <description>Energy: 23</description>
        <styleUrl>#greedyCowStyle</styleUrl>
        <Point><coordinates>-110.92123382372033,32.243011460684635,0</coordinates></Point>
      </Placemark>
      <Placemark>
        <name>Greedy Cow</name>
        <description>Energy: 38</description>
        <styleUrl>#greedyCowStyle</styleUrl>
        <Point><coordinates>-110.91327100721414,32.21761339772463,0</coordinates></Point>
      </Placemark>
      <Placemark>
        <name>Greedy Cow</name>
        <description>Energy: 8</description>
        <styleUrl>#greedyCowStyle</styleUrl>
        <Point><coordinates>-110.9882066777961,32.21437309858778,0</coordinates></Point>
      </Placemark>
      <Placemark>
        <name>Greedy Cow</name>
        <description>Energy: 28</description>
        <styleUrl>#greedyCowStyle</styleUrl>
        <Point><coordinates>-110.92562714960441,32.21483777460621,0</coordinates></Point>
      </Placemark>
      <Placemark>
        <name>Greedy Cow</name>
        <description>Energy: 28</description>
        <styleUrl>#greedyCowStyle</styleUrl>
        <Point><coordinates>-110.92604142474937,32.213090176104316,0</coordinates></Point>
      </Placemark>
      <Placemark>
        <name>Greedy Cow</name>
        <description>Energy: 18</description>
        <styleUrl>#greedyCowStyle</styleUrl>
        <Point><coordinates>-110.92740665624872,32.215471573486205,0</coordinates></Point>
      </Placemark>
      <Placemark>
        <name>Greedy Cow</name>
        <description>Energy: 28</description>
        <styleUrl>#greedyCowStyle</styleUrl>
        <Point><coordinates>-110.94073511945847,32.23732543939161,0</coordinates></Point>
      </Placemark>
      <Placemark>
        <name>Greedy Cow</name>
        <description>Energy: 28</description>
        <styleUrl>#greedyCowStyle</styleUrl>
        <Point><coordinates>-110.94038751497126,32.23588060170369,0</coordinates></Point>
      </Placemark>
      <Placemark>
        <name>Greedy Cow</name>
        <description>Energy: 43</description>
        <styleUrl>#greedyCowStyle</styleUrl>
        <Point><coordinates>-110.9518127193691,32.19498116820927,0</coordinates></Point>
      </Placemark>
      <Placemark>
        <name>Greedy Cow</name>
        <description>Energy: 23</description>
        <styleUrl>#greedyCowStyle</styleUrl>
        <Point><coordinates>-110.90731747830428,32.211252374811906,0</coordinates></Point>
      </Placemark>
      <Placemark>
        <name>Greedy Cow</name>
        <description>Energy: 33</description>
        <styleUrl>#greedyCowStyle</styleUrl>
        <Point><coordinates>-110.92170728163896,32.21051102820219,0</coordinates></Point>
      </Placemark>
      <Placemark>
        <name>Greedy Cow</name>
        <description>Energy: 13</description>
        <styleUrl>#greedyCowStyle</styleUrl>
        <Point><coordinates>-110.98680470855457,32.22713305808251,0</coordinates></Point>
      </Placemark>
      <Placemark>
        <name>Greedy Cow</name>
        <description>Energy: 43</description>
        <styleUrl>#greedyCowStyle</styleUrl>
        <Point><coordinates>-110.95410337032564,32.244876299291086,0</coordinates></Point>
      </Placemark>
      <Placemark>
        <name>Greedy Cow</name>
        <description>Energy: 33</description>
        <styleUrl>#greedyCowStyle</styleUrl>
        <Point><coordinates>-110.95481333370587,32.20986636148581,0</coordinates></Point>
      </Placemark>
      <Placemark>
        <name>Greedy Cow</name>
        <description>Energy: 8</description>
        <styleUrl>#greedyCowStyle</styleUrl>
        <Point><coordinates>-110.93056160875747,32.22139292729119,0</coordinates></Point>
      </Placemark>
      <Placemark>
        <name>Greedy Cow</name>
        <description>Energy: 23</description>
        <styleUrl>#greedyCowStyle</styleUrl>
        <Point><coordinates>-110.94342934202278,32.218393283686,0</coordinates></Point>
      </Placemark>
      <Placemark>
        <name>Greedy Cow</name>
        <description>Energy: 43</description>
        <styleUrl>#greedyCowStyle</styleUrl>
        <Point><coordinates>-110.97962459245575,32.25,0</coordinates></Point>
      </Placemark>
      <Placemark>
        <name>Greedy Cow</name>
        <description>Energy: 23</description>
        <styleUrl>#greedyCowStyle</styleUrl>
        <Point><coordinates>-110.90138051243007,32.23032840985421,0</coordinates></Point>
      </Placemark>
      <Placemark>
        <name>Greedy Cow</name>
        <description>Energy: 8</description>
        <styleUrl>#greedyCowStyle</styleUrl>
        <Point><coordinates>-110.9519762802624,32.24080988116318,0</coordinates></Point>
      </Placemark>
      <Placemark>
        <name>Greedy Cow</name>
        <description>Energy: 18</description>
        <styleUrl>#greedyCowStyle</styleUrl>
        <Point><coordinates>-110.9174114188743,32.23902418550874,0</coordinates></Point>
      </Placemark>
      <Placemark>
        <name>Greedy Cow</name>
        <description>Energy: 33</description>
        <styleUrl>#greedyCowStyle</styleUrl>
        <Point><coordinates>-110.94445398842784,32.23728182780795,0</coordinates></Point>
      </Placemark>
      <Placemark>
        <name>Greedy Cow</name>
        <description>Energy: 28</description>
        <styleUrl>#greedyCowStyle</styleUrl>
        <Point><coordinates>-110.95116070021818,32.21169847079293,0</coordinates></Point>
      </Placemark>
      <Placemark>
        <name>Greedy Cow</name>
        <description>Energy: 18</description>
        <styleUrl>#greedyCowStyle</styleUrl>
        <Point><coordinates>-110.9205278189615,32.22071323285762,0</coordinates></Point>
      </Placemark>
      <Placemark>
        <name>Greedy Cow</name>
        <description>Energy: 38</description>
        <styleUrl>#greedyCowStyle</styleUrl>
        <Point><coordinates>-110.96309986512206,32.209005249239674,0</coordinates></Point>
      </Placemark>
      <Placemark>
        <name>Greedy Cow</name>
        <description>Energy: 18</description>
        <styleUrl>#greedyCowStyle</styleUrl>
        <Point><coordinates>-110.95140236792918,32.202798078262,0</coordinates></Point>
      </Placemark>
      <Placemark>
        <name>Greedy Cow</name>
        <description>Energy: 13</description>
        <styleUrl>#greedyCowStyle</styleUrl>
        <Point><coordinates>-110.92544767980944,32.24977469829896,0</coordinates></Point>
      </Placemark>
      <Placemark>
        <name>Greedy Cow</name>
        <description>Energy: 28</description>
        <styleUrl>#greedyCowStyle</styleUrl>
        <Point><coordinates>-110.96586986033701,32.24379693190511,0</coordinates></Point>
      </Placemark>
      <Placemark>
        <name>Greedy Cow</name>
        <description>Energy: 28</description>
        <styleUrl>#greedyCowStyle</styleUrl>
        <Point><coordinates>-110.92953090030622,32.214409660632924,0</coordinates></Point>
      </Placemark>
      <Placemark>
        <name>Greedy Cow</name>
        <description>Energy: 28</description>
        <styleUrl>#greedyCowStyle</styleUrl>
        <Point><coordinates>-110.95998178879613,32.19932026257397,0</coordinates></Point>
      </Placemark>
      <Placemark>
        <name>Greedy Cow</name>
        <description>Energy: 18</description>
        <styleUrl>#greedyCowStyle</styleUrl>
        <Point><coordinates>-110.95449194960526,32.20760835115396,0</coordinates></Point>
      </Placemark>
      <Placemark>
        <name>Greedy Cow</name>
        <description>Energy: 28</description>
        <styleUrl>#greedyCowStyle</styleUrl>
        <Point><coordinates>-110.94145879841298,32.20548229217121,0</coordinates></Point>
      </Placemark>
      <Placemark>
        <name>Greedy Cow</name>
        <description>Energy: 23</description>
        <styleUrl>#greedyCowStyle</styleUrl>
        <Point><coordinates>-110.94176469053147,32.204280600467364,0</coordinates></Point>
      </Placemark>
      <Placemark>
        <name>Greedy Cow</name>
        <description>Energy: 23</description>
        <styleUrl>#greedyCowStyle</styleUrl>
        <Point><coordinates>-110.96621241495755,32.24614840555045,0</coordinates></Point>
      </Placemark>
      <Placemark>
        <name>Greedy Cow</name>
        <description>Energy: 23</description>
        <styleUrl>#greedyCowStyle</styleUrl>
        <Point><coordinates>-110.94563792596153,32.19166842131333,0</coordinates></Point>
      </Placemark>
      <Placemark>
        <name>Greedy Cow</name>
        <description>Energy: 38</description>
        <styleUrl>#greedyCowStyle</styleUrl>
        <Point><coordinates>-110.90602275883599,32.243004773475185,0</coordinates></Point>
      </Placemark>
      <Placemark>
        <name>Greedy Cow</name>
        <description>Energy: 43</description>
        <styleUrl>#greedyCowStyle</styleUrl>
        <Point><coordinates>-110.96842315585512,32.218421083304854,0</coordinates></Point>
      </Placemark>
      <Placemark>
        <name>Greedy Cow</name>
        <description>Energy: 33</description>
        <styleUrl>#greedyCowStyle</styleUrl>
        <Point><coordinates>-110.99907900119109,32.249381902333745,0</coordinates></Point>
      </Placemark>
      <Placemark>
        <name>Greedy Cow</name>
        <description>Energy: 33</description>
        <styleUrl>#greedyCowStyle</styleUrl>
        <Point><coordinates>-110.9943195782036,32.24042638459636,0</coordinates></Point>
      </Placemark>
      <Placemark>
        <name>Greedy Cow</name>
        <description>Energy: 28</description>
        <styleUrl>#greedyCowStyle</styleUrl>
        <Point><coordinates>-110.98860372955932,32.239394094732226,0</coordinates></Point>
      </Placemark>
      <Placemark>
        <name>Greedy Cow</name>
        <description>Energy: 8</description>
        <styleUrl>#greedyCowStyle</styleUrl>
        <Point><coordinates>-110.97566002514412,32.23777021716891,0</coordinates></Point>
      </Placemark>
      <Placemark>
        <name>Greedy Cow</name>
        <description>Energy: 38</description>
        <styleUrl>#greedyCowStyle</styleUrl>
        <Point><coordinates>-110.95360634777488,32.205208547187695,0</coordinates></Point>
      </Placemark>
      <Placemark>
        <name>Greedy Cow</name>
        <description>Energy: 23</description>
        <styleUrl>#greedyCowStyle</styleUrl>
        <Point><coordinates>-110.98744904381988,32.24689238404228,0</coordinates></Point>
      </Placemark>
      <Placemark>
        <name>Greedy Cow</name>
        <description>Energy: 28</description>
        <styleUrl>#greedyCowStyle</styleUrl>
        <Point><coordinates>-110.9772055322077,32.22418987257091,0</coordinates></Point>
      </Placemark>
      <Placemark>
        <name>Greedy Cow</name>
        <description>Energy: 43</description>
        <styleUrl>#greedyCowStyle</styleUrl>
        <Point><coordinates>-110.9986877365812,32.225161291245946,0</coordinates></Point>
      </Placemark>
      <Placemark>
        <name>Greedy Cow</name>
        <description>Energy: 33</description>
        <styleUrl>#greedyCowStyle</styleUrl>
        <Point><coordinates>-110.98950087000634,32.24045274317,0</coordinates></Point>
      </Placemark>
      <Placemark>
        <name>Greedy Cow</name>
        <description>Energy: 28</description>
        <styleUrl>#greedyCowStyle</styleUrl>
        <Point><coordinates>-110.97675665014326,32.195888792889626,0</coordinates></Point>
      </Placemark>
      <Placemark>
        <name>Greedy Cow</name>
        <description>Energy: 23</description>
        <styleUrl>#greedyCowStyle</styleUrl>
        <Point><coordinates>-110.99263756860014,32.20830087427252,0</coordinates></Point>
      </Placemark>
      <Placemark>
        <name>Greedy Cow</name>
        <description>Energy: 14</description>
        <styleUrl>#greedyCowStyle</styleUrl>
        <Point><coordinates>-110.95428146458828,32.19137195946354,0</coordinates></Point>
      </Placemark>
      <Placemark>
        <name>Greedy Cow</name>
        <description>Energy: 29</description>
        <styleUrl>#greedyCowStyle</styleUrl>
        <Point><coordinates>-110.94100059652861,32.22900344833427,0</coordinates></Point>
      </Placemark>
      <Placemark>
        <name>Greedy Cow</name>
        <description>Energy: 24</description>
        <styleUrl>#greedyCowStyle</styleUrl>
        <Point><coordinates>-110.95249402966566,32.24161284270173,0</coordinates></Point>
      </Placemark>
      <Placemark>
        <name>Greedy Cow</name>
        <description>Energy: 14</description>
        <styleUrl>#greedyCowStyle</styleUrl>
        <Point><coordinates>-110.97713136384289,32.235193274161304,0</coordinates></Point>
      </Placemark>
      <Placemark>
        <name>Greedy Cow</name>
        <description>Energy: 29</description>
        <styleUrl>#greedyCowStyle</styleUrl>
        <Point><coordinates>-110.94307755163783,32.19886005389298,0</coordinates></Point>
      </Placemark>
      <Placemark>
        <name>Greedy Cow</name>
        <description>Energy: 34</description>
        <styleUrl>#greedyCowStyle</styleUrl>
        <Point><coordinates>-110.96426518048415,32.21178364143606,0</coordinates></Point>
      </Placemark>
      <Placemark>
        <name>Greedy Cow</name>
        <description>Energy: 39</description>
        <styleUrl>#greedyCowStyle</styleUrl>
        <Point><coordinates>-110.94460250372252,32.206463659428586,0</coordinates></Point>
      </Placemark>
      <Placemark>
        <name>Greedy Cow</name>
        <description>Energy: 24</description>
        <styleUrl>#greedyCowStyle</styleUrl>
        <Point><coordinates>-110.94456472738227,32.217337487339364,0</coordinates></Point>
      </Placemark>
      <Placemark>
        <name>Greedy Cow</name>
        <description>Energy: 29</description>
        <styleUrl>#greedyCowStyle</styleUrl>
        <Point><coordinates>-110.96298084603869,32.19228599599159,0</coordinates></Point>
      </Placemark>
      <Placemark>
        <name>Greedy Cow</name>
        <description>Energy: 14</description>
        <styleUrl>#greedyCowStyle</styleUrl>
        <Point><coordinates>-110.96948821103724,32.22680890181518,0</coordinates></Point>
      </Placemark>
      <Placemark>
        <name>Greedy Cow</name>
        <description>Energy: 39</description>
        <styleUrl>#greedyCowStyle</styleUrl>
        <Point><coordinates>-110.93416141494433,32.233323312524966,0</coordinates></Point>
      </Placemark>
      <Placemark>
        <name>Greedy Cow</name>
        <description>Energy: 34</description>
        <styleUrl>#greedyCowStyle</styleUrl>
        <Point><coordinates>-110.92969740123162,32.20464541587074,0</coordinates></Point>
      </Placemark>
      <Placemark>
        <name>Greedy Cow</name>
        <description>Energy: 34</description>
        <styleUrl>#greedyCowStyle</styleUrl>
        <Point><coordinates>-110.93926594996915,32.20724811326053,0</coordinates></Point>
      </Placemark>
      <Placemark>
        <name>Greedy Cow</name>
        <description>Energy: 29</description>
        <styleUrl>#greedyCowStyle</styleUrl>
        <Point><coordinates>-110.9536042187803,32.20129827522168,0</coordinates></Point>
      </Placemark>
      <Placemark>
        <name>Greedy Cow</name>
        <description>Energy: 24</description>
        <styleUrl>#greedyCowStyle</styleUrl>
        <Point><coordinates>-110.93105962179693,32.212006361346496,0</coordinates></Point>
      </Placemark>
      <Placemark>
        <name>Greedy Cow</name>
        <description>Energy: 39</description>
        <styleUrl>#greedyCowStyle</styleUrl>
        <Point><coordinates>-110.97197777513853,32.218453832069045,0</coordinates></Point>
      </Placemark>
      <Placemark>
        <name>Greedy Cow</name>
        <description>Energy: 24</description>
        <styleUrl>#greedyCowStyle</styleUrl>
        <Point><coordinates>-110.98965423379651,32.226035315077496,0</coordinates></Point>
      </Placemark>
      <Placemark>
        <name>Greedy Cow</name>
        <description>Energy: 14</description>
        <styleUrl>#greedyCowStyle</styleUrl>
        <Point><coordinates>-110.95770635587685,32.21403208192366,0</coordinates></Point>
      </Placemark>
      <Placemark>
        <name>Greedy Cow</name>
        <description>Energy: 49</description>
        <styleUrl>#greedyCowStyle</styleUrl>
        <Point><coordinates>-110.982982994005,32.22778165704574,0</coordinates></Point>
      </Placemark>
      <Placemark>
        <name>Greedy Cow</name>
        <description>Energy: 34</description>
        <styleUrl>#greedyCowStyle</styleUrl>
        <Point><coordinates>-110.95949857791477,32.22010205913397,0</coordinates></Point>
      </Placemark>
      <Placemark>
        <name>Greedy Cow</name>
        <description>Energy: 19</description>
        <styleUrl>#greedyCowStyle</styleUrl>
        <Point><coordinates>-110.93386362580046,32.2310548870855,0</coordinates></Point>
      </Placemark>
      <Placemark>
        <name>Greedy Cow</name>
        <description>Energy: 29</description>
        <styleUrl>#greedyCowStyle</styleUrl>
        <Point><coordinates>-110.9169104190173,32.235563117167054,0</coordinates></Point>
      </Placemark>
      <Placemark>
        <name>Greedy Cow</name>
        <description>Energy: 39</description>
        <styleUrl>#greedyCowStyle</styleUrl>
        <Point><coordinates>-110.99760068810218,32.20436839021468,0</coordinates></Point>
      </Placemark>
      <Placemark>
        <name>Greedy Cow</name>
        <description>Energy: 19</description>
        <styleUrl>#greedyCowStyle</styleUrl>
        <Point><coordinates>-110.97914071205774,32.2481553523793,0</coordinates></Point>
      </Placemark>
      <Placemark>
        <name>Greedy Cow</name>
        <description>Energy: 19</description>
        <styleUrl>#greedyCowStyle</styleUrl>
        <Point><coordinates>-110.96887695557855,32.20215277595838,0</coordinates></Point>
      </Placemark>
      <Placemark>
        <name>Greedy Cow</name>
        <description>Energy: 14</description>
        <styleUrl>#greedyCowStyle</styleUrl>
        <Point><coordinates>-110.96798783524478,32.24608145233584,0</coordinates></Point>
      </Placemark>
      <Placemark>
        <name>Greedy Cow</name>
        <description>Energy: 14</description>
        <styleUrl>#greedyCowStyle</styleUrl>
        <Point><coordinates>-110.91503919307702,32.19,0</coordinates></Point>
      </Placemark>
      <Placemark>
        <name>Greedy Cow</name>
        <description>Energy: 40</description>
        <styleUrl>#greedyCowStyle</styleUrl>
        <Point><coordinates>-110.93017511807685,32.20314757016751,0</coordinates></Point>
      </Placemark>
      <Placemark>
        <name>Greedy Cow</name>
        <description>Energy: 30</description>
        <styleUrl>#greedyCowStyle</styleUrl>
        <Point><coordinates>-110.94644820995556,32.20556196479072,0</coordinates></Point>
      </Placemark>
      <Placemark>
        <name>Greedy Cow</name>
        <description>Energy: 15</description>
        <styleUrl>#greedyCowStyle</styleUrl>
        <Point><coordinates>-110.94108086876031,32.22842701732083,0</coordinates></Point>
      </Placemark>
      <Placemark>
        <name>Greedy Cow</name>
        <description>Energy: 40</description>
        <styleUrl>#greedyCowStyle</styleUrl>
        <Point><coordinates>-110.96414885096358,32.22597068859669,0</coordinates></Point>
      </Placemark>
      <Placemark>
        <name>Greedy Cow</name>
        <description>Energy: 20</description>
        <styleUrl>#greedyCowStyle</styleUrl>
        <Point><coordinates>-110.93267712718736,32.233811177501906,0</coordinates></Point>
      </Placemark>
      <Placemark>
        <name>Greedy Cow</name>
        <description>Energy: 25</description>
        <styleUrl>#greedyCowStyle</styleUrl>
        <Point><coordinates>-110.93814485862453,32.19431248472888,0</coordinates></Point>
      </Placemark>
      <Placemark>
        <name>Greedy Cow</name>
        <description>Energy: 25</description>
        <styleUrl>#greedyCowStyle</styleUrl>
        <Point><coordinates>-110.9907877525886,32.218105914329634,0</coordinates></Point>
      </Placemark>
      <Placemark>
        <name>Greedy Cow</name>
        <description>Energy: 21</description>
        <styleUrl>#greedyCowStyle</styleUrl>
        <Point><coordinates>-110.94935011059964,32.19706094460473,0</coordinates></Point>
      </Placemark>
      <Placemark>
        <name>Greedy Cow</name>
        <description>Energy: 21</description>
        <styleUrl>#greedyCowStyle</styleUrl>
        <Point><coordinates>-110.90580543938475,32.21363047962665,0</coordinates></Point>
      </Placemark>
      <Placemark>
        <name>Greedy Cow</name>
        <description>Energy: 26</description>
        <styleUrl>#greedyCowStyle</styleUrl>
        <Point><coordinates>-110.99478834311988,32.24475281202909,0</coordinates></Point>
      </Placemark>
      <Placemark>
        <name>Greedy Cow</name>
        <description>Energy: 32</description>
        <styleUrl>#greedyCowStyle</styleUrl>
        <Point><coordinates>-110.93201982989395,32.220480974223236,0</coordinates></Point>
      </Placemark>
      <Placemark>
        <name>Greedy Cow</name>
        <description>Energy: 32</description>
        <styleUrl>#greedyCowStyle</styleUrl>
        <Point><coordinates>-110.93678658812688,32.24153512716088,0</coordinates></Point>
      </Placemark>
      <Placemark>
        <name>Greedy Cow</name>
        <description>Energy: 7</description>
        <styleUrl>#greedyCowStyle</styleUrl>
        <Point><coordinates>-110.93500090301568,32.23018312431071,0</coordinates></Point>
      </Placemark>
      <Placemark>
        <name>Greedy Cow</name>
        <description>Energy: 27</description>
        <styleUrl>#greedyCowStyle</styleUrl>
        <Point><coordinates>-110.99950234072102,32.23248828657313,0</coordinates></Point>
      </Placemark>
      <Placemark>
        <name>Greedy Cow</name>
        <description>Energy: 2</description>
        <styleUrl>#greedyCowStyle</styleUrl>
        <Point><coordinates>-110.99878969303806,32.224094630630645,0</coordinates></Point>
      </Placemark>
      <Placemark>
        <name>Greedy Cow</name>
        <description>Energy: 38</description>
        <styleUrl>#greedyCowStyle</styleUrl>
        <Point><coordinates>-110.93616411127181,32.24414790624073,0</coordinates></Point>
      </Placemark>
      <Placemark>
        <name>Greedy Cow</name>
        <description>Energy: 18</description>
        <styleUrl>#greedyCowStyle</styleUrl>
        <Point><coordinates>-110.95878710412295,32.22194211826382,0</coordinates></Point>
      </Placemark>
      <Placemark>
        <name>Greedy Cow</name>
        <description>Energy: 18</description>
        <styleUrl>#greedyCowStyle</styleUrl>
        <Point><coordinates>-110.96506739735958,32.22306398152274,0</coordinates></Point>
      </Placemark>
      <Placemark>
        <name>Greedy Cow</name>
        <description>Energy: 28</description>
        <styleUrl>#greedyCowStyle</styleUrl>
        <Point><coordinates>-110.98407314830445,32.20989393711293,0</coordinates></Point>
      </Placemark>
      <Placemark>
        <name>Greedy Cow</name>
        <description>Energy: 38</description>
        <styleUrl>#greedyCowStyle</styleUrl>
        <Point><coordinates>-110.9762440756893,32.213305330564545,0</coordinates></Point>
      </Placemark>
      <Placemark>
        <name>Greedy Cow</name>
        <description>Energy: 38</description>
        <styleUrl>#greedyCowStyle</styleUrl>
        <Point><coordinates>-110.93121719324917,32.246208883186334,0</coordinates></Point>
      </Placemark>
      <Placemark>
        <name>Greedy Cow</name>
        <description>Energy: 18</description>
        <styleUrl>#greedyCowStyle</styleUrl>
        <Point><coordinates>-110.92837396122191,32.215330629095575,0</coordinates></Point>
      </Placemark>
      <Placemark>
        <name>Greedy Cow</name>
        <description>Energy: 18</description>
        <styleUrl>#greedyCowStyle</styleUrl>
        <Point><coordinates>-110.98597963729695,32.20805404840374,0</coordinates></Point>
      </Placemark>
      <Placemark>
        <name>Greedy Cow</name>
        <description>Energy: 38</description>
        <styleUrl>#greedyCowStyle</styleUrl>
        <Point><coordinates>-110.96389018569714,32.23697997528982,0</coordinates></Point>
      </Placemark>
      <Placemark>
        <name>Greedy Cow</name>
        <description>Energy: 33</description>
        <styleUrl>#greedyCowStyle</styleUrl>
        <Point><coordinates>-110.9215495731942,32.19848843313357,0</coordinates></Point>
      </Placemark>
      <Placemark>
        <name>Greedy Cow</name>
        <description>Energy: 28</description>
        <styleUrl>#greedyCowStyle</styleUrl>
        <Point><coordinates>-110.90734281121054,32.246699482331564,0</coordinates></Point>
      </Placemark>
      <Placemark>
        <name>Greedy Cow</name>
        <description>Energy: 23</description>
        <styleUrl>#greedyCowStyle</styleUrl>
        <Point><coordinates>-110.98963233816863,32.21886897899985,0</coordinates></Point>
      </Placemark>
      <Placemark>
        <name>Greedy Cow</name>
        <description>Energy: 38</description>
        <styleUrl>#greedyCowStyle</styleUrl>
        <Point><coordinates>-110.93589424269699,32.194414038994225,0</coordinates></Point>
      </Placemark>
      <Placemark>
        <name>Greedy Cow</name>
        <description>Energy: 33</description>
        <styleUrl>#greedyCowStyle</styleUrl>
        <Point><coordinates>-110.9977433612885,32.21695153160399,0</coordinates></Point>
      </Placemark>
      <Placemark>
        <name>Greedy Cow</name>
        <description>Energy: 33</description>
        <styleUrl>#greedyCowStyle</styleUrl>
        <Point><coordinates>-110.99693448137384,32.20411901230943,0</coordinates></Point>
      </Placemark>
      <Placemark>
        <name>Greedy Cow</name>
        <description>Energy: 43</description>
        <styleUrl>#greedyCowStyle</styleUrl>
        <Point><coordinates>-110.98544009028184,32.21872825480418,0</coordinates></Point>
      </Placemark>
      <Placemark>
        <name>Greedy Cow</name>
        <description>Energy: 13</description>
        <styleUrl>#greedyCowStyle</styleUrl>
        <Point><coordinates>-110.96111845372972,32.227315866079635,0</coordinates></Point>
      </Placemark>
      <Placemark>
        <name>Greedy Cow</name>
        <description>Energy: 8</description>
        <styleUrl>#greedyCowStyle</styleUrl>
        <Point><coordinates>-110.99430644460548,32.22273235571076,0</coordinates></Point>
      </Placemark>
      <Placemark>
        <name>Greedy Cow</name>
        <description>Energy: 33</description>
        <styleUrl>#greedyCowStyle</styleUrl>
        <Point><coordinates>-110.96668458419498,32.197319966980885,0</coordinates></Point>
      </Placemark>
      <Placemark>
        <name>Greedy Cow</name>
        <description>Energy: 13</description>
        <styleUrl>#greedyCowStyle</styleUrl>
        <Point><coordinates>-110.90525394103585,32.21084656346206,0</coordinates></Point>
      </Placemark>
      <Placemark>
        <name>Greedy Cow</name>
        <description>Energy: 23</description>
        <styleUrl>#greedyCowStyle</styleUrl>
        <Point><coordinates>-110.9350969963566,32.23308665535787,0</coordinates></Point>
      </Placemark>
      <Placemark>
        <name>Greedy Cow</name>
        <description>Energy: 28</description>
        <styleUrl>#greedyCowStyle</styleUrl>
        <Point><coordinates>-110.93343105483105,32.248700367192384,0</coordinates></Point>
      </Placemark>
      <Placemark>
        <name>Greedy Cow</name>
        <description>Energy: 28</description>
        <styleUrl>#greedyCowStyle</styleUrl>
        <Point><coordinates>-110.962995300707,32.24676314552819,0</coordinates></Point>
      </Placemark>
      <Placemark>
        <name>Greedy Cow</name>
        <description>Energy: 23</description>
        <styleUrl>#greedyCowStyle</styleUrl>
        <Point><coordinates>-110.91535715352684,32.20334215559448,0</coordinates></Point>
      </Placemark>
      <Placemark>
        <name>Greedy Cow</name>
        <description>Energy: 48</description>
        <styleUrl>#greedyCowStyle</styleUrl>
        <Point><coordinates>-110.95332032063149,32.22257485480507,0</coordinates></Point>
      </Placemark>
      <Placemark>
        <name>Greedy Cow</name>
        <description>Energy: 18</description>
        <styleUrl>#greedyCowStyle</styleUrl>
        <Point><coordinates>-110.916672970981,32.2209043590319,0</coordinates></Point>
      </Placemark>
      <Placemark>
        <name>Greedy Cow</name>
        <description>Energy: 18</description>
        <styleUrl>#greedyCowStyle</styleUrl>
        <Point><coordinates>-110.94801362278497,32.21383024016097,0</coordinates></Point>
      </Placemark>
      <Placemark>
        <name>Greedy Cow</name>
        <description>Energy: 43</description>
        <styleUrl>#greedyCowStyle</styleUrl>
        <Point><coordinates>-110.93329461829721,32.2263223757814,0</coordinates></Point>
      </Placemark>
      <Placemark>
        <name>Greedy Cow</name>
        <description>Energy: 8</description>
        <styleUrl>#greedyCowStyle</styleUrl>
        <Point><coordinates>-110.93408646757922,32.20394599718454,0</coordinates></Point>
      </Placemark>
      <Placemark>
        <name>Greedy Cow</name>
        <description>Energy: 28</description>
        <styleUrl>#greedyCowStyle</styleUrl>
        <Point><coordinates>-110.9942837542789,32.19505246413752,0</coordinates></Point>
      </Placemark>
      <Placemark>
        <name>Greedy Cow</name>
        <description>Energy: 13</description>
        <styleUrl>#greedyCowStyle</styleUrl>
        <Point><coordinates>-110.95380216692487,32.23405129208259,0</coordinates></Point>
      </Placemark>
      <Placemark>
        <name>Greedy Cow</name>
        <description>Energy: 38</description>
        <styleUrl>#greedyCowStyle</styleUrl>
        <Point><coordinates>-110.90410398656809,32.19221727860787,0</coordinates></Point>
      </Placemark>
      <Placemark>
        <name>Greedy Cow</name>
        <description>Energy: 13</description>
        <styleUrl>#greedyCowStyle</styleUrl>
        <Point><coordinates>-110.90198217436647,32.201452124086146,0</coordinates></Point>
      </Placemark>
      <Placemark>
        <name>Greedy Cow</name>
        <description>Energy: 29</description>
        <styleUrl>#greedyCowStyle</styleUrl>
        <Point><coordinates>-110.92746221450132,32.246833439876944,0</coordinates></Point>
      </Placemark>
      <Placemark>
        <name>Greedy Cow</name>
        <description>Energy: 9</description>
        <styleUrl>#greedyCowStyle</styleUrl>
        <Point><coordinates>-110.96049242649129,32.229069745797126,0</coordinates></Point>
      </Placemark>
      <Placemark>
        <name>Greedy Cow</name>
        <description>Energy: 4</description>
        <styleUrl>#greedyCowStyle</styleUrl>
        <Point><coordinates>-110.9687219338716,32.212394649488495,0</coordinates></Point>
      </Placemark>
      <Placemark>
        <name>Greedy Cow</name>
        <description>Energy: 39</description>
        <styleUrl>#greedyCowStyle</styleUrl>
        <Point><coordinates>-110.914967111721,32.247661684463786,0</coordinates></Point>
      </Placemark>
      <Placemark>
        <name>Greedy Cow</name>
        <description>Energy: 34</description>
        <styleUrl>#greedyCowStyle</styleUrl>
        <Point><coordinates>-110.918308279205,32.22389013779708,0</coordinates></Point>
      </Placemark>
      <Placemark>
        <name>Greedy Cow</name>
        <description>Energy: 24</description>
        <styleUrl>#greedyCowStyle</styleUrl>
        <Point><coordinates>-110.90280202178155,32.22791379386592,0</coordinates></Point>
      </Placemark>
      <Placemark>
        <name>Greedy Cow</name>
        <description>Energy: 44</description>
        <styleUrl>#greedyCowStyle</styleUrl>
        <Point><coordinates>-110.96791312003246,32.22002598818904,0</coordinates></Point>
      </Placemark>
      <Placemark>
        <name>Greedy Cow</name>
        <description>Energy: 34</description>
        <styleUrl>#greedyCowStyle</styleUrl>
        <Point><coordinates>-110.98396102983563,32.209097802142935,0</coordinates></Point>
      </Placemark>
      <Placemark>
        <name>Greedy Cow</name>
        <description>Energy: 39</description>
        <styleUrl>#greedyCowStyle</styleUrl>
        <Point><coordinates>-110.95503370592527,32.205728549182915,0</coordinates></Point>
      </Placemark>
      <Placemark>
        <name>Greedy Cow</name>
        <description>Energy: 24</description>
        <styleUrl>#greedyCowStyle</styleUrl>
        <Point><coordinates>-110.97724321734076,32.19472362435354,0</coordinates></Point>
      </Placemark>
      <Placemark>
        <name>Greedy Cow</name>
        <description>Energy: 9</description>
        <styleUrl>#greedyCowStyle</styleUrl>
        <Point><coordinates>-110.9211286193082,32.222434945435786,0</coordinates></Point>
      </Placemark>
      <Placemark>
        <name>Greedy Cow</name>
        <description>Energy: 9</description>
        <styleUrl>#greedyCowStyle</styleUrl>
        <Point><coordinates>-110.97671870082117,32.22421576679425,0</coordinates></Point>
      </Placemark>
      <Placemark>
        <name>Greedy Cow</name>
        <description>Energy: 14</description>
        <styleUrl>#greedyCowStyle</styleUrl>
        <Point><coordinates>-110.90312319171132,32.19639789836099,0</coordinates></Point>
      </Placemark>
      <Placemark>
        <name>Greedy Cow</name>
        <description>Energy: 24</description>
        <styleUrl>#greedyCowStyle</styleUrl>
        <Point><coordinates>-110.95575126602793,32.202445663101464,0</coordinates></Point>
      </Placemark>
      <Placemark>
        <name>Greedy Cow</name>
        <description>Energy: 9</description>
        <styleUrl>#greedyCowStyle</styleUrl>
        <Point><coordinates>-110.95120034799852,32.21298530259664,0</coordinates></Point>
      </Placemark>
      <Placemark>
        <name>Greedy Cow</name>
        <description>Energy: 29</description>
        <styleUrl>#greedyCowStyle</styleUrl>
        <Point><coordinates>-110.92302660775319,32.230555997454765,0</coordinates></Point>
      </Placemark>
      <Placemark>
        <name>Greedy Cow</name>
        <description>Energy: 19</description>
        <styleUrl>#greedyCowStyle</styleUrl>
        <Point><coordinates>-110.96583273051536,32.19041224341025,0</coordinates></Point>
      </Placemark>
      <Placemark>
        <name>Greedy Cow</name>
        <description>Energy: 24</description>
        <styleUrl>#greedyCowStyle</styleUrl>
        <Point><coordinates>-110.97208759699171,32.242799734773996,0</coordinates></Point>
      </Placemark>
      <Placemark>
        <name>Greedy Cow</name>
        <description>Energy: 14</description>
        <styleUrl>#greedyCowStyle</styleUrl>
        <Point><coordinates>-110.97358868054359,32.23901960045272,0</coordinates></Point>
      </Placemark>
      <Placemark>
        <name>Greedy Cow</name>
        <description>Energy: 4</description>
        <styleUrl>#greedyCowStyle</styleUrl>
        <Point><coordinates>-110.9502728262714,32.24462834220796,0</coordinates></Point>
      </Placemark>
      <Placemark>
        <name>Greedy Cow</name>
        <description>Energy: 39</description>
        <styleUrl>#greedyCowStyle</styleUrl>
        <Point><coordinates>-110.97936409307856,32.21673561997706,0</coordinates></Point>
      </Placemark>
      <Placemark>
        <name>Greedy Cow</name>
        <description>Energy: 29</description>
        <styleUrl>#greedyCowStyle</styleUrl>
        <Point><coordinates>-110.96055221426812,32.22911607920629,0</coordinates></Point>
      </Placemark>
      <Placemark>
        <name>Greedy Cow</name>
        <description>Energy: 24</description>
        <styleUrl>#greedyCowStyle</styleUrl>
        <Point><coordinates>-110.96355250957005,32.19686614400174,0</coordinates></Point>
      </Placemark>
      <Placemark>
        <name>Greedy Cow</name>
        <description>Energy: 34</description>
        <styleUrl>#greedyCowStyle</styleUrl>
        <Point><coordinates>-110.96598410756872,32.19687418434088,0</coordinates></Point>
      </Placemark>
      <Placemark>
        <name>Greedy Cow</name>
        <description>Energy: 39</description>
        <styleUrl>#greedyCowStyle</styleUrl>
        <Point><coordinates>-110.93471178474374,32.22111714853671,0</coordinates></Point>
      </Placemark>
      <Placemark>
        <name>Greedy Cow</name>
        <description>Energy: 34</description>
        <styleUrl>#greedyCowStyle</styleUrl>
        <Point><coordinates>-110.91596019312497,32.19227570692522,0</coordinates></Point>
      </Placemark>
      <Placemark>
        <name>Greedy Cow</name>
        <description>Energy: 34</description>
        <styleUrl>#greedyCowStyle</styleUrl>
        <Point><coordinates>-110.97277691925156,32.213804629771644,0</coordinates></Point>
      </Placemark>
      <Placemark>
        <name>Greedy Cow</name>
        <description>Energy: 39</description>
        <styleUrl>#greedyCowStyle</styleUrl>
        <Point><coordinates>-110.93545866309938,32.22947719003768,0</coordinates></Point>
      </Placemark>
      <Placemark>
        <name>Greedy Cow</name>
        <description>Energy: 39</description>
        <styleUrl>#greedyCowStyle</styleUrl>
        <Point><coordinates>-110.96557709859437,32.21079169885587,0</coordinates></Point>
      </Placemark>
      <Placemark>
        <name>Greedy Cow</name>
        <description>Energy: 29</description>
        <styleUrl>#greedyCowStyle</styleUrl>
        <Point><coordinates>-110.91720133860859,32.212745489677914,0</coordinates></Point>
      </Placemark>
      <Placemark>
        <name>Greedy Cow</name>
        <description>Energy: 24</description>
        <styleUrl>#greedyCowStyle</styleUrl>
        <Point><coordinates>-110.96810479938335,32.21787230670973,0</coordinates></Point>
      </Placemark>
      <Placemark>
        <name>Greedy Cow</name>
        <description>Energy: 39</description>
        <styleUrl>#greedyCowStyle</styleUrl>
        <Point><coordinates>-110.9847045568449,32.249625209412564,0</coordinates></Point>
      </Placemark>
      <Placemark>
        <name>Greedy Cow</name>
        <description>Energy: 34</description>
        <styleUrl>#greedyCowStyle</styleUrl>
        <Point><coordinates>-110.9933207109389,32.20543389051813,0</coordinates></Point>
      </Placemark>
      <Placemark>
        <name>Greedy Cow</name>
        <description>Energy: 34</description>
        <styleUrl>#greedyCowStyle</styleUrl>
        <Point><coordinates>-110.96084752297497,32.198831365353854,0</coordinates></Point>
      </Placemark>
      <Placemark>
        <name>Greedy Cow</name>
        <description>Energy: 29</description>
        <styleUrl>#greedyCowStyle</styleUrl>
        <Point><coordinates>-110.96811346984555,32.21784204426643,0</coordinates></Point>
      </Placemark>
      <Placemark>
        <name>Greedy Cow</name>
        <description>Energy: 24</description>
        <styleUrl>#greedyCowStyle</styleUrl>
        <Point><coordinates>-110.90842172919596,32.23128164785377,0</coordinates></Point>
      </Placemark>
      <Placemark>
        <name>Greedy Cow</name>
        <description>Energy: 19</description>
        <styleUrl>#greedyCowStyle</styleUrl>
        <Point><coordinates>-110.98435224724402,32.224832552917704,0</coordinates></Point>
      </Placemark>
      <Placemark>
        <name>Greedy Cow</name>
        <description>Energy: 34</description>
        <styleUrl>#greedyCowStyle</styleUrl>
        <Point><coordinates>-110.96386082895893,32.233857297810104,0</coordinates></Point>
      </Placemark>
      <Placemark>
        <name>Greedy Cow</name>
        <description>Energy: 39</description>
        <styleUrl>#greedyCowStyle</styleUrl>
        <Point><coordinates>-110.96814227762385,32.24525800867841,0</coordinates></Point>
      </Placemark>
      <Placemark>
        <name>Greedy Cow</name>
        <description>Energy: 4</description>
        <styleUrl>#greedyCowStyle</styleUrl>
        <Point><coordinates>-110.92962156556332,32.20028388127347,0</coordinates></Point>
      </Placemark>
      <Placemark>
        <name>Greedy Cow</name>
        <description>Energy: 29</description>
        <styleUrl>#greedyCowStyle</styleUrl>
        <Point><coordinates>-110.95830388835432,32.248473162310404,0</coordinates></Point>
      </Placemark>
      <Placemark>
        <name>Greedy Cow</name>
        <description>Energy: 44</description>
        <styleUrl>#greedyCowStyle</styleUrl>
        <Point><coordinates>-110.99312810925396,32.21890860602596,0</coordinates></Point>
      </Placemark>
      <Placemark>
        <name>Greedy Cow</name>
        <description>Energy: 19</description>
        <styleUrl>#greedyCowStyle</styleUrl>
        <Point><coordinates>-110.99515902238818,32.19468566975223,0</coordinates></Point>
      </Placemark>
      <Placemark>
        <name>Greedy Cow</name>
        <description>Energy: 29</description>
        <styleUrl>#greedyCowStyle</styleUrl>
        <Point><coordinates>-110.9,32.23520106738543,0</coordinates></Point>
      </Placemark>
      <Placemark>
        <name>Greedy Cow</name>
        <description>Energy: 9</description>
        <styleUrl>#greedyCowStyle</styleUrl>
        <Point><coordinates>-110.96216112765516,32.25,0</coordinates></Point>
      </Placemark>
      <Placemark>
        <name>Greedy Cow</name>
        <description>Energy: 19</description>
        <styleUrl>#greedyCowStyle</styleUrl>
        <Point><coordinates>-110.95081001577492,32.22036525552942,0</coordinates></Point>
      </Placemark>
      <Placemark>
        <name>Greedy Cow</name>
        <description>Energy: 19</description>
        <styleUrl>#greedyCowStyle</styleUrl>
        <Point><coordinates>-110.98086171373154,32.23767457546541,0</coordinates></Point>
      </Placemark>
      <Placemark>
        <name>Greedy Cow</name>
        <description>Energy: 9</description>
        <styleUrl>#greedyCowStyle</styleUrl>
        <Point><coordinates>-110.97866993611251,32.21138948006976,0</coordinates></Point>
      </Placemark>
      <Placemark>
        <name>Greedy Cow</name>
        <description>Energy: 29</description>
        <styleUrl>#greedyCowStyle</styleUrl>
        <Point><coordinates>-110.95745942913447,32.19623307432212,0</coordinates></Point>
      </Placemark>
      <Placemark>
        <name>Greedy Cow</name>
        <description>Energy: 39</description>
        <styleUrl>#greedyCowStyle</styleUrl>
        <Point><coordinates>-110.95700417848533,32.24819218202536,0</coordinates></Point>
      </Placemark>
      <Placemark>
        <name>Greedy Cow</name>
        <description>Energy: 4</description>
        <styleUrl>#greedyCowStyle</styleUrl>
        <Point><coordinates>-110.95620128013806,32.2376794826072,0</coordinates></Point>
      </Placemark>
      <Placemark>
        <name>Greedy Cow</name>
        <description>Energy: 9</description>
        <styleUrl>#greedyCowStyle</styleUrl>
        <Point><coordinates>-110.99094750288403,32.20940515758889,0</coordinates></Point>
      </Placemark>
      <Placemark>
        <name>Greedy Cow</name>
        <description>Energy: 9</description>
        <styleUrl>#greedyCowStyle</styleUrl>
        <Point><coordinates>-110.98722896233512,32.206918292683575,0</coordinates></Point>
      </Placemark>
      <Placemark>
        <name>Greedy Cow</name>
        <description>Energy: 39</description>
        <styleUrl>#greedyCowStyle</styleUrl>
        <Point><coordinates>-110.95074878036759,32.21783385724112,0</coordinates></Point>
      </Placemark>
      <Placemark>
        <name>Greedy Cow</name>
        <description>Energy: 34</description>
        <styleUrl>#greedyCowStyle</styleUrl>
        <Point><coordinates>-110.92573123205386,32.19221027994749,0</coordinates></Point>
      </Placemark>
      <Placemark>
        <name>Greedy Cow</name>
        <description>Energy: 24</description>
        <styleUrl>#greedyCowStyle</styleUrl>
        <Point><coordinates>-110.96277927171559,32.23634085184985,0</coordinates></Point>
      </Placemark>
      <Placemark>
        <name>Greedy Cow</name>
        <description>Energy: 9</description>
        <styleUrl>#greedyCowStyle</styleUrl>
        <Point><coordinates>-110.97302116776615,32.24555771472986,0</coordinates></Point>
      </Placemark>
      <Placemark>
        <name>Greedy Cow</name>
        <description>Energy: 39</description>
        <styleUrl>#greedyCowStyle</styleUrl>
        <Point><coordinates>-110.98525773977035,32.20872053710669,0</coordinates></Point>
      </Placemark>
      <Placemark>
        <name>Greedy Cow</name>
        <description>Energy: 24</description>
        <styleUrl>#greedyCowStyle</styleUrl>
        <Point><coordinates>-110.96903493998693,32.243533353916206,0</coordinates></Point>
      </Placemark>
      <Placemark>
        <name>Greedy Cow</name>
        <description>Energy: 24</description>
        <styleUrl>#greedyCowStyle</styleUrl>
        <Point><coordinates>-110.93012003585572,32.22612234142041,0</coordinates></Point>
      </Placemark>
      <Placemark>
        <name>Greedy Cow</name>
        <description>Energy: 14</description>
        <styleUrl>#greedyCowStyle</styleUrl>
        <Point><coordinates>-110.93521132582363,32.20675306403573,0</coordinates></Point>
      </Placemark>
      <Placemark>
        <name>Greedy Cow</name>
        <description>Energy: 29</description>
        <styleUrl>#greedyCowStyle</styleUrl>
        <Point><coordinates>-110.97838245869018,32.23695108377765,0</coordinates></Point>
      </Placemark>
      <Placemark>
        <name>Greedy Cow</name>
        <description>Energy: 49</description>
        <styleUrl>#greedyCowStyle</styleUrl>
        <Point><coordinates>-110.99042768619083,32.204985461173344,0</coordinates></Point>
      </Placemark>
      <Placemark>
        <name>Greedy Cow</name>
        <description>Energy: 29</description>
        <styleUrl>#greedyCowStyle</styleUrl>
        <Point><coordinates>-110.93576418222042,32.21374634488093,0</coordinates></Point>
      </Placemark>
      <Placemark>
        <name>Greedy Cow</name>
        <description>Energy: 19</description>
        <styleUrl>#greedyCowStyle</styleUrl>
        <Point><coordinates>-110.90600505251733,32.20390128733052,0</coordinates></Point>
      </Placemark>
      <Placemark>
        <name>Greedy Cow</name>
        <description>Energy: 14</description>
        <styleUrl>#greedyCowStyle</styleUrl>
        <Point><coordinates>-110.93650275178378,32.24174169548133,0</coordinates></Point>
      </Placemark>
      <Placemark>
        <name>Greedy Cow</name>
        <description>Energy: 24</description>
        <styleUrl>#greedyCowStyle</styleUrl>
        <Point><coordinates>-110.95421748067518,32.20584095699412,0</coordinates></Point>
      </Placemark>
      <Placemark>
        <name>Greedy Cow</name>
        <description>Energy: 14</description>
        <styleUrl>#greedyCowStyle</styleUrl>
        <Point><coordinates>-110.94498748109915,32.247625345488935,0</coordinates></Point>
      </Placemark>
      <Placemark>
        <name>Greedy Cow</name>
        <description>Energy: 24</description>
        <styleUrl>#greedyCowStyle</styleUrl>
        <Point><coordinates>-110.9082443178314,32.23895337170273,0</coordinates></Point>
      </Placemark>
      <Placemark>
        <name>Greedy Cow</name>
        <description>Energy: 29</description>
        <styleUrl>#greedyCowStyle</styleUrl>
        <Point><coordinates>-110.95568781403023,32.22163960656239,0</coordinates></Point>
      </Placemark>
      <Placemark>
        <name>Greedy Cow</name>
        <description>Energy: 4</description>
        <styleUrl>#greedyCowStyle</styleUrl>
        <Point><coordinates>-110.94211881988576,32.23546592974695,0</coordinates></Point>
      </Placemark>
      <Placemark>
        <name>Greedy Cow</name>
        <description>Energy: 19</description>
        <styleUrl>#greedyCowStyle</styleUrl>
        <Point><coordinates>-110.93131035044291,32.19356842399324,0</coordinates></Point>
      </Placemark>
      <Placemark>
        <name>Greedy Cow</name>
        <description>Energy: 19</description>
        <styleUrl>#greedyCowStyle</styleUrl>
        <Point><coordinates>-110.94503928184767,32.228119951682565,0</coordinates></Point>
      </Placemark>
      <Placemark>
        <name>Greedy Cow</name>
        <description>Energy: 19</description>
        <styleUrl>#greedyCowStyle</styleUrl>
        <Point><coordinates>-110.9679775395056,32.239725117258104,0</coordinates></Point>
      </Placemark>
      <Placemark>
        <name>Greedy Cow</name>
        <description>Energy: 9</description>
        <styleUrl>#greedyCowStyle</styleUrl>
        <Point><coordinates>-110.90684365322733,32.20847168584158,0</coordinates></Point>
      </Placemark>
      <Placemark>
        <name>Greedy Cow</name>
        <description>Energy: 34</description>
        <styleUrl>#greedyCowStyle</styleUrl>
        <Point><coordinates>-110.97322040257087,32.24842688688282,0</coordinates></Point>
      </Placemark>
      <Placemark>
        <name>Greedy Cow</name>
        <description>Energy: 25</description>
        <styleUrl>#greedyCowStyle</styleUrl>
        <Point><coordinates>-110.91092534876708,32.199154108863226,0</coordinates></Point>
      </Placemark>
      <Placemark>
        <name>Greedy Cow</name>
        <description>Energy: 15</description>
        <styleUrl>#greedyCowStyle</styleUrl>
        <Point><coordinates>-111.0,32.19095519710249,0</coordinates></Point>
      </Placemark>
      <Placemark>
        <name>Greedy Cow</name>
        <description>Energy: 10</description>
        <styleUrl>#greedyCowStyle</styleUrl>
        <Point><coordinates>-110.9292474433538,32.208479012782284,0</coordinates></Point>
      </Placemark>
      <Placemark>
        <name>Greedy Cow</name>
        <description>Energy: 5</description>
        <styleUrl>#greedyCowStyle</styleUrl>
        <Point><coordinates>-110.92090800217646,32.25,0</coordinates></Point>
      </Placemark>
      <Placemark>
        <name>Greedy Cow</name>
        <description>Energy: 40</description>
        <styleUrl>#greedyCowStyle</styleUrl>
        <Point><coordinates>-110.97578254751605,32.23305796434428,0</coordinates></Point>
      </Placemark>
      <Placemark>
        <name>Greedy Cow</name>
        <description>Energy: 35</description>
        <styleUrl>#greedyCowStyle</styleUrl>
        <Point><coordinates>-110.9111213514829,32.200060432643006,0</coordinates></Point>
      </Placemark>
      <Placemark>
        <name>Greedy Cow</name>
        <description>Energy: 15</description>
        <styleUrl>#greedyCowStyle</styleUrl>
        <Point><coordinates>-110.9240396931233,32.23141854237242,0</coordinates></Point>
      </Placemark>
      <Placemark>
        <name>Greedy Cow</name>
        <description>Energy: 35</description>
        <styleUrl>#greedyCowStyle</styleUrl>
        <Point><coordinates>-110.96960912359907,32.246287757857836,0</coordinates></Point>
      </Placemark>
      <Placemark>
        <name>Greedy Cow</name>
        <description>Energy: 5</description>
        <styleUrl>#greedyCowStyle</styleUrl>
        <Point><coordinates>-110.93838910029939,32.21173573405072,0</coordinates></Point>
      </Placemark>
      <Placemark>
        <name>Greedy Cow</name>
        <description>Energy: 30</description>
        <styleUrl>#greedyCowStyle</styleUrl>
        <Point><coordinates>-110.95231425340742,32.22937775266942,0</coordinates></Point>
      </Placemark>
      <Placemark>
        <name>Greedy Cow</name>
        <description>Energy: 25</description>
        <styleUrl>#greedyCowStyle</styleUrl>
        <Point><coordinates>-110.9006924230766,32.247902432922785,0</coordinates></Point>
      </Placemark>
      <Placemark>
        <name>Greedy Cow</name>
        <description>Energy: 35</description>
        <styleUrl>#greedyCowStyle</styleUrl>
        <Point><coordinates>-110.908610264349,32.202082180673656,0</coordinates></Point>
      </Placemark>
      <Placemark>
        <name>Greedy Cow</name>
        <description>Energy: 5</description>
        <styleUrl>#greedyCowStyle</styleUrl>
        <Point><coordinates>-110.9881219781294,32.207779430713316,0</coordinates></Point>
      </Placemark>
      <Placemark>
        <name>Greedy Cow</name>
        <description>Energy: 5</description>
        <styleUrl>#greedyCowStyle</styleUrl>
        <Point><coordinates>-111.0,32.22727630249534,0</coordinates></Point>
      </Placemark>
      <Placemark>
        <name>Greedy Cow</name>
        <description>Energy: 30</description>
        <styleUrl>#greedyCowStyle</styleUrl>
        <Point><coordinates>-110.94427391506801,32.193193539477846,0</coordinates></Point>
      </Placemark>
      <Placemark>
        <name>Greedy Cow</name>
        <description>Energy: 10</description>
        <styleUrl>#greedyCowStyle</styleUrl>
        <Point><coordinates>-110.90217604526617,32.22185552352617,0</coordinates></Point>
      </Placemark>
      <Placemark>
        <name>Greedy Cow</name>
        <description>Energy: 5</description>
        <styleUrl>#greedyCowStyle</styleUrl>
        <Point><coordinates>-110.95959396710013,32.190949705499776,0</coordinates></Point>
      </Placemark>
      <Placemark>
        <name>Greedy Cow</name>
        <description>Energy: 10</description>
        <styleUrl>#greedyCowStyle</styleUrl>
        <Point><coordinates>-110.93254230947315,32.206905308634,0</coordinates></Point>
      </Placemark>
      <Placemark>
        <name>Greedy Cow</name>
        <description>Energy: 25</description>
        <styleUrl>#greedyCowStyle</styleUrl>
        <Point><coordinates>-110.9390319977975,32.24779143571537,0</coordinates></Point>
      </Placemark>
      <Placemark>
        <name>Greedy Cow</name>
        <description>Energy: 20</description>
        <styleUrl>#greedyCowStyle</styleUrl>
        <Point><coordinates>-110.98454821357615,32.25,0</coordinates></Point>
      </Placemark>
      <Placemark>
        <name>Greedy Cow</name>
        <description>Energy: 16</description>
        <styleUrl>#greedyCowStyle</styleUrl>
        <Point><coordinates>-110.91622010801835,32.21955506739354,0</coordinates></Point>
      </Placemark>
      <Placemark>
        <name>Greedy Cow</name>
        <description>Energy: 21</description>
        <styleUrl>#greedyCowStyle</styleUrl>
        <Point><coordinates>-110.93383043671018,32.2218212640743,0</coordinates></Point>
      </Placemark>
      <Placemark>
        <name>Greedy Cow</name>
        <description>Energy: 31</description>
        <styleUrl>#greedyCowStyle</styleUrl>
        <Point><coordinates>-110.98666542011279,32.21874094954617,0</coordinates></Point>
      </Placemark>
      <Placemark>
        <name>Greedy Cow</name>
        <description>Energy: 11</description>
        <styleUrl>#greedyCowStyle</styleUrl>
        <Point><coordinates>-110.9484651544797,32.22011520742345,0</coordinates></Point>
      </Placemark>
      <Placemark>
        <name>Greedy Cow</name>
        <description>Energy: 6</description>
        <styleUrl>#greedyCowStyle</styleUrl>
        <Point><coordinates>-110.9079463049322,32.2367327197597,0</coordinates></Point>
      </Placemark>
      <Placemark>
        <name>Greedy Cow</name>
        <description>Energy: 1</description>
        <styleUrl>#greedyCowStyle</styleUrl>
        <Point><coordinates>-110.96081613161118,32.21269980911193,0</coordinates></Point>
      </Placemark>
      <Placemark>
        <name>Greedy Cow</name>
        <description>Energy: 16</description>
        <styleUrl>#greedyCowStyle</styleUrl>
        <Point><coordinates>-110.959974902676,32.19172984171495,0</coordinates></Point>
      </Placemark>
      <Placemark>
        <name>Greedy Cow</name>
        <description>Energy: 27</description>
        <styleUrl>#greedyCowStyle</styleUrl>
        <Point><coordinates>-110.93905460619379,32.21542504170177,0</coordinates></Point>
      </Placemark>
      <Placemark>
        <name>Greedy Cow</name>
        <description>Energy: 7</description>
        <styleUrl>#greedyCowStyle</styleUrl>
        <Point><coordinates>-110.99151596595298,32.210884450897474,0</coordinates></Point>
      </Placemark>
      <Placemark>
        <name>Greedy Cow</name>
        <description>Energy: 8</description>
        <styleUrl>#greedyCowStyle</styleUrl>
        <Point><coordinates>-110.91499090037976,32.21544209912563,0</coordinates></Point>
      </Placemark>
      <Placemark>
        <name>Greedy Cow</name>
        <description>Energy: 23</description>
        <styleUrl>#greedyCowStyle</styleUrl>
        <Point><coordinates>-110.90892774786565,32.20297612464134,0</coordinates></Point>
      </Placemark>
      <Placemark>
        <name>Greedy Cow</name>
        <description>Energy: 43</description>
        <styleUrl>#greedyCowStyle</styleUrl>
        <Point><coordinates>-110.90246141354564,32.23760217473962,0</coordinates></Point>
      </Placemark>
      <Placemark>
        <name>Greedy Cow</name>
        <description>Energy: 8</description>
        <styleUrl>#greedyCowStyle</styleUrl>
        <Point><coordinates>-110.93123319134388,32.227524497777615,0</coordinates></Point>
      </Placemark>
      <Placemark>
        <name>Greedy Cow</name>
        <description>Energy: 24</description>
        <styleUrl>#greedyCowStyle</styleUrl>
        <Point><coordinates>-110.99275565375946,32.19,0</coordinates></Point>
      </Placemark>
      <Placemark>
        <name>Greedy Cow</name>
        <description>Energy: 14</description>
        <styleUrl>#greedyCowStyle</styleUrl>
        <Point><coordinates>-110.91574040612721,32.2375567238753,0</coordinates></Point>
      </Placemark>
      <Placemark>
        <name>Greedy Cow</name>
        <description>Energy: 34</description>
        <styleUrl>#greedyCowStyle</styleUrl>
        <Point><coordinates>-110.94961167462283,32.24450213251672,0</coordinates></Point>
      </Placemark>
      <Placemark>
        <name>Greedy Cow</name>
        <description>Energy: 24</description>
        <styleUrl>#greedyCowStyle</styleUrl>
        <Point><coordinates>-110.99582957890712,32.20690404275687,0</coordinates></Point>
      </Placemark>
      <Placemark>
        <name>Greedy Cow</name>
        <description>Energy: 9</description>
        <styleUrl>#greedyCowStyle</styleUrl>
        <Point><coordinates>-110.93568825915776,32.238678791174394,0</coordinates></Point>
      </Placemark>
      <Placemark>
        <name>Greedy Cow</name>
        <description>Energy: 19</description>
        <styleUrl>#greedyCowStyle</styleUrl>
        <Point><coordinates>-110.98177719100403,32.240765825698695,0</coordinates></Point>
      </Placemark>
      <Placemark>
        <name>Greedy Cow</name>
        <description>Energy: 44</description>
        <styleUrl>#greedyCowStyle</styleUrl>
        <Point><coordinates>-110.95947164314576,32.2072567576382,0</coordinates></Point>
      </Placemark>
      <Placemark>
        <name>Greedy Cow</name>
        <description>Energy: 4</description>
        <styleUrl>#greedyCowStyle</styleUrl>
        <Point><coordinates>-110.93877163886854,32.21288523352811,0</coordinates></Point>
      </Placemark>
      <Placemark>
        <name>Greedy Cow</name>
        <description>Energy: 34</description>
        <styleUrl>#greedyCowStyle</styleUrl>
        <Point><coordinates>-110.99454193444654,32.19996352811109,0</coordinates></Point>
      </Placemark>
      <Placemark>
        <name>Greedy Cow</name>
        <description>Energy: 9</description>
        <styleUrl>#greedyCowStyle</styleUrl>
        <Point><coordinates>-110.97771946441436,32.24325728977268,0</coordinates></Point>
      </Placemark>
      <Placemark>
        <name>Greedy Cow</name>
        <description>Energy: 19</description>
        <styleUrl>#greedyCowStyle</styleUrl>
        <Point><coordinates>-110.91837572395522,32.23711526180583,0</coordinates></Point>
      </Placemark>
      <Placemark>
        <name>Greedy Cow</name>
        <description>Energy: 9</description>
        <styleUrl>#greedyCowStyle</styleUrl>
        <Point><coordinates>-110.94267555871681,32.20835088614785,0</coordinates></Point>
      </Placemark>
      <Placemark>
        <name>Greedy Cow</name>
        <description>Energy: 40</description>
        <styleUrl>#greedyCowStyle</styleUrl>
        <Point><coordinates>-110.95090038141124,32.20280996341247,0</coordinates></Point>
      </Placemark>
      <Placemark>
        <name>Greedy Cow</name>
        <description>Energy: 25</description>
        <styleUrl>#greedyCowStyle</styleUrl>
        <Point><coordinates>-110.93534966795109,32.235920957540735,0</coordinates></Point>
      </Placemark>
      <Placemark>
        <name>Greedy Cow</name>
        <description>Energy: 40</description>
        <styleUrl>#greedyCowStyle</styleUrl>
        <Point><coordinates>-110.97098551331638,32.2016650752626,0</coordinates></Point>
      </Placemark>
      <Placemark>
        <name>Greedy Cow</name>
        <description>Energy: 10</description>
        <styleUrl>#greedyCowStyle</styleUrl>
        <Point><coordinates>-110.93549098914598,32.21736978121325,0</coordinates></Point>
      </Placemark>
      <Placemark>
        <name>Greedy Cow</name>
        <description>Energy: 20</description>
        <styleUrl>#greedyCowStyle</styleUrl>
        <Point><coordinates>-110.91279939050574,32.23158472631581,0</coordinates></Point>
      </Placemark>
      <Placemark>
        <name>Greedy Cow</name>
        <description>Energy: 15</description>
        <styleUrl>#greedyCowStyle</styleUrl>
        <Point><coordinates>-110.95954957975798,32.19754939109887,0</coordinates></Point>
      </Placemark>
      <Placemark>
        <name>Greedy Cow</name>
        <description>Energy: 15</description>
        <styleUrl>#greedyCowStyle</styleUrl>
        <Point><coordinates>-110.94079948256694,32.20246718477916,0</coordinates></Point>
      </Placemark>
      <Placemark>
        <name>Greedy Cow</name>
        <description>Energy: 15</description>
        <styleUrl>#greedyCowStyle</styleUrl>
        <Point><coordinates>-110.95015575566538,32.19735099069611,0</coordinates></Point>
      </Placemark>
      <Placemark>
        <name>Greedy Cow</name>
        <description>Energy: 45</description>
        <styleUrl>#greedyCowStyle</styleUrl>
        <Point><coordinates>-110.9970659247734,32.227089569871026,0</coordinates></Point>
      </Placemark>
      <Placemark>
        <name>Greedy Cow</name>
        <description>Energy: 20</description>
        <styleUrl>#greedyCowStyle</styleUrl>
        <Point><coordinates>-110.95647412986534,32.23286728132946,0</coordinates></Point>
      </Placemark>
      <Placemark>
        <name>Greedy Cow</name>
        <description>Energy: 40</description>
        <styleUrl>#greedyCowStyle</styleUrl>
        <Point><coordinates>-110.92727263895894,32.238574529446936,0</coordinates></Point>
      </Placemark>
      <Placemark>
        <name>Greedy Cow</name>
        <description>Energy: 21</description>
        <styleUrl>#greedyCowStyle</styleUrl>
        <Point><coordinates>-110.97898514114158,32.22763527152578,0</coordinates></Point>
      </Placemark>
      <Placemark>
        <name>Greedy Cow</name>
        <description>Energy: 31</description>
        <styleUrl>#greedyCowStyle</styleUrl>
        <Point><coordinates>-110.98385929452049,32.20296805459425,0</coordinates></Point>
      </Placemark>
      <Placemark>
        <name>Greedy Cow</name>
        <description>Energy: 26</description>
        <styleUrl>#greedyCowStyle</styleUrl>
        <Point><coordinates>-110.98121524824784,32.21998810495873,0</coordinates></Point>
      </Placemark>
      <Placemark>
        <name>Greedy Cow</name>
        <description>Energy: 26</description>
        <styleUrl>#greedyCowStyle</styleUrl>
        <Point><coordinates>-110.98871119751122,32.20439826893357,0</coordinates></Point>
      </Placemark>
      <Placemark>
        <name>Greedy Cow</name>
        <description>Energy: 11</description>
        <styleUrl>#greedyCowStyle</styleUrl>
        <Point><coordinates>-110.97252173275419,32.220988282383274,0</coordinates></Point>
      </Placemark>
      <Placemark>
        <name>Greedy Cow</name>
        <description>Energy: 11</description>
        <styleUrl>#greedyCowStyle</styleUrl>
        <Point><coordinates>-110.90066735372508,32.20770807462477,0</coordinates></Point>
      </Placemark>
      <Placemark>
        <name>Greedy Cow</name>
        <description>Energy: 11</description>
        <styleUrl>#greedyCowStyle</styleUrl>
        <Point><coordinates>-110.92684620160018,32.194047411703174,0</coordinates></Point>
      </Placemark>
      <Placemark>
        <name>Greedy Cow</name>
        <description>Energy: 32</description>
        <styleUrl>#greedyCowStyle</styleUrl>
        <Point><coordinates>-110.98402286862238,32.245095436805705,0</coordinates></Point>
      </Placemark>
      <Placemark>
        <name>Greedy Cow</name>
        <description>Energy: 22</description>
        <styleUrl>#greedyCowStyle</styleUrl>
        <Point><coordinates>-110.94421735140057,32.22978733321846,0</coordinates></Point>
      </Placemark>
      <Placemark>
        <name>Greedy Cow</name>
        <description>Energy: 42</description>
        <styleUrl>#greedyCowStyle</styleUrl>
        <Point><coordinates>-110.97957318502421,32.24594090903453,0</coordinates></Point>
      </Placemark>
      <Placemark>
        <name>Greedy Cow</name>
        <description>Energy: 37</description>
        <styleUrl>#greedyCowStyle</styleUrl>
        <Point><coordinates>-110.91412583361716,32.22510940264247,0</coordinates></Point>
      </Placemark>
      <Placemark>
        <name>Greedy Cow</name>
        <description>Energy: 32</description>
        <styleUrl>#greedyCowStyle</styleUrl>
        <Point><coordinates>-110.9132720327138,32.234158063381145,0</coordinates></Point>
      </Placemark>
      <Placemark>
        <name>Greedy Cow</name>
        <description>Energy: 43</description>
        <styleUrl>#greedyCowStyle</styleUrl>
        <Point><coordinates>-110.94824855110605,32.22011461082639,0</coordinates></Point>
      </Placemark>
      <Placemark>
        <name>Greedy Cow</name>
        <description>Energy: 3</description>
        <styleUrl>#greedyCowStyle</styleUrl>
        <Point><coordinates>-110.92973050195765,32.23429607377542,0</coordinates></Point>
      </Placemark>
      <Placemark>
        <name>Greedy Cow</name>
        <description>Energy: 33</description>
        <styleUrl>#greedyCowStyle</styleUrl>
        <Point><coordinates>-110.98290010948078,32.24677882608182,0</coordinates></Point>
      </Placemark>
      <Placemark>
        <name>Greedy Cow</name>
        <description>Energy: 20</description>
        <styleUrl>#greedyCowStyle</styleUrl>
        <Point><coordinates>-110.91321793197143,32.22310638322335,0</coordinates></Point>
      </Placemark>
      <Placemark>
        <name>Greedy Cow</name>
        <description>Energy: 6</description>
        <styleUrl>#greedyCowStyle</styleUrl>
        <Point><coordinates>-110.9827033206746,32.19197268867868,0</coordinates></Point>
      </Placemark>
      <Placemark>
        <name>Greedy Cow</name>
        <description>Energy: 7</description>
        <styleUrl>#greedyCowStyle</styleUrl>
        <Point><coordinates>-110.9497896357826,32.239071450135675,0</coordinates></Point>
      </Placemark>
      <Placemark>
        <name>Greedy Cow</name>
        <description>Energy: 18</description>
        <styleUrl>#greedyCowStyle</styleUrl>
        <Point><coordinates>-110.9632787834512,32.22106480800943,0</coordinates></Point>
      </Placemark>
      <Placemark>
        <name>Greedy Cow</name>
        <description>Energy: 18</description>
        <styleUrl>#greedyCowStyle</styleUrl>
        <Point><coordinates>-110.9634695788171,32.24936970628005,0</coordinates></Point>
      </Placemark>
      <Placemark>
        <name>Greedy Cow</name>
        <description>Energy: 38</description>
        <styleUrl>#greedyCowStyle</styleUrl>
        <Point><coordinates>-110.98275091538213,32.23494729353784,0</coordinates></Point>
      </Placemark>
      <Placemark>
        <name>Greedy Cow</name>
        <description>Energy: 19</description>
        <styleUrl>#greedyCowStyle</styleUrl>
        <Point><coordinates>-110.99170061993244,32.22096987307466,0</coordinates></Point>
      </Placemark>
      <Placemark>
        <name>Greedy Cow</name>
        <description>Energy: 31</description>
        <styleUrl>#greedyCowStyle</styleUrl>
        <Point><coordinates>-110.99047649816909,32.239586941116336,0</coordinates></Point>
      </Placemark>
      <Placemark>
        <name>Greedy Cow</name>
        <description>Energy: 16</description>
        <styleUrl>#greedyCowStyle</styleUrl>
        <Point><coordinates>-110.97032134920683,32.24362147270855,0</coordinates></Point>
      </Placemark>
      <Placemark>
        <name>Greedy Cow</name>
        <description>Energy: 7</description>
        <styleUrl>#greedyCowStyle</styleUrl>
        <Point><coordinates>-110.93742438401911,32.24761219407506,0</coordinates></Point>
      </Placemark>
      <Placemark>
        <name>Greedy Cow</name>
        <description>Energy: 6</description>
        <styleUrl>#greedyCowStyle</styleUrl>
        <Point><coordinates>-110.98207730729862,32.214522536353684,0</coordinates></Point>
      </Placemark>
      <Placemark>
        <name>Greedy Cow</name>
        <description>Energy: 16</description>
        <styleUrl>#greedyCowStyle</styleUrl>
        <Point><coordinates>-110.99043692653808,32.2008159761927,0</coordinates></Point>
      </Placemark>
      <Placemark>
        <name>Greedy Cow</name>
        <description>Energy: 24</description>
        <styleUrl>#greedyCowStyle</styleUrl>
        <Point><coordinates>-110.95807257807807,32.24008741649165,0</coordinates></Point>
      </Placemark>
      <Placemark>
        <name>Greedy Cow</name>
        <description>Energy: 15</description>
        <styleUrl>#greedyCowStyle</styleUrl>
        <Point><coordinates>-110.92920948217045,32.19297753141278,0</coordinates></Point>
      </Placemark>
      <Placemark>
        <name>Greedy Cow</name>
        <description>Energy: 6</description>
        <styleUrl>#greedyCowStyle</styleUrl>
        <Point><coordinates>-110.93509019092092,32.23849858263183,0</coordinates></Point>
      </Placemark>
      <Placemark>
        <name>Greedy Cow</name>
        <description>Energy: 17</description>
        <styleUrl>#greedyCowStyle</styleUrl>
        <Point><coordinates>-110.97962229979656,32.235568362685704,0</coordinates></Point>
      </Placemark>
      <Placemark>
        <name>Greedy Cow</name>
        <description>Energy: 46</description>
        <styleUrl>#greedyCowStyle</styleUrl>
        <Point><coordinates>-110.97860488907101,32.23084463498995,0</coordinates></Point>
      </Placemark>
      <Placemark>
        <name>Greedy Cow</name>
        <description>Energy: 21</description>
        <styleUrl>#greedyCowStyle</styleUrl>
        <Point><coordinates>-110.93649087336365,32.23029807690441,0</coordinates></Point>
      </Placemark>
      <Placemark>
        <name>Greedy Cow</name>
        <description>Energy: 6</description>
        <styleUrl>#greedyCowStyle</styleUrl>
        <Point><coordinates>-110.96056806744099,32.19786096729484,0</coordinates></Point>
      </Placemark>
      <Placemark>
        <name>Greedy Cow</name>
        <description>Energy: 34</description>
        <styleUrl>#greedyCowStyle</styleUrl>
        <Point><coordinates>-110.97682098858697,32.19,0</coordinates></Point>
      </Placemark>
      <Placemark>
        <name>Greedy Cow</name>
        <description>Energy: 0</description>
        <styleUrl>#greedyCowStyle</styleUrl>
        <Point><coordinates>-110.90290581650962,32.21136838852587,0</coordinates></Point>
      </Placemark>
      <Placemark>
        <name>Greedy Cow</name>
        <description>Energy: 5</description>
        <styleUrl>#greedyCowStyle</styleUrl>
        <Point><coordinates>-110.95558933604134,32.23023923929174,0</coordinates></Point>
      </Placemark>
      <Placemark>
        <name>Greedy Cow</name>
        <description>Energy: 16</description>
        <styleUrl>#greedyCowStyle</styleUrl>
        <Point><coordinates>-110.92425054670053,32.19216777121,0</coordinates></Point>
      </Placemark>
      <Placemark>
        <name>Greedy Cow</name>
        <description>Energy: 26</description>
        <styleUrl>#greedyCowStyle</styleUrl>
        <Point><coordinates>-110.90288217623511,32.19832360553904,0</coordinates></Point>
      </Placemark>
      <Placemark>
        <name>Greedy Cow</name>
        <description>Energy: 47</description>
        <styleUrl>#greedyCowStyle</styleUrl>
        <Point><coordinates>-110.90473766347104,32.2219325420217,0</coordinates></Point>
      </Placemark>
      <Placemark>
        <name>Greedy Cow</name>
        <description>Energy: 3</description>
        <styleUrl>#greedyCowStyle</styleUrl>
        <Point><coordinates>-110.92908085041991,32.24751991719629,0</coordinates></Point>
      </Placemark>
      <Placemark>
        <name>Greedy Cow</name>
        <description>Energy: 0</description>
        <styleUrl>#greedyCowStyle</styleUrl>
        <Point><coordinates>-110.96013770059768,32.22380320679033,0</coordinates></Point>
      </Placemark>
      <Placemark>
        <name>Greedy Cow</name>
        <description>Energy: 15</description>
        <styleUrl>#greedyCowStyle</styleUrl>
        <Point><coordinates>-110.96718898901692,32.19915438089758,0</coordinates></Point>
      </Placemark>
      <Placemark>
        <name>Greedy Cow</name>
        <description>Energy: 22</description>
        <styleUrl>#greedyCowStyle</styleUrl>
        <Point><coordinates>-110.91873436161795,32.193950260896244,0</coordinates></Point>
      </Placemark>
      <Placemark>
        <name>Greedy Cow</name>
        <description>Energy: 24</description>
        <styleUrl>#greedyCowStyle</styleUrl>
        <Point><coordinates>-110.9578650748346,32.24924356694019,0</coordinates></Point>
      </Placemark>
      <Placemark>
        <name>Greedy Cow</name>
        <description>Energy: 39</description>
        <styleUrl>#greedyCowStyle</styleUrl>
        <Point><coordinates>-110.97039841431133,32.22686313722057,0</coordinates></Point>
      </Placemark>
      <Placemark>
        <name>Greedy Cow</name>
        <description>Energy: 9</description>
        <styleUrl>#greedyCowStyle</styleUrl>
        <Point><coordinates>-110.95325459659585,32.23522453617679,0</coordinates></Point>
      </Placemark>
      <Placemark>
        <name>Greedy Cow</name>
        <description>Energy: 14</description>
        <styleUrl>#greedyCowStyle</styleUrl>
        <Point><coordinates>-110.9,32.208454669331864,0</coordinates></Point>
      </Placemark>
      <Placemark>
        <name>Greedy Cow</name>
        <description>Energy: 6</description>
        <styleUrl>#greedyCowStyle</styleUrl>
        <Point><coordinates>-110.99091271934655,32.248945799876914,0</coordinates></Point>
      </Placemark>
      <Placemark>
        <name>Greedy Cow</name>
        <description>Energy: 26</description>
        <styleUrl>#greedyCowStyle</styleUrl>
        <Point><coordinates>-110.90124298186916,32.20171500919543,0</coordinates></Point>
      </Placemark>
      <Placemark>
        <name>Greedy Cow</name>
        <description>Energy: 32</description>
        <styleUrl>#greedyCowStyle</styleUrl>
        <Point><coordinates>-110.98439440191373,32.21829173657703,0</coordinates></Point>
      </Placemark>
      <Placemark>
        <name>Greedy Cow</name>
        <description>Energy: 22</description>
        <styleUrl>#greedyCowStyle</styleUrl>
        <Point><coordinates>-110.91167624253109,32.24293329149261,0</coordinates></Point>
      </Placemark>
      <Placemark>
        <name>Greedy Cow</name>
        <description>Energy: 22</description>
        <styleUrl>#greedyCowStyle</styleUrl>
        <Point><coordinates>-110.91663333060347,32.243474960450655,0</coordinates></Point>
      </Placemark>
      <Placemark>
        <name>Greedy Cow</name>
        <description>Energy: 2</description>
        <styleUrl>#greedyCowStyle</styleUrl>
        <Point><coordinates>-110.97903522920103,32.22628137222851,0</coordinates></Point>
      </Placemark>
      <Placemark>
        <name>Greedy Cow</name>
        <description>Energy: 8</description>
        <styleUrl>#greedyCowStyle</styleUrl>
        <Point><coordinates>-110.97775926189848,32.21752111387397,0</coordinates></Point>
      </Placemark>
      <Placemark>
        <name>Greedy Cow</name>
        <description>Energy: 28</description>
        <styleUrl>#greedyCowStyle</styleUrl>
        <Point><coordinates>-110.96425278779206,32.205989524816815,0</coordinates></Point>
      </Placemark>
      <Placemark>
        <name>Greedy Cow</name>
        <description>Energy: 9</description>
        <styleUrl>#greedyCowStyle</styleUrl>
        <Point><coordinates>-110.94485250225009,32.22853180323879,0</coordinates></Point>
      </Placemark>
      <Placemark>
        <name>Greedy Cow</name>
        <description>Energy: 32</description>
        <styleUrl>#greedyCowStyle</styleUrl>
        <Point><coordinates>-110.91963202294225,32.231853458143966,0</coordinates></Point>
      </Placemark>
      <Placemark>
        <name>Greedy Cow</name>
        <description>Energy: 27</description>
        <styleUrl>#greedyCowStyle</styleUrl>
        <Point><coordinates>-111.0,32.21540656603128,0</coordinates></Point>
      </Placemark>
      <Placemark>
        <name>Greedy Cow</name>
        <description>Energy: 13</description>
        <styleUrl>#greedyCowStyle</styleUrl>
        <Point><coordinates>-110.98302022834032,32.24579972684157,0</coordinates></Point>
      </Placemark>
      <Placemark>
        <name>Greedy Cow</name>
        <description>Energy: 18</description>
        <styleUrl>#greedyCowStyle</styleUrl>
        <Point><coordinates>-110.91636630184931,32.20407878680647,0</coordinates></Point>
      </Placemark>
      <Placemark>
        <name>Greedy Cow</name>
        <description>Energy: 4</description>
        <styleUrl>#greedyCowStyle</styleUrl>
        <Point><coordinates>-111.0,32.196176627536026,0</coordinates></Point>
      </Placemark>
      <Placemark>
        <name>Greedy Cow</name>
        <description>Energy: 31</description>
        <styleUrl>#greedyCowStyle</styleUrl>
        <Point><coordinates>-110.99264073581976,32.21644924912888,0</coordinates></Point>
      </Placemark>
      <Placemark>
        <name>Greedy Cow</name>
        <description>Energy: 1</description>
        <styleUrl>#greedyCowStyle</styleUrl>
        <Point><coordinates>-110.99187279191626,32.2467081929883,0</coordinates></Point>
      </Placemark>
      <Placemark>
        <name>Greedy Cow</name>
        <description>Energy: 6</description>
        <styleUrl>#greedyCowStyle</styleUrl>
        <Point><coordinates>-110.97118122362583,32.22425259505265,0</coordinates></Point>
      </Placemark>
      <Placemark>
        <name>Greedy Cow</name>
        <description>Energy: 11</description>
        <styleUrl>#greedyCowStyle</styleUrl>
        <Point><coordinates>-110.96556176941375,32.220049046019575,0</coordinates></Point>
      </Placemark>
      <Placemark>
        <name>Greedy Cow</name>
        <description>Energy: 7</description>
        <styleUrl>#greedyCowStyle</styleUrl>
        <Point><coordinates>-110.97597361498164,32.23238994063513,0</coordinates></Point>
      </Placemark>
      <Placemark>
        <name>Greedy Cow</name>
        <description>Energy: 7</description>
        <styleUrl>#greedyCowStyle</styleUrl>
        <Point><coordinates>-110.93215363693113,32.24324758606162,0</coordinates></Point>
      </Placemark>
      <Placemark>
        <name>Greedy Cow</name>
        <description>Energy: 33</description>
        <styleUrl>#greedyCowStyle</styleUrl>
        <Point><coordinates>-110.99360092051425,32.22030550281141,0</coordinates></Point>
      </Placemark>
      <Placemark>
        <name>Greedy Cow</name>
        <description>Energy: 18</description>
        <styleUrl>#greedyCowStyle</styleUrl>
        <Point><coordinates>-110.91721430480638,32.23353688588811,0</coordinates></Point>
      </Placemark>
      <Placemark>
        <name>Greedy Cow</name>
        <description>Energy: 18</description>
        <styleUrl>#greedyCowStyle</styleUrl>
        <Point><coordinates>-110.94210283481604,32.21866746241941,0</coordinates></Point>
      </Placemark>
      <Placemark>
        <name>Greedy Cow</name>
        <description>Energy: 9</description>
        <styleUrl>#greedyCowStyle</styleUrl>
        <Point><coordinates>-110.9591754555331,32.223628272433245,0</coordinates></Point>
      </Placemark>
      <Placemark>
        <name>Greedy Cow</name>
        <description>Energy: 44</description>
        <styleUrl>#greedyCowStyle</styleUrl>
        <Point><coordinates>-110.99261590945339,32.249206806832056,0</coordinates></Point>
      </Placemark>
      <Placemark>
        <name>Greedy Cow</name>
        <description>Energy: 9</description>
        <styleUrl>#greedyCowStyle</styleUrl>
        <Point><coordinates>-110.91088047446225,32.20028616222705,0</coordinates></Point>
      </Placemark>
      <Placemark>
        <name>Greedy Cow</name>
        <description>Energy: 5</description>
        <styleUrl>#greedyCowStyle</styleUrl>
        <Point><coordinates>-110.99913590616873,32.19,0</coordinates></Point>
      </Placemark>
      <Placemark>
        <name>Greedy Cow</name>
        <description>Energy: 21</description>
        <styleUrl>#greedyCowStyle</styleUrl>
        <Point><coordinates>-110.90027562954324,32.20826106121583,0</coordinates></Point>
      </Placemark>
      <Placemark>
        <name>Greedy Cow</name>
        <description>Energy: 26</description>
        <styleUrl>#greedyCowStyle</styleUrl>
        <Point><coordinates>-110.9689785196589,32.247146762692054,0</coordinates></Point>
      </Placemark>
      <Placemark>
        <name>Greedy Cow</name>
        <description>Energy: 41</description>
        <styleUrl>#greedyCowStyle</styleUrl>
        <Point><coordinates>-111.0,32.20941111993243,0</coordinates></Point>
      </Placemark>
      <Placemark>
        <name>Greedy Cow</name>
        <description>Energy: 12</description>
        <styleUrl>#greedyCowStyle</styleUrl>
        <Point><coordinates>-110.93517306879396,32.21944044747091,0</coordinates></Point>
      </Placemark>
      <Placemark>
        <name>Greedy Cow</name>
        <description>Energy: 7</description>
        <styleUrl>#greedyCowStyle</styleUrl>
        <Point><coordinates>-110.97865251591315,32.24338836991908,0</coordinates></Point>
      </Placemark>
      <Placemark>
        <name>Greedy Cow</name>
        <description>Energy: 22</description>
        <styleUrl>#greedyCowStyle</styleUrl>
        <Point><coordinates>-110.90840444112607,32.19,0</coordinates></Point>
      </Placemark>
      <Placemark>
        <name>Greedy Cow</name>
        <description>Energy: 3</description>
        <styleUrl>#greedyCowStyle</styleUrl>
        <Point><coordinates>-110.93910637848448,32.22177220366975,0</coordinates></Point>
      </Placemark>
      <Placemark>
        <name>Greedy Cow</name>
        <description>Energy: 9</description>
        <styleUrl>#greedyCowStyle</styleUrl>
        <Point><coordinates>-110.98804533156049,32.219810368409185,0</coordinates></Point>
      </Placemark>
      <Placemark>
        <name>Greedy Cow</name>
        <description>Energy: 44</description>
        <styleUrl>#greedyCowStyle</styleUrl>
        <Point><coordinates>-110.99264815690093,32.23287979341558,0</coordinates></Point>
      </Placemark>
      <Placemark>
        <name>Greedy Cow</name>
        <description>Energy: 4</description>
        <styleUrl>#greedyCowStyle</styleUrl>
        <Point><coordinates>-110.98702106288314,32.22460094840502,0</coordinates></Point>
      </Placemark>
      <Placemark>
        <name>Greedy Cow</name>
        <description>Energy: 27</description>
        <styleUrl>#greedyCowStyle</styleUrl>
        <Point><coordinates>-110.99612285112809,32.234221222243406,0</coordinates></Point>
      </Placemark>
      <Placemark>
        <name>Greedy Cow</name>
        <description>Energy: 23</description>
        <styleUrl>#greedyCowStyle</styleUrl>
        <Point><coordinates>-110.90308034757051,32.22994640648647,0</coordinates></Point>
      </Placemark>
      <Placemark>
        <name>Greedy Cow</name>
        <description>Energy: 13</description>
        <styleUrl>#greedyCowStyle</styleUrl>
        <Point><coordinates>-110.99425696644074,32.25,0</coordinates></Point>
      </Placemark>
      <Placemark>
        <name>Greedy Cow</name>
        <description>Energy: 4</description>
        <styleUrl>#greedyCowStyle</styleUrl>
        <Point><coordinates>-110.97567626055118,32.20934368057341,0</coordinates></Point>
      </Placemark>
      <Placemark>
        <name>Greedy Cow</name>
        <description>Energy: 30</description>
        <styleUrl>#greedyCowStyle</styleUrl>
        <Point><coordinates>-110.9760056796769,32.2375846174859,0</coordinates></Point>
      </Placemark>
      <Placemark>
        <name>Greedy Cow</name>
        <description>Energy: 10</description>
        <styleUrl>#greedyCowStyle</styleUrl>
        <Point><coordinates>-110.98503362784164,32.230665726096184,0</coordinates></Point>
      </Placemark>
      <Placemark>
        <name>Greedy Cow</name>
        <description>Energy: 6</description>
        <styleUrl>#greedyCowStyle</styleUrl>
        <Point><coordinates>-110.96417042690307,32.22097492502254,0</coordinates></Point>
      </Placemark>
      <Placemark>
        <name>Greedy Cow</name>
        <description>Energy: 1</description>
        <styleUrl>#greedyCowStyle</styleUrl>
        <Point><coordinates>-110.94419911226503,32.21851288889325,0</coordinates></Point>
      </Placemark>
      <Placemark>
        <name>Greedy Cow</name>
        <description>Energy: 17</description>
        <styleUrl>#greedyCowStyle</styleUrl>
        <Point><coordinates>-110.95887774819536,32.19587938051145,0</coordinates></Point>
      </Placemark>
      <Placemark>
        <name>Greedy Cow</name>
        <description>Energy: 12</description>
        <styleUrl>#greedyCowStyle</styleUrl>
        <Point><coordinates>-110.91860344698027,32.24172909877005,0</coordinates></Point>
      </Placemark>
      <Placemark>
        <name>Greedy Cow</name>
        <description>Energy: 7</description>
        <styleUrl>#greedyCowStyle</styleUrl>
        <Point><coordinates>-110.93631187833988,32.20493839437122,0</coordinates></Point>
      </Placemark>
      <Placemark>
        <name>Greedy Cow</name>
        <description>Energy: 17</description>
        <styleUrl>#greedyCowStyle</styleUrl>
        <Point><coordinates>-110.90608037711954,32.19185704860645,0</coordinates></Point>
      </Placemark>
      <Placemark>
        <name>Greedy Cow</name>
        <description>Energy: 23</description>
        <styleUrl>#greedyCowStyle</styleUrl>
        <Point><coordinates>-110.9,32.242554688142214,0</coordinates></Point>
      </Placemark>
      <Placemark>
        <name>Greedy Cow</name>
        <description>Energy: 14</description>
        <styleUrl>#greedyCowStyle</styleUrl>
        <Point><coordinates>-111.0,32.23932481271218,0</coordinates></Point>
      </Placemark>
      <Placemark>
        <name>Greedy Cow</name>
        <description>Energy: 26</description>
        <styleUrl>#greedyCowStyle</styleUrl>
        <Point><coordinates>-110.91568832332682,32.208452133610976,0</coordinates></Point>
      </Placemark>
      <Placemark>
        <name>Greedy Cow</name>
        <description>Energy: 1</description>
        <styleUrl>#greedyCowStyle</styleUrl>
        <Point><coordinates>-110.9827612726079,32.19,0</coordinates></Point>
      </Placemark>
      <Placemark>
        <name>Greedy Cow</name>
        <description>Energy: 11</description>
        <styleUrl>#greedyCowStyle</styleUrl>
        <Point><coordinates>-110.98703267854553,32.24737182820214,0</coordinates></Point>
      </Placemark>
      <Placemark>
        <name>Greedy Cow</name>
        <description>Energy: 23</description>
        <styleUrl>#greedyCowStyle</styleUrl>
        <Point><coordinates>-110.94710020113826,32.238095367178346,0</coordinates></Point>
      </Placemark>
      <Placemark>
        <name>Greedy Cow</name>
        <description>Energy: 33</description>
        <styleUrl>#greedyCowStyle</styleUrl>
        <Point><coordinates>-110.90099202174625,32.21143603462278,0</coordinates></Point>
      </Placemark>
      <Placemark>
        <name>Greedy Cow</name>
        <description>Energy: 24</description>
        <styleUrl>#greedyCowStyle</styleUrl>
        <Point><coordinates>-111.0,32.24063790108107,0</coordinates></Point>
      </Placemark>
      <Placemark>
        <name>Greedy Cow</name>
        <description>Energy: 14</description>
        <styleUrl>#greedyCowStyle</styleUrl>
        <Point><coordinates>-110.90953249220502,32.249993920179634,0</coordinates></Point>
      </Placemark>
      <Placemark>
        <name>Greedy Cow</name>
        <description>Energy: 10</description>
        <styleUrl>#greedyCowStyle</styleUrl>
        <Point><coordinates>-110.91975706196268,32.23572395747665,0</coordinates></Point>
      </Placemark>
      <Placemark>
        <name>Greedy Cow</name>
        <description>Energy: 10</description>
        <styleUrl>#greedyCowStyle</styleUrl>
        <Point><coordinates>-110.98000591109549,32.198132546382745,0</coordinates></Point>
      </Placemark>
      <Placemark>
        <name>Greedy Cow</name>
        <description>Energy: 16</description>
        <styleUrl>#greedyCowStyle</styleUrl>
        <Point><coordinates>-110.92178764582376,32.2278499060622,0</coordinates></Point>
      </Placemark>
      <Placemark>
        <name>Greedy Cow</name>
        <description>Energy: 6</description>
        <styleUrl>#greedyCowStyle</styleUrl>
        <Point><coordinates>-110.9503898525654,32.21381119016385,0</coordinates></Point>
      </Placemark>
      <Placemark>
        <name>Greedy Cow</name>
        <description>Energy: 22</description>
        <styleUrl>#greedyCowStyle</styleUrl>
        <Point><coordinates>-110.90393532538023,32.21074833843847,0</coordinates></Point>
      </Placemark>
      <Placemark>
        <name>Greedy Cow</name>
        <description>Energy: 7</description>
        <styleUrl>#greedyCowStyle</styleUrl>
        <Point><coordinates>-110.92277127730605,32.20759350992335,0</coordinates></Point>
      </Placemark>
      <Placemark>
        <name>Greedy Cow</name>
        <description>Energy: 7</description>
        <styleUrl>#greedyCowStyle</styleUrl>
        <Point><coordinates>-110.96655763106733,32.20509448465976,0</coordinates></Point>
      </Placemark>
      <Placemark>
        <name>Greedy Cow</name>
        <description>Energy: 2</description>
        <styleUrl>#greedyCowStyle</styleUrl>
        <Point><coordinates>-110.914535367633,32.20634707141931,0</coordinates></Point>
      </Placemark>
      <Placemark>
        <name>Greedy Cow</name>
        <description>Energy: 2</description>
        <styleUrl>#greedyCowStyle</styleUrl>
        <Point><coordinates>-110.99013564170951,32.21180503511789,0</coordinates></Point>
      </Placemark>
      <Placemark>
        <name>Greedy Cow</name>
        <description>Energy: 12</description>
        <styleUrl>#greedyCowStyle</styleUrl>
        <Point><coordinates>-110.95911501870134,32.20989734348769,0</coordinates></Point>
      </Placemark>
      <Placemark>
        <name>Greedy Cow</name>
        <description>Energy: 8</description>
        <styleUrl>#greedyCowStyle</styleUrl>
        <Point><coordinates>-110.90354635945147,32.21057246403091,0</coordinates></Point>
      </Placemark>
      <Placemark>
        <name>Greedy Cow</name>
        <description>Energy: 13</description>
        <styleUrl>#greedyCowStyle</styleUrl>
        <Point><coordinates>-110.9047403717086,32.19510094163378,0</coordinates></Point>
      </Placemark>
      <Placemark>
        <name>Greedy Cow</name>
        <description>Energy: 9</description>
        <styleUrl>#greedyCowStyle</styleUrl>
        <Point><coordinates>-110.9596463549695,32.25,0</coordinates></Point>
      </Placemark>
      <Placemark>
        <name>Greedy Cow</name>
        <description>Energy: 4</description>
        <styleUrl>#greedyCowStyle</styleUrl>
        <Point><coordinates>-110.94736208811159,32.21642274542347,0</coordinates></Point>
      </Placemark>
      <Placemark>
        <name>Greedy Cow</name>
        <description>Energy: 24</description>
        <styleUrl>#greedyCowStyle</styleUrl>
        <Point><coordinates>-110.94205788394821,32.198680408825574,0</coordinates></Point>
      </Placemark>
      <Placemark>
        <name>Greedy Cow</name>
        <description>Energy: 4</description>
        <styleUrl>#greedyCowStyle</styleUrl>
        <Point><coordinates>-110.98868767616476,32.232876209880594,0</coordinates></Point>
      </Placemark>
      <Placemark>
        <name>Greedy Cow</name>
        <description>Energy: 5</description>
        <styleUrl>#greedyCowStyle</styleUrl>
        <Point><coordinates>-110.9779341377047,32.20463289196054,0</coordinates></Point>
      </Placemark>
      <Placemark>
        <name>Greedy Cow</name>
        <description>Energy: 20</description>
        <styleUrl>#greedyCowStyle</styleUrl>
        <Point><coordinates>-110.94138424650573,32.19293491148563,0</coordinates></Point>
      </Placemark>
      <Placemark>
        <name>Greedy Cow</name>
        <description>Energy: 11</description>
        <styleUrl>#greedyCowStyle</styleUrl>
        <Point><coordinates>-110.91487788612133,32.22180096881175,0</coordinates></Point>
      </Placemark>
      <Placemark>
        <name>Greedy Cow</name>
        <description>Energy: 12</description>
        <styleUrl>#greedyCowStyle</styleUrl>
        <Point><coordinates>-110.96024039789164,32.225806832548265,0</coordinates></Point>
      </Placemark>
      <Placemark>
        <name>Greedy Cow</name>
        <description>Energy: 17</description>
        <styleUrl>#greedyCowStyle</styleUrl>
        <Point><coordinates>-110.93869290889309,32.22371335908688,0</coordinates></Point>
      </Placemark>
      <Placemark>
        <name>Greedy Cow</name>
        <description>Energy: 17</description>
        <styleUrl>#greedyCowStyle</styleUrl>
        <Point><coordinates>-110.90942546798523,32.24307461337946,0</coordinates></Point>
      </Placemark>
      <Placemark>
        <name>Greedy Cow</name>
        <description>Energy: 13</description>
        <styleUrl>#greedyCowStyle</styleUrl>
        <Point><coordinates>-110.95030818526072,32.191268854955084,0</coordinates></Point>
      </Placemark>
      <Placemark>
        <name>Greedy Cow</name>
        <description>Energy: 13</description>
        <styleUrl>#greedyCowStyle</styleUrl>
        <Point><coordinates>-110.97597888109128,32.23456666254759,0</coordinates></Point>
      </Placemark>
      <Placemark>
        <name>Greedy Cow</name>
        <description>Energy: 8</description>
        <styleUrl>#greedyCowStyle</styleUrl>
        <Point><coordinates>-110.98489039831637,32.224962892029254,0</coordinates></Point>
      </Placemark>
      <Placemark>
        <name>Greedy Cow</name>
        <description>Energy: 9</description>
        <styleUrl>#greedyCowStyle</styleUrl>
        <Point><coordinates>-110.90082754048379,32.191412672391166,0</coordinates></Point>
      </Placemark>
      <Placemark>
        <name>Greedy Cow</name>
        <description>Energy: 30</description>
        <styleUrl>#greedyCowStyle</styleUrl>
        <Point><coordinates>-110.99750738342334,32.21587510670897,0</coordinates></Point>
      </Placemark>
      <Placemark>
        <name>Greedy Cow</name>
        <description>Energy: 6</description>
        <styleUrl>#greedyCowStyle</styleUrl>
        <Point><coordinates>-111.0,32.207187051002684,0</coordinates></Point>
      </Placemark>
      <Placemark>
        <name>Greedy Cow</name>
        <description>Energy: 6</description>
        <styleUrl>#greedyCowStyle</styleUrl>
        <Point><coordinates>-110.9481747717382,32.23493032637921,0</coordinates></Point>
      </Placemark>
      <Placemark>
        <name>Greedy Cow</name>
        <description>Energy: 11</description>
        <styleUrl>#greedyCowStyle</styleUrl>
        <Point><coordinates>-110.99088530629213,32.241648510441806,0</coordinates></Point>
      </Placemark>
      <Placemark>
        <name>Greedy Cow</name>
        <description>Energy: 11</description>
        <styleUrl>#greedyCowStyle</styleUrl>
        <Point><coordinates>-110.9204213457519,32.19911382244919,0</coordinates></Point>
      </Placemark>
      <Placemark>
        <name>Greedy Cow</name>
        <description>Energy: 16</description>
        <styleUrl>#greedyCowStyle</styleUrl>
        <Point><coordinates>-110.93070644893699,32.2029557423283,0</coordinates></Point>
      </Placemark>
      <Placemark>
        <name>Greedy Cow</name>
        <description>Energy: 6</description>
        <styleUrl>#greedyCowStyle</styleUrl>
        <Point><coordinates>-111.0,32.24653023423253,0</coordinates></Point>
      </Placemark>
      <Placemark>
        <name>Greedy Cow</name>
        <description>Energy: 16</description>
        <styleUrl>#greedyCowStyle</styleUrl>
        <Point><coordinates>-110.93155463174924,32.208842991234896,0</coordinates></Point>
      </Placemark>
      <Placemark>
        <name>Greedy Cow</name>
        <description>Energy: 16</description>
        <styleUrl>#greedyCowStyle</styleUrl>
        <Point><coordinates>-110.97083546123552,32.19228175649185,0</coordinates></Point>
      </Placemark>
      <Placemark>
        <name>Greedy Cow</name>
        <description>Energy: 12</description>
        <styleUrl>#greedyCowStyle</styleUrl>
        <Point><coordinates>-110.90498744618716,32.217122976516755,0</coordinates></Point>
      </Placemark>
      <Placemark>
        <name>Greedy Cow</name>
        <description>Energy: 2</description>
        <styleUrl>#greedyCowStyle</styleUrl>
        <Point><coordinates>-110.91168818708083,32.23165420158033,0</coordinates></Point>
      </Placemark>
      <Placemark>
        <name>Greedy Cow</name>
        <description>Energy: 17</description>
        <styleUrl>#greedyCowStyle</styleUrl>
        <Point><coordinates>-110.97935520242741,32.23288872524757,0</coordinates></Point>
      </Placemark>
      <Placemark>
        <name>Greedy Cow</name>
        <description>Energy: 12</description>
        <styleUrl>#greedyCowStyle</styleUrl>
        <Point><coordinates>-110.97798813208126,32.23201739540908,0</coordinates></Point>
      </Placemark>
      <Placemark>
        <name>Greedy Cow</name>
        <description>Energy: 7</description>
        <styleUrl>#greedyCowStyle</styleUrl>
        <Point><coordinates>-110.99916353847829,32.23811819027938,0</coordinates></Point>
      </Placemark>
      <Placemark>
        <name>Greedy Cow</name>
        <description>Energy: 7</description>
        <styleUrl>#greedyCowStyle</styleUrl>
        <Point><coordinates>-110.98867539685928,32.201976338358584,0</coordinates></Point>
      </Placemark>
      <Placemark>
        <name>Greedy Cow</name>
        <description>Energy: 8</description>
        <styleUrl>#greedyCowStyle</styleUrl>
        <Point><coordinates>-110.99430307238879,32.204578660230965,0</coordinates></Point>
      </Placemark>
      <Placemark>
        <name>Greedy Cow</name>
        <description>Energy: 8</description>
        <styleUrl>#greedyCowStyle</styleUrl>
        <Point><coordinates>-110.90526356018538,32.20537095427457,0</coordinates></Point>
      </Placemark>
      <Placemark>
        <name>Greedy Cow</name>
        <description>Energy: 19</description>
        <styleUrl>#greedyCowStyle</styleUrl>
        <Point><coordinates>-110.92806914546175,32.217935936706844,0</coordinates></Point>
      </Placemark>
      <Placemark>
        <name>Greedy Cow</name>
        <description>Energy: 9</description>
        <styleUrl>#greedyCowStyle</styleUrl>
        <Point><coordinates>-110.90994280643075,32.19871959474853,0</coordinates></Point>
      </Placemark>
      <Placemark>
        <name>Greedy Cow</name>
        <description>Energy: 4</description>
        <styleUrl>#greedyCowStyle</styleUrl>
        <Point><coordinates>-110.98362257802142,32.2057476509101,0</coordinates></Point>
      </Placemark>
      <Placemark>
        <name>Greedy Cow</name>
        <description>Energy: 9</description>
        <styleUrl>#greedyCowStyle</styleUrl>
        <Point><coordinates>-110.92150824745775,32.202136195186306,0</coordinates></Point>
      </Placemark>
      <Placemark>
        <name>Greedy Cow</name>
        <description>Energy: 14</description>
        <styleUrl>#greedyCowStyle</styleUrl>
        <Point><coordinates>-110.90552365480241,32.22776763419038,0</coordinates></Point>
      </Placemark>
      <Placemark>
        <name>Greedy Cow</name>
        <description>Energy: 14</description>
        <styleUrl>#greedyCowStyle</styleUrl>
        <Point><coordinates>-110.91240118591787,32.20237946212904,0</coordinates></Point>
      </Placemark>
      <Placemark>
        <name>Greedy Cow</name>
        <description>Energy: 14</description>
        <styleUrl>#greedyCowStyle</styleUrl>
        <Point><coordinates>-110.9826169371779,32.196262938303704,0</coordinates></Point>
      </Placemark>
      <Placemark>
        <name>Greedy Cow</name>
        <description>Energy: 9</description>
        <styleUrl>#greedyCowStyle</styleUrl>
        <Point><coordinates>-110.92097529117669,32.19099395511802,0</coordinates></Point>
      </Placemark>
      <Placemark>
        <name>Greedy Cow</name>
        <description>Energy: 4</description>
        <styleUrl>#greedyCowStyle</styleUrl>
        <Point><coordinates>-110.90619660566406,32.234913881301864,0</coordinates></Point>
      </Placemark>
      <Placemark>
        <name>Greedy Cow</name>
        <description>Energy: 10</description>
        <styleUrl>#greedyCowStyle</styleUrl>
        <Point><coordinates>-110.9208088771303,32.24582924101396,0</coordinates></Point>
      </Placemark>
      <Placemark>
        <name>Greedy Cow</name>
        <description>Energy: 0</description>
        <styleUrl>#greedyCowStyle</styleUrl>
        <Point><coordinates>-110.90918352553837,32.22955324372879,0</coordinates></Point>
      </Placemark>
      <Placemark>
        <name>Greedy Cow</name>
        <description>Energy: 15</description>
        <styleUrl>#greedyCowStyle</styleUrl>
        <Point><coordinates>-110.92610713201779,32.241441566740676,0</coordinates></Point>
      </Placemark>
      <Placemark>
        <name>Greedy Cow</name>
        <description>Energy: 1</description>
        <styleUrl>#greedyCowStyle</styleUrl>
        <Point><coordinates>-110.95241790081644,32.20449701400748,0</coordinates></Point>
      </Placemark>
      <Placemark>
        <name>Greedy Cow</name>
        <description>Energy: 22</description>
        <styleUrl>#greedyCowStyle</styleUrl>
        <Point><coordinates>-110.9988827554054,32.21834643581714,0</coordinates></Point>
      </Placemark>
      <Placemark>
        <name>Greedy Cow</name>
        <description>Energy: 22</description>
        <styleUrl>#greedyCowStyle</styleUrl>
        <Point><coordinates>-110.98004038015532,32.19988746459507,0</coordinates></Point>
      </Placemark>
      <Placemark>
        <name>Greedy Cow</name>
        <description>Energy: 7</description>
        <styleUrl>#greedyCowStyle</styleUrl>
        <Point><coordinates>-110.9015891204342,32.19634799312227,0</coordinates></Point>
      </Placemark>
      <Placemark>
        <name>Greedy Cow</name>
        <description>Energy: 8</description>
        <styleUrl>#greedyCowStyle</styleUrl>
        <Point><coordinates>-110.90469435831817,32.19771281006542,0</coordinates></Point>
      </Placemark>
      <Placemark>
        <name>Greedy Cow</name>
        <description>Energy: 13</description>
        <styleUrl>#greedyCowStyle</styleUrl>
        <Point><coordinates>-110.9074650901374,32.23504811236468,0</coordinates></Point>
      </Placemark>
      <Placemark>
        <name>Greedy Cow</name>
        <description>Energy: 8</description>
        <styleUrl>#greedyCowStyle</styleUrl>
        <Point><coordinates>-110.94802400913807,32.235567886020746,0</coordinates></Point>
      </Placemark>
      <Placemark>
        <name>Greedy Cow</name>
        <description>Energy: 3</description>
        <styleUrl>#greedyCowStyle</styleUrl>
        <Point><coordinates>-110.90233801323231,32.23367432565295,0</coordinates></Point>
      </Placemark>
      <Placemark>
        <name>Greedy Cow</name>
        <description>Energy: 23</description>
        <styleUrl>#greedyCowStyle</styleUrl>
        <Point><coordinates>-110.99971599091987,32.19939817433174,0</coordinates></Point>
      </Placemark>
      <Placemark>
        <name>Greedy Cow</name>
        <description>Energy: 8</description>
        <styleUrl>#greedyCowStyle</styleUrl>
        <Point><coordinates>-110.90625616722586,32.20521425965793,0</coordinates></Point>
      </Placemark>
      <Placemark>
        <name>Greedy Cow</name>
        <description>Energy: 28</description>
        <styleUrl>#greedyCowStyle</styleUrl>
        <Point><coordinates>-110.90725212064308,32.21930520838799,0</coordinates></Point>
      </Placemark>
      <Placemark>
        <name>Greedy Cow</name>
        <description>Energy: 18</description>
        <styleUrl>#greedyCowStyle</styleUrl>
        <Point><coordinates>-110.96864222486805,32.21426170107455,0</coordinates></Point>
      </Placemark>
      <Placemark>
        <name>Greedy Cow</name>
        <description>Energy: 9</description>
        <styleUrl>#greedyCowStyle</styleUrl>
        <Point><coordinates>-110.92133537568415,32.210751057351004,0</coordinates></Point>
      </Placemark>
      <Placemark>
        <name>Greedy Cow</name>
        <description>Energy: 9</description>
        <styleUrl>#greedyCowStyle</styleUrl>
        <Point><coordinates>-110.90830217503932,32.20588122087502,0</coordinates></Point>
      </Placemark>
      <Placemark>
        <name>Greedy Cow</name>
        <description>Energy: 14</description>
        <styleUrl>#greedyCowStyle</styleUrl>
        <Point><coordinates>-110.9278186532507,32.22996615855807,0</coordinates></Point>
      </Placemark>
      <Placemark>
        <name>Greedy Cow</name>
        <description>Energy: 4</description>
        <styleUrl>#greedyCowStyle</styleUrl>
        <Point><coordinates>-110.95249595340661,32.207660205079584,0</coordinates></Point>
      </Placemark>
      <Placemark>
        <name>Greedy Cow</name>
        <description>Energy: 9</description>
        <styleUrl>#greedyCowStyle</styleUrl>
        <Point><coordinates>-110.90921683298234,32.24669470909653,0</coordinates></Point>
      </Placemark>
      <Placemark>
        <name>Greedy Cow</name>
        <description>Energy: 4</description>
        <styleUrl>#greedyCowStyle</styleUrl>
        <Point><coordinates>-110.90515360585249,32.22800157864001,0</coordinates></Point>
      </Placemark>
      <Placemark>
        <name>Greedy Cow</name>
        <description>Energy: 4</description>
        <styleUrl>#greedyCowStyle</styleUrl>
        <Point><coordinates>-110.90933421780203,32.19463306110852,0</coordinates></Point>
      </Placemark>
      <Placemark>
        <name>Greedy Cow</name>
        <description>Energy: 5</description>
        <styleUrl>#greedyCowStyle</styleUrl>
        <Point><coordinates>-110.96973405710258,32.226873628018026,0</coordinates></Point>
      </Placemark>
      <Placemark>
        <name>Greedy Cow</name>
        <description>Energy: 5</description>
        <styleUrl>#greedyCowStyle</styleUrl>
        <Point><coordinates>-110.9059478275402,32.24231749170951,0</coordinates></Point>
      </Placemark>
      <Placemark>
        <name>Greedy Cow</name>
        <description>Energy: 10</description>
        <styleUrl>#greedyCowStyle</styleUrl>
        <Point><coordinates>-110.9032601253122,32.21186494219969,0</coordinates></Point>
      </Placemark>
      <Placemark>
        <name>Greedy Cow</name>
        <description>Energy: 1</description>
        <styleUrl>#greedyCowStyle</styleUrl>
        <Point><coordinates>-110.98176348844922,32.22482820449201,0</coordinates></Point>
      </Placemark>
      <Placemark>
        <name>Greedy Cow</name>
        <description>Energy: 16</description>
        <styleUrl>#greedyCowStyle</styleUrl>
        <Point><coordinates>-110.93111612642133,32.244368343414386,0</coordinates></Point>
      </Placemark>
      <Placemark>
        <name>Greedy Cow</name>
        <description>Energy: 12</description>
        <styleUrl>#greedyCowStyle</styleUrl>
        <Point><coordinates>-110.97192679712896,32.194689696543335,0</coordinates></Point>
      </Placemark>
      <Placemark>
        <name>Greedy Cow</name>
        <description>Energy: 7</description>
        <styleUrl>#greedyCowStyle</styleUrl>
        <Point><coordinates>-110.90871593419182,32.20429011615046,0</coordinates></Point>
      </Placemark>
      <Placemark>
        <name>Greedy Cow</name>
        <description>Energy: 7</description>
        <styleUrl>#greedyCowStyle</styleUrl>
        <Point><coordinates>-110.90899413110358,32.19332676635677,0</coordinates></Point>
      </Placemark>
      <Placemark>
        <name>Greedy Cow</name>
        <description>Energy: 22</description>
        <styleUrl>#greedyCowStyle</styleUrl>
        <Point><coordinates>-110.97301202123722,32.204110863784074,0</coordinates></Point>
      </Placemark>
      <Placemark>
        <name>Greedy Cow</name>
        <description>Energy: 12</description>
        <styleUrl>#greedyCowStyle</styleUrl>
        <Point><coordinates>-110.92322194515673,32.213223133952695,0</coordinates></Point>
      </Placemark>
      <Placemark>
        <name>Greedy Cow</name>
        <description>Energy: 2</description>
        <styleUrl>#greedyCowStyle</styleUrl>
        <Point><coordinates>-110.99151326184534,32.19,0</coordinates></Point>
      </Placemark>
      <Placemark>
        <name>Greedy Cow</name>
        <description>Energy: 2</description>
        <styleUrl>#greedyCowStyle</styleUrl>
        <Point><coordinates>-111.0,32.193790010043095,0</coordinates></Point>
      </Placemark>
      <Placemark>
        <name>Greedy Cow</name>
        <description>Energy: 12</description>
        <styleUrl>#greedyCowStyle</styleUrl>
        <Point><coordinates>-110.95152873530137,32.21648112560222,0</coordinates></Point>
      </Placemark>
      <Placemark>
        <name>Greedy Cow</name>
        <description>Energy: 7</description>
        <styleUrl>#greedyCowStyle</styleUrl>
        <Point><coordinates>-110.90724938191136,32.21004176224504,0</coordinates></Point>
      </Placemark>
      <Placemark>
        <name>Greedy Cow</name>
        <description>Energy: 3</description>
        <styleUrl>#greedyCowStyle</styleUrl>
        <Point><coordinates>-110.94869301205047,32.2473586192048,0</coordinates></Point>
      </Placemark>
      <Placemark>
        <name>Greedy Cow</name>
        <description>Energy: 8</description>
        <styleUrl>#greedyCowStyle</styleUrl>
        <Point><coordinates>-110.97419356043754,32.22299495019505,0</coordinates></Point>
      </Placemark>
      <Placemark>
        <name>Greedy Cow</name>
        <description>Energy: 8</description>
        <styleUrl>#greedyCowStyle</styleUrl>
        <Point><coordinates>-110.9183334389946,32.216683425376324,0</coordinates></Point>
      </Placemark>
      <Placemark>
        <name>Greedy Cow</name>
        <description>Energy: 23</description>
        <styleUrl>#greedyCowStyle</styleUrl>
        <Point><coordinates>-110.99618622640439,32.24478052189957,0</coordinates></Point>
      </Placemark>
      <Placemark>
        <name>Greedy Cow</name>
        <description>Energy: 13</description>
        <styleUrl>#greedyCowStyle</styleUrl>
        <Point><coordinates>-110.96126629471605,32.24061741241516,0</coordinates></Point>
      </Placemark>
      <Placemark>
        <name>Greedy Cow</name>
        <description>Energy: 3</description>
        <styleUrl>#greedyCowStyle</styleUrl>
        <Point><coordinates>-110.99998905615176,32.218305942227296,0</coordinates></Point>
      </Placemark>
      <Placemark>
        <name>Greedy Cow</name>
        <description>Energy: 4</description>
        <styleUrl>#greedyCowStyle</styleUrl>
        <Point><coordinates>-111.0,32.20653727996241,0</coordinates></Point>
      </Placemark>
      <Placemark>
        <name>Greedy Cow</name>
        <description>Energy: 9</description>
        <styleUrl>#greedyCowStyle</styleUrl>
        <Point><coordinates>-110.95742706363578,32.23531347690495,0</coordinates></Point>
      </Placemark>
      <Placemark>
        <name>Greedy Cow</name>
        <description>Energy: 4</description>
        <styleUrl>#greedyCowStyle</styleUrl>
        <Point><coordinates>-110.98915331642756,32.19283517722917,0</coordinates></Point>
      </Placemark>
      <Placemark>
        <name>Greedy Cow</name>
        <description>Energy: 9</description>
        <styleUrl>#greedyCowStyle</styleUrl>
        <Point><coordinates>-110.9990711537355,32.22898261573812,0</coordinates></Point>
      </Placemark>
      <Placemark>
        <name>Greedy Cow</name>
        <description>Energy: 14</description>
        <styleUrl>#greedyCowStyle</styleUrl>
        <Point><coordinates>-110.9111387488765,32.24827104428932,0</coordinates></Point>
      </Placemark>
      <Placemark>
        <name>Greedy Cow</name>
        <description>Energy: 4</description>
        <styleUrl>#greedyCowStyle</styleUrl>
        <Point><coordinates>-110.91474795067683,32.21997066518447,0</coordinates></Point>
      </Placemark>
      <Placemark>
        <name>Greedy Cow</name>
        <description>Energy: 4</description>
        <styleUrl>#greedyCowStyle</styleUrl>
        <Point><coordinates>-110.93467241693182,32.20361285600107,0</coordinates></Point>
      </Placemark>
      <Placemark>
        <name>Greedy Cow</name>
        <description>Energy: 4</description>
        <styleUrl>#greedyCowStyle</styleUrl>
        <Point><coordinates>-110.98463020947332,32.23552662646434,0</coordinates></Point>
      </Placemark>
      <Placemark>
        <name>Greedy Cow</name>
        <description>Energy: 14</description>
        <styleUrl>#greedyCowStyle</styleUrl>
        <Point><coordinates>-110.99222891687903,32.19817870924939,0</coordinates></Point>
      </Placemark>
      <Placemark>
        <name>Greedy Cow</name>
        <description>Energy: 0</description>
        <styleUrl>#greedyCowStyle</styleUrl>
        <Point><coordinates>-110.9658984491336,32.20855165919453,0</coordinates></Point>
      </Placemark>
      <Placemark>
        <name>Greedy Cow</name>
        <description>Energy: 0</description>
        <styleUrl>#greedyCowStyle</styleUrl>
        <Point><coordinates>-110.9723419325998,32.197475560404214,0</coordinates></Point>
      </Placemark>
      <Placemark>
        <name>Greedy Cow</name>
        <description>Energy: 5</description>
        <styleUrl>#greedyCowStyle</styleUrl>
        <Point><coordinates>-110.95650350348399,32.210401601407476,0</coordinates></Point>
      </Placemark>
      <Placemark>
        <name>Greedy Cow</name>
        <description>Energy: 15</description>
        <styleUrl>#greedyCowStyle</styleUrl>
        <Point><coordinates>-110.92741101769309,32.23119634684556,0</coordinates></Point>
      </Placemark>
      <Placemark>
        <name>Greedy Cow</name>
        <description>Energy: 5</description>
        <styleUrl>#greedyCowStyle</styleUrl>
        <Point><coordinates>-110.95031219941998,32.22406375770562,0</coordinates></Point>
      </Placemark>
      <Placemark>
        <name>Greedy Cow</name>
        <description>Energy: 5</description>
        <styleUrl>#greedyCowStyle</styleUrl>
        <Point><coordinates>-110.96090588685111,32.200012622936384,0</coordinates></Point>
      </Placemark>
      <Placemark>
        <name>Greedy Cow</name>
        <description>Energy: 10</description>
        <styleUrl>#greedyCowStyle</styleUrl>
        <Point><coordinates>-110.93389705437795,32.248688711416115,0</coordinates></Point>
      </Placemark>
      <Placemark>
        <name>Greedy Cow</name>
        <description>Energy: 5</description>
        <styleUrl>#greedyCowStyle</styleUrl>
        <Point><coordinates>-110.9248032404032,32.22863607403355,0</coordinates></Point>
      </Placemark>
      <Placemark>
        <name>Greedy Cow</name>
        <description>Energy: 0</description>
        <styleUrl>#greedyCowStyle</styleUrl>
        <Point><coordinates>-110.98997182402603,32.22814016839255,0</coordinates></Point>
      </Placemark>
      <Placemark>
        <name>Greedy Cow</name>
        <description>Energy: 5</description>
        <styleUrl>#greedyCowStyle</styleUrl>
        <Point><coordinates>-110.91694163168803,32.219184699269576,0</coordinates></Point>
      </Placemark>
      <Placemark>
        <name>Greedy Cow</name>
        <description>Energy: 0</description>
        <styleUrl>#greedyCowStyle</styleUrl>
        <Point><coordinates>-110.97886919965563,32.2305458320625,0</coordinates></Point>
      </Placemark>
      <Placemark>
        <name>Greedy Cow</name>
        <description>Energy: 5</description>
        <styleUrl>#greedyCowStyle</styleUrl>
        <Point><coordinates>-110.99140290061027,32.23407288778422,0</coordinates></Point>
      </Placemark>
      <Placemark>
        <name>Greedy Cow</name>
        <description>Energy: 0</description>
        <styleUrl>#greedyCowStyle</styleUrl>
        <Point><coordinates>-110.99209261199434,32.232018780969234,0</coordinates></Point>
      </Placemark>
      <Placemark>
        <name>Greedy Cow</name>
        <description>Energy: 6</description>
        <styleUrl>#greedyCowStyle</styleUrl>
        <Point><coordinates>-110.9,32.22574193165083,0</coordinates></Point>
      </Placemark>
      <Placemark>
        <name>Greedy Cow</name>
        <description>Energy: 1</description>
        <styleUrl>#greedyCowStyle</styleUrl>
        <Point><coordinates>-110.91653693400761,32.20512587655294,0</coordinates></Point>
      </Placemark>
      <Placemark>
        <name>Greedy Cow</name>
        <description>Energy: 11</description>
        <styleUrl>#greedyCowStyle</styleUrl>
        <Point><coordinates>-110.95444339991361,32.21037396754465,0</coordinates></Point>
      </Placemark>
      <Placemark>
        <name>Greedy Cow</name>
        <description>Energy: 6</description>
        <styleUrl>#greedyCowStyle</styleUrl>
        <Point><coordinates>-110.93440471304446,32.2142618638748,0</coordinates></Point>
      </Placemark>
      <Placemark>
        <name>Greedy Cow</name>
        <description>Energy: 6</description>
        <styleUrl>#greedyCowStyle</styleUrl>
        <Point><coordinates>-110.95739033516877,32.20063528287377,0</coordinates></Point>
      </Placemark>
      <Placemark>
        <name>Greedy Cow</name>
        <description>Energy: 6</description>
        <styleUrl>#greedyCowStyle</styleUrl>
        <Point><coordinates>-110.98498072281026,32.21410699497677,0</coordinates></Point>
      </Placemark>
      <Placemark>
        <name>Greedy Cow</name>
        <description>Energy: 12</description>
        <styleUrl>#greedyCowStyle</styleUrl>
        <Point><coordinates>-110.96198918614466,32.23587738942562,0</coordinates></Point>
      </Placemark>
      <Placemark>
        <name>Greedy Cow</name>
        <description>Energy: 7</description>
        <styleUrl>#greedyCowStyle</styleUrl>
        <Point><coordinates>-110.94558543840127,32.19766650213889,0</coordinates></Point>
      </Placemark>
      <Placemark>
        <name>Greedy Cow</name>
        <description>Energy: 12</description>
        <styleUrl>#greedyCowStyle</styleUrl>
        <Point><coordinates>-110.9558502526736,32.242603556926774,0</coordinates></Point>
      </Placemark>
      <Placemark>
        <name>Greedy Cow</name>
        <description>Energy: 2</description>
        <styleUrl>#greedyCowStyle</styleUrl>
        <Point><coordinates>-110.90362728021711,32.24010984141602,0</coordinates></Point>
      </Placemark>
      <Placemark>
        <name>Greedy Cow</name>
        <description>Energy: 2</description>
        <styleUrl>#greedyCowStyle</styleUrl>
        <Point><coordinates>-111.0,32.19649334505623,0</coordinates></Point>
      </Placemark>
      <Placemark>
        <name>Greedy Cow</name>
        <description>Energy: 13</description>
        <styleUrl>#greedyCowStyle</styleUrl>
        <Point><coordinates>-110.94290926182174,32.24752465944171,0</coordinates></Point>
      </Placemark>
      <Placemark>
        <name>Greedy Cow</name>
        <description>Energy: 13</description>
        <styleUrl>#greedyCowStyle</styleUrl>
        <Point><coordinates>-110.99740342456373,32.24342629253926,0</coordinates></Point>
      </Placemark>
      <Placemark>
        <name>Greedy Cow</name>
        <description>Energy: 3</description>
        <styleUrl>#greedyCowStyle</styleUrl>
        <Point><coordinates>-110.98334580807297,32.23362196622644,0</coordinates></Point>
      </Placemark>
      <Placemark>
        <name>Greedy Cow</name>
        <description>Energy: 3</description>
        <styleUrl>#greedyCowStyle</styleUrl>
        <Point><coordinates>-110.90145763081985,32.244177681250406,0</coordinates></Point>
      </Placemark>
      <Placemark>
        <name>Greedy Cow</name>
        <description>Energy: 3</description>
        <styleUrl>#greedyCowStyle</styleUrl>
        <Point><coordinates>-110.99166787159459,32.207705746097844,0</coordinates></Point>
      </Placemark>
      <Placemark>
        <name>Greedy Cow</name>
        <description>Energy: 3</description>
        <styleUrl>#greedyCowStyle</styleUrl>
        <Point><coordinates>-110.99857455103557,32.24839160462004,0</coordinates></Point>
      </Placemark>
      <Placemark>
        <name>Greedy Cow</name>
        <description>Energy: 8</description>
        <styleUrl>#greedyCowStyle</styleUrl>
        <Point><coordinates>-110.98186356317669,32.231136539428896,0</coordinates></Point>
      </Placemark>
      <Placemark>
        <name>Greedy Cow</name>
        <description>Energy: 8</description>
        <styleUrl>#greedyCowStyle</styleUrl>
        <Point><coordinates>-110.9034414939945,32.203510064471956,0</coordinates></Point>
      </Placemark>
      <Placemark>
        <name>Greedy Cow</name>
        <description>Energy: 3</description>
        <styleUrl>#greedyCowStyle</styleUrl>
        <Point><coordinates>-110.98321385213634,32.23182905942417,0</coordinates></Point>
      </Placemark>
      <Placemark>
        <name>Greedy Cow</name>
        <description>Energy: 9</description>
        <styleUrl>#greedyCowStyle</styleUrl>
        <Point><coordinates>-110.92197141969773,32.22426784286403,0</coordinates></Point>
      </Placemark>
      <Placemark>
        <name>Greedy Cow</name>
        <description>Energy: 4</description>
        <styleUrl>#greedyCowStyle</styleUrl>
        <Point><coordinates>-110.95300752424504,32.2348033071933,0</coordinates></Point>
      </Placemark>
      <Placemark>
        <name>Greedy Cow</name>
        <description>Energy: 9</description>
        <styleUrl>#greedyCowStyle</styleUrl>
        <Point><coordinates>-110.9245585576055,32.23766853382275,0</coordinates></Point>
      </Placemark>
      <Placemark>
        <name>Greedy Cow</name>
        <description>Energy: 4</description>
        <styleUrl>#greedyCowStyle</styleUrl>
        <Point><coordinates>-110.91865464731231,32.219793962981264,0</coordinates></Point>
      </Placemark>
      <Placemark>
        <name>Greedy Cow</name>
        <description>Energy: 4</description>
        <styleUrl>#greedyCowStyle</styleUrl>
        <Point><coordinates>-110.92799164631317,32.22360153280499,0</coordinates></Point>
      </Placemark>
      <Placemark>
        <name>Greedy Cow</name>
        <description>Energy: 4</description>
        <styleUrl>#greedyCowStyle</styleUrl>
        <Point><coordinates>-110.93494870791392,32.2039295753958,0</coordinates></Point>
      </Placemark>
      <Placemark>
        <name>Greedy Cow</name>
        <description>Energy: 4</description>
        <styleUrl>#greedyCowStyle</styleUrl>
        <Point><coordinates>-110.92280549565265,32.22850435115601,0</coordinates></Point>
      </Placemark>
      <Placemark>
        <name>Greedy Cow</name>
        <description>Energy: 9</description>
        <styleUrl>#greedyCowStyle</styleUrl>
        <Point><coordinates>-110.958245992822,32.21613215625367,0</coordinates></Point>
      </Placemark>
      <Placemark>
        <name>Greedy Cow</name>
        <description>Energy: 4</description>
        <styleUrl>#greedyCowStyle</styleUrl>
        <Point><coordinates>-110.97900368964181,32.19741229452388,0</coordinates></Point>
      </Placemark>
      <Placemark>
        <name>Greedy Cow</name>
        <description>Energy: 4</description>
        <styleUrl>#greedyCowStyle</styleUrl>
        <Point><coordinates>-110.93673902908075,32.21903991455188,0</coordinates></Point>
      </Placemark>
      <Placemark>
        <name>Greedy Cow</name>
        <description>Energy: 4</description>
        <styleUrl>#greedyCowStyle</styleUrl>
        <Point><coordinates>-110.99999523368012,32.19325680421995,0</coordinates></Point>
      </Placemark>
      <Placemark>
        <name>Greedy Cow</name>
        <description>Energy: 4</description>
        <styleUrl>#greedyCowStyle</styleUrl>
        <Point><coordinates>-110.98794291116124,32.2397123054063,0</coordinates></Point>
      </Placemark>
      <Placemark>
        <name>Greedy Cow</name>
        <description>Energy: 5</description>
        <styleUrl>#greedyCowStyle</styleUrl>
        <Point><coordinates>-110.98908193717904,32.19318916545708,0</coordinates></Point>
      </Placemark>
      <Placemark>
        <name>Greedy Cow</name>
        <description>Energy: 10</description>
        <styleUrl>#greedyCowStyle</styleUrl>
        <Point><coordinates>-110.99821522137306,32.24678226624664,0</coordinates></Point>
      </Placemark>
      <Placemark>
        <name>Greedy Cow</name>
        <description>Energy: 0</description>
        <styleUrl>#greedyCowStyle</styleUrl>
        <Point><coordinates>-110.90723552657954,32.24895684547813,0</coordinates></Point>
      </Placemark>
      <Placemark>
        <name>Greedy Cow</name>
        <description>Energy: 0</description>
        <styleUrl>#greedyCowStyle</styleUrl>
        <Point><coordinates>-110.95346186618248,32.23121590786598,0</coordinates></Point>
      </Placemark>
      <Placemark>
        <name>Greedy Cow</name>
        <description>Energy: 10</description>
        <styleUrl>#greedyCowStyle</styleUrl>
        <Point><coordinates>-110.9239997372766,32.2350233135116,0</coordinates></Point>
      </Placemark>
      <Placemark>
        <name>Greedy Cow</name>
        <description>Energy: 0</description>
        <styleUrl>#greedyCowStyle</styleUrl>
        <Point><coordinates>-110.90591832774207,32.2442797013328,0</coordinates></Point>
      </Placemark>
      <Placemark>
        <name>Greedy Cow</name>
        <description>Energy: 0</description>
        <styleUrl>#greedyCowStyle</styleUrl>
        <Point><coordinates>-110.90561172765338,32.24877937259158,0</coordinates></Point>
      </Placemark>
      <Placemark>
        <name>Greedy Cow</name>
        <description>Energy: 0</description>
        <styleUrl>#greedyCowStyle</styleUrl>
        <Point><coordinates>-110.9365217695275,32.213404168810776,0</coordinates></Point>
      </Placemark>
      <Placemark>
        <name>Greedy Cow</name>
        <description>Energy: 5</description>
        <styleUrl>#greedyCowStyle</styleUrl>
        <Point><coordinates>-110.9992110385304,32.19704509959598,0</coordinates></Point>
      </Placemark>
      <Placemark>
        <name>Greedy Cow</name>
        <description>Energy: 5</description>
        <styleUrl>#greedyCowStyle</styleUrl>
        <Point><coordinates>-110.97950320589179,32.211374148628266,0</coordinates></Point>
      </Placemark>
      <Placemark>
        <name>Greedy Cow</name>
        <description>Energy: 0</description>
        <styleUrl>#greedyCowStyle</styleUrl>
        <Point><coordinates>-110.97991684351453,32.217168642904404,0</coordinates></Point>
      </Placemark>
      <Placemark>
        <name>Greedy Cow</name>
        <description>Energy: 0</description>
        <styleUrl>#greedyCowStyle</styleUrl>
        <Point><coordinates>-110.98815805518826,32.22134729486998,0</coordinates></Point>
      </Placemark>
      <Placemark>
        <name>Greedy Cow</name>
        <description>Energy: 5</description>
        <styleUrl>#greedyCowStyle</styleUrl>
        <Point><coordinates>-110.99736371845107,32.19,0</coordinates></Point>
      </Placemark>
      <Placemark>
        <name>Greedy Cow</name>
        <description>Energy: 5</description>
        <styleUrl>#greedyCowStyle</styleUrl>
        <Point><coordinates>-110.9866012014506,32.239855940229916,0</coordinates></Point>
      </Placemark>
      <Placemark>
        <name>Greedy Cow</name>
        <description>Energy: 1</description>
        <styleUrl>#greedyCowStyle</styleUrl>
        <Point><coordinates>-110.95718632742528,32.22854081753298,0</coordinates></Point>
      </Placemark>
      <Placemark>
        <name>Greedy Cow</name>
        <description>Energy: 1</description>
        <styleUrl>#greedyCowStyle</styleUrl>
        <Point><coordinates>-110.92688566625391,32.25,0</coordinates></Point>
      </Placemark>
      <Placemark>
        <name>Greedy Cow</name>
        <description>Energy: 6</description>
        <styleUrl>#greedyCowStyle</styleUrl>
        <Point><coordinates>-110.90113229522534,32.20839097859089,0</coordinates></Point>
      </Placemark>
      <Placemark>
        <name>Greedy Cow</name>
        <description>Energy: 1</description>
        <styleUrl>#greedyCowStyle</styleUrl>
        <Point><coordinates>-111.0,32.24686786597663,0</coordinates></Point>
      </Placemark>
      <Placemark>
        <name>Greedy Cow</name>
        <description>Energy: 1</description>
        <styleUrl>#greedyCowStyle</styleUrl>
        <Point><coordinates>-110.91403007710315,32.20408414002255,0</coordinates></Point>
      </Placemark>
      <Placemark>
        <name>Greedy Cow</name>
        <description>Energy: 1</description>
        <styleUrl>#greedyCowStyle</styleUrl>
        <Point><coordinates>-110.98079923414224,32.24422062998394,0</coordinates></Point>
      </Placemark>
      <Placemark>
        <name>Greedy Cow</name>
        <description>Energy: 6</description>
        <styleUrl>#greedyCowStyle</styleUrl>
        <Point><coordinates>-110.93985816309221,32.2101261005138,0</coordinates></Point>
      </Placemark>
      <Placemark>
        <name>Greedy Cow</name>
        <description>Energy: 6</description>
        <styleUrl>#greedyCowStyle</styleUrl>
        <Point><coordinates>-110.96722594554267,32.19119027953166,0</coordinates></Point>
      </Placemark>
      <Placemark>
        <name>Greedy Cow</name>
        <description>Energy: 1</description>
        <styleUrl>#greedyCowStyle</styleUrl>
        <Point><coordinates>-110.96809864094753,32.24744693233873,0</coordinates></Point>
      </Placemark>
      <Placemark>
        <name>Greedy Cow</name>
        <description>Energy: 1</description>
        <styleUrl>#greedyCowStyle</styleUrl>
        <Point><coordinates>-110.90291026848087,32.247961127197904,0</coordinates></Point>
      </Placemark>
      <Placemark>
        <name>Greedy Cow</name>
        <description>Energy: 6</description>
        <styleUrl>#greedyCowStyle</styleUrl>
        <Point><coordinates>-110.92775517057294,32.1948016565298,0</coordinates></Point>
      </Placemark>
      <Placemark>
        <name>Greedy Cow</name>
        <description>Energy: 1</description>
        <styleUrl>#greedyCowStyle</styleUrl>
        <Point><coordinates>-110.90129866319877,32.19464352200778,0</coordinates></Point>
      </Placemark>
      <Placemark>
        <name>Greedy Cow</name>
        <description>Energy: 1</description>
        <styleUrl>#greedyCowStyle</styleUrl>
        <Point><coordinates>-110.95653159172852,32.2029881140702,0</coordinates></Point>
      </Placemark>
      <Placemark>
        <name>Greedy Cow</name>
        <description>Energy: 1</description>
        <styleUrl>#greedyCowStyle</styleUrl>
        <Point><coordinates>-110.93512819964943,32.19419481806192,0</coordinates></Point>
      </Placemark>
      <Placemark>
        <name>Greedy Cow</name>
        <description>Energy: 2</description>
        <styleUrl>#greedyCowStyle</styleUrl>
        <Point><coordinates>-110.925013786545,32.240584946874975,0</coordinates></Point>
      </Placemark>
      <Placemark>
        <name>Greedy Cow</name>
        <description>Energy: 2</description>
        <styleUrl>#greedyCowStyle</styleUrl>
        <Point><coordinates>-110.98648743147827,32.21776100592341,0</coordinates></Point>
      </Placemark>
      <Placemark>
        <name>Greedy Cow</name>
        <description>Energy: 2</description>
        <styleUrl>#greedyCowStyle</styleUrl>
        <Point><coordinates>-110.97481878692612,32.203282243779825,0</coordinates></Point>
      </Placemark>
      <Placemark>
        <name>Greedy Cow</name>
        <description>Energy: 7</description>
        <styleUrl>#greedyCowStyle</styleUrl>
        <Point><coordinates>-110.9433508124884,32.22488641350126,0</coordinates></Point>
      </Placemark>
      <Placemark>
        <name>Greedy Cow</name>
        <description>Energy: 2</description>
        <styleUrl>#greedyCowStyle</styleUrl>
        <Point><coordinates>-110.94530984858365,32.205822693929626,0</coordinates></Point>
      </Placemark>
      <Placemark>
        <name>Greedy Cow</name>
        <description>Energy: 2</description>
        <styleUrl>#greedyCowStyle</styleUrl>
        <Point><coordinates>-110.98515129683955,32.238871892422814,0</coordinates></Point>
      </Placemark>
      <Placemark>
        <name>Greedy Cow</name>
        <description>Energy: 2</description>
        <styleUrl>#greedyCowStyle</styleUrl>
        <Point><coordinates>-110.96996830282107,32.19997977175204,0</coordinates></Point>
      </Placemark>
      <Placemark>
        <name>Greedy Cow</name>
        <description>Energy: 7</description>
        <styleUrl>#greedyCowStyle</styleUrl>
        <Point><coordinates>-110.96405740833431,32.198717932153606,0</coordinates></Point>
      </Placemark>
      <Placemark>
        <name>Greedy Cow</name>
        <description>Energy: 7</description>
        <styleUrl>#greedyCowStyle</styleUrl>
        <Point><coordinates>-110.91728717540171,32.20337580694078,0</coordinates></Point>
      </Placemark>
      <Placemark>
        <name>Greedy Cow</name>
        <description>Energy: 7</description>
        <styleUrl>#greedyCowStyle</styleUrl>
        <Point><coordinates>-110.99701990213559,32.24189343229777,0</coordinates></Point>
      </Placemark>
      <Placemark>
        <name>Greedy Cow</name>
        <description>Energy: 2</description>
        <styleUrl>#greedyCowStyle</styleUrl>
        <Point><coordinates>-110.92613273463137,32.19283833345736,0</coordinates></Point>
      </Placemark>
      <Placemark>
        <name>Greedy Cow</name>
        <description>Energy: 2</description>
        <styleUrl>#greedyCowStyle</styleUrl>
        <Point><coordinates>-110.9768821240945,32.243204122944576,0</coordinates></Point>
      </Placemark>
      <Placemark>
        <name>Greedy Cow</name>
        <description>Energy: 7</description>
        <styleUrl>#greedyCowStyle</styleUrl>
        <Point><coordinates>-110.9645676126421,32.21062299347579,0</coordinates></Point>
      </Placemark>
      <Placemark>
        <name>Greedy Cow</name>
        <description>Energy: 2</description>
        <styleUrl>#greedyCowStyle</styleUrl>
        <Point><coordinates>-110.949764353937,32.21112625329203,0</coordinates></Point>
      </Placemark>
      <Placemark>
        <name>Greedy Cow</name>
        <description>Energy: 8</description>
        <styleUrl>#greedyCowStyle</styleUrl>
        <Point><coordinates>-110.99503266535005,32.217823536275354,0</coordinates></Point>
      </Placemark>
      <Placemark>
        <name>Greedy Cow</name>
        <description>Energy: 3</description>
        <styleUrl>#greedyCowStyle</styleUrl>
        <Point><coordinates>-110.9397483800711,32.225221992573275,0</coordinates></Point>
      </Placemark>
      <Placemark>
        <name>Greedy Cow</name>
        <description>Energy: 3</description>
        <styleUrl>#greedyCowStyle</styleUrl>
        <Point><coordinates>-110.96695780293611,32.22276377103596,0</coordinates></Point>
      </Placemark>
      <Placemark>
        <name>Greedy Cow</name>
        <description>Energy: 3</description>
        <styleUrl>#greedyCowStyle</styleUrl>
        <Point><coordinates>-110.96171957444177,32.21011179771057,0</coordinates></Point>
      </Placemark>
      <Placemark>
        <name>Greedy Cow</name>
        <description>Energy: 3</description>
        <styleUrl>#greedyCowStyle</styleUrl>
        <Point><coordinates>-110.95826414515498,32.234009906183935,0</coordinates></Point>
      </Placemark>
      <Placemark>
        <name>Greedy Cow</name>
        <description>Energy: 3</description>
        <styleUrl>#greedyCowStyle</styleUrl>
        <Point><coordinates>-110.99677502391519,32.20455356811369,0</coordinates></Point>
      </Placemark>
      <Placemark>
        <name>Greedy Cow</name>
        <description>Energy: 3</description>
        <styleUrl>#greedyCowStyle</styleUrl>
        <Point><coordinates>-110.96653561680782,32.19,0</coordinates></Point>
      </Placemark>
      <Placemark>
        <name>Greedy Cow</name>
        <description>Energy: 3</description>
        <styleUrl>#greedyCowStyle</styleUrl>
        <Point><coordinates>-110.93138007274287,32.242728093171365,0</coordinates></Point>
      </Placemark>
      <Placemark>
        <name>Greedy Cow</name>
        <description>Energy: 3</description>
        <styleUrl>#greedyCowStyle</styleUrl>
        <Point><coordinates>-110.91885720190001,32.20180218453173,0</coordinates></Point>
      </Placemark>
      <Placemark>
        <name>Greedy Cow</name>
        <description>Energy: 8</description>
        <styleUrl>#greedyCowStyle</styleUrl>
        <Point><coordinates>-110.91588392702474,32.227692076813604,0</coordinates></Point>
      </Placemark>
      <Placemark>
        <name>Greedy Cow</name>
        <description>Energy: 3</description>
        <styleUrl>#greedyCowStyle</styleUrl>
        <Point><coordinates>-110.94427287707062,32.22489658561146,0</coordinates></Point>
      </Placemark>
      <Placemark>
        <name>Greedy Cow</name>
        <description>Energy: 3</description>
        <styleUrl>#greedyCowStyle</styleUrl>
        <Point><coordinates>-110.94783821031747,32.202785098253976,0</coordinates></Point>
      </Placemark>
      <Placemark>
        <name>Greedy Cow</name>
        <description>Energy: 3</description>
        <styleUrl>#greedyCowStyle</styleUrl>
        <Point><coordinates>-110.97715999777205,32.193532956716844,0</coordinates></Point>
      </Placemark>
      <Placemark>
        <name>Greedy Cow</name>
        <description>Energy: 3</description>
        <styleUrl>#greedyCowStyle</styleUrl>
        <Point><coordinates>-110.95781449755023,32.244807360855916,0</coordinates></Point>
      </Placemark>
      <Placemark>
        <name>Greedy Cow</name>
        <description>Energy: 3</description>
        <styleUrl>#greedyCowStyle</styleUrl>
        <Point><coordinates>-110.91441570107203,32.23416876087006,0</coordinates></Point>
      </Placemark>
      <Placemark>
        <name>Greedy Cow</name>
        <description>Energy: 4</description>
        <styleUrl>#greedyCowStyle</styleUrl>
        <Point><coordinates>-110.97886961896496,32.20567083730785,0</coordinates></Point>
      </Placemark>
      <Placemark>
        <name>Greedy Cow</name>
        <description>Energy: 4</description>
        <styleUrl>#greedyCowStyle</styleUrl>
        <Point><coordinates>-110.93755138698378,32.24977612004148,0</coordinates></Point>
      </Placemark>
      <Placemark>
        <name>Greedy Cow</name>
        <description>Energy: 4</description>
        <styleUrl>#greedyCowStyle</styleUrl>
        <Point><coordinates>-110.90558505858688,32.22260805229014,0</coordinates></Point>
      </Placemark>
      <Placemark>
        <name>Greedy Cow</name>
        <description>Energy: 4</description>
        <styleUrl>#greedyCowStyle</styleUrl>
        <Point><coordinates>-110.94978265407708,32.22476998711784,0</coordinates></Point>
      </Placemark>
      <Placemark>
        <name>Greedy Cow</name>
        <description>Energy: 4</description>
        <styleUrl>#greedyCowStyle</styleUrl>
        <Point><coordinates>-110.9463503758004,32.22027634253509,0</coordinates></Point>
      </Placemark>
      <Placemark>
        <name>Greedy Cow</name>
        <description>Energy: 4</description>
        <styleUrl>#greedyCowStyle</styleUrl>
        <Point><coordinates>-110.93441861498219,32.193502247556886,0</coordinates></Point>
      </Placemark>
      <Placemark>
        <name>Greedy Cow</name>
        <description>Energy: 4</description>
        <styleUrl>#greedyCowStyle</styleUrl>
        <Point><coordinates>-110.942705562952,32.19824431926948,0</coordinates></Point>
      </Placemark>
      <Placemark>
        <name>Greedy Cow</name>
        <description>Energy: 4</description>
        <styleUrl>#greedyCowStyle</styleUrl>
        <Point><coordinates>-110.90686792069198,32.22476506525507,0</coordinates></Point>
      </Placemark>
      <Placemark>
        <name>Greedy Cow</name>
        <description>Energy: 4</description>
        <styleUrl>#greedyCowStyle</styleUrl>
        <Point><coordinates>-110.91963686378956,32.24347936346033,0</coordinates></Point>
      </Placemark>
      <Placemark>
        <name>Greedy Cow</name>
        <description>Energy: 4</description>
        <styleUrl>#greedyCowStyle</styleUrl>
        <Point><coordinates>-110.91845417067172,32.22424826773023,0</coordinates></Point>
      </Placemark>
      <Placemark>
        <name>Greedy Cow</name>
        <description>Energy: 4</description>
        <styleUrl>#greedyCowStyle</styleUrl>
        <Point><coordinates>-110.92450993159686,32.21583494676998,0</coordinates></Point>
      </Placemark>
      <Placemark>
        <name>Greedy Cow</name>
        <description>Energy: 4</description>
        <styleUrl>#greedyCowStyle</styleUrl>
        <Point><coordinates>-110.92048840584201,32.202481213664385,0</coordinates></Point>
      </Placemark>
      <Placemark>
        <name>Greedy Cow</name>
        <description>Energy: 4</description>
        <styleUrl>#greedyCowStyle</styleUrl>
        <Point><coordinates>-111.0,32.20535471845275,0</coordinates></Point>
      </Placemark>
      <Placemark>
        <name>Greedy Cow</name>
        <description>Energy: 4</description>
        <styleUrl>#greedyCowStyle</styleUrl>
        <Point><coordinates>-110.97807667027999,32.20630856700687,0</coordinates></Point>
      </Placemark>
      <Placemark>
        <name>Greedy Cow</name>
        <description>Energy: 4</description>
        <styleUrl>#greedyCowStyle</styleUrl>
        <Point><coordinates>-110.91683622439875,32.220916005563915,0</coordinates></Point>
      </Placemark>
      <Placemark>
        <name>Greedy Cow</name>
        <description>Energy: 4</description>
        <styleUrl>#greedyCowStyle</styleUrl>
        <Point><coordinates>-110.94759147543503,32.22137546839311,0</coordinates></Point>
      </Placemark>
      <Placemark>
        <name>Greedy Cow</name>
        <description>Energy: 4</description>
        <styleUrl>#greedyCowStyle</styleUrl>
        <Point><coordinates>-110.9198179918383,32.19381966228218,0</coordinates></Point>
      </Placemark>
      <Placemark>
        <name>Greedy Cow</name>
        <description>Energy: 4</description>
        <styleUrl>#greedyCowStyle</styleUrl>
        <Point><coordinates>-110.9845815506762,32.233664721572325,0</coordinates></Point>
      </Placemark>
      <Placemark>
        <name>Greedy Cow</name>
        <description>Energy: 4</description>
        <styleUrl>#greedyCowStyle</styleUrl>
        <Point><coordinates>-110.9,32.22101978525541,0</coordinates></Point>
      </Placemark>
      <Placemark>
        <name>Greedy Cow</name>
        <description>Energy: 4</description>
        <styleUrl>#greedyCowStyle</styleUrl>
        <Point><coordinates>-110.90124298186916,32.20171500919543,0</coordinates></Point>
      </Placemark>
    </Folder>
  </Document>
</kml>
