<?xml version="1.0" encoding="UTF-8"?>
<kml xmlns="http://www.opengis.net/kml/2.2">
  <Document>
    <name>Recycling Agent Model - Tucson - 32.25, -111.0</name>
    <description>Simulation results from 150 ticks. Run on October 7, 2025.</description>

    <Style id="recyclerStyle">
      <IconStyle>
        <color>ffFF0000</color> <scale>1.0</scale>
        <Icon>
          <href>http://maps.google.com/mapfiles/kml/shapes/person.png</href>
        </Icon>
      </IconStyle>
    </Style>
    <Style id="wastefulStyle">
      <IconStyle>
        <color>ff0000FF</color> <scale>1.0</scale>
        <Icon>
          <href>http://maps.google.com/mapfiles/kml/shapes/person.png</href>
        </Icon>
      </IconStyle>
    </Style>
    <Style id="newPatchStyle">
      <PolyStyle>
        <color>a000ff00</color> <outline>0</outline>
      </PolyStyle>
    </Style>
    <Style id="recycledPatchStyle">
      <PolyStyle>
        <color>a000ff96</color> <outline>0</outline>
      </PolyStyle>
    </Style>
    <Style id="wastePatchStyle">
      <PolyStyle>
        <color>a000ffff</color> <outline>0</outline>
      </PolyStyle>
    </Style>
    <Folder><name>Resource Grid</name>
      <Placemark>
        <name>Patch (-16,-16)</name>
        <styleUrl>#wastePatchStyle</styleUrl>
        <Polygon><outerBoundaryIs><LinearRing><coordinates>-111.0015625,32.1890625,0 -110.9984375,32.1890625,0 -110.9984375,32.1909375,0 -111.0015625,32.1909375,0 -111.0015625,32.1890625,0</coordinates></LinearRing></outerBoundaryIs></Polygon>
      </Placemark>
      <Placemark>
        <name>Patch (-15,-16)</name>
        <styleUrl>#wastePatchStyle</styleUrl>
        <Polygon><outerBoundaryIs><LinearRing><coordinates>-110.9984375,32.1890625,0 -110.9953125,32.1890625,0 -110.9953125,32.1909375,0 -110.9984375,32.1909375,0 -110.9984375,32.1890625,0</coordinates></LinearRing></outerBoundaryIs></Polygon>
      </Placemark>
      <Placemark>
        <name>Patch (-14,-16)</name>
        <styleUrl>#wastePatchStyle</styleUrl>
        <Polygon><outerBoundaryIs><LinearRing><coordinates>-110.9953125,32.1890625,0 -110.9921875,32.1890625,0 -110.9921875,32.1909375,0 -110.9953125,32.1909375,0 -110.9953125,32.1890625,0</coordinates></LinearRing></outerBoundaryIs></Polygon>
      </Placemark>
      <Placemark>
        <name>Patch (-13,-16)</name>
        <styleUrl>#wastePatchStyle</styleUrl>
        <Polygon><outerBoundaryIs><LinearRing><coordinates>-110.9921875,32.1890625,0 -110.9890625,32.1890625,0 -110.9890625,32.1909375,0 -110.9921875,32.1909375,0 -110.9921875,32.1890625,0</coordinates></LinearRing></outerBoundaryIs></Polygon>
      </Placemark>
      <Placemark>
        <name>Patch (-12,-16)</name>
        <styleUrl>#wastePatchStyle</styleUrl>
        <Polygon><outerBoundaryIs><LinearRing><coordinates>-110.9890625,32.1890625,0 -110.9859375,32.1890625,0 -110.9859375,32.1909375,0 -110.9890625,32.1909375,0 -110.9890625,32.1890625,0</coordinates></LinearRing></outerBoundaryIs></Polygon>
      </Placemark>
      <Placemark>
        <name>Patch (-11,-16)</name>
        <styleUrl>#newPatchStyle</styleUrl>
        <Polygon><outerBoundaryIs><LinearRing><coordinates>-110.9859375,32.1890625,0 -110.9828125,32.1890625,0 -110.9828125,32.1909375,0 -110.9859375,32.1909375,0 -110.9859375,32.1890625,0</coordinates></LinearRing></outerBoundaryIs></Polygon>
      </Placemark>
      <Placemark>
        <name>Patch (-10,-16)</name>
        <styleUrl>#newPatchStyle</styleUrl>
        <Polygon><outerBoundaryIs><LinearRing><coordinates>-110.9828125,32.1890625,0 -110.9796875,32.1890625,0 -110.9796875,32.1909375,0 -110.9828125,32.1909375,0 -110.9828125,32.1890625,0</coordinates></LinearRing></outerBoundaryIs></Polygon>
      </Placemark>
      <Placemark>
        <name>Patch (-9,-16)</name>
        <styleUrl>#wastePatchStyle</styleUrl>
        <Polygon><outerBoundaryIs><LinearRing><coordinates>-110.9796875,32.1890625,0 -110.9765625,32.1890625,0 -110.9765625,32.1909375,0 -110.9796875,32.1909375,0 -110.9796875,32.1890625,0</coordinates></LinearRing></outerBoundaryIs></Polygon>
      </Placemark>
      <Placemark>
        <name>Patch (-8,-16)</name>
        <styleUrl>#recycledPatchStyle</styleUrl>
        <Polygon><outerBoundaryIs><LinearRing><coordinates>-110.9765625,32.1890625,0 -110.9734375,32.1890625,0 -110.9734375,32.1909375,0 -110.9765625,32.1909375,0 -110.9765625,32.1890625,0</coordinates></LinearRing></outerBoundaryIs></Polygon>
      </Placemark>
      <Placemark>
        <name>Patch (-7,-16)</name>
        <styleUrl>#wastePatchStyle</styleUrl>
        <Polygon><outerBoundaryIs><LinearRing><coordinates>-110.9734375,32.1890625,0 -110.9703125,32.1890625,0 -110.9703125,32.1909375,0 -110.9734375,32.1909375,0 -110.9734375,32.1890625,0</coordinates></LinearRing></outerBoundaryIs></Polygon>
      </Placemark>
      <Placemark>
        <name>Patch (-6,-16)</name>
        <styleUrl>#wastePatchStyle</styleUrl>
        <Polygon><outerBoundaryIs><LinearRing><coordinates>-110.9703125,32.1890625,0 -110.96718750000001,32.1890625,0 -110.96718750000001,32.1909375,0 -110.9703125,32.1909375,0 -110.9703125,32.1890625,0</coordinates></LinearRing></outerBoundaryIs></Polygon>
      </Placemark>
      <Placemark>
        <name>Patch (-5,-16)</name>
        <styleUrl>#wastePatchStyle</styleUrl>
        <Polygon><outerBoundaryIs><LinearRing><coordinates>-110.96718750000001,32.1890625,0 -110.9640625,32.1890625,0 -110.9640625,32.1909375,0 -110.96718750000001,32.1909375,0 -110.96718750000001,32.1890625,0</coordinates></LinearRing></outerBoundaryIs></Polygon>
      </Placemark>
      <Placemark>
        <name>Patch (-4,-16)</name>
        <styleUrl>#newPatchStyle</styleUrl>
        <Polygon><outerBoundaryIs><LinearRing><coordinates>-110.9640625,32.1890625,0 -110.9609375,32.1890625,0 -110.9609375,32.1909375,0 -110.9640625,32.1909375,0 -110.9640625,32.1890625,0</coordinates></LinearRing></outerBoundaryIs></Polygon>
      </Placemark>
      <Placemark>
        <name>Patch (-3,-16)</name>
        <styleUrl>#newPatchStyle</styleUrl>
        <Polygon><outerBoundaryIs><LinearRing><coordinates>-110.9609375,32.1890625,0 -110.9578125,32.1890625,0 -110.9578125,32.1909375,0 -110.9609375,32.1909375,0 -110.9609375,32.1890625,0</coordinates></LinearRing></outerBoundaryIs></Polygon>
      </Placemark>
      <Placemark>
        <name>Patch (-2,-16)</name>
        <styleUrl>#newPatchStyle</styleUrl>
        <Polygon><outerBoundaryIs><LinearRing><coordinates>-110.9578125,32.1890625,0 -110.9546875,32.1890625,0 -110.9546875,32.1909375,0 -110.9578125,32.1909375,0 -110.9578125,32.1890625,0</coordinates></LinearRing></outerBoundaryIs></Polygon>
      </Placemark>
      <Placemark>
        <name>Patch (-1,-16)</name>
        <styleUrl>#newPatchStyle</styleUrl>
        <Polygon><outerBoundaryIs><LinearRing><coordinates>-110.9546875,32.1890625,0 -110.95156250000001,32.1890625,0 -110.95156250000001,32.1909375,0 -110.9546875,32.1909375,0 -110.9546875,32.1890625,0</coordinates></LinearRing></outerBoundaryIs></Polygon>
      </Placemark>
      <Placemark>
        <name>Patch (0,-16)</name>
        <styleUrl>#wastePatchStyle</styleUrl>
        <Polygon><outerBoundaryIs><LinearRing><coordinates>-110.95156250000001,32.1890625,0 -110.9484375,32.1890625,0 -110.9484375,32.1909375,0 -110.95156250000001,32.1909375,0 -110.95156250000001,32.1890625,0</coordinates></LinearRing></outerBoundaryIs></Polygon>
      </Placemark>
      <Placemark>
        <name>Patch (1,-16)</name>
        <styleUrl>#newPatchStyle</styleUrl>
        <Polygon><outerBoundaryIs><LinearRing><coordinates>-110.9484375,32.1890625,0 -110.9453125,32.1890625,0 -110.9453125,32.1909375,0 -110.9484375,32.1909375,0 -110.9484375,32.1890625,0</coordinates></LinearRing></outerBoundaryIs></Polygon>
      </Placemark>
      <Placemark>
        <name>Patch (2,-16)</name>
        <styleUrl>#newPatchStyle</styleUrl>
        <Polygon><outerBoundaryIs><LinearRing><coordinates>-110.9453125,32.1890625,0 -110.9421875,32.1890625,0 -110.9421875,32.1909375,0 -110.9453125,32.1909375,0 -110.9453125,32.1890625,0</coordinates></LinearRing></outerBoundaryIs></Polygon>
      </Placemark>
      <Placemark>
        <name>Patch (3,-16)</name>
        <styleUrl>#recycledPatchStyle</styleUrl>
        <Polygon><outerBoundaryIs><LinearRing><coordinates>-110.9421875,32.1890625,0 -110.9390625,32.1890625,0 -110.9390625,32.1909375,0 -110.9421875,32.1909375,0 -110.9421875,32.1890625,0</coordinates></LinearRing></outerBoundaryIs></Polygon>
      </Placemark>
      <Placemark>
        <name>Patch (4,-16)</name>
        <styleUrl>#newPatchStyle</styleUrl>
        <Polygon><outerBoundaryIs><LinearRing><coordinates>-110.9390625,32.1890625,0 -110.93593750000001,32.1890625,0 -110.93593750000001,32.1909375,0 -110.9390625,32.1909375,0 -110.9390625,32.1890625,0</coordinates></LinearRing></outerBoundaryIs></Polygon>
      </Placemark>
      <Placemark>
        <name>Patch (5,-16)</name>
        <styleUrl>#newPatchStyle</styleUrl>
        <Polygon><outerBoundaryIs><LinearRing><coordinates>-110.93593750000001,32.1890625,0 -110.9328125,32.1890625,0 -110.9328125,32.1909375,0 -110.93593750000001,32.1909375,0 -110.93593750000001,32.1890625,0</coordinates></LinearRing></outerBoundaryIs></Polygon>
      </Placemark>
      <Placemark>
        <name>Patch (6,-16)</name>
        <styleUrl>#newPatchStyle</styleUrl>
        <Polygon><outerBoundaryIs><LinearRing><coordinates>-110.9328125,32.1890625,0 -110.9296875,32.1890625,0 -110.9296875,32.1909375,0 -110.9328125,32.1909375,0 -110.9328125,32.1890625,0</coordinates></LinearRing></outerBoundaryIs></Polygon>
      </Placemark>
      <Placemark>
        <name>Patch (7,-16)</name>
        <styleUrl>#recycledPatchStyle</styleUrl>
        <Polygon><outerBoundaryIs><LinearRing><coordinates>-110.9296875,32.1890625,0 -110.9265625,32.1890625,0 -110.9265625,32.1909375,0 -110.9296875,32.1909375,0 -110.9296875,32.1890625,0</coordinates></LinearRing></outerBoundaryIs></Polygon>
      </Placemark>
      <Placemark>
        <name>Patch (8,-16)</name>
        <styleUrl>#wastePatchStyle</styleUrl>
        <Polygon><outerBoundaryIs><LinearRing><coordinates>-110.9265625,32.1890625,0 -110.9234375,32.1890625,0 -110.9234375,32.1909375,0 -110.9265625,32.1909375,0 -110.9265625,32.1890625,0</coordinates></LinearRing></outerBoundaryIs></Polygon>
      </Placemark>
      <Placemark>
        <name>Patch (9,-16)</name>
        <styleUrl>#newPatchStyle</styleUrl>
        <Polygon><outerBoundaryIs><LinearRing><coordinates>-110.9234375,32.1890625,0 -110.92031250000001,32.1890625,0 -110.92031250000001,32.1909375,0 -110.9234375,32.1909375,0 -110.9234375,32.1890625,0</coordinates></LinearRing></outerBoundaryIs></Polygon>
      </Placemark>
      <Placemark>
        <name>Patch (10,-16)</name>
        <styleUrl>#newPatchStyle</styleUrl>
        <Polygon><outerBoundaryIs><LinearRing><coordinates>-110.92031250000001,32.1890625,0 -110.91718750000001,32.1890625,0 -110.91718750000001,32.1909375,0 -110.92031250000001,32.1909375,0 -110.92031250000001,32.1890625,0</coordinates></LinearRing></outerBoundaryIs></Polygon>
      </Placemark>
      <Placemark>
        <name>Patch (11,-16)</name>
        <styleUrl>#newPatchStyle</styleUrl>
        <Polygon><outerBoundaryIs><LinearRing><coordinates>-110.91718750000001,32.1890625,0 -110.9140625,32.1890625,0 -110.9140625,32.1909375,0 -110.91718750000001,32.1909375,0 -110.91718750000001,32.1890625,0</coordinates></LinearRing></outerBoundaryIs></Polygon>
      </Placemark>
      <Placemark>
        <name>Patch (12,-16)</name>
        <styleUrl>#newPatchStyle</styleUrl>
        <Polygon><outerBoundaryIs><LinearRing><coordinates>-110.9140625,32.1890625,0 -110.9109375,32.1890625,0 -110.9109375,32.1909375,0 -110.9140625,32.1909375,0 -110.9140625,32.1890625,0</coordinates></LinearRing></outerBoundaryIs></Polygon>
      </Placemark>
      <Placemark>
        <name>Patch (13,-16)</name>
        <styleUrl>#wastePatchStyle</styleUrl>
        <Polygon><outerBoundaryIs><LinearRing><coordinates>-110.9109375,32.1890625,0 -110.9078125,32.1890625,0 -110.9078125,32.1909375,0 -110.9109375,32.1909375,0 -110.9109375,32.1890625,0</coordinates></LinearRing></outerBoundaryIs></Polygon>
      </Placemark>
      <Placemark>
        <name>Patch (14,-16)</name>
        <styleUrl>#newPatchStyle</styleUrl>
        <Polygon><outerBoundaryIs><LinearRing><coordinates>-110.9078125,32.1890625,0 -110.90468750000001,32.1890625,0 -110.90468750000001,32.1909375,0 -110.9078125,32.1909375,0 -110.9078125,32.1890625,0</coordinates></LinearRing></outerBoundaryIs></Polygon>
      </Placemark>
      <Placemark>
        <name>Patch (15,-16)</name>
        <styleUrl>#newPatchStyle</styleUrl>
        <Polygon><outerBoundaryIs><LinearRing><coordinates>-110.90468750000001,32.1890625,0 -110.90156250000001,32.1890625,0 -110.90156250000001,32.1909375,0 -110.90468750000001,32.1909375,0 -110.90468750000001,32.1890625,0</coordinates></LinearRing></outerBoundaryIs></Polygon>
      </Placemark>
      <Placemark>
        <name>Patch (16,-16)</name>
        <styleUrl>#newPatchStyle</styleUrl>
        <Polygon><outerBoundaryIs><LinearRing><coordinates>-110.90156250000001,32.1890625,0 -110.8984375,32.1890625,0 -110.8984375,32.1909375,0 -110.90156250000001,32.1909375,0 -110.90156250000001,32.1890625,0</coordinates></LinearRing></outerBoundaryIs></Polygon>
      </Placemark>
      <Placemark>
        <name>Patch (-16,-15)</name>
        <styleUrl>#newPatchStyle</styleUrl>
        <Polygon><outerBoundaryIs><LinearRing><coordinates>-111.0015625,32.1909375,0 -110.9984375,32.1909375,0 -110.9984375,32.192812499999995,0 -111.0015625,32.192812499999995,0 -111.0015625,32.1909375,0</coordinates></LinearRing></outerBoundaryIs></Polygon>
      </Placemark>
      <Placemark>
        <name>Patch (-15,-15)</name>
        <styleUrl>#wastePatchStyle</styleUrl>
        <Polygon><outerBoundaryIs><LinearRing><coordinates>-110.9984375,32.1909375,0 -110.9953125,32.1909375,0 -110.9953125,32.192812499999995,0 -110.9984375,32.192812499999995,0 -110.9984375,32.1909375,0</coordinates></LinearRing></outerBoundaryIs></Polygon>
      </Placemark>
      <Placemark>
        <name>Patch (-14,-15)</name>
        <styleUrl>#wastePatchStyle</styleUrl>
        <Polygon><outerBoundaryIs><LinearRing><coordinates>-110.9953125,32.1909375,0 -110.9921875,32.1909375,0 -110.9921875,32.192812499999995,0 -110.9953125,32.192812499999995,0 -110.9953125,32.1909375,0</coordinates></LinearRing></outerBoundaryIs></Polygon>
      </Placemark>
      <Placemark>
        <name>Patch (-13,-15)</name>
        <styleUrl>#newPatchStyle</styleUrl>
        <Polygon><outerBoundaryIs><LinearRing><coordinates>-110.9921875,32.1909375,0 -110.9890625,32.1909375,0 -110.9890625,32.192812499999995,0 -110.9921875,32.192812499999995,0 -110.9921875,32.1909375,0</coordinates></LinearRing></outerBoundaryIs></Polygon>
      </Placemark>
      <Placemark>
        <name>Patch (-12,-15)</name>
        <styleUrl>#newPatchStyle</styleUrl>
        <Polygon><outerBoundaryIs><LinearRing><coordinates>-110.9890625,32.1909375,0 -110.9859375,32.1909375,0 -110.9859375,32.192812499999995,0 -110.9890625,32.192812499999995,0 -110.9890625,32.1909375,0</coordinates></LinearRing></outerBoundaryIs></Polygon>
      </Placemark>
      <Placemark>
        <name>Patch (-11,-15)</name>
        <styleUrl>#newPatchStyle</styleUrl>
        <Polygon><outerBoundaryIs><LinearRing><coordinates>-110.9859375,32.1909375,0 -110.9828125,32.1909375,0 -110.9828125,32.192812499999995,0 -110.9859375,32.192812499999995,0 -110.9859375,32.1909375,0</coordinates></LinearRing></outerBoundaryIs></Polygon>
      </Placemark>
      <Placemark>
        <name>Patch (-10,-15)</name>
        <styleUrl>#newPatchStyle</styleUrl>
        <Polygon><outerBoundaryIs><LinearRing><coordinates>-110.9828125,32.1909375,0 -110.9796875,32.1909375,0 -110.9796875,32.192812499999995,0 -110.9828125,32.192812499999995,0 -110.9828125,32.1909375,0</coordinates></LinearRing></outerBoundaryIs></Polygon>
      </Placemark>
      <Placemark>
        <name>Patch (-9,-15)</name>
        <styleUrl>#newPatchStyle</styleUrl>
        <Polygon><outerBoundaryIs><LinearRing><coordinates>-110.9796875,32.1909375,0 -110.9765625,32.1909375,0 -110.9765625,32.192812499999995,0 -110.9796875,32.192812499999995,0 -110.9796875,32.1909375,0</coordinates></LinearRing></outerBoundaryIs></Polygon>
      </Placemark>
      <Placemark>
        <name>Patch (-8,-15)</name>
        <styleUrl>#newPatchStyle</styleUrl>
        <Polygon><outerBoundaryIs><LinearRing><coordinates>-110.9765625,32.1909375,0 -110.9734375,32.1909375,0 -110.9734375,32.192812499999995,0 -110.9765625,32.192812499999995,0 -110.9765625,32.1909375,0</coordinates></LinearRing></outerBoundaryIs></Polygon>
      </Placemark>
      <Placemark>
        <name>Patch (-7,-15)</name>
        <styleUrl>#newPatchStyle</styleUrl>
        <Polygon><outerBoundaryIs><LinearRing><coordinates>-110.9734375,32.1909375,0 -110.9703125,32.1909375,0 -110.9703125,32.192812499999995,0 -110.9734375,32.192812499999995,0 -110.9734375,32.1909375,0</coordinates></LinearRing></outerBoundaryIs></Polygon>
      </Placemark>
      <Placemark>
        <name>Patch (-6,-15)</name>
        <styleUrl>#wastePatchStyle</styleUrl>
        <Polygon><outerBoundaryIs><LinearRing><coordinates>-110.9703125,32.1909375,0 -110.96718750000001,32.1909375,0 -110.96718750000001,32.192812499999995,0 -110.9703125,32.192812499999995,0 -110.9703125,32.1909375,0</coordinates></LinearRing></outerBoundaryIs></Polygon>
      </Placemark>
      <Placemark>
        <name>Patch (-5,-15)</name>
        <styleUrl>#newPatchStyle</styleUrl>
        <Polygon><outerBoundaryIs><LinearRing><coordinates>-110.96718750000001,32.1909375,0 -110.9640625,32.1909375,0 -110.9640625,32.192812499999995,0 -110.96718750000001,32.192812499999995,0 -110.96718750000001,32.1909375,0</coordinates></LinearRing></outerBoundaryIs></Polygon>
      </Placemark>
      <Placemark>
        <name>Patch (-4,-15)</name>
        <styleUrl>#newPatchStyle</styleUrl>
        <Polygon><outerBoundaryIs><LinearRing><coordinates>-110.9640625,32.1909375,0 -110.9609375,32.1909375,0 -110.9609375,32.192812499999995,0 -110.9640625,32.192812499999995,0 -110.9640625,32.1909375,0</coordinates></LinearRing></outerBoundaryIs></Polygon>
      </Placemark>
      <Placemark>
        <name>Patch (-3,-15)</name>
        <styleUrl>#wastePatchStyle</styleUrl>
        <Polygon><outerBoundaryIs><LinearRing><coordinates>-110.9609375,32.1909375,0 -110.9578125,32.1909375,0 -110.9578125,32.192812499999995,0 -110.9609375,32.192812499999995,0 -110.9609375,32.1909375,0</coordinates></LinearRing></outerBoundaryIs></Polygon>
      </Placemark>
      <Placemark>
        <name>Patch (-2,-15)</name>
        <styleUrl>#newPatchStyle</styleUrl>
        <Polygon><outerBoundaryIs><LinearRing><coordinates>-110.9578125,32.1909375,0 -110.9546875,32.1909375,0 -110.9546875,32.192812499999995,0 -110.9578125,32.192812499999995,0 -110.9578125,32.1909375,0</coordinates></LinearRing></outerBoundaryIs></Polygon>
      </Placemark>
      <Placemark>
        <name>Patch (-1,-15)</name>
        <styleUrl>#wastePatchStyle</styleUrl>
        <Polygon><outerBoundaryIs><LinearRing><coordinates>-110.9546875,32.1909375,0 -110.95156250000001,32.1909375,0 -110.95156250000001,32.192812499999995,0 -110.9546875,32.192812499999995,0 -110.9546875,32.1909375,0</coordinates></LinearRing></outerBoundaryIs></Polygon>
      </Placemark>
      <Placemark>
        <name>Patch (0,-15)</name>
        <styleUrl>#newPatchStyle</styleUrl>
        <Polygon><outerBoundaryIs><LinearRing><coordinates>-110.95156250000001,32.1909375,0 -110.9484375,32.1909375,0 -110.9484375,32.192812499999995,0 -110.95156250000001,32.192812499999995,0 -110.95156250000001,32.1909375,0</coordinates></LinearRing></outerBoundaryIs></Polygon>
      </Placemark>
      <Placemark>
        <name>Patch (1,-15)</name>
        <styleUrl>#wastePatchStyle</styleUrl>
        <Polygon><outerBoundaryIs><LinearRing><coordinates>-110.9484375,32.1909375,0 -110.9453125,32.1909375,0 -110.9453125,32.192812499999995,0 -110.9484375,32.192812499999995,0 -110.9484375,32.1909375,0</coordinates></LinearRing></outerBoundaryIs></Polygon>
      </Placemark>
      <Placemark>
        <name>Patch (2,-15)</name>
        <styleUrl>#newPatchStyle</styleUrl>
        <Polygon><outerBoundaryIs><LinearRing><coordinates>-110.9453125,32.1909375,0 -110.9421875,32.1909375,0 -110.9421875,32.192812499999995,0 -110.9453125,32.192812499999995,0 -110.9453125,32.1909375,0</coordinates></LinearRing></outerBoundaryIs></Polygon>
      </Placemark>
      <Placemark>
        <name>Patch (3,-15)</name>
        <styleUrl>#newPatchStyle</styleUrl>
        <Polygon><outerBoundaryIs><LinearRing><coordinates>-110.9421875,32.1909375,0 -110.9390625,32.1909375,0 -110.9390625,32.192812499999995,0 -110.9421875,32.192812499999995,0 -110.9421875,32.1909375,0</coordinates></LinearRing></outerBoundaryIs></Polygon>
      </Placemark>
      <Placemark>
        <name>Patch (4,-15)</name>
        <styleUrl>#newPatchStyle</styleUrl>
        <Polygon><outerBoundaryIs><LinearRing><coordinates>-110.9390625,32.1909375,0 -110.93593750000001,32.1909375,0 -110.93593750000001,32.192812499999995,0 -110.9390625,32.192812499999995,0 -110.9390625,32.1909375,0</coordinates></LinearRing></outerBoundaryIs></Polygon>
      </Placemark>
      <Placemark>
        <name>Patch (5,-15)</name>
        <styleUrl>#newPatchStyle</styleUrl>
        <Polygon><outerBoundaryIs><LinearRing><coordinates>-110.93593750000001,32.1909375,0 -110.9328125,32.1909375,0 -110.9328125,32.192812499999995,0 -110.93593750000001,32.192812499999995,0 -110.93593750000001,32.1909375,0</coordinates></LinearRing></outerBoundaryIs></Polygon>
      </Placemark>
      <Placemark>
        <name>Patch (6,-15)</name>
        <styleUrl>#newPatchStyle</styleUrl>
        <Polygon><outerBoundaryIs><LinearRing><coordinates>-110.9328125,32.1909375,0 -110.9296875,32.1909375,0 -110.9296875,32.192812499999995,0 -110.9328125,32.192812499999995,0 -110.9328125,32.1909375,0</coordinates></LinearRing></outerBoundaryIs></Polygon>
      </Placemark>
      <Placemark>
        <name>Patch (7,-15)</name>
        <styleUrl>#wastePatchStyle</styleUrl>
        <Polygon><outerBoundaryIs><LinearRing><coordinates>-110.9296875,32.1909375,0 -110.9265625,32.1909375,0 -110.9265625,32.192812499999995,0 -110.9296875,32.192812499999995,0 -110.9296875,32.1909375,0</coordinates></LinearRing></outerBoundaryIs></Polygon>
      </Placemark>
      <Placemark>
        <name>Patch (8,-15)</name>
        <styleUrl>#wastePatchStyle</styleUrl>
        <Polygon><outerBoundaryIs><LinearRing><coordinates>-110.9265625,32.1909375,0 -110.9234375,32.1909375,0 -110.9234375,32.192812499999995,0 -110.9265625,32.192812499999995,0 -110.9265625,32.1909375,0</coordinates></LinearRing></outerBoundaryIs></Polygon>
      </Placemark>
      <Placemark>
        <name>Patch (9,-15)</name>
        <styleUrl>#newPatchStyle</styleUrl>
        <Polygon><outerBoundaryIs><LinearRing><coordinates>-110.9234375,32.1909375,0 -110.92031250000001,32.1909375,0 -110.92031250000001,32.192812499999995,0 -110.9234375,32.192812499999995,0 -110.9234375,32.1909375,0</coordinates></LinearRing></outerBoundaryIs></Polygon>
      </Placemark>
      <Placemark>
        <name>Patch (10,-15)</name>
        <styleUrl>#newPatchStyle</styleUrl>
        <Polygon><outerBoundaryIs><LinearRing><coordinates>-110.92031250000001,32.1909375,0 -110.91718750000001,32.1909375,0 -110.91718750000001,32.192812499999995,0 -110.92031250000001,32.192812499999995,0 -110.92031250000001,32.1909375,0</coordinates></LinearRing></outerBoundaryIs></Polygon>
      </Placemark>
      <Placemark>
        <name>Patch (11,-15)</name>
        <styleUrl>#newPatchStyle</styleUrl>
        <Polygon><outerBoundaryIs><LinearRing><coordinates>-110.91718750000001,32.1909375,0 -110.9140625,32.1909375,0 -110.9140625,32.192812499999995,0 -110.91718750000001,32.192812499999995,0 -110.91718750000001,32.1909375,0</coordinates></LinearRing></outerBoundaryIs></Polygon>
      </Placemark>
      <Placemark>
        <name>Patch (12,-15)</name>
        <styleUrl>#newPatchStyle</styleUrl>
        <Polygon><outerBoundaryIs><LinearRing><coordinates>-110.9140625,32.1909375,0 -110.9109375,32.1909375,0 -110.9109375,32.192812499999995,0 -110.9140625,32.192812499999995,0 -110.9140625,32.1909375,0</coordinates></LinearRing></outerBoundaryIs></Polygon>
      </Placemark>
      <Placemark>
        <name>Patch (13,-15)</name>
        <styleUrl>#newPatchStyle</styleUrl>
        <Polygon><outerBoundaryIs><LinearRing><coordinates>-110.9109375,32.1909375,0 -110.9078125,32.1909375,0 -110.9078125,32.192812499999995,0 -110.9109375,32.192812499999995,0 -110.9109375,32.1909375,0</coordinates></LinearRing></outerBoundaryIs></Polygon>
      </Placemark>
      <Placemark>
        <name>Patch (14,-15)</name>
        <styleUrl>#newPatchStyle</styleUrl>
        <Polygon><outerBoundaryIs><LinearRing><coordinates>-110.9078125,32.1909375,0 -110.90468750000001,32.1909375,0 -110.90468750000001,32.192812499999995,0 -110.9078125,32.192812499999995,0 -110.9078125,32.1909375,0</coordinates></LinearRing></outerBoundaryIs></Polygon>
      </Placemark>
      <Placemark>
        <name>Patch (15,-15)</name>
        <styleUrl>#wastePatchStyle</styleUrl>
        <Polygon><outerBoundaryIs><LinearRing><coordinates>-110.90468750000001,32.1909375,0 -110.90156250000001,32.1909375,0 -110.90156250000001,32.192812499999995,0 -110.90468750000001,32.192812499999995,0 -110.90468750000001,32.1909375,0</coordinates></LinearRing></outerBoundaryIs></Polygon>
      </Placemark>
      <Placemark>
        <name>Patch (16,-15)</name>
        <styleUrl>#wastePatchStyle</styleUrl>
        <Polygon><outerBoundaryIs><LinearRing><coordinates>-110.90156250000001,32.1909375,0 -110.8984375,32.1909375,0 -110.8984375,32.192812499999995,0 -110.90156250000001,32.192812499999995,0 -110.90156250000001,32.1909375,0</coordinates></LinearRing></outerBoundaryIs></Polygon>
      </Placemark>
      <Placemark>
        <name>Patch (-16,-14)</name>
        <styleUrl>#wastePatchStyle</styleUrl>
        <Polygon><outerBoundaryIs><LinearRing><coordinates>-111.0015625,32.192812499999995,0 -110.9984375,32.192812499999995,0 -110.9984375,32.1946875,0 -111.0015625,32.1946875,0 -111.0015625,32.192812499999995,0</coordinates></LinearRing></outerBoundaryIs></Polygon>
      </Placemark>
      <Placemark>
        <name>Patch (-15,-14)</name>
        <styleUrl>#wastePatchStyle</styleUrl>
        <Polygon><outerBoundaryIs><LinearRing><coordinates>-110.9984375,32.192812499999995,0 -110.9953125,32.192812499999995,0 -110.9953125,32.1946875,0 -110.9984375,32.1946875,0 -110.9984375,32.192812499999995,0</coordinates></LinearRing></outerBoundaryIs></Polygon>
      </Placemark>
      <Placemark>
        <name>Patch (-14,-14)</name>
        <styleUrl>#newPatchStyle</styleUrl>
        <Polygon><outerBoundaryIs><LinearRing><coordinates>-110.9953125,32.192812499999995,0 -110.9921875,32.192812499999995,0 -110.9921875,32.1946875,0 -110.9953125,32.1946875,0 -110.9953125,32.192812499999995,0</coordinates></LinearRing></outerBoundaryIs></Polygon>
      </Placemark>
      <Placemark>
        <name>Patch (-13,-14)</name>
        <styleUrl>#newPatchStyle</styleUrl>
        <Polygon><outerBoundaryIs><LinearRing><coordinates>-110.9921875,32.192812499999995,0 -110.9890625,32.192812499999995,0 -110.9890625,32.1946875,0 -110.9921875,32.1946875,0 -110.9921875,32.192812499999995,0</coordinates></LinearRing></outerBoundaryIs></Polygon>
      </Placemark>
      <Placemark>
        <name>Patch (-12,-14)</name>
        <styleUrl>#wastePatchStyle</styleUrl>
        <Polygon><outerBoundaryIs><LinearRing><coordinates>-110.9890625,32.192812499999995,0 -110.9859375,32.192812499999995,0 -110.9859375,32.1946875,0 -110.9890625,32.1946875,0 -110.9890625,32.192812499999995,0</coordinates></LinearRing></outerBoundaryIs></Polygon>
      </Placemark>
      <Placemark>
        <name>Patch (-11,-14)</name>
        <styleUrl>#newPatchStyle</styleUrl>
        <Polygon><outerBoundaryIs><LinearRing><coordinates>-110.9859375,32.192812499999995,0 -110.9828125,32.192812499999995,0 -110.9828125,32.1946875,0 -110.9859375,32.1946875,0 -110.9859375,32.192812499999995,0</coordinates></LinearRing></outerBoundaryIs></Polygon>
      </Placemark>
      <Placemark>
        <name>Patch (-10,-14)</name>
        <styleUrl>#wastePatchStyle</styleUrl>
        <Polygon><outerBoundaryIs><LinearRing><coordinates>-110.9828125,32.192812499999995,0 -110.9796875,32.192812499999995,0 -110.9796875,32.1946875,0 -110.9828125,32.1946875,0 -110.9828125,32.192812499999995,0</coordinates></LinearRing></outerBoundaryIs></Polygon>
      </Placemark>
      <Placemark>
        <name>Patch (-9,-14)</name>
        <styleUrl>#wastePatchStyle</styleUrl>
        <Polygon><outerBoundaryIs><LinearRing><coordinates>-110.9796875,32.192812499999995,0 -110.9765625,32.192812499999995,0 -110.9765625,32.1946875,0 -110.9796875,32.1946875,0 -110.9796875,32.192812499999995,0</coordinates></LinearRing></outerBoundaryIs></Polygon>
      </Placemark>
      <Placemark>
        <name>Patch (-8,-14)</name>
        <styleUrl>#wastePatchStyle</styleUrl>
        <Polygon><outerBoundaryIs><LinearRing><coordinates>-110.9765625,32.192812499999995,0 -110.9734375,32.192812499999995,0 -110.9734375,32.1946875,0 -110.9765625,32.1946875,0 -110.9765625,32.192812499999995,0</coordinates></LinearRing></outerBoundaryIs></Polygon>
      </Placemark>
      <Placemark>
        <name>Patch (-7,-14)</name>
        <styleUrl>#newPatchStyle</styleUrl>
        <Polygon><outerBoundaryIs><LinearRing><coordinates>-110.9734375,32.192812499999995,0 -110.9703125,32.192812499999995,0 -110.9703125,32.1946875,0 -110.9734375,32.1946875,0 -110.9734375,32.192812499999995,0</coordinates></LinearRing></outerBoundaryIs></Polygon>
      </Placemark>
      <Placemark>
        <name>Patch (-6,-14)</name>
        <styleUrl>#wastePatchStyle</styleUrl>
        <Polygon><outerBoundaryIs><LinearRing><coordinates>-110.9703125,32.192812499999995,0 -110.96718750000001,32.192812499999995,0 -110.96718750000001,32.1946875,0 -110.9703125,32.1946875,0 -110.9703125,32.192812499999995,0</coordinates></LinearRing></outerBoundaryIs></Polygon>
      </Placemark>
      <Placemark>
        <name>Patch (-5,-14)</name>
        <styleUrl>#newPatchStyle</styleUrl>
        <Polygon><outerBoundaryIs><LinearRing><coordinates>-110.96718750000001,32.192812499999995,0 -110.9640625,32.192812499999995,0 -110.9640625,32.1946875,0 -110.96718750000001,32.1946875,0 -110.96718750000001,32.192812499999995,0</coordinates></LinearRing></outerBoundaryIs></Polygon>
      </Placemark>
      <Placemark>
        <name>Patch (-4,-14)</name>
        <styleUrl>#newPatchStyle</styleUrl>
        <Polygon><outerBoundaryIs><LinearRing><coordinates>-110.9640625,32.192812499999995,0 -110.9609375,32.192812499999995,0 -110.9609375,32.1946875,0 -110.9640625,32.1946875,0 -110.9640625,32.192812499999995,0</coordinates></LinearRing></outerBoundaryIs></Polygon>
      </Placemark>
      <Placemark>
        <name>Patch (-3,-14)</name>
        <styleUrl>#wastePatchStyle</styleUrl>
        <Polygon><outerBoundaryIs><LinearRing><coordinates>-110.9609375,32.192812499999995,0 -110.9578125,32.192812499999995,0 -110.9578125,32.1946875,0 -110.9609375,32.1946875,0 -110.9609375,32.192812499999995,0</coordinates></LinearRing></outerBoundaryIs></Polygon>
      </Placemark>
      <Placemark>
        <name>Patch (-2,-14)</name>
        <styleUrl>#newPatchStyle</styleUrl>
        <Polygon><outerBoundaryIs><LinearRing><coordinates>-110.9578125,32.192812499999995,0 -110.9546875,32.192812499999995,0 -110.9546875,32.1946875,0 -110.9578125,32.1946875,0 -110.9578125,32.192812499999995,0</coordinates></LinearRing></outerBoundaryIs></Polygon>
      </Placemark>
      <Placemark>
        <name>Patch (-1,-14)</name>
        <styleUrl>#wastePatchStyle</styleUrl>
        <Polygon><outerBoundaryIs><LinearRing><coordinates>-110.9546875,32.192812499999995,0 -110.95156250000001,32.192812499999995,0 -110.95156250000001,32.1946875,0 -110.9546875,32.1946875,0 -110.9546875,32.192812499999995,0</coordinates></LinearRing></outerBoundaryIs></Polygon>
      </Placemark>
      <Placemark>
        <name>Patch (0,-14)</name>
        <styleUrl>#wastePatchStyle</styleUrl>
        <Polygon><outerBoundaryIs><LinearRing><coordinates>-110.95156250000001,32.192812499999995,0 -110.9484375,32.192812499999995,0 -110.9484375,32.1946875,0 -110.95156250000001,32.1946875,0 -110.95156250000001,32.192812499999995,0</coordinates></LinearRing></outerBoundaryIs></Polygon>
      </Placemark>
      <Placemark>
        <name>Patch (1,-14)</name>
        <styleUrl>#wastePatchStyle</styleUrl>
        <Polygon><outerBoundaryIs><LinearRing><coordinates>-110.9484375,32.192812499999995,0 -110.9453125,32.192812499999995,0 -110.9453125,32.1946875,0 -110.9484375,32.1946875,0 -110.9484375,32.192812499999995,0</coordinates></LinearRing></outerBoundaryIs></Polygon>
      </Placemark>
      <Placemark>
        <name>Patch (2,-14)</name>
        <styleUrl>#wastePatchStyle</styleUrl>
        <Polygon><outerBoundaryIs><LinearRing><coordinates>-110.9453125,32.192812499999995,0 -110.9421875,32.192812499999995,0 -110.9421875,32.1946875,0 -110.9453125,32.1946875,0 -110.9453125,32.192812499999995,0</coordinates></LinearRing></outerBoundaryIs></Polygon>
      </Placemark>
      <Placemark>
        <name>Patch (3,-14)</name>
        <styleUrl>#recycledPatchStyle</styleUrl>
        <Polygon><outerBoundaryIs><LinearRing><coordinates>-110.9421875,32.192812499999995,0 -110.9390625,32.192812499999995,0 -110.9390625,32.1946875,0 -110.9421875,32.1946875,0 -110.9421875,32.192812499999995,0</coordinates></LinearRing></outerBoundaryIs></Polygon>
      </Placemark>
      <Placemark>
        <name>Patch (4,-14)</name>
        <styleUrl>#newPatchStyle</styleUrl>
        <Polygon><outerBoundaryIs><LinearRing><coordinates>-110.9390625,32.192812499999995,0 -110.93593750000001,32.192812499999995,0 -110.93593750000001,32.1946875,0 -110.9390625,32.1946875,0 -110.9390625,32.192812499999995,0</coordinates></LinearRing></outerBoundaryIs></Polygon>
      </Placemark>
      <Placemark>
        <name>Patch (5,-14)</name>
        <styleUrl>#wastePatchStyle</styleUrl>
        <Polygon><outerBoundaryIs><LinearRing><coordinates>-110.93593750000001,32.192812499999995,0 -110.9328125,32.192812499999995,0 -110.9328125,32.1946875,0 -110.93593750000001,32.1946875,0 -110.93593750000001,32.192812499999995,0</coordinates></LinearRing></outerBoundaryIs></Polygon>
      </Placemark>
      <Placemark>
        <name>Patch (6,-14)</name>
        <styleUrl>#wastePatchStyle</styleUrl>
        <Polygon><outerBoundaryIs><LinearRing><coordinates>-110.9328125,32.192812499999995,0 -110.9296875,32.192812499999995,0 -110.9296875,32.1946875,0 -110.9328125,32.1946875,0 -110.9328125,32.192812499999995,0</coordinates></LinearRing></outerBoundaryIs></Polygon>
      </Placemark>
      <Placemark>
        <name>Patch (7,-14)</name>
        <styleUrl>#wastePatchStyle</styleUrl>
        <Polygon><outerBoundaryIs><LinearRing><coordinates>-110.9296875,32.192812499999995,0 -110.9265625,32.192812499999995,0 -110.9265625,32.1946875,0 -110.9296875,32.1946875,0 -110.9296875,32.192812499999995,0</coordinates></LinearRing></outerBoundaryIs></Polygon>
      </Placemark>
      <Placemark>
        <name>Patch (8,-14)</name>
        <styleUrl>#wastePatchStyle</styleUrl>
        <Polygon><outerBoundaryIs><LinearRing><coordinates>-110.9265625,32.192812499999995,0 -110.9234375,32.192812499999995,0 -110.9234375,32.1946875,0 -110.9265625,32.1946875,0 -110.9265625,32.192812499999995,0</coordinates></LinearRing></outerBoundaryIs></Polygon>
      </Placemark>
      <Placemark>
        <name>Patch (9,-14)</name>
        <styleUrl>#wastePatchStyle</styleUrl>
        <Polygon><outerBoundaryIs><LinearRing><coordinates>-110.9234375,32.192812499999995,0 -110.92031250000001,32.192812499999995,0 -110.92031250000001,32.1946875,0 -110.9234375,32.1946875,0 -110.9234375,32.192812499999995,0</coordinates></LinearRing></outerBoundaryIs></Polygon>
      </Placemark>
      <Placemark>
        <name>Patch (10,-14)</name>
        <styleUrl>#wastePatchStyle</styleUrl>
        <Polygon><outerBoundaryIs><LinearRing><coordinates>-110.92031250000001,32.192812499999995,0 -110.91718750000001,32.192812499999995,0 -110.91718750000001,32.1946875,0 -110.92031250000001,32.1946875,0 -110.92031250000001,32.192812499999995,0</coordinates></LinearRing></outerBoundaryIs></Polygon>
      </Placemark>
      <Placemark>
        <name>Patch (11,-14)</name>
        <styleUrl>#newPatchStyle</styleUrl>
        <Polygon><outerBoundaryIs><LinearRing><coordinates>-110.91718750000001,32.192812499999995,0 -110.9140625,32.192812499999995,0 -110.9140625,32.1946875,0 -110.91718750000001,32.1946875,0 -110.91718750000001,32.192812499999995,0</coordinates></LinearRing></outerBoundaryIs></Polygon>
      </Placemark>
      <Placemark>
        <name>Patch (12,-14)</name>
        <styleUrl>#newPatchStyle</styleUrl>
        <Polygon><outerBoundaryIs><LinearRing><coordinates>-110.9140625,32.192812499999995,0 -110.9109375,32.192812499999995,0 -110.9109375,32.1946875,0 -110.9140625,32.1946875,0 -110.9140625,32.192812499999995,0</coordinates></LinearRing></outerBoundaryIs></Polygon>
      </Placemark>
      <Placemark>
        <name>Patch (13,-14)</name>
        <styleUrl>#newPatchStyle</styleUrl>
        <Polygon><outerBoundaryIs><LinearRing><coordinates>-110.9109375,32.192812499999995,0 -110.9078125,32.192812499999995,0 -110.9078125,32.1946875,0 -110.9109375,32.1946875,0 -110.9109375,32.192812499999995,0</coordinates></LinearRing></outerBoundaryIs></Polygon>
      </Placemark>
      <Placemark>
        <name>Patch (14,-14)</name>
        <styleUrl>#newPatchStyle</styleUrl>
        <Polygon><outerBoundaryIs><LinearRing><coordinates>-110.9078125,32.192812499999995,0 -110.90468750000001,32.192812499999995,0 -110.90468750000001,32.1946875,0 -110.9078125,32.1946875,0 -110.9078125,32.192812499999995,0</coordinates></LinearRing></outerBoundaryIs></Polygon>
      </Placemark>
      <Placemark>
        <name>Patch (15,-14)</name>
        <styleUrl>#wastePatchStyle</styleUrl>
        <Polygon><outerBoundaryIs><LinearRing><coordinates>-110.90468750000001,32.192812499999995,0 -110.90156250000001,32.192812499999995,0 -110.90156250000001,32.1946875,0 -110.90468750000001,32.1946875,0 -110.90468750000001,32.192812499999995,0</coordinates></LinearRing></outerBoundaryIs></Polygon>
      </Placemark>
      <Placemark>
        <name>Patch (16,-14)</name>
        <styleUrl>#newPatchStyle</styleUrl>
        <Polygon><outerBoundaryIs><LinearRing><coordinates>-110.90156250000001,32.192812499999995,0 -110.8984375,32.192812499999995,0 -110.8984375,32.1946875,0 -110.90156250000001,32.1946875,0 -110.90156250000001,32.192812499999995,0</coordinates></LinearRing></outerBoundaryIs></Polygon>
      </Placemark>
      <Placemark>
        <name>Patch (-16,-13)</name>
        <styleUrl>#wastePatchStyle</styleUrl>
        <Polygon><outerBoundaryIs><LinearRing><coordinates>-111.0015625,32.1946875,0 -110.9984375,32.1946875,0 -110.9984375,32.1965625,0 -111.0015625,32.1965625,0 -111.0015625,32.1946875,0</coordinates></LinearRing></outerBoundaryIs></Polygon>
      </Placemark>
      <Placemark>
        <name>Patch (-15,-13)</name>
        <styleUrl>#newPatchStyle</styleUrl>
        <Polygon><outerBoundaryIs><LinearRing><coordinates>-110.9984375,32.1946875,0 -110.9953125,32.1946875,0 -110.9953125,32.1965625,0 -110.9984375,32.1965625,0 -110.9984375,32.1946875,0</coordinates></LinearRing></outerBoundaryIs></Polygon>
      </Placemark>
      <Placemark>
        <name>Patch (-14,-13)</name>
        <styleUrl>#newPatchStyle</styleUrl>
        <Polygon><outerBoundaryIs><LinearRing><coordinates>-110.9953125,32.1946875,0 -110.9921875,32.1946875,0 -110.9921875,32.1965625,0 -110.9953125,32.1965625,0 -110.9953125,32.1946875,0</coordinates></LinearRing></outerBoundaryIs></Polygon>
      </Placemark>
      <Placemark>
        <name>Patch (-13,-13)</name>
        <styleUrl>#wastePatchStyle</styleUrl>
        <Polygon><outerBoundaryIs><LinearRing><coordinates>-110.9921875,32.1946875,0 -110.9890625,32.1946875,0 -110.9890625,32.1965625,0 -110.9921875,32.1965625,0 -110.9921875,32.1946875,0</coordinates></LinearRing></outerBoundaryIs></Polygon>
      </Placemark>
      <Placemark>
        <name>Patch (-12,-13)</name>
        <styleUrl>#wastePatchStyle</styleUrl>
        <Polygon><outerBoundaryIs><LinearRing><coordinates>-110.9890625,32.1946875,0 -110.9859375,32.1946875,0 -110.9859375,32.1965625,0 -110.9890625,32.1965625,0 -110.9890625,32.1946875,0</coordinates></LinearRing></outerBoundaryIs></Polygon>
      </Placemark>
      <Placemark>
        <name>Patch (-11,-13)</name>
        <styleUrl>#wastePatchStyle</styleUrl>
        <Polygon><outerBoundaryIs><LinearRing><coordinates>-110.9859375,32.1946875,0 -110.9828125,32.1946875,0 -110.9828125,32.1965625,0 -110.9859375,32.1965625,0 -110.9859375,32.1946875,0</coordinates></LinearRing></outerBoundaryIs></Polygon>
      </Placemark>
      <Placemark>
        <name>Patch (-10,-13)</name>
        <styleUrl>#wastePatchStyle</styleUrl>
        <Polygon><outerBoundaryIs><LinearRing><coordinates>-110.9828125,32.1946875,0 -110.9796875,32.1946875,0 -110.9796875,32.1965625,0 -110.9828125,32.1965625,0 -110.9828125,32.1946875,0</coordinates></LinearRing></outerBoundaryIs></Polygon>
      </Placemark>
      <Placemark>
        <name>Patch (-9,-13)</name>
        <styleUrl>#wastePatchStyle</styleUrl>
        <Polygon><outerBoundaryIs><LinearRing><coordinates>-110.9796875,32.1946875,0 -110.9765625,32.1946875,0 -110.9765625,32.1965625,0 -110.9796875,32.1965625,0 -110.9796875,32.1946875,0</coordinates></LinearRing></outerBoundaryIs></Polygon>
      </Placemark>
      <Placemark>
        <name>Patch (-8,-13)</name>
        <styleUrl>#newPatchStyle</styleUrl>
        <Polygon><outerBoundaryIs><LinearRing><coordinates>-110.9765625,32.1946875,0 -110.9734375,32.1946875,0 -110.9734375,32.1965625,0 -110.9765625,32.1965625,0 -110.9765625,32.1946875,0</coordinates></LinearRing></outerBoundaryIs></Polygon>
      </Placemark>
      <Placemark>
        <name>Patch (-7,-13)</name>
        <styleUrl>#wastePatchStyle</styleUrl>
        <Polygon><outerBoundaryIs><LinearRing><coordinates>-110.9734375,32.1946875,0 -110.9703125,32.1946875,0 -110.9703125,32.1965625,0 -110.9734375,32.1965625,0 -110.9734375,32.1946875,0</coordinates></LinearRing></outerBoundaryIs></Polygon>
      </Placemark>
      <Placemark>
        <name>Patch (-6,-13)</name>
        <styleUrl>#wastePatchStyle</styleUrl>
        <Polygon><outerBoundaryIs><LinearRing><coordinates>-110.9703125,32.1946875,0 -110.96718750000001,32.1946875,0 -110.96718750000001,32.1965625,0 -110.9703125,32.1965625,0 -110.9703125,32.1946875,0</coordinates></LinearRing></outerBoundaryIs></Polygon>
      </Placemark>
      <Placemark>
        <name>Patch (-5,-13)</name>
        <styleUrl>#newPatchStyle</styleUrl>
        <Polygon><outerBoundaryIs><LinearRing><coordinates>-110.96718750000001,32.1946875,0 -110.9640625,32.1946875,0 -110.9640625,32.1965625,0 -110.96718750000001,32.1965625,0 -110.96718750000001,32.1946875,0</coordinates></LinearRing></outerBoundaryIs></Polygon>
      </Placemark>
      <Placemark>
        <name>Patch (-4,-13)</name>
        <styleUrl>#newPatchStyle</styleUrl>
        <Polygon><outerBoundaryIs><LinearRing><coordinates>-110.9640625,32.1946875,0 -110.9609375,32.1946875,0 -110.9609375,32.1965625,0 -110.9640625,32.1965625,0 -110.9640625,32.1946875,0</coordinates></LinearRing></outerBoundaryIs></Polygon>
      </Placemark>
      <Placemark>
        <name>Patch (-3,-13)</name>
        <styleUrl>#newPatchStyle</styleUrl>
        <Polygon><outerBoundaryIs><LinearRing><coordinates>-110.9609375,32.1946875,0 -110.9578125,32.1946875,0 -110.9578125,32.1965625,0 -110.9609375,32.1965625,0 -110.9609375,32.1946875,0</coordinates></LinearRing></outerBoundaryIs></Polygon>
      </Placemark>
      <Placemark>
        <name>Patch (-2,-13)</name>
        <styleUrl>#newPatchStyle</styleUrl>
        <Polygon><outerBoundaryIs><LinearRing><coordinates>-110.9578125,32.1946875,0 -110.9546875,32.1946875,0 -110.9546875,32.1965625,0 -110.9578125,32.1965625,0 -110.9578125,32.1946875,0</coordinates></LinearRing></outerBoundaryIs></Polygon>
      </Placemark>
      <Placemark>
        <name>Patch (-1,-13)</name>
        <styleUrl>#wastePatchStyle</styleUrl>
        <Polygon><outerBoundaryIs><LinearRing><coordinates>-110.9546875,32.1946875,0 -110.95156250000001,32.1946875,0 -110.95156250000001,32.1965625,0 -110.9546875,32.1965625,0 -110.9546875,32.1946875,0</coordinates></LinearRing></outerBoundaryIs></Polygon>
      </Placemark>
      <Placemark>
        <name>Patch (0,-13)</name>
        <styleUrl>#wastePatchStyle</styleUrl>
        <Polygon><outerBoundaryIs><LinearRing><coordinates>-110.95156250000001,32.1946875,0 -110.9484375,32.1946875,0 -110.9484375,32.1965625,0 -110.95156250000001,32.1965625,0 -110.95156250000001,32.1946875,0</coordinates></LinearRing></outerBoundaryIs></Polygon>
      </Placemark>
      <Placemark>
        <name>Patch (1,-13)</name>
        <styleUrl>#wastePatchStyle</styleUrl>
        <Polygon><outerBoundaryIs><LinearRing><coordinates>-110.9484375,32.1946875,0 -110.9453125,32.1946875,0 -110.9453125,32.1965625,0 -110.9484375,32.1965625,0 -110.9484375,32.1946875,0</coordinates></LinearRing></outerBoundaryIs></Polygon>
      </Placemark>
      <Placemark>
        <name>Patch (2,-13)</name>
        <styleUrl>#wastePatchStyle</styleUrl>
        <Polygon><outerBoundaryIs><LinearRing><coordinates>-110.9453125,32.1946875,0 -110.9421875,32.1946875,0 -110.9421875,32.1965625,0 -110.9453125,32.1965625,0 -110.9453125,32.1946875,0</coordinates></LinearRing></outerBoundaryIs></Polygon>
      </Placemark>
      <Placemark>
        <name>Patch (3,-13)</name>
        <styleUrl>#newPatchStyle</styleUrl>
        <Polygon><outerBoundaryIs><LinearRing><coordinates>-110.9421875,32.1946875,0 -110.9390625,32.1946875,0 -110.9390625,32.1965625,0 -110.9421875,32.1965625,0 -110.9421875,32.1946875,0</coordinates></LinearRing></outerBoundaryIs></Polygon>
      </Placemark>
      <Placemark>
        <name>Patch (4,-13)</name>
        <styleUrl>#newPatchStyle</styleUrl>
        <Polygon><outerBoundaryIs><LinearRing><coordinates>-110.9390625,32.1946875,0 -110.93593750000001,32.1946875,0 -110.93593750000001,32.1965625,0 -110.9390625,32.1965625,0 -110.9390625,32.1946875,0</coordinates></LinearRing></outerBoundaryIs></Polygon>
      </Placemark>
      <Placemark>
        <name>Patch (5,-13)</name>
        <styleUrl>#wastePatchStyle</styleUrl>
        <Polygon><outerBoundaryIs><LinearRing><coordinates>-110.93593750000001,32.1946875,0 -110.9328125,32.1946875,0 -110.9328125,32.1965625,0 -110.93593750000001,32.1965625,0 -110.93593750000001,32.1946875,0</coordinates></LinearRing></outerBoundaryIs></Polygon>
      </Placemark>
      <Placemark>
        <name>Patch (6,-13)</name>
        <styleUrl>#newPatchStyle</styleUrl>
        <Polygon><outerBoundaryIs><LinearRing><coordinates>-110.9328125,32.1946875,0 -110.9296875,32.1946875,0 -110.9296875,32.1965625,0 -110.9328125,32.1965625,0 -110.9328125,32.1946875,0</coordinates></LinearRing></outerBoundaryIs></Polygon>
      </Placemark>
      <Placemark>
        <name>Patch (7,-13)</name>
        <styleUrl>#wastePatchStyle</styleUrl>
        <Polygon><outerBoundaryIs><LinearRing><coordinates>-110.9296875,32.1946875,0 -110.9265625,32.1946875,0 -110.9265625,32.1965625,0 -110.9296875,32.1965625,0 -110.9296875,32.1946875,0</coordinates></LinearRing></outerBoundaryIs></Polygon>
      </Placemark>
      <Placemark>
        <name>Patch (8,-13)</name>
        <styleUrl>#wastePatchStyle</styleUrl>
        <Polygon><outerBoundaryIs><LinearRing><coordinates>-110.9265625,32.1946875,0 -110.9234375,32.1946875,0 -110.9234375,32.1965625,0 -110.9265625,32.1965625,0 -110.9265625,32.1946875,0</coordinates></LinearRing></outerBoundaryIs></Polygon>
      </Placemark>
      <Placemark>
        <name>Patch (9,-13)</name>
        <styleUrl>#newPatchStyle</styleUrl>
        <Polygon><outerBoundaryIs><LinearRing><coordinates>-110.9234375,32.1946875,0 -110.92031250000001,32.1946875,0 -110.92031250000001,32.1965625,0 -110.9234375,32.1965625,0 -110.9234375,32.1946875,0</coordinates></LinearRing></outerBoundaryIs></Polygon>
      </Placemark>
      <Placemark>
        <name>Patch (10,-13)</name>
        <styleUrl>#newPatchStyle</styleUrl>
        <Polygon><outerBoundaryIs><LinearRing><coordinates>-110.92031250000001,32.1946875,0 -110.91718750000001,32.1946875,0 -110.91718750000001,32.1965625,0 -110.92031250000001,32.1965625,0 -110.92031250000001,32.1946875,0</coordinates></LinearRing></outerBoundaryIs></Polygon>
      </Placemark>
      <Placemark>
        <name>Patch (11,-13)</name>
        <styleUrl>#newPatchStyle</styleUrl>
        <Polygon><outerBoundaryIs><LinearRing><coordinates>-110.91718750000001,32.1946875,0 -110.9140625,32.1946875,0 -110.9140625,32.1965625,0 -110.91718750000001,32.1965625,0 -110.91718750000001,32.1946875,0</coordinates></LinearRing></outerBoundaryIs></Polygon>
      </Placemark>
      <Placemark>
        <name>Patch (12,-13)</name>
        <styleUrl>#newPatchStyle</styleUrl>
        <Polygon><outerBoundaryIs><LinearRing><coordinates>-110.9140625,32.1946875,0 -110.9109375,32.1946875,0 -110.9109375,32.1965625,0 -110.9140625,32.1965625,0 -110.9140625,32.1946875,0</coordinates></LinearRing></outerBoundaryIs></Polygon>
      </Placemark>
      <Placemark>
        <name>Patch (13,-13)</name>
        <styleUrl>#newPatchStyle</styleUrl>
        <Polygon><outerBoundaryIs><LinearRing><coordinates>-110.9109375,32.1946875,0 -110.9078125,32.1946875,0 -110.9078125,32.1965625,0 -110.9109375,32.1965625,0 -110.9109375,32.1946875,0</coordinates></LinearRing></outerBoundaryIs></Polygon>
      </Placemark>
      <Placemark>
        <name>Patch (14,-13)</name>
        <styleUrl>#newPatchStyle</styleUrl>
        <Polygon><outerBoundaryIs><LinearRing><coordinates>-110.9078125,32.1946875,0 -110.90468750000001,32.1946875,0 -110.90468750000001,32.1965625,0 -110.9078125,32.1965625,0 -110.9078125,32.1946875,0</coordinates></LinearRing></outerBoundaryIs></Polygon>
      </Placemark>
      <Placemark>
        <name>Patch (15,-13)</name>
        <styleUrl>#newPatchStyle</styleUrl>
        <Polygon><outerBoundaryIs><LinearRing><coordinates>-110.90468750000001,32.1946875,0 -110.90156250000001,32.1946875,0 -110.90156250000001,32.1965625,0 -110.90468750000001,32.1965625,0 -110.90468750000001,32.1946875,0</coordinates></LinearRing></outerBoundaryIs></Polygon>
      </Placemark>
      <Placemark>
        <name>Patch (16,-13)</name>
        <styleUrl>#wastePatchStyle</styleUrl>
        <Polygon><outerBoundaryIs><LinearRing><coordinates>-110.90156250000001,32.1946875,0 -110.8984375,32.1946875,0 -110.8984375,32.1965625,0 -110.90156250000001,32.1965625,0 -110.90156250000001,32.1946875,0</coordinates></LinearRing></outerBoundaryIs></Polygon>
      </Placemark>
      <Placemark>
        <name>Patch (-16,-12)</name>
        <styleUrl>#wastePatchStyle</styleUrl>
        <Polygon><outerBoundaryIs><LinearRing><coordinates>-111.0015625,32.1965625,0 -110.9984375,32.1965625,0 -110.9984375,32.1984375,0 -111.0015625,32.1984375,0 -111.0015625,32.1965625,0</coordinates></LinearRing></outerBoundaryIs></Polygon>
      </Placemark>
      <Placemark>
        <name>Patch (-15,-12)</name>
        <styleUrl>#newPatchStyle</styleUrl>
        <Polygon><outerBoundaryIs><LinearRing><coordinates>-110.9984375,32.1965625,0 -110.9953125,32.1965625,0 -110.9953125,32.1984375,0 -110.9984375,32.1984375,0 -110.9984375,32.1965625,0</coordinates></LinearRing></outerBoundaryIs></Polygon>
      </Placemark>
      <Placemark>
        <name>Patch (-14,-12)</name>
        <styleUrl>#newPatchStyle</styleUrl>
        <Polygon><outerBoundaryIs><LinearRing><coordinates>-110.9953125,32.1965625,0 -110.9921875,32.1965625,0 -110.9921875,32.1984375,0 -110.9953125,32.1984375,0 -110.9953125,32.1965625,0</coordinates></LinearRing></outerBoundaryIs></Polygon>
      </Placemark>
      <Placemark>
        <name>Patch (-13,-12)</name>
        <styleUrl>#wastePatchStyle</styleUrl>
        <Polygon><outerBoundaryIs><LinearRing><coordinates>-110.9921875,32.1965625,0 -110.9890625,32.1965625,0 -110.9890625,32.1984375,0 -110.9921875,32.1984375,0 -110.9921875,32.1965625,0</coordinates></LinearRing></outerBoundaryIs></Polygon>
      </Placemark>
      <Placemark>
        <name>Patch (-12,-12)</name>
        <styleUrl>#newPatchStyle</styleUrl>
        <Polygon><outerBoundaryIs><LinearRing><coordinates>-110.9890625,32.1965625,0 -110.9859375,32.1965625,0 -110.9859375,32.1984375,0 -110.9890625,32.1984375,0 -110.9890625,32.1965625,0</coordinates></LinearRing></outerBoundaryIs></Polygon>
      </Placemark>
      <Placemark>
        <name>Patch (-11,-12)</name>
        <styleUrl>#newPatchStyle</styleUrl>
        <Polygon><outerBoundaryIs><LinearRing><coordinates>-110.9859375,32.1965625,0 -110.9828125,32.1965625,0 -110.9828125,32.1984375,0 -110.9859375,32.1984375,0 -110.9859375,32.1965625,0</coordinates></LinearRing></outerBoundaryIs></Polygon>
      </Placemark>
      <Placemark>
        <name>Patch (-10,-12)</name>
        <styleUrl>#newPatchStyle</styleUrl>
        <Polygon><outerBoundaryIs><LinearRing><coordinates>-110.9828125,32.1965625,0 -110.9796875,32.1965625,0 -110.9796875,32.1984375,0 -110.9828125,32.1984375,0 -110.9828125,32.1965625,0</coordinates></LinearRing></outerBoundaryIs></Polygon>
      </Placemark>
      <Placemark>
        <name>Patch (-9,-12)</name>
        <styleUrl>#newPatchStyle</styleUrl>
        <Polygon><outerBoundaryIs><LinearRing><coordinates>-110.9796875,32.1965625,0 -110.9765625,32.1965625,0 -110.9765625,32.1984375,0 -110.9796875,32.1984375,0 -110.9796875,32.1965625,0</coordinates></LinearRing></outerBoundaryIs></Polygon>
      </Placemark>
      <Placemark>
        <name>Patch (-8,-12)</name>
        <styleUrl>#wastePatchStyle</styleUrl>
        <Polygon><outerBoundaryIs><LinearRing><coordinates>-110.9765625,32.1965625,0 -110.9734375,32.1965625,0 -110.9734375,32.1984375,0 -110.9765625,32.1984375,0 -110.9765625,32.1965625,0</coordinates></LinearRing></outerBoundaryIs></Polygon>
      </Placemark>
      <Placemark>
        <name>Patch (-7,-12)</name>
        <styleUrl>#wastePatchStyle</styleUrl>
        <Polygon><outerBoundaryIs><LinearRing><coordinates>-110.9734375,32.1965625,0 -110.9703125,32.1965625,0 -110.9703125,32.1984375,0 -110.9734375,32.1984375,0 -110.9734375,32.1965625,0</coordinates></LinearRing></outerBoundaryIs></Polygon>
      </Placemark>
      <Placemark>
        <name>Patch (-6,-12)</name>
        <styleUrl>#wastePatchStyle</styleUrl>
        <Polygon><outerBoundaryIs><LinearRing><coordinates>-110.9703125,32.1965625,0 -110.96718750000001,32.1965625,0 -110.96718750000001,32.1984375,0 -110.9703125,32.1984375,0 -110.9703125,32.1965625,0</coordinates></LinearRing></outerBoundaryIs></Polygon>
      </Placemark>
      <Placemark>
        <name>Patch (-5,-12)</name>
        <styleUrl>#newPatchStyle</styleUrl>
        <Polygon><outerBoundaryIs><LinearRing><coordinates>-110.96718750000001,32.1965625,0 -110.9640625,32.1965625,0 -110.9640625,32.1984375,0 -110.96718750000001,32.1984375,0 -110.96718750000001,32.1965625,0</coordinates></LinearRing></outerBoundaryIs></Polygon>
      </Placemark>
      <Placemark>
        <name>Patch (-4,-12)</name>
        <styleUrl>#newPatchStyle</styleUrl>
        <Polygon><outerBoundaryIs><LinearRing><coordinates>-110.9640625,32.1965625,0 -110.9609375,32.1965625,0 -110.9609375,32.1984375,0 -110.9640625,32.1984375,0 -110.9640625,32.1965625,0</coordinates></LinearRing></outerBoundaryIs></Polygon>
      </Placemark>
      <Placemark>
        <name>Patch (-3,-12)</name>
        <styleUrl>#newPatchStyle</styleUrl>
        <Polygon><outerBoundaryIs><LinearRing><coordinates>-110.9609375,32.1965625,0 -110.9578125,32.1965625,0 -110.9578125,32.1984375,0 -110.9609375,32.1984375,0 -110.9609375,32.1965625,0</coordinates></LinearRing></outerBoundaryIs></Polygon>
      </Placemark>
      <Placemark>
        <name>Patch (-2,-12)</name>
        <styleUrl>#newPatchStyle</styleUrl>
        <Polygon><outerBoundaryIs><LinearRing><coordinates>-110.9578125,32.1965625,0 -110.9546875,32.1965625,0 -110.9546875,32.1984375,0 -110.9578125,32.1984375,0 -110.9578125,32.1965625,0</coordinates></LinearRing></outerBoundaryIs></Polygon>
      </Placemark>
      <Placemark>
        <name>Patch (-1,-12)</name>
        <styleUrl>#newPatchStyle</styleUrl>
        <Polygon><outerBoundaryIs><LinearRing><coordinates>-110.9546875,32.1965625,0 -110.95156250000001,32.1965625,0 -110.95156250000001,32.1984375,0 -110.9546875,32.1984375,0 -110.9546875,32.1965625,0</coordinates></LinearRing></outerBoundaryIs></Polygon>
      </Placemark>
      <Placemark>
        <name>Patch (0,-12)</name>
        <styleUrl>#newPatchStyle</styleUrl>
        <Polygon><outerBoundaryIs><LinearRing><coordinates>-110.95156250000001,32.1965625,0 -110.9484375,32.1965625,0 -110.9484375,32.1984375,0 -110.95156250000001,32.1984375,0 -110.95156250000001,32.1965625,0</coordinates></LinearRing></outerBoundaryIs></Polygon>
      </Placemark>
      <Placemark>
        <name>Patch (1,-12)</name>
        <styleUrl>#wastePatchStyle</styleUrl>
        <Polygon><outerBoundaryIs><LinearRing><coordinates>-110.9484375,32.1965625,0 -110.9453125,32.1965625,0 -110.9453125,32.1984375,0 -110.9484375,32.1984375,0 -110.9484375,32.1965625,0</coordinates></LinearRing></outerBoundaryIs></Polygon>
      </Placemark>
      <Placemark>
        <name>Patch (2,-12)</name>
        <styleUrl>#newPatchStyle</styleUrl>
        <Polygon><outerBoundaryIs><LinearRing><coordinates>-110.9453125,32.1965625,0 -110.9421875,32.1965625,0 -110.9421875,32.1984375,0 -110.9453125,32.1984375,0 -110.9453125,32.1965625,0</coordinates></LinearRing></outerBoundaryIs></Polygon>
      </Placemark>
      <Placemark>
        <name>Patch (3,-12)</name>
        <styleUrl>#newPatchStyle</styleUrl>
        <Polygon><outerBoundaryIs><LinearRing><coordinates>-110.9421875,32.1965625,0 -110.9390625,32.1965625,0 -110.9390625,32.1984375,0 -110.9421875,32.1984375,0 -110.9421875,32.1965625,0</coordinates></LinearRing></outerBoundaryIs></Polygon>
      </Placemark>
      <Placemark>
        <name>Patch (4,-12)</name>
        <styleUrl>#wastePatchStyle</styleUrl>
        <Polygon><outerBoundaryIs><LinearRing><coordinates>-110.9390625,32.1965625,0 -110.93593750000001,32.1965625,0 -110.93593750000001,32.1984375,0 -110.9390625,32.1984375,0 -110.9390625,32.1965625,0</coordinates></LinearRing></outerBoundaryIs></Polygon>
      </Placemark>
      <Placemark>
        <name>Patch (5,-12)</name>
        <styleUrl>#newPatchStyle</styleUrl>
        <Polygon><outerBoundaryIs><LinearRing><coordinates>-110.93593750000001,32.1965625,0 -110.9328125,32.1965625,0 -110.9328125,32.1984375,0 -110.93593750000001,32.1984375,0 -110.93593750000001,32.1965625,0</coordinates></LinearRing></outerBoundaryIs></Polygon>
      </Placemark>
      <Placemark>
        <name>Patch (6,-12)</name>
        <styleUrl>#newPatchStyle</styleUrl>
        <Polygon><outerBoundaryIs><LinearRing><coordinates>-110.9328125,32.1965625,0 -110.9296875,32.1965625,0 -110.9296875,32.1984375,0 -110.9328125,32.1984375,0 -110.9328125,32.1965625,0</coordinates></LinearRing></outerBoundaryIs></Polygon>
      </Placemark>
      <Placemark>
        <name>Patch (7,-12)</name>
        <styleUrl>#newPatchStyle</styleUrl>
        <Polygon><outerBoundaryIs><LinearRing><coordinates>-110.9296875,32.1965625,0 -110.9265625,32.1965625,0 -110.9265625,32.1984375,0 -110.9296875,32.1984375,0 -110.9296875,32.1965625,0</coordinates></LinearRing></outerBoundaryIs></Polygon>
      </Placemark>
      <Placemark>
        <name>Patch (8,-12)</name>
        <styleUrl>#newPatchStyle</styleUrl>
        <Polygon><outerBoundaryIs><LinearRing><coordinates>-110.9265625,32.1965625,0 -110.9234375,32.1965625,0 -110.9234375,32.1984375,0 -110.9265625,32.1984375,0 -110.9265625,32.1965625,0</coordinates></LinearRing></outerBoundaryIs></Polygon>
      </Placemark>
      <Placemark>
        <name>Patch (9,-12)</name>
        <styleUrl>#newPatchStyle</styleUrl>
        <Polygon><outerBoundaryIs><LinearRing><coordinates>-110.9234375,32.1965625,0 -110.92031250000001,32.1965625,0 -110.92031250000001,32.1984375,0 -110.9234375,32.1984375,0 -110.9234375,32.1965625,0</coordinates></LinearRing></outerBoundaryIs></Polygon>
      </Placemark>
      <Placemark>
        <name>Patch (10,-12)</name>
        <styleUrl>#newPatchStyle</styleUrl>
        <Polygon><outerBoundaryIs><LinearRing><coordinates>-110.92031250000001,32.1965625,0 -110.91718750000001,32.1965625,0 -110.91718750000001,32.1984375,0 -110.92031250000001,32.1984375,0 -110.92031250000001,32.1965625,0</coordinates></LinearRing></outerBoundaryIs></Polygon>
      </Placemark>
      <Placemark>
        <name>Patch (11,-12)</name>
        <styleUrl>#newPatchStyle</styleUrl>
        <Polygon><outerBoundaryIs><LinearRing><coordinates>-110.91718750000001,32.1965625,0 -110.9140625,32.1965625,0 -110.9140625,32.1984375,0 -110.91718750000001,32.1984375,0 -110.91718750000001,32.1965625,0</coordinates></LinearRing></outerBoundaryIs></Polygon>
      </Placemark>
      <Placemark>
        <name>Patch (12,-12)</name>
        <styleUrl>#recycledPatchStyle</styleUrl>
        <Polygon><outerBoundaryIs><LinearRing><coordinates>-110.9140625,32.1965625,0 -110.9109375,32.1965625,0 -110.9109375,32.1984375,0 -110.9140625,32.1984375,0 -110.9140625,32.1965625,0</coordinates></LinearRing></outerBoundaryIs></Polygon>
      </Placemark>
      <Placemark>
        <name>Patch (13,-12)</name>
        <styleUrl>#newPatchStyle</styleUrl>
        <Polygon><outerBoundaryIs><LinearRing><coordinates>-110.9109375,32.1965625,0 -110.9078125,32.1965625,0 -110.9078125,32.1984375,0 -110.9109375,32.1984375,0 -110.9109375,32.1965625,0</coordinates></LinearRing></outerBoundaryIs></Polygon>
      </Placemark>
      <Placemark>
        <name>Patch (14,-12)</name>
        <styleUrl>#newPatchStyle</styleUrl>
        <Polygon><outerBoundaryIs><LinearRing><coordinates>-110.9078125,32.1965625,0 -110.90468750000001,32.1965625,0 -110.90468750000001,32.1984375,0 -110.9078125,32.1984375,0 -110.9078125,32.1965625,0</coordinates></LinearRing></outerBoundaryIs></Polygon>
      </Placemark>
      <Placemark>
        <name>Patch (15,-12)</name>
        <styleUrl>#newPatchStyle</styleUrl>
        <Polygon><outerBoundaryIs><LinearRing><coordinates>-110.90468750000001,32.1965625,0 -110.90156250000001,32.1965625,0 -110.90156250000001,32.1984375,0 -110.90468750000001,32.1984375,0 -110.90468750000001,32.1965625,0</coordinates></LinearRing></outerBoundaryIs></Polygon>
      </Placemark>
      <Placemark>
        <name>Patch (16,-12)</name>
        <styleUrl>#wastePatchStyle</styleUrl>
        <Polygon><outerBoundaryIs><LinearRing><coordinates>-110.90156250000001,32.1965625,0 -110.8984375,32.1965625,0 -110.8984375,32.1984375,0 -110.90156250000001,32.1984375,0 -110.90156250000001,32.1965625,0</coordinates></LinearRing></outerBoundaryIs></Polygon>
      </Placemark>
      <Placemark>
        <name>Patch (-16,-11)</name>
        <styleUrl>#newPatchStyle</styleUrl>
        <Polygon><outerBoundaryIs><LinearRing><coordinates>-111.0015625,32.1984375,0 -110.9984375,32.1984375,0 -110.9984375,32.200312499999995,0 -111.0015625,32.200312499999995,0 -111.0015625,32.1984375,0</coordinates></LinearRing></outerBoundaryIs></Polygon>
      </Placemark>
      <Placemark>
        <name>Patch (-15,-11)</name>
        <styleUrl>#wastePatchStyle</styleUrl>
        <Polygon><outerBoundaryIs><LinearRing><coordinates>-110.9984375,32.1984375,0 -110.9953125,32.1984375,0 -110.9953125,32.200312499999995,0 -110.9984375,32.200312499999995,0 -110.9984375,32.1984375,0</coordinates></LinearRing></outerBoundaryIs></Polygon>
      </Placemark>
      <Placemark>
        <name>Patch (-14,-11)</name>
        <styleUrl>#recycledPatchStyle</styleUrl>
        <Polygon><outerBoundaryIs><LinearRing><coordinates>-110.9953125,32.1984375,0 -110.9921875,32.1984375,0 -110.9921875,32.200312499999995,0 -110.9953125,32.200312499999995,0 -110.9953125,32.1984375,0</coordinates></LinearRing></outerBoundaryIs></Polygon>
      </Placemark>
      <Placemark>
        <name>Patch (-13,-11)</name>
        <styleUrl>#recycledPatchStyle</styleUrl>
        <Polygon><outerBoundaryIs><LinearRing><coordinates>-110.9921875,32.1984375,0 -110.9890625,32.1984375,0 -110.9890625,32.200312499999995,0 -110.9921875,32.200312499999995,0 -110.9921875,32.1984375,0</coordinates></LinearRing></outerBoundaryIs></Polygon>
      </Placemark>
      <Placemark>
        <name>Patch (-12,-11)</name>
        <styleUrl>#newPatchStyle</styleUrl>
        <Polygon><outerBoundaryIs><LinearRing><coordinates>-110.9890625,32.1984375,0 -110.9859375,32.1984375,0 -110.9859375,32.200312499999995,0 -110.9890625,32.200312499999995,0 -110.9890625,32.1984375,0</coordinates></LinearRing></outerBoundaryIs></Polygon>
      </Placemark>
      <Placemark>
        <name>Patch (-11,-11)</name>
        <styleUrl>#wastePatchStyle</styleUrl>
        <Polygon><outerBoundaryIs><LinearRing><coordinates>-110.9859375,32.1984375,0 -110.9828125,32.1984375,0 -110.9828125,32.200312499999995,0 -110.9859375,32.200312499999995,0 -110.9859375,32.1984375,0</coordinates></LinearRing></outerBoundaryIs></Polygon>
      </Placemark>
      <Placemark>
        <name>Patch (-10,-11)</name>
        <styleUrl>#wastePatchStyle</styleUrl>
        <Polygon><outerBoundaryIs><LinearRing><coordinates>-110.9828125,32.1984375,0 -110.9796875,32.1984375,0 -110.9796875,32.200312499999995,0 -110.9828125,32.200312499999995,0 -110.9828125,32.1984375,0</coordinates></LinearRing></outerBoundaryIs></Polygon>
      </Placemark>
      <Placemark>
        <name>Patch (-9,-11)</name>
        <styleUrl>#wastePatchStyle</styleUrl>
        <Polygon><outerBoundaryIs><LinearRing><coordinates>-110.9796875,32.1984375,0 -110.9765625,32.1984375,0 -110.9765625,32.200312499999995,0 -110.9796875,32.200312499999995,0 -110.9796875,32.1984375,0</coordinates></LinearRing></outerBoundaryIs></Polygon>
      </Placemark>
      <Placemark>
        <name>Patch (-8,-11)</name>
        <styleUrl>#newPatchStyle</styleUrl>
        <Polygon><outerBoundaryIs><LinearRing><coordinates>-110.9765625,32.1984375,0 -110.9734375,32.1984375,0 -110.9734375,32.200312499999995,0 -110.9765625,32.200312499999995,0 -110.9765625,32.1984375,0</coordinates></LinearRing></outerBoundaryIs></Polygon>
      </Placemark>
      <Placemark>
        <name>Patch (-7,-11)</name>
        <styleUrl>#wastePatchStyle</styleUrl>
        <Polygon><outerBoundaryIs><LinearRing><coordinates>-110.9734375,32.1984375,0 -110.9703125,32.1984375,0 -110.9703125,32.200312499999995,0 -110.9734375,32.200312499999995,0 -110.9734375,32.1984375,0</coordinates></LinearRing></outerBoundaryIs></Polygon>
      </Placemark>
      <Placemark>
        <name>Patch (-6,-11)</name>
        <styleUrl>#wastePatchStyle</styleUrl>
        <Polygon><outerBoundaryIs><LinearRing><coordinates>-110.9703125,32.1984375,0 -110.96718750000001,32.1984375,0 -110.96718750000001,32.200312499999995,0 -110.9703125,32.200312499999995,0 -110.9703125,32.1984375,0</coordinates></LinearRing></outerBoundaryIs></Polygon>
      </Placemark>
      <Placemark>
        <name>Patch (-5,-11)</name>
        <styleUrl>#newPatchStyle</styleUrl>
        <Polygon><outerBoundaryIs><LinearRing><coordinates>-110.96718750000001,32.1984375,0 -110.9640625,32.1984375,0 -110.9640625,32.200312499999995,0 -110.96718750000001,32.200312499999995,0 -110.96718750000001,32.1984375,0</coordinates></LinearRing></outerBoundaryIs></Polygon>
      </Placemark>
      <Placemark>
        <name>Patch (-4,-11)</name>
        <styleUrl>#newPatchStyle</styleUrl>
        <Polygon><outerBoundaryIs><LinearRing><coordinates>-110.9640625,32.1984375,0 -110.9609375,32.1984375,0 -110.9609375,32.200312499999995,0 -110.9640625,32.200312499999995,0 -110.9640625,32.1984375,0</coordinates></LinearRing></outerBoundaryIs></Polygon>
      </Placemark>
      <Placemark>
        <name>Patch (-3,-11)</name>
        <styleUrl>#newPatchStyle</styleUrl>
        <Polygon><outerBoundaryIs><LinearRing><coordinates>-110.9609375,32.1984375,0 -110.9578125,32.1984375,0 -110.9578125,32.200312499999995,0 -110.9609375,32.200312499999995,0 -110.9609375,32.1984375,0</coordinates></LinearRing></outerBoundaryIs></Polygon>
      </Placemark>
      <Placemark>
        <name>Patch (-2,-11)</name>
        <styleUrl>#wastePatchStyle</styleUrl>
        <Polygon><outerBoundaryIs><LinearRing><coordinates>-110.9578125,32.1984375,0 -110.9546875,32.1984375,0 -110.9546875,32.200312499999995,0 -110.9578125,32.200312499999995,0 -110.9578125,32.1984375,0</coordinates></LinearRing></outerBoundaryIs></Polygon>
      </Placemark>
      <Placemark>
        <name>Patch (-1,-11)</name>
        <styleUrl>#newPatchStyle</styleUrl>
        <Polygon><outerBoundaryIs><LinearRing><coordinates>-110.9546875,32.1984375,0 -110.95156250000001,32.1984375,0 -110.95156250000001,32.200312499999995,0 -110.9546875,32.200312499999995,0 -110.9546875,32.1984375,0</coordinates></LinearRing></outerBoundaryIs></Polygon>
      </Placemark>
      <Placemark>
        <name>Patch (0,-11)</name>
        <styleUrl>#newPatchStyle</styleUrl>
        <Polygon><outerBoundaryIs><LinearRing><coordinates>-110.95156250000001,32.1984375,0 -110.9484375,32.1984375,0 -110.9484375,32.200312499999995,0 -110.95156250000001,32.200312499999995,0 -110.95156250000001,32.1984375,0</coordinates></LinearRing></outerBoundaryIs></Polygon>
      </Placemark>
      <Placemark>
        <name>Patch (1,-11)</name>
        <styleUrl>#newPatchStyle</styleUrl>
        <Polygon><outerBoundaryIs><LinearRing><coordinates>-110.9484375,32.1984375,0 -110.9453125,32.1984375,0 -110.9453125,32.200312499999995,0 -110.9484375,32.200312499999995,0 -110.9484375,32.1984375,0</coordinates></LinearRing></outerBoundaryIs></Polygon>
      </Placemark>
      <Placemark>
        <name>Patch (2,-11)</name>
        <styleUrl>#wastePatchStyle</styleUrl>
        <Polygon><outerBoundaryIs><LinearRing><coordinates>-110.9453125,32.1984375,0 -110.9421875,32.1984375,0 -110.9421875,32.200312499999995,0 -110.9453125,32.200312499999995,0 -110.9453125,32.1984375,0</coordinates></LinearRing></outerBoundaryIs></Polygon>
      </Placemark>
      <Placemark>
        <name>Patch (3,-11)</name>
        <styleUrl>#wastePatchStyle</styleUrl>
        <Polygon><outerBoundaryIs><LinearRing><coordinates>-110.9421875,32.1984375,0 -110.9390625,32.1984375,0 -110.9390625,32.200312499999995,0 -110.9421875,32.200312499999995,0 -110.9421875,32.1984375,0</coordinates></LinearRing></outerBoundaryIs></Polygon>
      </Placemark>
      <Placemark>
        <name>Patch (4,-11)</name>
        <styleUrl>#newPatchStyle</styleUrl>
        <Polygon><outerBoundaryIs><LinearRing><coordinates>-110.9390625,32.1984375,0 -110.93593750000001,32.1984375,0 -110.93593750000001,32.200312499999995,0 -110.9390625,32.200312499999995,0 -110.9390625,32.1984375,0</coordinates></LinearRing></outerBoundaryIs></Polygon>
      </Placemark>
      <Placemark>
        <name>Patch (5,-11)</name>
        <styleUrl>#wastePatchStyle</styleUrl>
        <Polygon><outerBoundaryIs><LinearRing><coordinates>-110.93593750000001,32.1984375,0 -110.9328125,32.1984375,0 -110.9328125,32.200312499999995,0 -110.93593750000001,32.200312499999995,0 -110.93593750000001,32.1984375,0</coordinates></LinearRing></outerBoundaryIs></Polygon>
      </Placemark>
      <Placemark>
        <name>Patch (6,-11)</name>
        <styleUrl>#newPatchStyle</styleUrl>
        <Polygon><outerBoundaryIs><LinearRing><coordinates>-110.9328125,32.1984375,0 -110.9296875,32.1984375,0 -110.9296875,32.200312499999995,0 -110.9328125,32.200312499999995,0 -110.9328125,32.1984375,0</coordinates></LinearRing></outerBoundaryIs></Polygon>
      </Placemark>
      <Placemark>
        <name>Patch (7,-11)</name>
        <styleUrl>#newPatchStyle</styleUrl>
        <Polygon><outerBoundaryIs><LinearRing><coordinates>-110.9296875,32.1984375,0 -110.9265625,32.1984375,0 -110.9265625,32.200312499999995,0 -110.9296875,32.200312499999995,0 -110.9296875,32.1984375,0</coordinates></LinearRing></outerBoundaryIs></Polygon>
      </Placemark>
      <Placemark>
        <name>Patch (8,-11)</name>
        <styleUrl>#newPatchStyle</styleUrl>
        <Polygon><outerBoundaryIs><LinearRing><coordinates>-110.9265625,32.1984375,0 -110.9234375,32.1984375,0 -110.9234375,32.200312499999995,0 -110.9265625,32.200312499999995,0 -110.9265625,32.1984375,0</coordinates></LinearRing></outerBoundaryIs></Polygon>
      </Placemark>
      <Placemark>
        <name>Patch (9,-11)</name>
        <styleUrl>#newPatchStyle</styleUrl>
        <Polygon><outerBoundaryIs><LinearRing><coordinates>-110.9234375,32.1984375,0 -110.92031250000001,32.1984375,0 -110.92031250000001,32.200312499999995,0 -110.9234375,32.200312499999995,0 -110.9234375,32.1984375,0</coordinates></LinearRing></outerBoundaryIs></Polygon>
      </Placemark>
      <Placemark>
        <name>Patch (10,-11)</name>
        <styleUrl>#newPatchStyle</styleUrl>
        <Polygon><outerBoundaryIs><LinearRing><coordinates>-110.92031250000001,32.1984375,0 -110.91718750000001,32.1984375,0 -110.91718750000001,32.200312499999995,0 -110.92031250000001,32.200312499999995,0 -110.92031250000001,32.1984375,0</coordinates></LinearRing></outerBoundaryIs></Polygon>
      </Placemark>
      <Placemark>
        <name>Patch (11,-11)</name>
        <styleUrl>#newPatchStyle</styleUrl>
        <Polygon><outerBoundaryIs><LinearRing><coordinates>-110.91718750000001,32.1984375,0 -110.9140625,32.1984375,0 -110.9140625,32.200312499999995,0 -110.91718750000001,32.200312499999995,0 -110.91718750000001,32.1984375,0</coordinates></LinearRing></outerBoundaryIs></Polygon>
      </Placemark>
      <Placemark>
        <name>Patch (12,-11)</name>
        <styleUrl>#newPatchStyle</styleUrl>
        <Polygon><outerBoundaryIs><LinearRing><coordinates>-110.9140625,32.1984375,0 -110.9109375,32.1984375,0 -110.9109375,32.200312499999995,0 -110.9140625,32.200312499999995,0 -110.9140625,32.1984375,0</coordinates></LinearRing></outerBoundaryIs></Polygon>
      </Placemark>
      <Placemark>
        <name>Patch (13,-11)</name>
        <styleUrl>#newPatchStyle</styleUrl>
        <Polygon><outerBoundaryIs><LinearRing><coordinates>-110.9109375,32.1984375,0 -110.9078125,32.1984375,0 -110.9078125,32.200312499999995,0 -110.9109375,32.200312499999995,0 -110.9109375,32.1984375,0</coordinates></LinearRing></outerBoundaryIs></Polygon>
      </Placemark>
      <Placemark>
        <name>Patch (14,-11)</name>
        <styleUrl>#newPatchStyle</styleUrl>
        <Polygon><outerBoundaryIs><LinearRing><coordinates>-110.9078125,32.1984375,0 -110.90468750000001,32.1984375,0 -110.90468750000001,32.200312499999995,0 -110.9078125,32.200312499999995,0 -110.9078125,32.1984375,0</coordinates></LinearRing></outerBoundaryIs></Polygon>
      </Placemark>
      <Placemark>
        <name>Patch (15,-11)</name>
        <styleUrl>#newPatchStyle</styleUrl>
        <Polygon><outerBoundaryIs><LinearRing><coordinates>-110.90468750000001,32.1984375,0 -110.90156250000001,32.1984375,0 -110.90156250000001,32.200312499999995,0 -110.90468750000001,32.200312499999995,0 -110.90468750000001,32.1984375,0</coordinates></LinearRing></outerBoundaryIs></Polygon>
      </Placemark>
      <Placemark>
        <name>Patch (16,-11)</name>
        <styleUrl>#newPatchStyle</styleUrl>
        <Polygon><outerBoundaryIs><LinearRing><coordinates>-110.90156250000001,32.1984375,0 -110.8984375,32.1984375,0 -110.8984375,32.200312499999995,0 -110.90156250000001,32.200312499999995,0 -110.90156250000001,32.1984375,0</coordinates></LinearRing></outerBoundaryIs></Polygon>
      </Placemark>
      <Placemark>
        <name>Patch (-16,-10)</name>
        <styleUrl>#newPatchStyle</styleUrl>
        <Polygon><outerBoundaryIs><LinearRing><coordinates>-111.0015625,32.200312499999995,0 -110.9984375,32.200312499999995,0 -110.9984375,32.2021875,0 -111.0015625,32.2021875,0 -111.0015625,32.200312499999995,0</coordinates></LinearRing></outerBoundaryIs></Polygon>
      </Placemark>
      <Placemark>
        <name>Patch (-15,-10)</name>
        <styleUrl>#newPatchStyle</styleUrl>
        <Polygon><outerBoundaryIs><LinearRing><coordinates>-110.9984375,32.200312499999995,0 -110.9953125,32.200312499999995,0 -110.9953125,32.2021875,0 -110.9984375,32.2021875,0 -110.9984375,32.200312499999995,0</coordinates></LinearRing></outerBoundaryIs></Polygon>
      </Placemark>
      <Placemark>
        <name>Patch (-14,-10)</name>
        <styleUrl>#newPatchStyle</styleUrl>
        <Polygon><outerBoundaryIs><LinearRing><coordinates>-110.9953125,32.200312499999995,0 -110.9921875,32.200312499999995,0 -110.9921875,32.2021875,0 -110.9953125,32.2021875,0 -110.9953125,32.200312499999995,0</coordinates></LinearRing></outerBoundaryIs></Polygon>
      </Placemark>
      <Placemark>
        <name>Patch (-13,-10)</name>
        <styleUrl>#recycledPatchStyle</styleUrl>
        <Polygon><outerBoundaryIs><LinearRing><coordinates>-110.9921875,32.200312499999995,0 -110.9890625,32.200312499999995,0 -110.9890625,32.2021875,0 -110.9921875,32.2021875,0 -110.9921875,32.200312499999995,0</coordinates></LinearRing></outerBoundaryIs></Polygon>
      </Placemark>
      <Placemark>
        <name>Patch (-12,-10)</name>
        <styleUrl>#newPatchStyle</styleUrl>
        <Polygon><outerBoundaryIs><LinearRing><coordinates>-110.9890625,32.200312499999995,0 -110.9859375,32.200312499999995,0 -110.9859375,32.2021875,0 -110.9890625,32.2021875,0 -110.9890625,32.200312499999995,0</coordinates></LinearRing></outerBoundaryIs></Polygon>
      </Placemark>
      <Placemark>
        <name>Patch (-11,-10)</name>
        <styleUrl>#wastePatchStyle</styleUrl>
        <Polygon><outerBoundaryIs><LinearRing><coordinates>-110.9859375,32.200312499999995,0 -110.9828125,32.200312499999995,0 -110.9828125,32.2021875,0 -110.9859375,32.2021875,0 -110.9859375,32.200312499999995,0</coordinates></LinearRing></outerBoundaryIs></Polygon>
      </Placemark>
      <Placemark>
        <name>Patch (-10,-10)</name>
        <styleUrl>#wastePatchStyle</styleUrl>
        <Polygon><outerBoundaryIs><LinearRing><coordinates>-110.9828125,32.200312499999995,0 -110.9796875,32.200312499999995,0 -110.9796875,32.2021875,0 -110.9828125,32.2021875,0 -110.9828125,32.200312499999995,0</coordinates></LinearRing></outerBoundaryIs></Polygon>
      </Placemark>
      <Placemark>
        <name>Patch (-9,-10)</name>
        <styleUrl>#wastePatchStyle</styleUrl>
        <Polygon><outerBoundaryIs><LinearRing><coordinates>-110.9796875,32.200312499999995,0 -110.9765625,32.200312499999995,0 -110.9765625,32.2021875,0 -110.9796875,32.2021875,0 -110.9796875,32.200312499999995,0</coordinates></LinearRing></outerBoundaryIs></Polygon>
      </Placemark>
      <Placemark>
        <name>Patch (-8,-10)</name>
        <styleUrl>#newPatchStyle</styleUrl>
        <Polygon><outerBoundaryIs><LinearRing><coordinates>-110.9765625,32.200312499999995,0 -110.9734375,32.200312499999995,0 -110.9734375,32.2021875,0 -110.9765625,32.2021875,0 -110.9765625,32.200312499999995,0</coordinates></LinearRing></outerBoundaryIs></Polygon>
      </Placemark>
      <Placemark>
        <name>Patch (-7,-10)</name>
        <styleUrl>#wastePatchStyle</styleUrl>
        <Polygon><outerBoundaryIs><LinearRing><coordinates>-110.9734375,32.200312499999995,0 -110.9703125,32.200312499999995,0 -110.9703125,32.2021875,0 -110.9734375,32.2021875,0 -110.9734375,32.200312499999995,0</coordinates></LinearRing></outerBoundaryIs></Polygon>
      </Placemark>
      <Placemark>
        <name>Patch (-6,-10)</name>
        <styleUrl>#wastePatchStyle</styleUrl>
        <Polygon><outerBoundaryIs><LinearRing><coordinates>-110.9703125,32.200312499999995,0 -110.96718750000001,32.200312499999995,0 -110.96718750000001,32.2021875,0 -110.9703125,32.2021875,0 -110.9703125,32.200312499999995,0</coordinates></LinearRing></outerBoundaryIs></Polygon>
      </Placemark>
      <Placemark>
        <name>Patch (-5,-10)</name>
        <styleUrl>#newPatchStyle</styleUrl>
        <Polygon><outerBoundaryIs><LinearRing><coordinates>-110.96718750000001,32.200312499999995,0 -110.9640625,32.200312499999995,0 -110.9640625,32.2021875,0 -110.96718750000001,32.2021875,0 -110.96718750000001,32.200312499999995,0</coordinates></LinearRing></outerBoundaryIs></Polygon>
      </Placemark>
      <Placemark>
        <name>Patch (-4,-10)</name>
        <styleUrl>#newPatchStyle</styleUrl>
        <Polygon><outerBoundaryIs><LinearRing><coordinates>-110.9640625,32.200312499999995,0 -110.9609375,32.200312499999995,0 -110.9609375,32.2021875,0 -110.9640625,32.2021875,0 -110.9640625,32.200312499999995,0</coordinates></LinearRing></outerBoundaryIs></Polygon>
      </Placemark>
      <Placemark>
        <name>Patch (-3,-10)</name>
        <styleUrl>#newPatchStyle</styleUrl>
        <Polygon><outerBoundaryIs><LinearRing><coordinates>-110.9609375,32.200312499999995,0 -110.9578125,32.200312499999995,0 -110.9578125,32.2021875,0 -110.9609375,32.2021875,0 -110.9609375,32.200312499999995,0</coordinates></LinearRing></outerBoundaryIs></Polygon>
      </Placemark>
      <Placemark>
        <name>Patch (-2,-10)</name>
        <styleUrl>#wastePatchStyle</styleUrl>
        <Polygon><outerBoundaryIs><LinearRing><coordinates>-110.9578125,32.200312499999995,0 -110.9546875,32.200312499999995,0 -110.9546875,32.2021875,0 -110.9578125,32.2021875,0 -110.9578125,32.200312499999995,0</coordinates></LinearRing></outerBoundaryIs></Polygon>
      </Placemark>
      <Placemark>
        <name>Patch (-1,-10)</name>
        <styleUrl>#wastePatchStyle</styleUrl>
        <Polygon><outerBoundaryIs><LinearRing><coordinates>-110.9546875,32.200312499999995,0 -110.95156250000001,32.200312499999995,0 -110.95156250000001,32.2021875,0 -110.9546875,32.2021875,0 -110.9546875,32.200312499999995,0</coordinates></LinearRing></outerBoundaryIs></Polygon>
      </Placemark>
      <Placemark>
        <name>Patch (0,-10)</name>
        <styleUrl>#wastePatchStyle</styleUrl>
        <Polygon><outerBoundaryIs><LinearRing><coordinates>-110.95156250000001,32.200312499999995,0 -110.9484375,32.200312499999995,0 -110.9484375,32.2021875,0 -110.95156250000001,32.2021875,0 -110.95156250000001,32.200312499999995,0</coordinates></LinearRing></outerBoundaryIs></Polygon>
      </Placemark>
      <Placemark>
        <name>Patch (1,-10)</name>
        <styleUrl>#newPatchStyle</styleUrl>
        <Polygon><outerBoundaryIs><LinearRing><coordinates>-110.9484375,32.200312499999995,0 -110.9453125,32.200312499999995,0 -110.9453125,32.2021875,0 -110.9484375,32.2021875,0 -110.9484375,32.200312499999995,0</coordinates></LinearRing></outerBoundaryIs></Polygon>
      </Placemark>
      <Placemark>
        <name>Patch (2,-10)</name>
        <styleUrl>#newPatchStyle</styleUrl>
        <Polygon><outerBoundaryIs><LinearRing><coordinates>-110.9453125,32.200312499999995,0 -110.9421875,32.200312499999995,0 -110.9421875,32.2021875,0 -110.9453125,32.2021875,0 -110.9453125,32.200312499999995,0</coordinates></LinearRing></outerBoundaryIs></Polygon>
      </Placemark>
      <Placemark>
        <name>Patch (3,-10)</name>
        <styleUrl>#newPatchStyle</styleUrl>
        <Polygon><outerBoundaryIs><LinearRing><coordinates>-110.9421875,32.200312499999995,0 -110.9390625,32.200312499999995,0 -110.9390625,32.2021875,0 -110.9421875,32.2021875,0 -110.9421875,32.200312499999995,0</coordinates></LinearRing></outerBoundaryIs></Polygon>
      </Placemark>
      <Placemark>
        <name>Patch (4,-10)</name>
        <styleUrl>#wastePatchStyle</styleUrl>
        <Polygon><outerBoundaryIs><LinearRing><coordinates>-110.9390625,32.200312499999995,0 -110.93593750000001,32.200312499999995,0 -110.93593750000001,32.2021875,0 -110.9390625,32.2021875,0 -110.9390625,32.200312499999995,0</coordinates></LinearRing></outerBoundaryIs></Polygon>
      </Placemark>
      <Placemark>
        <name>Patch (5,-10)</name>
        <styleUrl>#newPatchStyle</styleUrl>
        <Polygon><outerBoundaryIs><LinearRing><coordinates>-110.93593750000001,32.200312499999995,0 -110.9328125,32.200312499999995,0 -110.9328125,32.2021875,0 -110.93593750000001,32.2021875,0 -110.93593750000001,32.200312499999995,0</coordinates></LinearRing></outerBoundaryIs></Polygon>
      </Placemark>
      <Placemark>
        <name>Patch (6,-10)</name>
        <styleUrl>#wastePatchStyle</styleUrl>
        <Polygon><outerBoundaryIs><LinearRing><coordinates>-110.9328125,32.200312499999995,0 -110.9296875,32.200312499999995,0 -110.9296875,32.2021875,0 -110.9328125,32.2021875,0 -110.9328125,32.200312499999995,0</coordinates></LinearRing></outerBoundaryIs></Polygon>
      </Placemark>
      <Placemark>
        <name>Patch (7,-10)</name>
        <styleUrl>#wastePatchStyle</styleUrl>
        <Polygon><outerBoundaryIs><LinearRing><coordinates>-110.9296875,32.200312499999995,0 -110.9265625,32.200312499999995,0 -110.9265625,32.2021875,0 -110.9296875,32.2021875,0 -110.9296875,32.200312499999995,0</coordinates></LinearRing></outerBoundaryIs></Polygon>
      </Placemark>
      <Placemark>
        <name>Patch (8,-10)</name>
        <styleUrl>#newPatchStyle</styleUrl>
        <Polygon><outerBoundaryIs><LinearRing><coordinates>-110.9265625,32.200312499999995,0 -110.9234375,32.200312499999995,0 -110.9234375,32.2021875,0 -110.9265625,32.2021875,0 -110.9265625,32.200312499999995,0</coordinates></LinearRing></outerBoundaryIs></Polygon>
      </Placemark>
      <Placemark>
        <name>Patch (9,-10)</name>
        <styleUrl>#newPatchStyle</styleUrl>
        <Polygon><outerBoundaryIs><LinearRing><coordinates>-110.9234375,32.200312499999995,0 -110.92031250000001,32.200312499999995,0 -110.92031250000001,32.2021875,0 -110.9234375,32.2021875,0 -110.9234375,32.200312499999995,0</coordinates></LinearRing></outerBoundaryIs></Polygon>
      </Placemark>
      <Placemark>
        <name>Patch (10,-10)</name>
        <styleUrl>#newPatchStyle</styleUrl>
        <Polygon><outerBoundaryIs><LinearRing><coordinates>-110.92031250000001,32.200312499999995,0 -110.91718750000001,32.200312499999995,0 -110.91718750000001,32.2021875,0 -110.92031250000001,32.2021875,0 -110.92031250000001,32.200312499999995,0</coordinates></LinearRing></outerBoundaryIs></Polygon>
      </Placemark>
      <Placemark>
        <name>Patch (11,-10)</name>
        <styleUrl>#newPatchStyle</styleUrl>
        <Polygon><outerBoundaryIs><LinearRing><coordinates>-110.91718750000001,32.200312499999995,0 -110.9140625,32.200312499999995,0 -110.9140625,32.2021875,0 -110.91718750000001,32.2021875,0 -110.91718750000001,32.200312499999995,0</coordinates></LinearRing></outerBoundaryIs></Polygon>
      </Placemark>
      <Placemark>
        <name>Patch (12,-10)</name>
        <styleUrl>#newPatchStyle</styleUrl>
        <Polygon><outerBoundaryIs><LinearRing><coordinates>-110.9140625,32.200312499999995,0 -110.9109375,32.200312499999995,0 -110.9109375,32.2021875,0 -110.9140625,32.2021875,0 -110.9140625,32.200312499999995,0</coordinates></LinearRing></outerBoundaryIs></Polygon>
      </Placemark>
      <Placemark>
        <name>Patch (13,-10)</name>
        <styleUrl>#newPatchStyle</styleUrl>
        <Polygon><outerBoundaryIs><LinearRing><coordinates>-110.9109375,32.200312499999995,0 -110.9078125,32.200312499999995,0 -110.9078125,32.2021875,0 -110.9109375,32.2021875,0 -110.9109375,32.200312499999995,0</coordinates></LinearRing></outerBoundaryIs></Polygon>
      </Placemark>
      <Placemark>
        <name>Patch (14,-10)</name>
        <styleUrl>#newPatchStyle</styleUrl>
        <Polygon><outerBoundaryIs><LinearRing><coordinates>-110.9078125,32.200312499999995,0 -110.90468750000001,32.200312499999995,0 -110.90468750000001,32.2021875,0 -110.9078125,32.2021875,0 -110.9078125,32.200312499999995,0</coordinates></LinearRing></outerBoundaryIs></Polygon>
      </Placemark>
      <Placemark>
        <name>Patch (15,-10)</name>
        <styleUrl>#newPatchStyle</styleUrl>
        <Polygon><outerBoundaryIs><LinearRing><coordinates>-110.90468750000001,32.200312499999995,0 -110.90156250000001,32.200312499999995,0 -110.90156250000001,32.2021875,0 -110.90468750000001,32.2021875,0 -110.90468750000001,32.200312499999995,0</coordinates></LinearRing></outerBoundaryIs></Polygon>
      </Placemark>
      <Placemark>
        <name>Patch (16,-10)</name>
        <styleUrl>#wastePatchStyle</styleUrl>
        <Polygon><outerBoundaryIs><LinearRing><coordinates>-110.90156250000001,32.200312499999995,0 -110.8984375,32.200312499999995,0 -110.8984375,32.2021875,0 -110.90156250000001,32.2021875,0 -110.90156250000001,32.200312499999995,0</coordinates></LinearRing></outerBoundaryIs></Polygon>
      </Placemark>
      <Placemark>
        <name>Patch (-16,-9)</name>
        <styleUrl>#wastePatchStyle</styleUrl>
        <Polygon><outerBoundaryIs><LinearRing><coordinates>-111.0015625,32.2021875,0 -110.9984375,32.2021875,0 -110.9984375,32.2040625,0 -111.0015625,32.2040625,0 -111.0015625,32.2021875,0</coordinates></LinearRing></outerBoundaryIs></Polygon>
      </Placemark>
      <Placemark>
        <name>Patch (-15,-9)</name>
        <styleUrl>#newPatchStyle</styleUrl>
        <Polygon><outerBoundaryIs><LinearRing><coordinates>-110.9984375,32.2021875,0 -110.9953125,32.2021875,0 -110.9953125,32.2040625,0 -110.9984375,32.2040625,0 -110.9984375,32.2021875,0</coordinates></LinearRing></outerBoundaryIs></Polygon>
      </Placemark>
      <Placemark>
        <name>Patch (-14,-9)</name>
        <styleUrl>#newPatchStyle</styleUrl>
        <Polygon><outerBoundaryIs><LinearRing><coordinates>-110.9953125,32.2021875,0 -110.9921875,32.2021875,0 -110.9921875,32.2040625,0 -110.9953125,32.2040625,0 -110.9953125,32.2021875,0</coordinates></LinearRing></outerBoundaryIs></Polygon>
      </Placemark>
      <Placemark>
        <name>Patch (-13,-9)</name>
        <styleUrl>#newPatchStyle</styleUrl>
        <Polygon><outerBoundaryIs><LinearRing><coordinates>-110.9921875,32.2021875,0 -110.9890625,32.2021875,0 -110.9890625,32.2040625,0 -110.9921875,32.2040625,0 -110.9921875,32.2021875,0</coordinates></LinearRing></outerBoundaryIs></Polygon>
      </Placemark>
      <Placemark>
        <name>Patch (-12,-9)</name>
        <styleUrl>#newPatchStyle</styleUrl>
        <Polygon><outerBoundaryIs><LinearRing><coordinates>-110.9890625,32.2021875,0 -110.9859375,32.2021875,0 -110.9859375,32.2040625,0 -110.9890625,32.2040625,0 -110.9890625,32.2021875,0</coordinates></LinearRing></outerBoundaryIs></Polygon>
      </Placemark>
      <Placemark>
        <name>Patch (-11,-9)</name>
        <styleUrl>#newPatchStyle</styleUrl>
        <Polygon><outerBoundaryIs><LinearRing><coordinates>-110.9859375,32.2021875,0 -110.9828125,32.2021875,0 -110.9828125,32.2040625,0 -110.9859375,32.2040625,0 -110.9859375,32.2021875,0</coordinates></LinearRing></outerBoundaryIs></Polygon>
      </Placemark>
      <Placemark>
        <name>Patch (-10,-9)</name>
        <styleUrl>#newPatchStyle</styleUrl>
        <Polygon><outerBoundaryIs><LinearRing><coordinates>-110.9828125,32.2021875,0 -110.9796875,32.2021875,0 -110.9796875,32.2040625,0 -110.9828125,32.2040625,0 -110.9828125,32.2021875,0</coordinates></LinearRing></outerBoundaryIs></Polygon>
      </Placemark>
      <Placemark>
        <name>Patch (-9,-9)</name>
        <styleUrl>#newPatchStyle</styleUrl>
        <Polygon><outerBoundaryIs><LinearRing><coordinates>-110.9796875,32.2021875,0 -110.9765625,32.2021875,0 -110.9765625,32.2040625,0 -110.9796875,32.2040625,0 -110.9796875,32.2021875,0</coordinates></LinearRing></outerBoundaryIs></Polygon>
      </Placemark>
      <Placemark>
        <name>Patch (-8,-9)</name>
        <styleUrl>#wastePatchStyle</styleUrl>
        <Polygon><outerBoundaryIs><LinearRing><coordinates>-110.9765625,32.2021875,0 -110.9734375,32.2021875,0 -110.9734375,32.2040625,0 -110.9765625,32.2040625,0 -110.9765625,32.2021875,0</coordinates></LinearRing></outerBoundaryIs></Polygon>
      </Placemark>
      <Placemark>
        <name>Patch (-7,-9)</name>
        <styleUrl>#wastePatchStyle</styleUrl>
        <Polygon><outerBoundaryIs><LinearRing><coordinates>-110.9734375,32.2021875,0 -110.9703125,32.2021875,0 -110.9703125,32.2040625,0 -110.9734375,32.2040625,0 -110.9734375,32.2021875,0</coordinates></LinearRing></outerBoundaryIs></Polygon>
      </Placemark>
      <Placemark>
        <name>Patch (-6,-9)</name>
        <styleUrl>#newPatchStyle</styleUrl>
        <Polygon><outerBoundaryIs><LinearRing><coordinates>-110.9703125,32.2021875,0 -110.96718750000001,32.2021875,0 -110.96718750000001,32.2040625,0 -110.9703125,32.2040625,0 -110.9703125,32.2021875,0</coordinates></LinearRing></outerBoundaryIs></Polygon>
      </Placemark>
      <Placemark>
        <name>Patch (-5,-9)</name>
        <styleUrl>#wastePatchStyle</styleUrl>
        <Polygon><outerBoundaryIs><LinearRing><coordinates>-110.96718750000001,32.2021875,0 -110.9640625,32.2021875,0 -110.9640625,32.2040625,0 -110.96718750000001,32.2040625,0 -110.96718750000001,32.2021875,0</coordinates></LinearRing></outerBoundaryIs></Polygon>
      </Placemark>
      <Placemark>
        <name>Patch (-4,-9)</name>
        <styleUrl>#newPatchStyle</styleUrl>
        <Polygon><outerBoundaryIs><LinearRing><coordinates>-110.9640625,32.2021875,0 -110.9609375,32.2021875,0 -110.9609375,32.2040625,0 -110.9640625,32.2040625,0 -110.9640625,32.2021875,0</coordinates></LinearRing></outerBoundaryIs></Polygon>
      </Placemark>
      <Placemark>
        <name>Patch (-3,-9)</name>
        <styleUrl>#newPatchStyle</styleUrl>
        <Polygon><outerBoundaryIs><LinearRing><coordinates>-110.9609375,32.2021875,0 -110.9578125,32.2021875,0 -110.9578125,32.2040625,0 -110.9609375,32.2040625,0 -110.9609375,32.2021875,0</coordinates></LinearRing></outerBoundaryIs></Polygon>
      </Placemark>
      <Placemark>
        <name>Patch (-2,-9)</name>
        <styleUrl>#wastePatchStyle</styleUrl>
        <Polygon><outerBoundaryIs><LinearRing><coordinates>-110.9578125,32.2021875,0 -110.9546875,32.2021875,0 -110.9546875,32.2040625,0 -110.9578125,32.2040625,0 -110.9578125,32.2021875,0</coordinates></LinearRing></outerBoundaryIs></Polygon>
      </Placemark>
      <Placemark>
        <name>Patch (-1,-9)</name>
        <styleUrl>#newPatchStyle</styleUrl>
        <Polygon><outerBoundaryIs><LinearRing><coordinates>-110.9546875,32.2021875,0 -110.95156250000001,32.2021875,0 -110.95156250000001,32.2040625,0 -110.9546875,32.2040625,0 -110.9546875,32.2021875,0</coordinates></LinearRing></outerBoundaryIs></Polygon>
      </Placemark>
      <Placemark>
        <name>Patch (0,-9)</name>
        <styleUrl>#newPatchStyle</styleUrl>
        <Polygon><outerBoundaryIs><LinearRing><coordinates>-110.95156250000001,32.2021875,0 -110.9484375,32.2021875,0 -110.9484375,32.2040625,0 -110.95156250000001,32.2040625,0 -110.95156250000001,32.2021875,0</coordinates></LinearRing></outerBoundaryIs></Polygon>
      </Placemark>
      <Placemark>
        <name>Patch (1,-9)</name>
        <styleUrl>#newPatchStyle</styleUrl>
        <Polygon><outerBoundaryIs><LinearRing><coordinates>-110.9484375,32.2021875,0 -110.9453125,32.2021875,0 -110.9453125,32.2040625,0 -110.9484375,32.2040625,0 -110.9484375,32.2021875,0</coordinates></LinearRing></outerBoundaryIs></Polygon>
      </Placemark>
      <Placemark>
        <name>Patch (2,-9)</name>
        <styleUrl>#newPatchStyle</styleUrl>
        <Polygon><outerBoundaryIs><LinearRing><coordinates>-110.9453125,32.2021875,0 -110.9421875,32.2021875,0 -110.9421875,32.2040625,0 -110.9453125,32.2040625,0 -110.9453125,32.2021875,0</coordinates></LinearRing></outerBoundaryIs></Polygon>
      </Placemark>
      <Placemark>
        <name>Patch (3,-9)</name>
        <styleUrl>#newPatchStyle</styleUrl>
        <Polygon><outerBoundaryIs><LinearRing><coordinates>-110.9421875,32.2021875,0 -110.9390625,32.2021875,0 -110.9390625,32.2040625,0 -110.9421875,32.2040625,0 -110.9421875,32.2021875,0</coordinates></LinearRing></outerBoundaryIs></Polygon>
      </Placemark>
      <Placemark>
        <name>Patch (4,-9)</name>
        <styleUrl>#newPatchStyle</styleUrl>
        <Polygon><outerBoundaryIs><LinearRing><coordinates>-110.9390625,32.2021875,0 -110.93593750000001,32.2021875,0 -110.93593750000001,32.2040625,0 -110.9390625,32.2040625,0 -110.9390625,32.2021875,0</coordinates></LinearRing></outerBoundaryIs></Polygon>
      </Placemark>
      <Placemark>
        <name>Patch (5,-9)</name>
        <styleUrl>#newPatchStyle</styleUrl>
        <Polygon><outerBoundaryIs><LinearRing><coordinates>-110.93593750000001,32.2021875,0 -110.9328125,32.2021875,0 -110.9328125,32.2040625,0 -110.93593750000001,32.2040625,0 -110.93593750000001,32.2021875,0</coordinates></LinearRing></outerBoundaryIs></Polygon>
      </Placemark>
      <Placemark>
        <name>Patch (6,-9)</name>
        <styleUrl>#wastePatchStyle</styleUrl>
        <Polygon><outerBoundaryIs><LinearRing><coordinates>-110.9328125,32.2021875,0 -110.9296875,32.2021875,0 -110.9296875,32.2040625,0 -110.9328125,32.2040625,0 -110.9328125,32.2021875,0</coordinates></LinearRing></outerBoundaryIs></Polygon>
      </Placemark>
      <Placemark>
        <name>Patch (7,-9)</name>
        <styleUrl>#newPatchStyle</styleUrl>
        <Polygon><outerBoundaryIs><LinearRing><coordinates>-110.9296875,32.2021875,0 -110.9265625,32.2021875,0 -110.9265625,32.2040625,0 -110.9296875,32.2040625,0 -110.9296875,32.2021875,0</coordinates></LinearRing></outerBoundaryIs></Polygon>
      </Placemark>
      <Placemark>
        <name>Patch (8,-9)</name>
        <styleUrl>#wastePatchStyle</styleUrl>
        <Polygon><outerBoundaryIs><LinearRing><coordinates>-110.9265625,32.2021875,0 -110.9234375,32.2021875,0 -110.9234375,32.2040625,0 -110.9265625,32.2040625,0 -110.9265625,32.2021875,0</coordinates></LinearRing></outerBoundaryIs></Polygon>
      </Placemark>
      <Placemark>
        <name>Patch (9,-9)</name>
        <styleUrl>#newPatchStyle</styleUrl>
        <Polygon><outerBoundaryIs><LinearRing><coordinates>-110.9234375,32.2021875,0 -110.92031250000001,32.2021875,0 -110.92031250000001,32.2040625,0 -110.9234375,32.2040625,0 -110.9234375,32.2021875,0</coordinates></LinearRing></outerBoundaryIs></Polygon>
      </Placemark>
      <Placemark>
        <name>Patch (10,-9)</name>
        <styleUrl>#newPatchStyle</styleUrl>
        <Polygon><outerBoundaryIs><LinearRing><coordinates>-110.92031250000001,32.2021875,0 -110.91718750000001,32.2021875,0 -110.91718750000001,32.2040625,0 -110.92031250000001,32.2040625,0 -110.92031250000001,32.2021875,0</coordinates></LinearRing></outerBoundaryIs></Polygon>
      </Placemark>
      <Placemark>
        <name>Patch (11,-9)</name>
        <styleUrl>#newPatchStyle</styleUrl>
        <Polygon><outerBoundaryIs><LinearRing><coordinates>-110.91718750000001,32.2021875,0 -110.9140625,32.2021875,0 -110.9140625,32.2040625,0 -110.91718750000001,32.2040625,0 -110.91718750000001,32.2021875,0</coordinates></LinearRing></outerBoundaryIs></Polygon>
      </Placemark>
      <Placemark>
        <name>Patch (12,-9)</name>
        <styleUrl>#newPatchStyle</styleUrl>
        <Polygon><outerBoundaryIs><LinearRing><coordinates>-110.9140625,32.2021875,0 -110.9109375,32.2021875,0 -110.9109375,32.2040625,0 -110.9140625,32.2040625,0 -110.9140625,32.2021875,0</coordinates></LinearRing></outerBoundaryIs></Polygon>
      </Placemark>
      <Placemark>
        <name>Patch (13,-9)</name>
        <styleUrl>#newPatchStyle</styleUrl>
        <Polygon><outerBoundaryIs><LinearRing><coordinates>-110.9109375,32.2021875,0 -110.9078125,32.2021875,0 -110.9078125,32.2040625,0 -110.9109375,32.2040625,0 -110.9109375,32.2021875,0</coordinates></LinearRing></outerBoundaryIs></Polygon>
      </Placemark>
      <Placemark>
        <name>Patch (14,-9)</name>
        <styleUrl>#newPatchStyle</styleUrl>
        <Polygon><outerBoundaryIs><LinearRing><coordinates>-110.9078125,32.2021875,0 -110.90468750000001,32.2021875,0 -110.90468750000001,32.2040625,0 -110.9078125,32.2040625,0 -110.9078125,32.2021875,0</coordinates></LinearRing></outerBoundaryIs></Polygon>
      </Placemark>
      <Placemark>
        <name>Patch (15,-9)</name>
        <styleUrl>#recycledPatchStyle</styleUrl>
        <Polygon><outerBoundaryIs><LinearRing><coordinates>-110.90468750000001,32.2021875,0 -110.90156250000001,32.2021875,0 -110.90156250000001,32.2040625,0 -110.90468750000001,32.2040625,0 -110.90468750000001,32.2021875,0</coordinates></LinearRing></outerBoundaryIs></Polygon>
      </Placemark>
      <Placemark>
        <name>Patch (16,-9)</name>
        <styleUrl>#newPatchStyle</styleUrl>
        <Polygon><outerBoundaryIs><LinearRing><coordinates>-110.90156250000001,32.2021875,0 -110.8984375,32.2021875,0 -110.8984375,32.2040625,0 -110.90156250000001,32.2040625,0 -110.90156250000001,32.2021875,0</coordinates></LinearRing></outerBoundaryIs></Polygon>
      </Placemark>
      <Placemark>
        <name>Patch (-16,-8)</name>
        <styleUrl>#newPatchStyle</styleUrl>
        <Polygon><outerBoundaryIs><LinearRing><coordinates>-111.0015625,32.2040625,0 -110.9984375,32.2040625,0 -110.9984375,32.2059375,0 -111.0015625,32.2059375,0 -111.0015625,32.2040625,0</coordinates></LinearRing></outerBoundaryIs></Polygon>
      </Placemark>
      <Placemark>
        <name>Patch (-15,-8)</name>
        <styleUrl>#newPatchStyle</styleUrl>
        <Polygon><outerBoundaryIs><LinearRing><coordinates>-110.9984375,32.2040625,0 -110.9953125,32.2040625,0 -110.9953125,32.2059375,0 -110.9984375,32.2059375,0 -110.9984375,32.2040625,0</coordinates></LinearRing></outerBoundaryIs></Polygon>
      </Placemark>
      <Placemark>
        <name>Patch (-14,-8)</name>
        <styleUrl>#newPatchStyle</styleUrl>
        <Polygon><outerBoundaryIs><LinearRing><coordinates>-110.9953125,32.2040625,0 -110.9921875,32.2040625,0 -110.9921875,32.2059375,0 -110.9953125,32.2059375,0 -110.9953125,32.2040625,0</coordinates></LinearRing></outerBoundaryIs></Polygon>
      </Placemark>
      <Placemark>
        <name>Patch (-13,-8)</name>
        <styleUrl>#recycledPatchStyle</styleUrl>
        <Polygon><outerBoundaryIs><LinearRing><coordinates>-110.9921875,32.2040625,0 -110.9890625,32.2040625,0 -110.9890625,32.2059375,0 -110.9921875,32.2059375,0 -110.9921875,32.2040625,0</coordinates></LinearRing></outerBoundaryIs></Polygon>
      </Placemark>
      <Placemark>
        <name>Patch (-12,-8)</name>
        <styleUrl>#newPatchStyle</styleUrl>
        <Polygon><outerBoundaryIs><LinearRing><coordinates>-110.9890625,32.2040625,0 -110.9859375,32.2040625,0 -110.9859375,32.2059375,0 -110.9890625,32.2059375,0 -110.9890625,32.2040625,0</coordinates></LinearRing></outerBoundaryIs></Polygon>
      </Placemark>
      <Placemark>
        <name>Patch (-11,-8)</name>
        <styleUrl>#newPatchStyle</styleUrl>
        <Polygon><outerBoundaryIs><LinearRing><coordinates>-110.9859375,32.2040625,0 -110.9828125,32.2040625,0 -110.9828125,32.2059375,0 -110.9859375,32.2059375,0 -110.9859375,32.2040625,0</coordinates></LinearRing></outerBoundaryIs></Polygon>
      </Placemark>
      <Placemark>
        <name>Patch (-10,-8)</name>
        <styleUrl>#newPatchStyle</styleUrl>
        <Polygon><outerBoundaryIs><LinearRing><coordinates>-110.9828125,32.2040625,0 -110.9796875,32.2040625,0 -110.9796875,32.2059375,0 -110.9828125,32.2059375,0 -110.9828125,32.2040625,0</coordinates></LinearRing></outerBoundaryIs></Polygon>
      </Placemark>
      <Placemark>
        <name>Patch (-9,-8)</name>
        <styleUrl>#newPatchStyle</styleUrl>
        <Polygon><outerBoundaryIs><LinearRing><coordinates>-110.9796875,32.2040625,0 -110.9765625,32.2040625,0 -110.9765625,32.2059375,0 -110.9796875,32.2059375,0 -110.9796875,32.2040625,0</coordinates></LinearRing></outerBoundaryIs></Polygon>
      </Placemark>
      <Placemark>
        <name>Patch (-8,-8)</name>
        <styleUrl>#newPatchStyle</styleUrl>
        <Polygon><outerBoundaryIs><LinearRing><coordinates>-110.9765625,32.2040625,0 -110.9734375,32.2040625,0 -110.9734375,32.2059375,0 -110.9765625,32.2059375,0 -110.9765625,32.2040625,0</coordinates></LinearRing></outerBoundaryIs></Polygon>
      </Placemark>
      <Placemark>
        <name>Patch (-7,-8)</name>
        <styleUrl>#newPatchStyle</styleUrl>
        <Polygon><outerBoundaryIs><LinearRing><coordinates>-110.9734375,32.2040625,0 -110.9703125,32.2040625,0 -110.9703125,32.2059375,0 -110.9734375,32.2059375,0 -110.9734375,32.2040625,0</coordinates></LinearRing></outerBoundaryIs></Polygon>
      </Placemark>
      <Placemark>
        <name>Patch (-6,-8)</name>
        <styleUrl>#newPatchStyle</styleUrl>
        <Polygon><outerBoundaryIs><LinearRing><coordinates>-110.9703125,32.2040625,0 -110.96718750000001,32.2040625,0 -110.96718750000001,32.2059375,0 -110.9703125,32.2059375,0 -110.9703125,32.2040625,0</coordinates></LinearRing></outerBoundaryIs></Polygon>
      </Placemark>
      <Placemark>
        <name>Patch (-5,-8)</name>
        <styleUrl>#newPatchStyle</styleUrl>
        <Polygon><outerBoundaryIs><LinearRing><coordinates>-110.96718750000001,32.2040625,0 -110.9640625,32.2040625,0 -110.9640625,32.2059375,0 -110.96718750000001,32.2059375,0 -110.96718750000001,32.2040625,0</coordinates></LinearRing></outerBoundaryIs></Polygon>
      </Placemark>
      <Placemark>
        <name>Patch (-4,-8)</name>
        <styleUrl>#newPatchStyle</styleUrl>
        <Polygon><outerBoundaryIs><LinearRing><coordinates>-110.9640625,32.2040625,0 -110.9609375,32.2040625,0 -110.9609375,32.2059375,0 -110.9640625,32.2059375,0 -110.9640625,32.2040625,0</coordinates></LinearRing></outerBoundaryIs></Polygon>
      </Placemark>
      <Placemark>
        <name>Patch (-3,-8)</name>
        <styleUrl>#newPatchStyle</styleUrl>
        <Polygon><outerBoundaryIs><LinearRing><coordinates>-110.9609375,32.2040625,0 -110.9578125,32.2040625,0 -110.9578125,32.2059375,0 -110.9609375,32.2059375,0 -110.9609375,32.2040625,0</coordinates></LinearRing></outerBoundaryIs></Polygon>
      </Placemark>
      <Placemark>
        <name>Patch (-2,-8)</name>
        <styleUrl>#newPatchStyle</styleUrl>
        <Polygon><outerBoundaryIs><LinearRing><coordinates>-110.9578125,32.2040625,0 -110.9546875,32.2040625,0 -110.9546875,32.2059375,0 -110.9578125,32.2059375,0 -110.9578125,32.2040625,0</coordinates></LinearRing></outerBoundaryIs></Polygon>
      </Placemark>
      <Placemark>
        <name>Patch (-1,-8)</name>
        <styleUrl>#newPatchStyle</styleUrl>
        <Polygon><outerBoundaryIs><LinearRing><coordinates>-110.9546875,32.2040625,0 -110.95156250000001,32.2040625,0 -110.95156250000001,32.2059375,0 -110.9546875,32.2059375,0 -110.9546875,32.2040625,0</coordinates></LinearRing></outerBoundaryIs></Polygon>
      </Placemark>
      <Placemark>
        <name>Patch (0,-8)</name>
        <styleUrl>#wastePatchStyle</styleUrl>
        <Polygon><outerBoundaryIs><LinearRing><coordinates>-110.95156250000001,32.2040625,0 -110.9484375,32.2040625,0 -110.9484375,32.2059375,0 -110.95156250000001,32.2059375,0 -110.95156250000001,32.2040625,0</coordinates></LinearRing></outerBoundaryIs></Polygon>
      </Placemark>
      <Placemark>
        <name>Patch (1,-8)</name>
        <styleUrl>#newPatchStyle</styleUrl>
        <Polygon><outerBoundaryIs><LinearRing><coordinates>-110.9484375,32.2040625,0 -110.9453125,32.2040625,0 -110.9453125,32.2059375,0 -110.9484375,32.2059375,0 -110.9484375,32.2040625,0</coordinates></LinearRing></outerBoundaryIs></Polygon>
      </Placemark>
      <Placemark>
        <name>Patch (2,-8)</name>
        <styleUrl>#newPatchStyle</styleUrl>
        <Polygon><outerBoundaryIs><LinearRing><coordinates>-110.9453125,32.2040625,0 -110.9421875,32.2040625,0 -110.9421875,32.2059375,0 -110.9453125,32.2059375,0 -110.9453125,32.2040625,0</coordinates></LinearRing></outerBoundaryIs></Polygon>
      </Placemark>
      <Placemark>
        <name>Patch (3,-8)</name>
        <styleUrl>#newPatchStyle</styleUrl>
        <Polygon><outerBoundaryIs><LinearRing><coordinates>-110.9421875,32.2040625,0 -110.9390625,32.2040625,0 -110.9390625,32.2059375,0 -110.9421875,32.2059375,0 -110.9421875,32.2040625,0</coordinates></LinearRing></outerBoundaryIs></Polygon>
      </Placemark>
      <Placemark>
        <name>Patch (4,-8)</name>
        <styleUrl>#newPatchStyle</styleUrl>
        <Polygon><outerBoundaryIs><LinearRing><coordinates>-110.9390625,32.2040625,0 -110.93593750000001,32.2040625,0 -110.93593750000001,32.2059375,0 -110.9390625,32.2059375,0 -110.9390625,32.2040625,0</coordinates></LinearRing></outerBoundaryIs></Polygon>
      </Placemark>
      <Placemark>
        <name>Patch (5,-8)</name>
        <styleUrl>#recycledPatchStyle</styleUrl>
        <Polygon><outerBoundaryIs><LinearRing><coordinates>-110.93593750000001,32.2040625,0 -110.9328125,32.2040625,0 -110.9328125,32.2059375,0 -110.93593750000001,32.2059375,0 -110.93593750000001,32.2040625,0</coordinates></LinearRing></outerBoundaryIs></Polygon>
      </Placemark>
      <Placemark>
        <name>Patch (6,-8)</name>
        <styleUrl>#recycledPatchStyle</styleUrl>
        <Polygon><outerBoundaryIs><LinearRing><coordinates>-110.9328125,32.2040625,0 -110.9296875,32.2040625,0 -110.9296875,32.2059375,0 -110.9328125,32.2059375,0 -110.9328125,32.2040625,0</coordinates></LinearRing></outerBoundaryIs></Polygon>
      </Placemark>
      <Placemark>
        <name>Patch (7,-8)</name>
        <styleUrl>#recycledPatchStyle</styleUrl>
        <Polygon><outerBoundaryIs><LinearRing><coordinates>-110.9296875,32.2040625,0 -110.9265625,32.2040625,0 -110.9265625,32.2059375,0 -110.9296875,32.2059375,0 -110.9296875,32.2040625,0</coordinates></LinearRing></outerBoundaryIs></Polygon>
      </Placemark>
      <Placemark>
        <name>Patch (8,-8)</name>
        <styleUrl>#wastePatchStyle</styleUrl>
        <Polygon><outerBoundaryIs><LinearRing><coordinates>-110.9265625,32.2040625,0 -110.9234375,32.2040625,0 -110.9234375,32.2059375,0 -110.9265625,32.2059375,0 -110.9265625,32.2040625,0</coordinates></LinearRing></outerBoundaryIs></Polygon>
      </Placemark>
      <Placemark>
        <name>Patch (9,-8)</name>
        <styleUrl>#newPatchStyle</styleUrl>
        <Polygon><outerBoundaryIs><LinearRing><coordinates>-110.9234375,32.2040625,0 -110.92031250000001,32.2040625,0 -110.92031250000001,32.2059375,0 -110.9234375,32.2059375,0 -110.9234375,32.2040625,0</coordinates></LinearRing></outerBoundaryIs></Polygon>
      </Placemark>
      <Placemark>
        <name>Patch (10,-8)</name>
        <styleUrl>#newPatchStyle</styleUrl>
        <Polygon><outerBoundaryIs><LinearRing><coordinates>-110.92031250000001,32.2040625,0 -110.91718750000001,32.2040625,0 -110.91718750000001,32.2059375,0 -110.92031250000001,32.2059375,0 -110.92031250000001,32.2040625,0</coordinates></LinearRing></outerBoundaryIs></Polygon>
      </Placemark>
      <Placemark>
        <name>Patch (11,-8)</name>
        <styleUrl>#newPatchStyle</styleUrl>
        <Polygon><outerBoundaryIs><LinearRing><coordinates>-110.91718750000001,32.2040625,0 -110.9140625,32.2040625,0 -110.9140625,32.2059375,0 -110.91718750000001,32.2059375,0 -110.91718750000001,32.2040625,0</coordinates></LinearRing></outerBoundaryIs></Polygon>
      </Placemark>
      <Placemark>
        <name>Patch (12,-8)</name>
        <styleUrl>#newPatchStyle</styleUrl>
        <Polygon><outerBoundaryIs><LinearRing><coordinates>-110.9140625,32.2040625,0 -110.9109375,32.2040625,0 -110.9109375,32.2059375,0 -110.9140625,32.2059375,0 -110.9140625,32.2040625,0</coordinates></LinearRing></outerBoundaryIs></Polygon>
      </Placemark>
      <Placemark>
        <name>Patch (13,-8)</name>
        <styleUrl>#wastePatchStyle</styleUrl>
        <Polygon><outerBoundaryIs><LinearRing><coordinates>-110.9109375,32.2040625,0 -110.9078125,32.2040625,0 -110.9078125,32.2059375,0 -110.9109375,32.2059375,0 -110.9109375,32.2040625,0</coordinates></LinearRing></outerBoundaryIs></Polygon>
      </Placemark>
      <Placemark>
        <name>Patch (14,-8)</name>
        <styleUrl>#wastePatchStyle</styleUrl>
        <Polygon><outerBoundaryIs><LinearRing><coordinates>-110.9078125,32.2040625,0 -110.90468750000001,32.2040625,0 -110.90468750000001,32.2059375,0 -110.9078125,32.2059375,0 -110.9078125,32.2040625,0</coordinates></LinearRing></outerBoundaryIs></Polygon>
      </Placemark>
      <Placemark>
        <name>Patch (15,-8)</name>
        <styleUrl>#newPatchStyle</styleUrl>
        <Polygon><outerBoundaryIs><LinearRing><coordinates>-110.90468750000001,32.2040625,0 -110.90156250000001,32.2040625,0 -110.90156250000001,32.2059375,0 -110.90468750000001,32.2059375,0 -110.90468750000001,32.2040625,0</coordinates></LinearRing></outerBoundaryIs></Polygon>
      </Placemark>
      <Placemark>
        <name>Patch (16,-8)</name>
        <styleUrl>#newPatchStyle</styleUrl>
        <Polygon><outerBoundaryIs><LinearRing><coordinates>-110.90156250000001,32.2040625,0 -110.8984375,32.2040625,0 -110.8984375,32.2059375,0 -110.90156250000001,32.2059375,0 -110.90156250000001,32.2040625,0</coordinates></LinearRing></outerBoundaryIs></Polygon>
      </Placemark>
      <Placemark>
        <name>Patch (-16,-7)</name>
        <styleUrl>#newPatchStyle</styleUrl>
        <Polygon><outerBoundaryIs><LinearRing><coordinates>-111.0015625,32.2059375,0 -110.9984375,32.2059375,0 -110.9984375,32.207812499999996,0 -111.0015625,32.207812499999996,0 -111.0015625,32.2059375,0</coordinates></LinearRing></outerBoundaryIs></Polygon>
      </Placemark>
      <Placemark>
        <name>Patch (-15,-7)</name>
        <styleUrl>#newPatchStyle</styleUrl>
        <Polygon><outerBoundaryIs><LinearRing><coordinates>-110.9984375,32.2059375,0 -110.9953125,32.2059375,0 -110.9953125,32.207812499999996,0 -110.9984375,32.207812499999996,0 -110.9984375,32.2059375,0</coordinates></LinearRing></outerBoundaryIs></Polygon>
      </Placemark>
      <Placemark>
        <name>Patch (-14,-7)</name>
        <styleUrl>#newPatchStyle</styleUrl>
        <Polygon><outerBoundaryIs><LinearRing><coordinates>-110.9953125,32.2059375,0 -110.9921875,32.2059375,0 -110.9921875,32.207812499999996,0 -110.9953125,32.207812499999996,0 -110.9953125,32.2059375,0</coordinates></LinearRing></outerBoundaryIs></Polygon>
      </Placemark>
      <Placemark>
        <name>Patch (-13,-7)</name>
        <styleUrl>#newPatchStyle</styleUrl>
        <Polygon><outerBoundaryIs><LinearRing><coordinates>-110.9921875,32.2059375,0 -110.9890625,32.2059375,0 -110.9890625,32.207812499999996,0 -110.9921875,32.207812499999996,0 -110.9921875,32.2059375,0</coordinates></LinearRing></outerBoundaryIs></Polygon>
      </Placemark>
      <Placemark>
        <name>Patch (-12,-7)</name>
        <styleUrl>#newPatchStyle</styleUrl>
        <Polygon><outerBoundaryIs><LinearRing><coordinates>-110.9890625,32.2059375,0 -110.9859375,32.2059375,0 -110.9859375,32.207812499999996,0 -110.9890625,32.207812499999996,0 -110.9890625,32.2059375,0</coordinates></LinearRing></outerBoundaryIs></Polygon>
      </Placemark>
      <Placemark>
        <name>Patch (-11,-7)</name>
        <styleUrl>#newPatchStyle</styleUrl>
        <Polygon><outerBoundaryIs><LinearRing><coordinates>-110.9859375,32.2059375,0 -110.9828125,32.2059375,0 -110.9828125,32.207812499999996,0 -110.9859375,32.207812499999996,0 -110.9859375,32.2059375,0</coordinates></LinearRing></outerBoundaryIs></Polygon>
      </Placemark>
      <Placemark>
        <name>Patch (-10,-7)</name>
        <styleUrl>#newPatchStyle</styleUrl>
        <Polygon><outerBoundaryIs><LinearRing><coordinates>-110.9828125,32.2059375,0 -110.9796875,32.2059375,0 -110.9796875,32.207812499999996,0 -110.9828125,32.207812499999996,0 -110.9828125,32.2059375,0</coordinates></LinearRing></outerBoundaryIs></Polygon>
      </Placemark>
      <Placemark>
        <name>Patch (-9,-7)</name>
        <styleUrl>#recycledPatchStyle</styleUrl>
        <Polygon><outerBoundaryIs><LinearRing><coordinates>-110.9796875,32.2059375,0 -110.9765625,32.2059375,0 -110.9765625,32.207812499999996,0 -110.9796875,32.207812499999996,0 -110.9796875,32.2059375,0</coordinates></LinearRing></outerBoundaryIs></Polygon>
      </Placemark>
      <Placemark>
        <name>Patch (-8,-7)</name>
        <styleUrl>#newPatchStyle</styleUrl>
        <Polygon><outerBoundaryIs><LinearRing><coordinates>-110.9765625,32.2059375,0 -110.9734375,32.2059375,0 -110.9734375,32.207812499999996,0 -110.9765625,32.207812499999996,0 -110.9765625,32.2059375,0</coordinates></LinearRing></outerBoundaryIs></Polygon>
      </Placemark>
      <Placemark>
        <name>Patch (-7,-7)</name>
        <styleUrl>#newPatchStyle</styleUrl>
        <Polygon><outerBoundaryIs><LinearRing><coordinates>-110.9734375,32.2059375,0 -110.9703125,32.2059375,0 -110.9703125,32.207812499999996,0 -110.9734375,32.207812499999996,0 -110.9734375,32.2059375,0</coordinates></LinearRing></outerBoundaryIs></Polygon>
      </Placemark>
      <Placemark>
        <name>Patch (-6,-7)</name>
        <styleUrl>#wastePatchStyle</styleUrl>
        <Polygon><outerBoundaryIs><LinearRing><coordinates>-110.9703125,32.2059375,0 -110.96718750000001,32.2059375,0 -110.96718750000001,32.207812499999996,0 -110.9703125,32.207812499999996,0 -110.9703125,32.2059375,0</coordinates></LinearRing></outerBoundaryIs></Polygon>
      </Placemark>
      <Placemark>
        <name>Patch (-5,-7)</name>
        <styleUrl>#wastePatchStyle</styleUrl>
        <Polygon><outerBoundaryIs><LinearRing><coordinates>-110.96718750000001,32.2059375,0 -110.9640625,32.2059375,0 -110.9640625,32.207812499999996,0 -110.96718750000001,32.207812499999996,0 -110.96718750000001,32.2059375,0</coordinates></LinearRing></outerBoundaryIs></Polygon>
      </Placemark>
      <Placemark>
        <name>Patch (-4,-7)</name>
        <styleUrl>#newPatchStyle</styleUrl>
        <Polygon><outerBoundaryIs><LinearRing><coordinates>-110.9640625,32.2059375,0 -110.9609375,32.2059375,0 -110.9609375,32.207812499999996,0 -110.9640625,32.207812499999996,0 -110.9640625,32.2059375,0</coordinates></LinearRing></outerBoundaryIs></Polygon>
      </Placemark>
      <Placemark>
        <name>Patch (-3,-7)</name>
        <styleUrl>#wastePatchStyle</styleUrl>
        <Polygon><outerBoundaryIs><LinearRing><coordinates>-110.9609375,32.2059375,0 -110.9578125,32.2059375,0 -110.9578125,32.207812499999996,0 -110.9609375,32.207812499999996,0 -110.9609375,32.2059375,0</coordinates></LinearRing></outerBoundaryIs></Polygon>
      </Placemark>
      <Placemark>
        <name>Patch (-2,-7)</name>
        <styleUrl>#newPatchStyle</styleUrl>
        <Polygon><outerBoundaryIs><LinearRing><coordinates>-110.9578125,32.2059375,0 -110.9546875,32.2059375,0 -110.9546875,32.207812499999996,0 -110.9578125,32.207812499999996,0 -110.9578125,32.2059375,0</coordinates></LinearRing></outerBoundaryIs></Polygon>
      </Placemark>
      <Placemark>
        <name>Patch (-1,-7)</name>
        <styleUrl>#wastePatchStyle</styleUrl>
        <Polygon><outerBoundaryIs><LinearRing><coordinates>-110.9546875,32.2059375,0 -110.95156250000001,32.2059375,0 -110.95156250000001,32.207812499999996,0 -110.9546875,32.207812499999996,0 -110.9546875,32.2059375,0</coordinates></LinearRing></outerBoundaryIs></Polygon>
      </Placemark>
      <Placemark>
        <name>Patch (0,-7)</name>
        <styleUrl>#wastePatchStyle</styleUrl>
        <Polygon><outerBoundaryIs><LinearRing><coordinates>-110.95156250000001,32.2059375,0 -110.9484375,32.2059375,0 -110.9484375,32.207812499999996,0 -110.95156250000001,32.207812499999996,0 -110.95156250000001,32.2059375,0</coordinates></LinearRing></outerBoundaryIs></Polygon>
      </Placemark>
      <Placemark>
        <name>Patch (1,-7)</name>
        <styleUrl>#newPatchStyle</styleUrl>
        <Polygon><outerBoundaryIs><LinearRing><coordinates>-110.9484375,32.2059375,0 -110.9453125,32.2059375,0 -110.9453125,32.207812499999996,0 -110.9484375,32.207812499999996,0 -110.9484375,32.2059375,0</coordinates></LinearRing></outerBoundaryIs></Polygon>
      </Placemark>
      <Placemark>
        <name>Patch (2,-7)</name>
        <styleUrl>#newPatchStyle</styleUrl>
        <Polygon><outerBoundaryIs><LinearRing><coordinates>-110.9453125,32.2059375,0 -110.9421875,32.2059375,0 -110.9421875,32.207812499999996,0 -110.9453125,32.207812499999996,0 -110.9453125,32.2059375,0</coordinates></LinearRing></outerBoundaryIs></Polygon>
      </Placemark>
      <Placemark>
        <name>Patch (3,-7)</name>
        <styleUrl>#wastePatchStyle</styleUrl>
        <Polygon><outerBoundaryIs><LinearRing><coordinates>-110.9421875,32.2059375,0 -110.9390625,32.2059375,0 -110.9390625,32.207812499999996,0 -110.9421875,32.207812499999996,0 -110.9421875,32.2059375,0</coordinates></LinearRing></outerBoundaryIs></Polygon>
      </Placemark>
      <Placemark>
        <name>Patch (4,-7)</name>
        <styleUrl>#wastePatchStyle</styleUrl>
        <Polygon><outerBoundaryIs><LinearRing><coordinates>-110.9390625,32.2059375,0 -110.93593750000001,32.2059375,0 -110.93593750000001,32.207812499999996,0 -110.9390625,32.207812499999996,0 -110.9390625,32.2059375,0</coordinates></LinearRing></outerBoundaryIs></Polygon>
      </Placemark>
      <Placemark>
        <name>Patch (5,-7)</name>
        <styleUrl>#newPatchStyle</styleUrl>
        <Polygon><outerBoundaryIs><LinearRing><coordinates>-110.93593750000001,32.2059375,0 -110.9328125,32.2059375,0 -110.9328125,32.207812499999996,0 -110.93593750000001,32.207812499999996,0 -110.93593750000001,32.2059375,0</coordinates></LinearRing></outerBoundaryIs></Polygon>
      </Placemark>
      <Placemark>
        <name>Patch (6,-7)</name>
        <styleUrl>#newPatchStyle</styleUrl>
        <Polygon><outerBoundaryIs><LinearRing><coordinates>-110.9328125,32.2059375,0 -110.9296875,32.2059375,0 -110.9296875,32.207812499999996,0 -110.9328125,32.207812499999996,0 -110.9328125,32.2059375,0</coordinates></LinearRing></outerBoundaryIs></Polygon>
      </Placemark>
      <Placemark>
        <name>Patch (7,-7)</name>
        <styleUrl>#newPatchStyle</styleUrl>
        <Polygon><outerBoundaryIs><LinearRing><coordinates>-110.9296875,32.2059375,0 -110.9265625,32.2059375,0 -110.9265625,32.207812499999996,0 -110.9296875,32.207812499999996,0 -110.9296875,32.2059375,0</coordinates></LinearRing></outerBoundaryIs></Polygon>
      </Placemark>
      <Placemark>
        <name>Patch (8,-7)</name>
        <styleUrl>#newPatchStyle</styleUrl>
        <Polygon><outerBoundaryIs><LinearRing><coordinates>-110.9265625,32.2059375,0 -110.9234375,32.2059375,0 -110.9234375,32.207812499999996,0 -110.9265625,32.207812499999996,0 -110.9265625,32.2059375,0</coordinates></LinearRing></outerBoundaryIs></Polygon>
      </Placemark>
      <Placemark>
        <name>Patch (9,-7)</name>
        <styleUrl>#newPatchStyle</styleUrl>
        <Polygon><outerBoundaryIs><LinearRing><coordinates>-110.9234375,32.2059375,0 -110.92031250000001,32.2059375,0 -110.92031250000001,32.207812499999996,0 -110.9234375,32.207812499999996,0 -110.9234375,32.2059375,0</coordinates></LinearRing></outerBoundaryIs></Polygon>
      </Placemark>
      <Placemark>
        <name>Patch (10,-7)</name>
        <styleUrl>#newPatchStyle</styleUrl>
        <Polygon><outerBoundaryIs><LinearRing><coordinates>-110.92031250000001,32.2059375,0 -110.91718750000001,32.2059375,0 -110.91718750000001,32.207812499999996,0 -110.92031250000001,32.207812499999996,0 -110.92031250000001,32.2059375,0</coordinates></LinearRing></outerBoundaryIs></Polygon>
      </Placemark>
      <Placemark>
        <name>Patch (11,-7)</name>
        <styleUrl>#newPatchStyle</styleUrl>
        <Polygon><outerBoundaryIs><LinearRing><coordinates>-110.91718750000001,32.2059375,0 -110.9140625,32.2059375,0 -110.9140625,32.207812499999996,0 -110.91718750000001,32.207812499999996,0 -110.91718750000001,32.2059375,0</coordinates></LinearRing></outerBoundaryIs></Polygon>
      </Placemark>
      <Placemark>
        <name>Patch (12,-7)</name>
        <styleUrl>#newPatchStyle</styleUrl>
        <Polygon><outerBoundaryIs><LinearRing><coordinates>-110.9140625,32.2059375,0 -110.9109375,32.2059375,0 -110.9109375,32.207812499999996,0 -110.9140625,32.207812499999996,0 -110.9140625,32.2059375,0</coordinates></LinearRing></outerBoundaryIs></Polygon>
      </Placemark>
      <Placemark>
        <name>Patch (13,-7)</name>
        <styleUrl>#wastePatchStyle</styleUrl>
        <Polygon><outerBoundaryIs><LinearRing><coordinates>-110.9109375,32.2059375,0 -110.9078125,32.2059375,0 -110.9078125,32.207812499999996,0 -110.9109375,32.207812499999996,0 -110.9109375,32.2059375,0</coordinates></LinearRing></outerBoundaryIs></Polygon>
      </Placemark>
      <Placemark>
        <name>Patch (14,-7)</name>
        <styleUrl>#wastePatchStyle</styleUrl>
        <Polygon><outerBoundaryIs><LinearRing><coordinates>-110.9078125,32.2059375,0 -110.90468750000001,32.2059375,0 -110.90468750000001,32.207812499999996,0 -110.9078125,32.207812499999996,0 -110.9078125,32.2059375,0</coordinates></LinearRing></outerBoundaryIs></Polygon>
      </Placemark>
      <Placemark>
        <name>Patch (15,-7)</name>
        <styleUrl>#newPatchStyle</styleUrl>
        <Polygon><outerBoundaryIs><LinearRing><coordinates>-110.90468750000001,32.2059375,0 -110.90156250000001,32.2059375,0 -110.90156250000001,32.207812499999996,0 -110.90468750000001,32.207812499999996,0 -110.90468750000001,32.2059375,0</coordinates></LinearRing></outerBoundaryIs></Polygon>
      </Placemark>
      <Placemark>
        <name>Patch (16,-7)</name>
        <styleUrl>#newPatchStyle</styleUrl>
        <Polygon><outerBoundaryIs><LinearRing><coordinates>-110.90156250000001,32.2059375,0 -110.8984375,32.2059375,0 -110.8984375,32.207812499999996,0 -110.90156250000001,32.207812499999996,0 -110.90156250000001,32.2059375,0</coordinates></LinearRing></outerBoundaryIs></Polygon>
      </Placemark>
      <Placemark>
        <name>Patch (-16,-6)</name>
        <styleUrl>#newPatchStyle</styleUrl>
        <Polygon><outerBoundaryIs><LinearRing><coordinates>-111.0015625,32.207812499999996,0 -110.9984375,32.207812499999996,0 -110.9984375,32.2096875,0 -111.0015625,32.2096875,0 -111.0015625,32.207812499999996,0</coordinates></LinearRing></outerBoundaryIs></Polygon>
      </Placemark>
      <Placemark>
        <name>Patch (-15,-6)</name>
        <styleUrl>#newPatchStyle</styleUrl>
        <Polygon><outerBoundaryIs><LinearRing><coordinates>-110.9984375,32.207812499999996,0 -110.9953125,32.207812499999996,0 -110.9953125,32.2096875,0 -110.9984375,32.2096875,0 -110.9984375,32.207812499999996,0</coordinates></LinearRing></outerBoundaryIs></Polygon>
      </Placemark>
      <Placemark>
        <name>Patch (-14,-6)</name>
        <styleUrl>#newPatchStyle</styleUrl>
        <Polygon><outerBoundaryIs><LinearRing><coordinates>-110.9953125,32.207812499999996,0 -110.9921875,32.207812499999996,0 -110.9921875,32.2096875,0 -110.9953125,32.2096875,0 -110.9953125,32.207812499999996,0</coordinates></LinearRing></outerBoundaryIs></Polygon>
      </Placemark>
      <Placemark>
        <name>Patch (-13,-6)</name>
        <styleUrl>#newPatchStyle</styleUrl>
        <Polygon><outerBoundaryIs><LinearRing><coordinates>-110.9921875,32.207812499999996,0 -110.9890625,32.207812499999996,0 -110.9890625,32.2096875,0 -110.9921875,32.2096875,0 -110.9921875,32.207812499999996,0</coordinates></LinearRing></outerBoundaryIs></Polygon>
      </Placemark>
      <Placemark>
        <name>Patch (-12,-6)</name>
        <styleUrl>#newPatchStyle</styleUrl>
        <Polygon><outerBoundaryIs><LinearRing><coordinates>-110.9890625,32.207812499999996,0 -110.9859375,32.207812499999996,0 -110.9859375,32.2096875,0 -110.9890625,32.2096875,0 -110.9890625,32.207812499999996,0</coordinates></LinearRing></outerBoundaryIs></Polygon>
      </Placemark>
      <Placemark>
        <name>Patch (-11,-6)</name>
        <styleUrl>#newPatchStyle</styleUrl>
        <Polygon><outerBoundaryIs><LinearRing><coordinates>-110.9859375,32.207812499999996,0 -110.9828125,32.207812499999996,0 -110.9828125,32.2096875,0 -110.9859375,32.2096875,0 -110.9859375,32.207812499999996,0</coordinates></LinearRing></outerBoundaryIs></Polygon>
      </Placemark>
      <Placemark>
        <name>Patch (-10,-6)</name>
        <styleUrl>#newPatchStyle</styleUrl>
        <Polygon><outerBoundaryIs><LinearRing><coordinates>-110.9828125,32.207812499999996,0 -110.9796875,32.207812499999996,0 -110.9796875,32.2096875,0 -110.9828125,32.2096875,0 -110.9828125,32.207812499999996,0</coordinates></LinearRing></outerBoundaryIs></Polygon>
      </Placemark>
      <Placemark>
        <name>Patch (-9,-6)</name>
        <styleUrl>#wastePatchStyle</styleUrl>
        <Polygon><outerBoundaryIs><LinearRing><coordinates>-110.9796875,32.207812499999996,0 -110.9765625,32.207812499999996,0 -110.9765625,32.2096875,0 -110.9796875,32.2096875,0 -110.9796875,32.207812499999996,0</coordinates></LinearRing></outerBoundaryIs></Polygon>
      </Placemark>
      <Placemark>
        <name>Patch (-8,-6)</name>
        <styleUrl>#wastePatchStyle</styleUrl>
        <Polygon><outerBoundaryIs><LinearRing><coordinates>-110.9765625,32.207812499999996,0 -110.9734375,32.207812499999996,0 -110.9734375,32.2096875,0 -110.9765625,32.2096875,0 -110.9765625,32.207812499999996,0</coordinates></LinearRing></outerBoundaryIs></Polygon>
      </Placemark>
      <Placemark>
        <name>Patch (-7,-6)</name>
        <styleUrl>#wastePatchStyle</styleUrl>
        <Polygon><outerBoundaryIs><LinearRing><coordinates>-110.9734375,32.207812499999996,0 -110.9703125,32.207812499999996,0 -110.9703125,32.2096875,0 -110.9734375,32.2096875,0 -110.9734375,32.207812499999996,0</coordinates></LinearRing></outerBoundaryIs></Polygon>
      </Placemark>
      <Placemark>
        <name>Patch (-6,-6)</name>
        <styleUrl>#newPatchStyle</styleUrl>
        <Polygon><outerBoundaryIs><LinearRing><coordinates>-110.9703125,32.207812499999996,0 -110.96718750000001,32.207812499999996,0 -110.96718750000001,32.2096875,0 -110.9703125,32.2096875,0 -110.9703125,32.207812499999996,0</coordinates></LinearRing></outerBoundaryIs></Polygon>
      </Placemark>
      <Placemark>
        <name>Patch (-5,-6)</name>
        <styleUrl>#newPatchStyle</styleUrl>
        <Polygon><outerBoundaryIs><LinearRing><coordinates>-110.96718750000001,32.207812499999996,0 -110.9640625,32.207812499999996,0 -110.9640625,32.2096875,0 -110.96718750000001,32.2096875,0 -110.96718750000001,32.207812499999996,0</coordinates></LinearRing></outerBoundaryIs></Polygon>
      </Placemark>
      <Placemark>
        <name>Patch (-4,-6)</name>
        <styleUrl>#newPatchStyle</styleUrl>
        <Polygon><outerBoundaryIs><LinearRing><coordinates>-110.9640625,32.207812499999996,0 -110.9609375,32.207812499999996,0 -110.9609375,32.2096875,0 -110.9640625,32.2096875,0 -110.9640625,32.207812499999996,0</coordinates></LinearRing></outerBoundaryIs></Polygon>
      </Placemark>
      <Placemark>
        <name>Patch (-3,-6)</name>
        <styleUrl>#newPatchStyle</styleUrl>
        <Polygon><outerBoundaryIs><LinearRing><coordinates>-110.9609375,32.207812499999996,0 -110.9578125,32.207812499999996,0 -110.9578125,32.2096875,0 -110.9609375,32.2096875,0 -110.9609375,32.207812499999996,0</coordinates></LinearRing></outerBoundaryIs></Polygon>
      </Placemark>
      <Placemark>
        <name>Patch (-2,-6)</name>
        <styleUrl>#wastePatchStyle</styleUrl>
        <Polygon><outerBoundaryIs><LinearRing><coordinates>-110.9578125,32.207812499999996,0 -110.9546875,32.207812499999996,0 -110.9546875,32.2096875,0 -110.9578125,32.2096875,0 -110.9578125,32.207812499999996,0</coordinates></LinearRing></outerBoundaryIs></Polygon>
      </Placemark>
      <Placemark>
        <name>Patch (-1,-6)</name>
        <styleUrl>#wastePatchStyle</styleUrl>
        <Polygon><outerBoundaryIs><LinearRing><coordinates>-110.9546875,32.207812499999996,0 -110.95156250000001,32.207812499999996,0 -110.95156250000001,32.2096875,0 -110.9546875,32.2096875,0 -110.9546875,32.207812499999996,0</coordinates></LinearRing></outerBoundaryIs></Polygon>
      </Placemark>
      <Placemark>
        <name>Patch (0,-6)</name>
        <styleUrl>#wastePatchStyle</styleUrl>
        <Polygon><outerBoundaryIs><LinearRing><coordinates>-110.95156250000001,32.207812499999996,0 -110.9484375,32.207812499999996,0 -110.9484375,32.2096875,0 -110.95156250000001,32.2096875,0 -110.95156250000001,32.207812499999996,0</coordinates></LinearRing></outerBoundaryIs></Polygon>
      </Placemark>
      <Placemark>
        <name>Patch (1,-6)</name>
        <styleUrl>#newPatchStyle</styleUrl>
        <Polygon><outerBoundaryIs><LinearRing><coordinates>-110.9484375,32.207812499999996,0 -110.9453125,32.207812499999996,0 -110.9453125,32.2096875,0 -110.9484375,32.2096875,0 -110.9484375,32.207812499999996,0</coordinates></LinearRing></outerBoundaryIs></Polygon>
      </Placemark>
      <Placemark>
        <name>Patch (2,-6)</name>
        <styleUrl>#newPatchStyle</styleUrl>
        <Polygon><outerBoundaryIs><LinearRing><coordinates>-110.9453125,32.207812499999996,0 -110.9421875,32.207812499999996,0 -110.9421875,32.2096875,0 -110.9453125,32.2096875,0 -110.9453125,32.207812499999996,0</coordinates></LinearRing></outerBoundaryIs></Polygon>
      </Placemark>
      <Placemark>
        <name>Patch (3,-6)</name>
        <styleUrl>#newPatchStyle</styleUrl>
        <Polygon><outerBoundaryIs><LinearRing><coordinates>-110.9421875,32.207812499999996,0 -110.9390625,32.207812499999996,0 -110.9390625,32.2096875,0 -110.9421875,32.2096875,0 -110.9421875,32.207812499999996,0</coordinates></LinearRing></outerBoundaryIs></Polygon>
      </Placemark>
      <Placemark>
        <name>Patch (4,-6)</name>
        <styleUrl>#newPatchStyle</styleUrl>
        <Polygon><outerBoundaryIs><LinearRing><coordinates>-110.9390625,32.207812499999996,0 -110.93593750000001,32.207812499999996,0 -110.93593750000001,32.2096875,0 -110.9390625,32.2096875,0 -110.9390625,32.207812499999996,0</coordinates></LinearRing></outerBoundaryIs></Polygon>
      </Placemark>
      <Placemark>
        <name>Patch (5,-6)</name>
        <styleUrl>#wastePatchStyle</styleUrl>
        <Polygon><outerBoundaryIs><LinearRing><coordinates>-110.93593750000001,32.207812499999996,0 -110.9328125,32.207812499999996,0 -110.9328125,32.2096875,0 -110.93593750000001,32.2096875,0 -110.93593750000001,32.207812499999996,0</coordinates></LinearRing></outerBoundaryIs></Polygon>
      </Placemark>
      <Placemark>
        <name>Patch (6,-6)</name>
        <styleUrl>#newPatchStyle</styleUrl>
        <Polygon><outerBoundaryIs><LinearRing><coordinates>-110.9328125,32.207812499999996,0 -110.9296875,32.207812499999996,0 -110.9296875,32.2096875,0 -110.9328125,32.2096875,0 -110.9328125,32.207812499999996,0</coordinates></LinearRing></outerBoundaryIs></Polygon>
      </Placemark>
      <Placemark>
        <name>Patch (7,-6)</name>
        <styleUrl>#newPatchStyle</styleUrl>
        <Polygon><outerBoundaryIs><LinearRing><coordinates>-110.9296875,32.207812499999996,0 -110.9265625,32.207812499999996,0 -110.9265625,32.2096875,0 -110.9296875,32.2096875,0 -110.9296875,32.207812499999996,0</coordinates></LinearRing></outerBoundaryIs></Polygon>
      </Placemark>
      <Placemark>
        <name>Patch (8,-6)</name>
        <styleUrl>#newPatchStyle</styleUrl>
        <Polygon><outerBoundaryIs><LinearRing><coordinates>-110.9265625,32.207812499999996,0 -110.9234375,32.207812499999996,0 -110.9234375,32.2096875,0 -110.9265625,32.2096875,0 -110.9265625,32.207812499999996,0</coordinates></LinearRing></outerBoundaryIs></Polygon>
      </Placemark>
      <Placemark>
        <name>Patch (9,-6)</name>
        <styleUrl>#newPatchStyle</styleUrl>
        <Polygon><outerBoundaryIs><LinearRing><coordinates>-110.9234375,32.207812499999996,0 -110.92031250000001,32.207812499999996,0 -110.92031250000001,32.2096875,0 -110.9234375,32.2096875,0 -110.9234375,32.207812499999996,0</coordinates></LinearRing></outerBoundaryIs></Polygon>
      </Placemark>
      <Placemark>
        <name>Patch (10,-6)</name>
        <styleUrl>#newPatchStyle</styleUrl>
        <Polygon><outerBoundaryIs><LinearRing><coordinates>-110.92031250000001,32.207812499999996,0 -110.91718750000001,32.207812499999996,0 -110.91718750000001,32.2096875,0 -110.92031250000001,32.2096875,0 -110.92031250000001,32.207812499999996,0</coordinates></LinearRing></outerBoundaryIs></Polygon>
      </Placemark>
      <Placemark>
        <name>Patch (11,-6)</name>
        <styleUrl>#newPatchStyle</styleUrl>
        <Polygon><outerBoundaryIs><LinearRing><coordinates>-110.91718750000001,32.207812499999996,0 -110.9140625,32.207812499999996,0 -110.9140625,32.2096875,0 -110.91718750000001,32.2096875,0 -110.91718750000001,32.207812499999996,0</coordinates></LinearRing></outerBoundaryIs></Polygon>
      </Placemark>
      <Placemark>
        <name>Patch (12,-6)</name>
        <styleUrl>#newPatchStyle</styleUrl>
        <Polygon><outerBoundaryIs><LinearRing><coordinates>-110.9140625,32.207812499999996,0 -110.9109375,32.207812499999996,0 -110.9109375,32.2096875,0 -110.9140625,32.2096875,0 -110.9140625,32.207812499999996,0</coordinates></LinearRing></outerBoundaryIs></Polygon>
      </Placemark>
      <Placemark>
        <name>Patch (13,-6)</name>
        <styleUrl>#newPatchStyle</styleUrl>
        <Polygon><outerBoundaryIs><LinearRing><coordinates>-110.9109375,32.207812499999996,0 -110.9078125,32.207812499999996,0 -110.9078125,32.2096875,0 -110.9109375,32.2096875,0 -110.9109375,32.207812499999996,0</coordinates></LinearRing></outerBoundaryIs></Polygon>
      </Placemark>
      <Placemark>
        <name>Patch (14,-6)</name>
        <styleUrl>#wastePatchStyle</styleUrl>
        <Polygon><outerBoundaryIs><LinearRing><coordinates>-110.9078125,32.207812499999996,0 -110.90468750000001,32.207812499999996,0 -110.90468750000001,32.2096875,0 -110.9078125,32.2096875,0 -110.9078125,32.207812499999996,0</coordinates></LinearRing></outerBoundaryIs></Polygon>
      </Placemark>
      <Placemark>
        <name>Patch (15,-6)</name>
        <styleUrl>#newPatchStyle</styleUrl>
        <Polygon><outerBoundaryIs><LinearRing><coordinates>-110.90468750000001,32.207812499999996,0 -110.90156250000001,32.207812499999996,0 -110.90156250000001,32.2096875,0 -110.90468750000001,32.2096875,0 -110.90468750000001,32.207812499999996,0</coordinates></LinearRing></outerBoundaryIs></Polygon>
      </Placemark>
      <Placemark>
        <name>Patch (16,-6)</name>
        <styleUrl>#newPatchStyle</styleUrl>
        <Polygon><outerBoundaryIs><LinearRing><coordinates>-110.90156250000001,32.207812499999996,0 -110.8984375,32.207812499999996,0 -110.8984375,32.2096875,0 -110.90156250000001,32.2096875,0 -110.90156250000001,32.207812499999996,0</coordinates></LinearRing></outerBoundaryIs></Polygon>
      </Placemark>
      <Placemark>
        <name>Patch (-16,-5)</name>
        <styleUrl>#wastePatchStyle</styleUrl>
        <Polygon><outerBoundaryIs><LinearRing><coordinates>-111.0015625,32.2096875,0 -110.9984375,32.2096875,0 -110.9984375,32.2115625,0 -111.0015625,32.2115625,0 -111.0015625,32.2096875,0</coordinates></LinearRing></outerBoundaryIs></Polygon>
      </Placemark>
      <Placemark>
        <name>Patch (-15,-5)</name>
        <styleUrl>#newPatchStyle</styleUrl>
        <Polygon><outerBoundaryIs><LinearRing><coordinates>-110.9984375,32.2096875,0 -110.9953125,32.2096875,0 -110.9953125,32.2115625,0 -110.9984375,32.2115625,0 -110.9984375,32.2096875,0</coordinates></LinearRing></outerBoundaryIs></Polygon>
      </Placemark>
      <Placemark>
        <name>Patch (-14,-5)</name>
        <styleUrl>#newPatchStyle</styleUrl>
        <Polygon><outerBoundaryIs><LinearRing><coordinates>-110.9953125,32.2096875,0 -110.9921875,32.2096875,0 -110.9921875,32.2115625,0 -110.9953125,32.2115625,0 -110.9953125,32.2096875,0</coordinates></LinearRing></outerBoundaryIs></Polygon>
      </Placemark>
      <Placemark>
        <name>Patch (-13,-5)</name>
        <styleUrl>#newPatchStyle</styleUrl>
        <Polygon><outerBoundaryIs><LinearRing><coordinates>-110.9921875,32.2096875,0 -110.9890625,32.2096875,0 -110.9890625,32.2115625,0 -110.9921875,32.2115625,0 -110.9921875,32.2096875,0</coordinates></LinearRing></outerBoundaryIs></Polygon>
      </Placemark>
      <Placemark>
        <name>Patch (-12,-5)</name>
        <styleUrl>#newPatchStyle</styleUrl>
        <Polygon><outerBoundaryIs><LinearRing><coordinates>-110.9890625,32.2096875,0 -110.9859375,32.2096875,0 -110.9859375,32.2115625,0 -110.9890625,32.2115625,0 -110.9890625,32.2096875,0</coordinates></LinearRing></outerBoundaryIs></Polygon>
      </Placemark>
      <Placemark>
        <name>Patch (-11,-5)</name>
        <styleUrl>#newPatchStyle</styleUrl>
        <Polygon><outerBoundaryIs><LinearRing><coordinates>-110.9859375,32.2096875,0 -110.9828125,32.2096875,0 -110.9828125,32.2115625,0 -110.9859375,32.2115625,0 -110.9859375,32.2096875,0</coordinates></LinearRing></outerBoundaryIs></Polygon>
      </Placemark>
      <Placemark>
        <name>Patch (-10,-5)</name>
        <styleUrl>#newPatchStyle</styleUrl>
        <Polygon><outerBoundaryIs><LinearRing><coordinates>-110.9828125,32.2096875,0 -110.9796875,32.2096875,0 -110.9796875,32.2115625,0 -110.9828125,32.2115625,0 -110.9828125,32.2096875,0</coordinates></LinearRing></outerBoundaryIs></Polygon>
      </Placemark>
      <Placemark>
        <name>Patch (-9,-5)</name>
        <styleUrl>#wastePatchStyle</styleUrl>
        <Polygon><outerBoundaryIs><LinearRing><coordinates>-110.9796875,32.2096875,0 -110.9765625,32.2096875,0 -110.9765625,32.2115625,0 -110.9796875,32.2115625,0 -110.9796875,32.2096875,0</coordinates></LinearRing></outerBoundaryIs></Polygon>
      </Placemark>
      <Placemark>
        <name>Patch (-8,-5)</name>
        <styleUrl>#wastePatchStyle</styleUrl>
        <Polygon><outerBoundaryIs><LinearRing><coordinates>-110.9765625,32.2096875,0 -110.9734375,32.2096875,0 -110.9734375,32.2115625,0 -110.9765625,32.2115625,0 -110.9765625,32.2096875,0</coordinates></LinearRing></outerBoundaryIs></Polygon>
      </Placemark>
      <Placemark>
        <name>Patch (-7,-5)</name>
        <styleUrl>#newPatchStyle</styleUrl>
        <Polygon><outerBoundaryIs><LinearRing><coordinates>-110.9734375,32.2096875,0 -110.9703125,32.2096875,0 -110.9703125,32.2115625,0 -110.9734375,32.2115625,0 -110.9734375,32.2096875,0</coordinates></LinearRing></outerBoundaryIs></Polygon>
      </Placemark>
      <Placemark>
        <name>Patch (-6,-5)</name>
        <styleUrl>#newPatchStyle</styleUrl>
        <Polygon><outerBoundaryIs><LinearRing><coordinates>-110.9703125,32.2096875,0 -110.96718750000001,32.2096875,0 -110.96718750000001,32.2115625,0 -110.9703125,32.2115625,0 -110.9703125,32.2096875,0</coordinates></LinearRing></outerBoundaryIs></Polygon>
      </Placemark>
      <Placemark>
        <name>Patch (-5,-5)</name>
        <styleUrl>#wastePatchStyle</styleUrl>
        <Polygon><outerBoundaryIs><LinearRing><coordinates>-110.96718750000001,32.2096875,0 -110.9640625,32.2096875,0 -110.9640625,32.2115625,0 -110.96718750000001,32.2115625,0 -110.96718750000001,32.2096875,0</coordinates></LinearRing></outerBoundaryIs></Polygon>
      </Placemark>
      <Placemark>
        <name>Patch (-4,-5)</name>
        <styleUrl>#wastePatchStyle</styleUrl>
        <Polygon><outerBoundaryIs><LinearRing><coordinates>-110.9640625,32.2096875,0 -110.9609375,32.2096875,0 -110.9609375,32.2115625,0 -110.9640625,32.2115625,0 -110.9640625,32.2096875,0</coordinates></LinearRing></outerBoundaryIs></Polygon>
      </Placemark>
      <Placemark>
        <name>Patch (-3,-5)</name>
        <styleUrl>#wastePatchStyle</styleUrl>
        <Polygon><outerBoundaryIs><LinearRing><coordinates>-110.9609375,32.2096875,0 -110.9578125,32.2096875,0 -110.9578125,32.2115625,0 -110.9609375,32.2115625,0 -110.9609375,32.2096875,0</coordinates></LinearRing></outerBoundaryIs></Polygon>
      </Placemark>
      <Placemark>
        <name>Patch (-2,-5)</name>
        <styleUrl>#newPatchStyle</styleUrl>
        <Polygon><outerBoundaryIs><LinearRing><coordinates>-110.9578125,32.2096875,0 -110.9546875,32.2096875,0 -110.9546875,32.2115625,0 -110.9578125,32.2115625,0 -110.9578125,32.2096875,0</coordinates></LinearRing></outerBoundaryIs></Polygon>
      </Placemark>
      <Placemark>
        <name>Patch (-1,-5)</name>
        <styleUrl>#wastePatchStyle</styleUrl>
        <Polygon><outerBoundaryIs><LinearRing><coordinates>-110.9546875,32.2096875,0 -110.95156250000001,32.2096875,0 -110.95156250000001,32.2115625,0 -110.9546875,32.2115625,0 -110.9546875,32.2096875,0</coordinates></LinearRing></outerBoundaryIs></Polygon>
      </Placemark>
      <Placemark>
        <name>Patch (0,-5)</name>
        <styleUrl>#recycledPatchStyle</styleUrl>
        <Polygon><outerBoundaryIs><LinearRing><coordinates>-110.95156250000001,32.2096875,0 -110.9484375,32.2096875,0 -110.9484375,32.2115625,0 -110.95156250000001,32.2115625,0 -110.95156250000001,32.2096875,0</coordinates></LinearRing></outerBoundaryIs></Polygon>
      </Placemark>
      <Placemark>
        <name>Patch (1,-5)</name>
        <styleUrl>#wastePatchStyle</styleUrl>
        <Polygon><outerBoundaryIs><LinearRing><coordinates>-110.9484375,32.2096875,0 -110.9453125,32.2096875,0 -110.9453125,32.2115625,0 -110.9484375,32.2115625,0 -110.9484375,32.2096875,0</coordinates></LinearRing></outerBoundaryIs></Polygon>
      </Placemark>
      <Placemark>
        <name>Patch (2,-5)</name>
        <styleUrl>#newPatchStyle</styleUrl>
        <Polygon><outerBoundaryIs><LinearRing><coordinates>-110.9453125,32.2096875,0 -110.9421875,32.2096875,0 -110.9421875,32.2115625,0 -110.9453125,32.2115625,0 -110.9453125,32.2096875,0</coordinates></LinearRing></outerBoundaryIs></Polygon>
      </Placemark>
      <Placemark>
        <name>Patch (3,-5)</name>
        <styleUrl>#newPatchStyle</styleUrl>
        <Polygon><outerBoundaryIs><LinearRing><coordinates>-110.9421875,32.2096875,0 -110.9390625,32.2096875,0 -110.9390625,32.2115625,0 -110.9421875,32.2115625,0 -110.9421875,32.2096875,0</coordinates></LinearRing></outerBoundaryIs></Polygon>
      </Placemark>
      <Placemark>
        <name>Patch (4,-5)</name>
        <styleUrl>#newPatchStyle</styleUrl>
        <Polygon><outerBoundaryIs><LinearRing><coordinates>-110.9390625,32.2096875,0 -110.93593750000001,32.2096875,0 -110.93593750000001,32.2115625,0 -110.9390625,32.2115625,0 -110.9390625,32.2096875,0</coordinates></LinearRing></outerBoundaryIs></Polygon>
      </Placemark>
      <Placemark>
        <name>Patch (5,-5)</name>
        <styleUrl>#newPatchStyle</styleUrl>
        <Polygon><outerBoundaryIs><LinearRing><coordinates>-110.93593750000001,32.2096875,0 -110.9328125,32.2096875,0 -110.9328125,32.2115625,0 -110.93593750000001,32.2115625,0 -110.93593750000001,32.2096875,0</coordinates></LinearRing></outerBoundaryIs></Polygon>
      </Placemark>
      <Placemark>
        <name>Patch (6,-5)</name>
        <styleUrl>#newPatchStyle</styleUrl>
        <Polygon><outerBoundaryIs><LinearRing><coordinates>-110.9328125,32.2096875,0 -110.9296875,32.2096875,0 -110.9296875,32.2115625,0 -110.9328125,32.2115625,0 -110.9328125,32.2096875,0</coordinates></LinearRing></outerBoundaryIs></Polygon>
      </Placemark>
      <Placemark>
        <name>Patch (7,-5)</name>
        <styleUrl>#newPatchStyle</styleUrl>
        <Polygon><outerBoundaryIs><LinearRing><coordinates>-110.9296875,32.2096875,0 -110.9265625,32.2096875,0 -110.9265625,32.2115625,0 -110.9296875,32.2115625,0 -110.9296875,32.2096875,0</coordinates></LinearRing></outerBoundaryIs></Polygon>
      </Placemark>
      <Placemark>
        <name>Patch (8,-5)</name>
        <styleUrl>#newPatchStyle</styleUrl>
        <Polygon><outerBoundaryIs><LinearRing><coordinates>-110.9265625,32.2096875,0 -110.9234375,32.2096875,0 -110.9234375,32.2115625,0 -110.9265625,32.2115625,0 -110.9265625,32.2096875,0</coordinates></LinearRing></outerBoundaryIs></Polygon>
      </Placemark>
      <Placemark>
        <name>Patch (9,-5)</name>
        <styleUrl>#newPatchStyle</styleUrl>
        <Polygon><outerBoundaryIs><LinearRing><coordinates>-110.9234375,32.2096875,0 -110.92031250000001,32.2096875,0 -110.92031250000001,32.2115625,0 -110.9234375,32.2115625,0 -110.9234375,32.2096875,0</coordinates></LinearRing></outerBoundaryIs></Polygon>
      </Placemark>
      <Placemark>
        <name>Patch (10,-5)</name>
        <styleUrl>#newPatchStyle</styleUrl>
        <Polygon><outerBoundaryIs><LinearRing><coordinates>-110.92031250000001,32.2096875,0 -110.91718750000001,32.2096875,0 -110.91718750000001,32.2115625,0 -110.92031250000001,32.2115625,0 -110.92031250000001,32.2096875,0</coordinates></LinearRing></outerBoundaryIs></Polygon>
      </Placemark>
      <Placemark>
        <name>Patch (11,-5)</name>
        <styleUrl>#newPatchStyle</styleUrl>
        <Polygon><outerBoundaryIs><LinearRing><coordinates>-110.91718750000001,32.2096875,0 -110.9140625,32.2096875,0 -110.9140625,32.2115625,0 -110.91718750000001,32.2115625,0 -110.91718750000001,32.2096875,0</coordinates></LinearRing></outerBoundaryIs></Polygon>
      </Placemark>
      <Placemark>
        <name>Patch (12,-5)</name>
        <styleUrl>#newPatchStyle</styleUrl>
        <Polygon><outerBoundaryIs><LinearRing><coordinates>-110.9140625,32.2096875,0 -110.9109375,32.2096875,0 -110.9109375,32.2115625,0 -110.9140625,32.2115625,0 -110.9140625,32.2096875,0</coordinates></LinearRing></outerBoundaryIs></Polygon>
      </Placemark>
      <Placemark>
        <name>Patch (13,-5)</name>
        <styleUrl>#newPatchStyle</styleUrl>
        <Polygon><outerBoundaryIs><LinearRing><coordinates>-110.9109375,32.2096875,0 -110.9078125,32.2096875,0 -110.9078125,32.2115625,0 -110.9109375,32.2115625,0 -110.9109375,32.2096875,0</coordinates></LinearRing></outerBoundaryIs></Polygon>
      </Placemark>
      <Placemark>
        <name>Patch (14,-5)</name>
        <styleUrl>#newPatchStyle</styleUrl>
        <Polygon><outerBoundaryIs><LinearRing><coordinates>-110.9078125,32.2096875,0 -110.90468750000001,32.2096875,0 -110.90468750000001,32.2115625,0 -110.9078125,32.2115625,0 -110.9078125,32.2096875,0</coordinates></LinearRing></outerBoundaryIs></Polygon>
      </Placemark>
      <Placemark>
        <name>Patch (15,-5)</name>
        <styleUrl>#wastePatchStyle</styleUrl>
        <Polygon><outerBoundaryIs><LinearRing><coordinates>-110.90468750000001,32.2096875,0 -110.90156250000001,32.2096875,0 -110.90156250000001,32.2115625,0 -110.90468750000001,32.2115625,0 -110.90468750000001,32.2096875,0</coordinates></LinearRing></outerBoundaryIs></Polygon>
      </Placemark>
      <Placemark>
        <name>Patch (16,-5)</name>
        <styleUrl>#wastePatchStyle</styleUrl>
        <Polygon><outerBoundaryIs><LinearRing><coordinates>-110.90156250000001,32.2096875,0 -110.8984375,32.2096875,0 -110.8984375,32.2115625,0 -110.90156250000001,32.2115625,0 -110.90156250000001,32.2096875,0</coordinates></LinearRing></outerBoundaryIs></Polygon>
      </Placemark>
      <Placemark>
        <name>Patch (-16,-4)</name>
        <styleUrl>#wastePatchStyle</styleUrl>
        <Polygon><outerBoundaryIs><LinearRing><coordinates>-111.0015625,32.2115625,0 -110.9984375,32.2115625,0 -110.9984375,32.2134375,0 -111.0015625,32.2134375,0 -111.0015625,32.2115625,0</coordinates></LinearRing></outerBoundaryIs></Polygon>
      </Placemark>
      <Placemark>
        <name>Patch (-15,-4)</name>
        <styleUrl>#wastePatchStyle</styleUrl>
        <Polygon><outerBoundaryIs><LinearRing><coordinates>-110.9984375,32.2115625,0 -110.9953125,32.2115625,0 -110.9953125,32.2134375,0 -110.9984375,32.2134375,0 -110.9984375,32.2115625,0</coordinates></LinearRing></outerBoundaryIs></Polygon>
      </Placemark>
      <Placemark>
        <name>Patch (-14,-4)</name>
        <styleUrl>#newPatchStyle</styleUrl>
        <Polygon><outerBoundaryIs><LinearRing><coordinates>-110.9953125,32.2115625,0 -110.9921875,32.2115625,0 -110.9921875,32.2134375,0 -110.9953125,32.2134375,0 -110.9953125,32.2115625,0</coordinates></LinearRing></outerBoundaryIs></Polygon>
      </Placemark>
      <Placemark>
        <name>Patch (-13,-4)</name>
        <styleUrl>#wastePatchStyle</styleUrl>
        <Polygon><outerBoundaryIs><LinearRing><coordinates>-110.9921875,32.2115625,0 -110.9890625,32.2115625,0 -110.9890625,32.2134375,0 -110.9921875,32.2134375,0 -110.9921875,32.2115625,0</coordinates></LinearRing></outerBoundaryIs></Polygon>
      </Placemark>
      <Placemark>
        <name>Patch (-12,-4)</name>
        <styleUrl>#newPatchStyle</styleUrl>
        <Polygon><outerBoundaryIs><LinearRing><coordinates>-110.9890625,32.2115625,0 -110.9859375,32.2115625,0 -110.9859375,32.2134375,0 -110.9890625,32.2134375,0 -110.9890625,32.2115625,0</coordinates></LinearRing></outerBoundaryIs></Polygon>
      </Placemark>
      <Placemark>
        <name>Patch (-11,-4)</name>
        <styleUrl>#newPatchStyle</styleUrl>
        <Polygon><outerBoundaryIs><LinearRing><coordinates>-110.9859375,32.2115625,0 -110.9828125,32.2115625,0 -110.9828125,32.2134375,0 -110.9859375,32.2134375,0 -110.9859375,32.2115625,0</coordinates></LinearRing></outerBoundaryIs></Polygon>
      </Placemark>
      <Placemark>
        <name>Patch (-10,-4)</name>
        <styleUrl>#newPatchStyle</styleUrl>
        <Polygon><outerBoundaryIs><LinearRing><coordinates>-110.9828125,32.2115625,0 -110.9796875,32.2115625,0 -110.9796875,32.2134375,0 -110.9828125,32.2134375,0 -110.9828125,32.2115625,0</coordinates></LinearRing></outerBoundaryIs></Polygon>
      </Placemark>
      <Placemark>
        <name>Patch (-9,-4)</name>
        <styleUrl>#newPatchStyle</styleUrl>
        <Polygon><outerBoundaryIs><LinearRing><coordinates>-110.9796875,32.2115625,0 -110.9765625,32.2115625,0 -110.9765625,32.2134375,0 -110.9796875,32.2134375,0 -110.9796875,32.2115625,0</coordinates></LinearRing></outerBoundaryIs></Polygon>
      </Placemark>
      <Placemark>
        <name>Patch (-8,-4)</name>
        <styleUrl>#wastePatchStyle</styleUrl>
        <Polygon><outerBoundaryIs><LinearRing><coordinates>-110.9765625,32.2115625,0 -110.9734375,32.2115625,0 -110.9734375,32.2134375,0 -110.9765625,32.2134375,0 -110.9765625,32.2115625,0</coordinates></LinearRing></outerBoundaryIs></Polygon>
      </Placemark>
      <Placemark>
        <name>Patch (-7,-4)</name>
        <styleUrl>#newPatchStyle</styleUrl>
        <Polygon><outerBoundaryIs><LinearRing><coordinates>-110.9734375,32.2115625,0 -110.9703125,32.2115625,0 -110.9703125,32.2134375,0 -110.9734375,32.2134375,0 -110.9734375,32.2115625,0</coordinates></LinearRing></outerBoundaryIs></Polygon>
      </Placemark>
      <Placemark>
        <name>Patch (-6,-4)</name>
        <styleUrl>#wastePatchStyle</styleUrl>
        <Polygon><outerBoundaryIs><LinearRing><coordinates>-110.9703125,32.2115625,0 -110.96718750000001,32.2115625,0 -110.96718750000001,32.2134375,0 -110.9703125,32.2134375,0 -110.9703125,32.2115625,0</coordinates></LinearRing></outerBoundaryIs></Polygon>
      </Placemark>
      <Placemark>
        <name>Patch (-5,-4)</name>
        <styleUrl>#newPatchStyle</styleUrl>
        <Polygon><outerBoundaryIs><LinearRing><coordinates>-110.96718750000001,32.2115625,0 -110.9640625,32.2115625,0 -110.9640625,32.2134375,0 -110.96718750000001,32.2134375,0 -110.96718750000001,32.2115625,0</coordinates></LinearRing></outerBoundaryIs></Polygon>
      </Placemark>
      <Placemark>
        <name>Patch (-4,-4)</name>
        <styleUrl>#wastePatchStyle</styleUrl>
        <Polygon><outerBoundaryIs><LinearRing><coordinates>-110.9640625,32.2115625,0 -110.9609375,32.2115625,0 -110.9609375,32.2134375,0 -110.9640625,32.2134375,0 -110.9640625,32.2115625,0</coordinates></LinearRing></outerBoundaryIs></Polygon>
      </Placemark>
      <Placemark>
        <name>Patch (-3,-4)</name>
        <styleUrl>#wastePatchStyle</styleUrl>
        <Polygon><outerBoundaryIs><LinearRing><coordinates>-110.9609375,32.2115625,0 -110.9578125,32.2115625,0 -110.9578125,32.2134375,0 -110.9609375,32.2134375,0 -110.9609375,32.2115625,0</coordinates></LinearRing></outerBoundaryIs></Polygon>
      </Placemark>
      <Placemark>
        <name>Patch (-2,-4)</name>
        <styleUrl>#wastePatchStyle</styleUrl>
        <Polygon><outerBoundaryIs><LinearRing><coordinates>-110.9578125,32.2115625,0 -110.9546875,32.2115625,0 -110.9546875,32.2134375,0 -110.9578125,32.2134375,0 -110.9578125,32.2115625,0</coordinates></LinearRing></outerBoundaryIs></Polygon>
      </Placemark>
      <Placemark>
        <name>Patch (-1,-4)</name>
        <styleUrl>#newPatchStyle</styleUrl>
        <Polygon><outerBoundaryIs><LinearRing><coordinates>-110.9546875,32.2115625,0 -110.95156250000001,32.2115625,0 -110.95156250000001,32.2134375,0 -110.9546875,32.2134375,0 -110.9546875,32.2115625,0</coordinates></LinearRing></outerBoundaryIs></Polygon>
      </Placemark>
      <Placemark>
        <name>Patch (0,-4)</name>
        <styleUrl>#wastePatchStyle</styleUrl>
        <Polygon><outerBoundaryIs><LinearRing><coordinates>-110.95156250000001,32.2115625,0 -110.9484375,32.2115625,0 -110.9484375,32.2134375,0 -110.95156250000001,32.2134375,0 -110.95156250000001,32.2115625,0</coordinates></LinearRing></outerBoundaryIs></Polygon>
      </Placemark>
      <Placemark>
        <name>Patch (1,-4)</name>
        <styleUrl>#wastePatchStyle</styleUrl>
        <Polygon><outerBoundaryIs><LinearRing><coordinates>-110.9484375,32.2115625,0 -110.9453125,32.2115625,0 -110.9453125,32.2134375,0 -110.9484375,32.2134375,0 -110.9484375,32.2115625,0</coordinates></LinearRing></outerBoundaryIs></Polygon>
      </Placemark>
      <Placemark>
        <name>Patch (2,-4)</name>
        <styleUrl>#newPatchStyle</styleUrl>
        <Polygon><outerBoundaryIs><LinearRing><coordinates>-110.9453125,32.2115625,0 -110.9421875,32.2115625,0 -110.9421875,32.2134375,0 -110.9453125,32.2134375,0 -110.9453125,32.2115625,0</coordinates></LinearRing></outerBoundaryIs></Polygon>
      </Placemark>
      <Placemark>
        <name>Patch (3,-4)</name>
        <styleUrl>#newPatchStyle</styleUrl>
        <Polygon><outerBoundaryIs><LinearRing><coordinates>-110.9421875,32.2115625,0 -110.9390625,32.2115625,0 -110.9390625,32.2134375,0 -110.9421875,32.2134375,0 -110.9421875,32.2115625,0</coordinates></LinearRing></outerBoundaryIs></Polygon>
      </Placemark>
      <Placemark>
        <name>Patch (4,-4)</name>
        <styleUrl>#newPatchStyle</styleUrl>
        <Polygon><outerBoundaryIs><LinearRing><coordinates>-110.9390625,32.2115625,0 -110.93593750000001,32.2115625,0 -110.93593750000001,32.2134375,0 -110.9390625,32.2134375,0 -110.9390625,32.2115625,0</coordinates></LinearRing></outerBoundaryIs></Polygon>
      </Placemark>
      <Placemark>
        <name>Patch (5,-4)</name>
        <styleUrl>#newPatchStyle</styleUrl>
        <Polygon><outerBoundaryIs><LinearRing><coordinates>-110.93593750000001,32.2115625,0 -110.9328125,32.2115625,0 -110.9328125,32.2134375,0 -110.93593750000001,32.2134375,0 -110.93593750000001,32.2115625,0</coordinates></LinearRing></outerBoundaryIs></Polygon>
      </Placemark>
      <Placemark>
        <name>Patch (6,-4)</name>
        <styleUrl>#newPatchStyle</styleUrl>
        <Polygon><outerBoundaryIs><LinearRing><coordinates>-110.9328125,32.2115625,0 -110.9296875,32.2115625,0 -110.9296875,32.2134375,0 -110.9328125,32.2134375,0 -110.9328125,32.2115625,0</coordinates></LinearRing></outerBoundaryIs></Polygon>
      </Placemark>
      <Placemark>
        <name>Patch (7,-4)</name>
        <styleUrl>#newPatchStyle</styleUrl>
        <Polygon><outerBoundaryIs><LinearRing><coordinates>-110.9296875,32.2115625,0 -110.9265625,32.2115625,0 -110.9265625,32.2134375,0 -110.9296875,32.2134375,0 -110.9296875,32.2115625,0</coordinates></LinearRing></outerBoundaryIs></Polygon>
      </Placemark>
      <Placemark>
        <name>Patch (8,-4)</name>
        <styleUrl>#newPatchStyle</styleUrl>
        <Polygon><outerBoundaryIs><LinearRing><coordinates>-110.9265625,32.2115625,0 -110.9234375,32.2115625,0 -110.9234375,32.2134375,0 -110.9265625,32.2134375,0 -110.9265625,32.2115625,0</coordinates></LinearRing></outerBoundaryIs></Polygon>
      </Placemark>
      <Placemark>
        <name>Patch (9,-4)</name>
        <styleUrl>#newPatchStyle</styleUrl>
        <Polygon><outerBoundaryIs><LinearRing><coordinates>-110.9234375,32.2115625,0 -110.92031250000001,32.2115625,0 -110.92031250000001,32.2134375,0 -110.9234375,32.2134375,0 -110.9234375,32.2115625,0</coordinates></LinearRing></outerBoundaryIs></Polygon>
      </Placemark>
      <Placemark>
        <name>Patch (10,-4)</name>
        <styleUrl>#newPatchStyle</styleUrl>
        <Polygon><outerBoundaryIs><LinearRing><coordinates>-110.92031250000001,32.2115625,0 -110.91718750000001,32.2115625,0 -110.91718750000001,32.2134375,0 -110.92031250000001,32.2134375,0 -110.92031250000001,32.2115625,0</coordinates></LinearRing></outerBoundaryIs></Polygon>
      </Placemark>
      <Placemark>
        <name>Patch (11,-4)</name>
        <styleUrl>#newPatchStyle</styleUrl>
        <Polygon><outerBoundaryIs><LinearRing><coordinates>-110.91718750000001,32.2115625,0 -110.9140625,32.2115625,0 -110.9140625,32.2134375,0 -110.91718750000001,32.2134375,0 -110.91718750000001,32.2115625,0</coordinates></LinearRing></outerBoundaryIs></Polygon>
      </Placemark>
      <Placemark>
        <name>Patch (12,-4)</name>
        <styleUrl>#newPatchStyle</styleUrl>
        <Polygon><outerBoundaryIs><LinearRing><coordinates>-110.9140625,32.2115625,0 -110.9109375,32.2115625,0 -110.9109375,32.2134375,0 -110.9140625,32.2134375,0 -110.9140625,32.2115625,0</coordinates></LinearRing></outerBoundaryIs></Polygon>
      </Placemark>
      <Placemark>
        <name>Patch (13,-4)</name>
        <styleUrl>#newPatchStyle</styleUrl>
        <Polygon><outerBoundaryIs><LinearRing><coordinates>-110.9109375,32.2115625,0 -110.9078125,32.2115625,0 -110.9078125,32.2134375,0 -110.9109375,32.2134375,0 -110.9109375,32.2115625,0</coordinates></LinearRing></outerBoundaryIs></Polygon>
      </Placemark>
      <Placemark>
        <name>Patch (14,-4)</name>
        <styleUrl>#wastePatchStyle</styleUrl>
        <Polygon><outerBoundaryIs><LinearRing><coordinates>-110.9078125,32.2115625,0 -110.90468750000001,32.2115625,0 -110.90468750000001,32.2134375,0 -110.9078125,32.2134375,0 -110.9078125,32.2115625,0</coordinates></LinearRing></outerBoundaryIs></Polygon>
      </Placemark>
      <Placemark>
        <name>Patch (15,-4)</name>
        <styleUrl>#wastePatchStyle</styleUrl>
        <Polygon><outerBoundaryIs><LinearRing><coordinates>-110.90468750000001,32.2115625,0 -110.90156250000001,32.2115625,0 -110.90156250000001,32.2134375,0 -110.90468750000001,32.2134375,0 -110.90468750000001,32.2115625,0</coordinates></LinearRing></outerBoundaryIs></Polygon>
      </Placemark>
      <Placemark>
        <name>Patch (16,-4)</name>
        <styleUrl>#newPatchStyle</styleUrl>
        <Polygon><outerBoundaryIs><LinearRing><coordinates>-110.90156250000001,32.2115625,0 -110.8984375,32.2115625,0 -110.8984375,32.2134375,0 -110.90156250000001,32.2134375,0 -110.90156250000001,32.2115625,0</coordinates></LinearRing></outerBoundaryIs></Polygon>
      </Placemark>
      <Placemark>
        <name>Patch (-16,-3)</name>
        <styleUrl>#wastePatchStyle</styleUrl>
        <Polygon><outerBoundaryIs><LinearRing><coordinates>-111.0015625,32.2134375,0 -110.9984375,32.2134375,0 -110.9984375,32.215312499999996,0 -111.0015625,32.215312499999996,0 -111.0015625,32.2134375,0</coordinates></LinearRing></outerBoundaryIs></Polygon>
      </Placemark>
      <Placemark>
        <name>Patch (-15,-3)</name>
        <styleUrl>#wastePatchStyle</styleUrl>
        <Polygon><outerBoundaryIs><LinearRing><coordinates>-110.9984375,32.2134375,0 -110.9953125,32.2134375,0 -110.9953125,32.215312499999996,0 -110.9984375,32.215312499999996,0 -110.9984375,32.2134375,0</coordinates></LinearRing></outerBoundaryIs></Polygon>
      </Placemark>
      <Placemark>
        <name>Patch (-14,-3)</name>
        <styleUrl>#newPatchStyle</styleUrl>
        <Polygon><outerBoundaryIs><LinearRing><coordinates>-110.9953125,32.2134375,0 -110.9921875,32.2134375,0 -110.9921875,32.215312499999996,0 -110.9953125,32.215312499999996,0 -110.9953125,32.2134375,0</coordinates></LinearRing></outerBoundaryIs></Polygon>
      </Placemark>
      <Placemark>
        <name>Patch (-13,-3)</name>
        <styleUrl>#newPatchStyle</styleUrl>
        <Polygon><outerBoundaryIs><LinearRing><coordinates>-110.9921875,32.2134375,0 -110.9890625,32.2134375,0 -110.9890625,32.215312499999996,0 -110.9921875,32.215312499999996,0 -110.9921875,32.2134375,0</coordinates></LinearRing></outerBoundaryIs></Polygon>
      </Placemark>
      <Placemark>
        <name>Patch (-12,-3)</name>
        <styleUrl>#wastePatchStyle</styleUrl>
        <Polygon><outerBoundaryIs><LinearRing><coordinates>-110.9890625,32.2134375,0 -110.9859375,32.2134375,0 -110.9859375,32.215312499999996,0 -110.9890625,32.215312499999996,0 -110.9890625,32.2134375,0</coordinates></LinearRing></outerBoundaryIs></Polygon>
      </Placemark>
      <Placemark>
        <name>Patch (-11,-3)</name>
        <styleUrl>#newPatchStyle</styleUrl>
        <Polygon><outerBoundaryIs><LinearRing><coordinates>-110.9859375,32.2134375,0 -110.9828125,32.2134375,0 -110.9828125,32.215312499999996,0 -110.9859375,32.215312499999996,0 -110.9859375,32.2134375,0</coordinates></LinearRing></outerBoundaryIs></Polygon>
      </Placemark>
      <Placemark>
        <name>Patch (-10,-3)</name>
        <styleUrl>#wastePatchStyle</styleUrl>
        <Polygon><outerBoundaryIs><LinearRing><coordinates>-110.9828125,32.2134375,0 -110.9796875,32.2134375,0 -110.9796875,32.215312499999996,0 -110.9828125,32.215312499999996,0 -110.9828125,32.2134375,0</coordinates></LinearRing></outerBoundaryIs></Polygon>
      </Placemark>
      <Placemark>
        <name>Patch (-9,-3)</name>
        <styleUrl>#wastePatchStyle</styleUrl>
        <Polygon><outerBoundaryIs><LinearRing><coordinates>-110.9796875,32.2134375,0 -110.9765625,32.2134375,0 -110.9765625,32.215312499999996,0 -110.9796875,32.215312499999996,0 -110.9796875,32.2134375,0</coordinates></LinearRing></outerBoundaryIs></Polygon>
      </Placemark>
      <Placemark>
        <name>Patch (-8,-3)</name>
        <styleUrl>#newPatchStyle</styleUrl>
        <Polygon><outerBoundaryIs><LinearRing><coordinates>-110.9765625,32.2134375,0 -110.9734375,32.2134375,0 -110.9734375,32.215312499999996,0 -110.9765625,32.215312499999996,0 -110.9765625,32.2134375,0</coordinates></LinearRing></outerBoundaryIs></Polygon>
      </Placemark>
      <Placemark>
        <name>Patch (-7,-3)</name>
        <styleUrl>#newPatchStyle</styleUrl>
        <Polygon><outerBoundaryIs><LinearRing><coordinates>-110.9734375,32.2134375,0 -110.9703125,32.2134375,0 -110.9703125,32.215312499999996,0 -110.9734375,32.215312499999996,0 -110.9734375,32.2134375,0</coordinates></LinearRing></outerBoundaryIs></Polygon>
      </Placemark>
      <Placemark>
        <name>Patch (-6,-3)</name>
        <styleUrl>#newPatchStyle</styleUrl>
        <Polygon><outerBoundaryIs><LinearRing><coordinates>-110.9703125,32.2134375,0 -110.96718750000001,32.2134375,0 -110.96718750000001,32.215312499999996,0 -110.9703125,32.215312499999996,0 -110.9703125,32.2134375,0</coordinates></LinearRing></outerBoundaryIs></Polygon>
      </Placemark>
      <Placemark>
        <name>Patch (-5,-3)</name>
        <styleUrl>#newPatchStyle</styleUrl>
        <Polygon><outerBoundaryIs><LinearRing><coordinates>-110.96718750000001,32.2134375,0 -110.9640625,32.2134375,0 -110.9640625,32.215312499999996,0 -110.96718750000001,32.215312499999996,0 -110.96718750000001,32.2134375,0</coordinates></LinearRing></outerBoundaryIs></Polygon>
      </Placemark>
      <Placemark>
        <name>Patch (-4,-3)</name>
        <styleUrl>#newPatchStyle</styleUrl>
        <Polygon><outerBoundaryIs><LinearRing><coordinates>-110.9640625,32.2134375,0 -110.9609375,32.2134375,0 -110.9609375,32.215312499999996,0 -110.9640625,32.215312499999996,0 -110.9640625,32.2134375,0</coordinates></LinearRing></outerBoundaryIs></Polygon>
      </Placemark>
      <Placemark>
        <name>Patch (-3,-3)</name>
        <styleUrl>#newPatchStyle</styleUrl>
        <Polygon><outerBoundaryIs><LinearRing><coordinates>-110.9609375,32.2134375,0 -110.9578125,32.2134375,0 -110.9578125,32.215312499999996,0 -110.9609375,32.215312499999996,0 -110.9609375,32.2134375,0</coordinates></LinearRing></outerBoundaryIs></Polygon>
      </Placemark>
      <Placemark>
        <name>Patch (-2,-3)</name>
        <styleUrl>#newPatchStyle</styleUrl>
        <Polygon><outerBoundaryIs><LinearRing><coordinates>-110.9578125,32.2134375,0 -110.9546875,32.2134375,0 -110.9546875,32.215312499999996,0 -110.9578125,32.215312499999996,0 -110.9578125,32.2134375,0</coordinates></LinearRing></outerBoundaryIs></Polygon>
      </Placemark>
      <Placemark>
        <name>Patch (-1,-3)</name>
        <styleUrl>#newPatchStyle</styleUrl>
        <Polygon><outerBoundaryIs><LinearRing><coordinates>-110.9546875,32.2134375,0 -110.95156250000001,32.2134375,0 -110.95156250000001,32.215312499999996,0 -110.9546875,32.215312499999996,0 -110.9546875,32.2134375,0</coordinates></LinearRing></outerBoundaryIs></Polygon>
      </Placemark>
      <Placemark>
        <name>Patch (0,-3)</name>
        <styleUrl>#newPatchStyle</styleUrl>
        <Polygon><outerBoundaryIs><LinearRing><coordinates>-110.95156250000001,32.2134375,0 -110.9484375,32.2134375,0 -110.9484375,32.215312499999996,0 -110.95156250000001,32.215312499999996,0 -110.95156250000001,32.2134375,0</coordinates></LinearRing></outerBoundaryIs></Polygon>
      </Placemark>
      <Placemark>
        <name>Patch (1,-3)</name>
        <styleUrl>#recycledPatchStyle</styleUrl>
        <Polygon><outerBoundaryIs><LinearRing><coordinates>-110.9484375,32.2134375,0 -110.9453125,32.2134375,0 -110.9453125,32.215312499999996,0 -110.9484375,32.215312499999996,0 -110.9484375,32.2134375,0</coordinates></LinearRing></outerBoundaryIs></Polygon>
      </Placemark>
      <Placemark>
        <name>Patch (2,-3)</name>
        <styleUrl>#wastePatchStyle</styleUrl>
        <Polygon><outerBoundaryIs><LinearRing><coordinates>-110.9453125,32.2134375,0 -110.9421875,32.2134375,0 -110.9421875,32.215312499999996,0 -110.9453125,32.215312499999996,0 -110.9453125,32.2134375,0</coordinates></LinearRing></outerBoundaryIs></Polygon>
      </Placemark>
      <Placemark>
        <name>Patch (3,-3)</name>
        <styleUrl>#newPatchStyle</styleUrl>
        <Polygon><outerBoundaryIs><LinearRing><coordinates>-110.9421875,32.2134375,0 -110.9390625,32.2134375,0 -110.9390625,32.215312499999996,0 -110.9421875,32.215312499999996,0 -110.9421875,32.2134375,0</coordinates></LinearRing></outerBoundaryIs></Polygon>
      </Placemark>
      <Placemark>
        <name>Patch (4,-3)</name>
        <styleUrl>#newPatchStyle</styleUrl>
        <Polygon><outerBoundaryIs><LinearRing><coordinates>-110.9390625,32.2134375,0 -110.93593750000001,32.2134375,0 -110.93593750000001,32.215312499999996,0 -110.9390625,32.215312499999996,0 -110.9390625,32.2134375,0</coordinates></LinearRing></outerBoundaryIs></Polygon>
      </Placemark>
      <Placemark>
        <name>Patch (5,-3)</name>
        <styleUrl>#newPatchStyle</styleUrl>
        <Polygon><outerBoundaryIs><LinearRing><coordinates>-110.93593750000001,32.2134375,0 -110.9328125,32.2134375,0 -110.9328125,32.215312499999996,0 -110.93593750000001,32.215312499999996,0 -110.93593750000001,32.2134375,0</coordinates></LinearRing></outerBoundaryIs></Polygon>
      </Placemark>
      <Placemark>
        <name>Patch (6,-3)</name>
        <styleUrl>#newPatchStyle</styleUrl>
        <Polygon><outerBoundaryIs><LinearRing><coordinates>-110.9328125,32.2134375,0 -110.9296875,32.2134375,0 -110.9296875,32.215312499999996,0 -110.9328125,32.215312499999996,0 -110.9328125,32.2134375,0</coordinates></LinearRing></outerBoundaryIs></Polygon>
      </Placemark>
      <Placemark>
        <name>Patch (7,-3)</name>
        <styleUrl>#newPatchStyle</styleUrl>
        <Polygon><outerBoundaryIs><LinearRing><coordinates>-110.9296875,32.2134375,0 -110.9265625,32.2134375,0 -110.9265625,32.215312499999996,0 -110.9296875,32.215312499999996,0 -110.9296875,32.2134375,0</coordinates></LinearRing></outerBoundaryIs></Polygon>
      </Placemark>
      <Placemark>
        <name>Patch (8,-3)</name>
        <styleUrl>#newPatchStyle</styleUrl>
        <Polygon><outerBoundaryIs><LinearRing><coordinates>-110.9265625,32.2134375,0 -110.9234375,32.2134375,0 -110.9234375,32.215312499999996,0 -110.9265625,32.215312499999996,0 -110.9265625,32.2134375,0</coordinates></LinearRing></outerBoundaryIs></Polygon>
      </Placemark>
      <Placemark>
        <name>Patch (9,-3)</name>
        <styleUrl>#newPatchStyle</styleUrl>
        <Polygon><outerBoundaryIs><LinearRing><coordinates>-110.9234375,32.2134375,0 -110.92031250000001,32.2134375,0 -110.92031250000001,32.215312499999996,0 -110.9234375,32.215312499999996,0 -110.9234375,32.2134375,0</coordinates></LinearRing></outerBoundaryIs></Polygon>
      </Placemark>
      <Placemark>
        <name>Patch (10,-3)</name>
        <styleUrl>#newPatchStyle</styleUrl>
        <Polygon><outerBoundaryIs><LinearRing><coordinates>-110.92031250000001,32.2134375,0 -110.91718750000001,32.2134375,0 -110.91718750000001,32.215312499999996,0 -110.92031250000001,32.215312499999996,0 -110.92031250000001,32.2134375,0</coordinates></LinearRing></outerBoundaryIs></Polygon>
      </Placemark>
      <Placemark>
        <name>Patch (11,-3)</name>
        <styleUrl>#newPatchStyle</styleUrl>
        <Polygon><outerBoundaryIs><LinearRing><coordinates>-110.91718750000001,32.2134375,0 -110.9140625,32.2134375,0 -110.9140625,32.215312499999996,0 -110.91718750000001,32.215312499999996,0 -110.91718750000001,32.2134375,0</coordinates></LinearRing></outerBoundaryIs></Polygon>
      </Placemark>
      <Placemark>
        <name>Patch (12,-3)</name>
        <styleUrl>#newPatchStyle</styleUrl>
        <Polygon><outerBoundaryIs><LinearRing><coordinates>-110.9140625,32.2134375,0 -110.9109375,32.2134375,0 -110.9109375,32.215312499999996,0 -110.9140625,32.215312499999996,0 -110.9140625,32.2134375,0</coordinates></LinearRing></outerBoundaryIs></Polygon>
      </Placemark>
      <Placemark>
        <name>Patch (13,-3)</name>
        <styleUrl>#wastePatchStyle</styleUrl>
        <Polygon><outerBoundaryIs><LinearRing><coordinates>-110.9109375,32.2134375,0 -110.9078125,32.2134375,0 -110.9078125,32.215312499999996,0 -110.9109375,32.215312499999996,0 -110.9109375,32.2134375,0</coordinates></LinearRing></outerBoundaryIs></Polygon>
      </Placemark>
      <Placemark>
        <name>Patch (14,-3)</name>
        <styleUrl>#newPatchStyle</styleUrl>
        <Polygon><outerBoundaryIs><LinearRing><coordinates>-110.9078125,32.2134375,0 -110.90468750000001,32.2134375,0 -110.90468750000001,32.215312499999996,0 -110.9078125,32.215312499999996,0 -110.9078125,32.2134375,0</coordinates></LinearRing></outerBoundaryIs></Polygon>
      </Placemark>
      <Placemark>
        <name>Patch (15,-3)</name>
        <styleUrl>#newPatchStyle</styleUrl>
        <Polygon><outerBoundaryIs><LinearRing><coordinates>-110.90468750000001,32.2134375,0 -110.90156250000001,32.2134375,0 -110.90156250000001,32.215312499999996,0 -110.90468750000001,32.215312499999996,0 -110.90468750000001,32.2134375,0</coordinates></LinearRing></outerBoundaryIs></Polygon>
      </Placemark>
      <Placemark>
        <name>Patch (16,-3)</name>
        <styleUrl>#newPatchStyle</styleUrl>
        <Polygon><outerBoundaryIs><LinearRing><coordinates>-110.90156250000001,32.2134375,0 -110.8984375,32.2134375,0 -110.8984375,32.215312499999996,0 -110.90156250000001,32.215312499999996,0 -110.90156250000001,32.2134375,0</coordinates></LinearRing></outerBoundaryIs></Polygon>
      </Placemark>
      <Placemark>
        <name>Patch (-16,-2)</name>
        <styleUrl>#wastePatchStyle</styleUrl>
        <Polygon><outerBoundaryIs><LinearRing><coordinates>-111.0015625,32.215312499999996,0 -110.9984375,32.215312499999996,0 -110.9984375,32.2171875,0 -111.0015625,32.2171875,0 -111.0015625,32.215312499999996,0</coordinates></LinearRing></outerBoundaryIs></Polygon>
      </Placemark>
      <Placemark>
        <name>Patch (-15,-2)</name>
        <styleUrl>#wastePatchStyle</styleUrl>
        <Polygon><outerBoundaryIs><LinearRing><coordinates>-110.9984375,32.215312499999996,0 -110.9953125,32.215312499999996,0 -110.9953125,32.2171875,0 -110.9984375,32.2171875,0 -110.9984375,32.215312499999996,0</coordinates></LinearRing></outerBoundaryIs></Polygon>
      </Placemark>
      <Placemark>
        <name>Patch (-14,-2)</name>
        <styleUrl>#wastePatchStyle</styleUrl>
        <Polygon><outerBoundaryIs><LinearRing><coordinates>-110.9953125,32.215312499999996,0 -110.9921875,32.215312499999996,0 -110.9921875,32.2171875,0 -110.9953125,32.2171875,0 -110.9953125,32.215312499999996,0</coordinates></LinearRing></outerBoundaryIs></Polygon>
      </Placemark>
      <Placemark>
        <name>Patch (-13,-2)</name>
        <styleUrl>#newPatchStyle</styleUrl>
        <Polygon><outerBoundaryIs><LinearRing><coordinates>-110.9921875,32.215312499999996,0 -110.9890625,32.215312499999996,0 -110.9890625,32.2171875,0 -110.9921875,32.2171875,0 -110.9921875,32.215312499999996,0</coordinates></LinearRing></outerBoundaryIs></Polygon>
      </Placemark>
      <Placemark>
        <name>Patch (-12,-2)</name>
        <styleUrl>#newPatchStyle</styleUrl>
        <Polygon><outerBoundaryIs><LinearRing><coordinates>-110.9890625,32.215312499999996,0 -110.9859375,32.215312499999996,0 -110.9859375,32.2171875,0 -110.9890625,32.2171875,0 -110.9890625,32.215312499999996,0</coordinates></LinearRing></outerBoundaryIs></Polygon>
      </Placemark>
      <Placemark>
        <name>Patch (-11,-2)</name>
        <styleUrl>#newPatchStyle</styleUrl>
        <Polygon><outerBoundaryIs><LinearRing><coordinates>-110.9859375,32.215312499999996,0 -110.9828125,32.215312499999996,0 -110.9828125,32.2171875,0 -110.9859375,32.2171875,0 -110.9859375,32.215312499999996,0</coordinates></LinearRing></outerBoundaryIs></Polygon>
      </Placemark>
      <Placemark>
        <name>Patch (-10,-2)</name>
        <styleUrl>#wastePatchStyle</styleUrl>
        <Polygon><outerBoundaryIs><LinearRing><coordinates>-110.9828125,32.215312499999996,0 -110.9796875,32.215312499999996,0 -110.9796875,32.2171875,0 -110.9828125,32.2171875,0 -110.9828125,32.215312499999996,0</coordinates></LinearRing></outerBoundaryIs></Polygon>
      </Placemark>
      <Placemark>
        <name>Patch (-9,-2)</name>
        <styleUrl>#wastePatchStyle</styleUrl>
        <Polygon><outerBoundaryIs><LinearRing><coordinates>-110.9796875,32.215312499999996,0 -110.9765625,32.215312499999996,0 -110.9765625,32.2171875,0 -110.9796875,32.2171875,0 -110.9796875,32.215312499999996,0</coordinates></LinearRing></outerBoundaryIs></Polygon>
      </Placemark>
      <Placemark>
        <name>Patch (-8,-2)</name>
        <styleUrl>#newPatchStyle</styleUrl>
        <Polygon><outerBoundaryIs><LinearRing><coordinates>-110.9765625,32.215312499999996,0 -110.9734375,32.215312499999996,0 -110.9734375,32.2171875,0 -110.9765625,32.2171875,0 -110.9765625,32.215312499999996,0</coordinates></LinearRing></outerBoundaryIs></Polygon>
      </Placemark>
      <Placemark>
        <name>Patch (-7,-2)</name>
        <styleUrl>#wastePatchStyle</styleUrl>
        <Polygon><outerBoundaryIs><LinearRing><coordinates>-110.9734375,32.215312499999996,0 -110.9703125,32.215312499999996,0 -110.9703125,32.2171875,0 -110.9734375,32.2171875,0 -110.9734375,32.215312499999996,0</coordinates></LinearRing></outerBoundaryIs></Polygon>
      </Placemark>
      <Placemark>
        <name>Patch (-6,-2)</name>
        <styleUrl>#newPatchStyle</styleUrl>
        <Polygon><outerBoundaryIs><LinearRing><coordinates>-110.9703125,32.215312499999996,0 -110.96718750000001,32.215312499999996,0 -110.96718750000001,32.2171875,0 -110.9703125,32.2171875,0 -110.9703125,32.215312499999996,0</coordinates></LinearRing></outerBoundaryIs></Polygon>
      </Placemark>
      <Placemark>
        <name>Patch (-5,-2)</name>
        <styleUrl>#newPatchStyle</styleUrl>
        <Polygon><outerBoundaryIs><LinearRing><coordinates>-110.96718750000001,32.215312499999996,0 -110.9640625,32.215312499999996,0 -110.9640625,32.2171875,0 -110.96718750000001,32.2171875,0 -110.96718750000001,32.215312499999996,0</coordinates></LinearRing></outerBoundaryIs></Polygon>
      </Placemark>
      <Placemark>
        <name>Patch (-4,-2)</name>
        <styleUrl>#newPatchStyle</styleUrl>
        <Polygon><outerBoundaryIs><LinearRing><coordinates>-110.9640625,32.215312499999996,0 -110.9609375,32.215312499999996,0 -110.9609375,32.2171875,0 -110.9640625,32.2171875,0 -110.9640625,32.215312499999996,0</coordinates></LinearRing></outerBoundaryIs></Polygon>
      </Placemark>
      <Placemark>
        <name>Patch (-3,-2)</name>
        <styleUrl>#newPatchStyle</styleUrl>
        <Polygon><outerBoundaryIs><LinearRing><coordinates>-110.9609375,32.215312499999996,0 -110.9578125,32.215312499999996,0 -110.9578125,32.2171875,0 -110.9609375,32.2171875,0 -110.9609375,32.215312499999996,0</coordinates></LinearRing></outerBoundaryIs></Polygon>
      </Placemark>
      <Placemark>
        <name>Patch (-2,-2)</name>
        <styleUrl>#newPatchStyle</styleUrl>
        <Polygon><outerBoundaryIs><LinearRing><coordinates>-110.9578125,32.215312499999996,0 -110.9546875,32.215312499999996,0 -110.9546875,32.2171875,0 -110.9578125,32.2171875,0 -110.9578125,32.215312499999996,0</coordinates></LinearRing></outerBoundaryIs></Polygon>
      </Placemark>
      <Placemark>
        <name>Patch (-1,-2)</name>
        <styleUrl>#newPatchStyle</styleUrl>
        <Polygon><outerBoundaryIs><LinearRing><coordinates>-110.9546875,32.215312499999996,0 -110.95156250000001,32.215312499999996,0 -110.95156250000001,32.2171875,0 -110.9546875,32.2171875,0 -110.9546875,32.215312499999996,0</coordinates></LinearRing></outerBoundaryIs></Polygon>
      </Placemark>
      <Placemark>
        <name>Patch (0,-2)</name>
        <styleUrl>#recycledPatchStyle</styleUrl>
        <Polygon><outerBoundaryIs><LinearRing><coordinates>-110.95156250000001,32.215312499999996,0 -110.9484375,32.215312499999996,0 -110.9484375,32.2171875,0 -110.95156250000001,32.2171875,0 -110.95156250000001,32.215312499999996,0</coordinates></LinearRing></outerBoundaryIs></Polygon>
      </Placemark>
      <Placemark>
        <name>Patch (1,-2)</name>
        <styleUrl>#newPatchStyle</styleUrl>
        <Polygon><outerBoundaryIs><LinearRing><coordinates>-110.9484375,32.215312499999996,0 -110.9453125,32.215312499999996,0 -110.9453125,32.2171875,0 -110.9484375,32.2171875,0 -110.9484375,32.215312499999996,0</coordinates></LinearRing></outerBoundaryIs></Polygon>
      </Placemark>
      <Placemark>
        <name>Patch (2,-2)</name>
        <styleUrl>#wastePatchStyle</styleUrl>
        <Polygon><outerBoundaryIs><LinearRing><coordinates>-110.9453125,32.215312499999996,0 -110.9421875,32.215312499999996,0 -110.9421875,32.2171875,0 -110.9453125,32.2171875,0 -110.9453125,32.215312499999996,0</coordinates></LinearRing></outerBoundaryIs></Polygon>
      </Placemark>
      <Placemark>
        <name>Patch (3,-2)</name>
        <styleUrl>#newPatchStyle</styleUrl>
        <Polygon><outerBoundaryIs><LinearRing><coordinates>-110.9421875,32.215312499999996,0 -110.9390625,32.215312499999996,0 -110.9390625,32.2171875,0 -110.9421875,32.2171875,0 -110.9421875,32.215312499999996,0</coordinates></LinearRing></outerBoundaryIs></Polygon>
      </Placemark>
      <Placemark>
        <name>Patch (4,-2)</name>
        <styleUrl>#newPatchStyle</styleUrl>
        <Polygon><outerBoundaryIs><LinearRing><coordinates>-110.9390625,32.215312499999996,0 -110.93593750000001,32.215312499999996,0 -110.93593750000001,32.2171875,0 -110.9390625,32.2171875,0 -110.9390625,32.215312499999996,0</coordinates></LinearRing></outerBoundaryIs></Polygon>
      </Placemark>
      <Placemark>
        <name>Patch (5,-2)</name>
        <styleUrl>#newPatchStyle</styleUrl>
        <Polygon><outerBoundaryIs><LinearRing><coordinates>-110.93593750000001,32.215312499999996,0 -110.9328125,32.215312499999996,0 -110.9328125,32.2171875,0 -110.93593750000001,32.2171875,0 -110.93593750000001,32.215312499999996,0</coordinates></LinearRing></outerBoundaryIs></Polygon>
      </Placemark>
      <Placemark>
        <name>Patch (6,-2)</name>
        <styleUrl>#newPatchStyle</styleUrl>
        <Polygon><outerBoundaryIs><LinearRing><coordinates>-110.9328125,32.215312499999996,0 -110.9296875,32.215312499999996,0 -110.9296875,32.2171875,0 -110.9328125,32.2171875,0 -110.9328125,32.215312499999996,0</coordinates></LinearRing></outerBoundaryIs></Polygon>
      </Placemark>
      <Placemark>
        <name>Patch (7,-2)</name>
        <styleUrl>#newPatchStyle</styleUrl>
        <Polygon><outerBoundaryIs><LinearRing><coordinates>-110.9296875,32.215312499999996,0 -110.9265625,32.215312499999996,0 -110.9265625,32.2171875,0 -110.9296875,32.2171875,0 -110.9296875,32.215312499999996,0</coordinates></LinearRing></outerBoundaryIs></Polygon>
      </Placemark>
      <Placemark>
        <name>Patch (8,-2)</name>
        <styleUrl>#newPatchStyle</styleUrl>
        <Polygon><outerBoundaryIs><LinearRing><coordinates>-110.9265625,32.215312499999996,0 -110.9234375,32.215312499999996,0 -110.9234375,32.2171875,0 -110.9265625,32.2171875,0 -110.9265625,32.215312499999996,0</coordinates></LinearRing></outerBoundaryIs></Polygon>
      </Placemark>
      <Placemark>
        <name>Patch (9,-2)</name>
        <styleUrl>#newPatchStyle</styleUrl>
        <Polygon><outerBoundaryIs><LinearRing><coordinates>-110.9234375,32.215312499999996,0 -110.92031250000001,32.215312499999996,0 -110.92031250000001,32.2171875,0 -110.9234375,32.2171875,0 -110.9234375,32.215312499999996,0</coordinates></LinearRing></outerBoundaryIs></Polygon>
      </Placemark>
      <Placemark>
        <name>Patch (10,-2)</name>
        <styleUrl>#wastePatchStyle</styleUrl>
        <Polygon><outerBoundaryIs><LinearRing><coordinates>-110.92031250000001,32.215312499999996,0 -110.91718750000001,32.215312499999996,0 -110.91718750000001,32.2171875,0 -110.92031250000001,32.2171875,0 -110.92031250000001,32.215312499999996,0</coordinates></LinearRing></outerBoundaryIs></Polygon>
      </Placemark>
      <Placemark>
        <name>Patch (11,-2)</name>
        <styleUrl>#newPatchStyle</styleUrl>
        <Polygon><outerBoundaryIs><LinearRing><coordinates>-110.91718750000001,32.215312499999996,0 -110.9140625,32.215312499999996,0 -110.9140625,32.2171875,0 -110.91718750000001,32.2171875,0 -110.91718750000001,32.215312499999996,0</coordinates></LinearRing></outerBoundaryIs></Polygon>
      </Placemark>
      <Placemark>
        <name>Patch (12,-2)</name>
        <styleUrl>#newPatchStyle</styleUrl>
        <Polygon><outerBoundaryIs><LinearRing><coordinates>-110.9140625,32.215312499999996,0 -110.9109375,32.215312499999996,0 -110.9109375,32.2171875,0 -110.9140625,32.2171875,0 -110.9140625,32.215312499999996,0</coordinates></LinearRing></outerBoundaryIs></Polygon>
      </Placemark>
      <Placemark>
        <name>Patch (13,-2)</name>
        <styleUrl>#newPatchStyle</styleUrl>
        <Polygon><outerBoundaryIs><LinearRing><coordinates>-110.9109375,32.215312499999996,0 -110.9078125,32.215312499999996,0 -110.9078125,32.2171875,0 -110.9109375,32.2171875,0 -110.9109375,32.215312499999996,0</coordinates></LinearRing></outerBoundaryIs></Polygon>
      </Placemark>
      <Placemark>
        <name>Patch (14,-2)</name>
        <styleUrl>#wastePatchStyle</styleUrl>
        <Polygon><outerBoundaryIs><LinearRing><coordinates>-110.9078125,32.215312499999996,0 -110.90468750000001,32.215312499999996,0 -110.90468750000001,32.2171875,0 -110.9078125,32.2171875,0 -110.9078125,32.215312499999996,0</coordinates></LinearRing></outerBoundaryIs></Polygon>
      </Placemark>
      <Placemark>
        <name>Patch (15,-2)</name>
        <styleUrl>#wastePatchStyle</styleUrl>
        <Polygon><outerBoundaryIs><LinearRing><coordinates>-110.90468750000001,32.215312499999996,0 -110.90156250000001,32.215312499999996,0 -110.90156250000001,32.2171875,0 -110.90468750000001,32.2171875,0 -110.90468750000001,32.215312499999996,0</coordinates></LinearRing></outerBoundaryIs></Polygon>
      </Placemark>
      <Placemark>
        <name>Patch (16,-2)</name>
        <styleUrl>#newPatchStyle</styleUrl>
        <Polygon><outerBoundaryIs><LinearRing><coordinates>-110.90156250000001,32.215312499999996,0 -110.8984375,32.215312499999996,0 -110.8984375,32.2171875,0 -110.90156250000001,32.2171875,0 -110.90156250000001,32.215312499999996,0</coordinates></LinearRing></outerBoundaryIs></Polygon>
      </Placemark>
      <Placemark>
        <name>Patch (-16,-1)</name>
        <styleUrl>#wastePatchStyle</styleUrl>
        <Polygon><outerBoundaryIs><LinearRing><coordinates>-111.0015625,32.2171875,0 -110.9984375,32.2171875,0 -110.9984375,32.2190625,0 -111.0015625,32.2190625,0 -111.0015625,32.2171875,0</coordinates></LinearRing></outerBoundaryIs></Polygon>
      </Placemark>
      <Placemark>
        <name>Patch (-15,-1)</name>
        <styleUrl>#wastePatchStyle</styleUrl>
        <Polygon><outerBoundaryIs><LinearRing><coordinates>-110.9984375,32.2171875,0 -110.9953125,32.2171875,0 -110.9953125,32.2190625,0 -110.9984375,32.2190625,0 -110.9984375,32.2171875,0</coordinates></LinearRing></outerBoundaryIs></Polygon>
      </Placemark>
      <Placemark>
        <name>Patch (-14,-1)</name>
        <styleUrl>#newPatchStyle</styleUrl>
        <Polygon><outerBoundaryIs><LinearRing><coordinates>-110.9953125,32.2171875,0 -110.9921875,32.2171875,0 -110.9921875,32.2190625,0 -110.9953125,32.2190625,0 -110.9953125,32.2171875,0</coordinates></LinearRing></outerBoundaryIs></Polygon>
      </Placemark>
      <Placemark>
        <name>Patch (-13,-1)</name>
        <styleUrl>#newPatchStyle</styleUrl>
        <Polygon><outerBoundaryIs><LinearRing><coordinates>-110.9921875,32.2171875,0 -110.9890625,32.2171875,0 -110.9890625,32.2190625,0 -110.9921875,32.2190625,0 -110.9921875,32.2171875,0</coordinates></LinearRing></outerBoundaryIs></Polygon>
      </Placemark>
      <Placemark>
        <name>Patch (-12,-1)</name>
        <styleUrl>#newPatchStyle</styleUrl>
        <Polygon><outerBoundaryIs><LinearRing><coordinates>-110.9890625,32.2171875,0 -110.9859375,32.2171875,0 -110.9859375,32.2190625,0 -110.9890625,32.2190625,0 -110.9890625,32.2171875,0</coordinates></LinearRing></outerBoundaryIs></Polygon>
      </Placemark>
      <Placemark>
        <name>Patch (-11,-1)</name>
        <styleUrl>#newPatchStyle</styleUrl>
        <Polygon><outerBoundaryIs><LinearRing><coordinates>-110.9859375,32.2171875,0 -110.9828125,32.2171875,0 -110.9828125,32.2190625,0 -110.9859375,32.2190625,0 -110.9859375,32.2171875,0</coordinates></LinearRing></outerBoundaryIs></Polygon>
      </Placemark>
      <Placemark>
        <name>Patch (-10,-1)</name>
        <styleUrl>#wastePatchStyle</styleUrl>
        <Polygon><outerBoundaryIs><LinearRing><coordinates>-110.9828125,32.2171875,0 -110.9796875,32.2171875,0 -110.9796875,32.2190625,0 -110.9828125,32.2190625,0 -110.9828125,32.2171875,0</coordinates></LinearRing></outerBoundaryIs></Polygon>
      </Placemark>
      <Placemark>
        <name>Patch (-9,-1)</name>
        <styleUrl>#wastePatchStyle</styleUrl>
        <Polygon><outerBoundaryIs><LinearRing><coordinates>-110.9796875,32.2171875,0 -110.9765625,32.2171875,0 -110.9765625,32.2190625,0 -110.9796875,32.2190625,0 -110.9796875,32.2171875,0</coordinates></LinearRing></outerBoundaryIs></Polygon>
      </Placemark>
      <Placemark>
        <name>Patch (-8,-1)</name>
        <styleUrl>#wastePatchStyle</styleUrl>
        <Polygon><outerBoundaryIs><LinearRing><coordinates>-110.9765625,32.2171875,0 -110.9734375,32.2171875,0 -110.9734375,32.2190625,0 -110.9765625,32.2190625,0 -110.9765625,32.2171875,0</coordinates></LinearRing></outerBoundaryIs></Polygon>
      </Placemark>
      <Placemark>
        <name>Patch (-7,-1)</name>
        <styleUrl>#wastePatchStyle</styleUrl>
        <Polygon><outerBoundaryIs><LinearRing><coordinates>-110.9734375,32.2171875,0 -110.9703125,32.2171875,0 -110.9703125,32.2190625,0 -110.9734375,32.2190625,0 -110.9734375,32.2171875,0</coordinates></LinearRing></outerBoundaryIs></Polygon>
      </Placemark>
      <Placemark>
        <name>Patch (-6,-1)</name>
        <styleUrl>#newPatchStyle</styleUrl>
        <Polygon><outerBoundaryIs><LinearRing><coordinates>-110.9703125,32.2171875,0 -110.96718750000001,32.2171875,0 -110.96718750000001,32.2190625,0 -110.9703125,32.2190625,0 -110.9703125,32.2171875,0</coordinates></LinearRing></outerBoundaryIs></Polygon>
      </Placemark>
      <Placemark>
        <name>Patch (-5,-1)</name>
        <styleUrl>#wastePatchStyle</styleUrl>
        <Polygon><outerBoundaryIs><LinearRing><coordinates>-110.96718750000001,32.2171875,0 -110.9640625,32.2171875,0 -110.9640625,32.2190625,0 -110.96718750000001,32.2190625,0 -110.96718750000001,32.2171875,0</coordinates></LinearRing></outerBoundaryIs></Polygon>
      </Placemark>
      <Placemark>
        <name>Patch (-4,-1)</name>
        <styleUrl>#newPatchStyle</styleUrl>
        <Polygon><outerBoundaryIs><LinearRing><coordinates>-110.9640625,32.2171875,0 -110.9609375,32.2171875,0 -110.9609375,32.2190625,0 -110.9640625,32.2190625,0 -110.9640625,32.2171875,0</coordinates></LinearRing></outerBoundaryIs></Polygon>
      </Placemark>
      <Placemark>
        <name>Patch (-3,-1)</name>
        <styleUrl>#newPatchStyle</styleUrl>
        <Polygon><outerBoundaryIs><LinearRing><coordinates>-110.9609375,32.2171875,0 -110.9578125,32.2171875,0 -110.9578125,32.2190625,0 -110.9609375,32.2190625,0 -110.9609375,32.2171875,0</coordinates></LinearRing></outerBoundaryIs></Polygon>
      </Placemark>
      <Placemark>
        <name>Patch (-2,-1)</name>
        <styleUrl>#newPatchStyle</styleUrl>
        <Polygon><outerBoundaryIs><LinearRing><coordinates>-110.9578125,32.2171875,0 -110.9546875,32.2171875,0 -110.9546875,32.2190625,0 -110.9578125,32.2190625,0 -110.9578125,32.2171875,0</coordinates></LinearRing></outerBoundaryIs></Polygon>
      </Placemark>
      <Placemark>
        <name>Patch (-1,-1)</name>
        <styleUrl>#newPatchStyle</styleUrl>
        <Polygon><outerBoundaryIs><LinearRing><coordinates>-110.9546875,32.2171875,0 -110.95156250000001,32.2171875,0 -110.95156250000001,32.2190625,0 -110.9546875,32.2190625,0 -110.9546875,32.2171875,0</coordinates></LinearRing></outerBoundaryIs></Polygon>
      </Placemark>
      <Placemark>
        <name>Patch (0,-1)</name>
        <styleUrl>#newPatchStyle</styleUrl>
        <Polygon><outerBoundaryIs><LinearRing><coordinates>-110.95156250000001,32.2171875,0 -110.9484375,32.2171875,0 -110.9484375,32.2190625,0 -110.95156250000001,32.2190625,0 -110.95156250000001,32.2171875,0</coordinates></LinearRing></outerBoundaryIs></Polygon>
      </Placemark>
      <Placemark>
        <name>Patch (1,-1)</name>
        <styleUrl>#newPatchStyle</styleUrl>
        <Polygon><outerBoundaryIs><LinearRing><coordinates>-110.9484375,32.2171875,0 -110.9453125,32.2171875,0 -110.9453125,32.2190625,0 -110.9484375,32.2190625,0 -110.9484375,32.2171875,0</coordinates></LinearRing></outerBoundaryIs></Polygon>
      </Placemark>
      <Placemark>
        <name>Patch (2,-1)</name>
        <styleUrl>#wastePatchStyle</styleUrl>
        <Polygon><outerBoundaryIs><LinearRing><coordinates>-110.9453125,32.2171875,0 -110.9421875,32.2171875,0 -110.9421875,32.2190625,0 -110.9453125,32.2190625,0 -110.9453125,32.2171875,0</coordinates></LinearRing></outerBoundaryIs></Polygon>
      </Placemark>
      <Placemark>
        <name>Patch (3,-1)</name>
        <styleUrl>#newPatchStyle</styleUrl>
        <Polygon><outerBoundaryIs><LinearRing><coordinates>-110.9421875,32.2171875,0 -110.9390625,32.2171875,0 -110.9390625,32.2190625,0 -110.9421875,32.2190625,0 -110.9421875,32.2171875,0</coordinates></LinearRing></outerBoundaryIs></Polygon>
      </Placemark>
      <Placemark>
        <name>Patch (4,-1)</name>
        <styleUrl>#wastePatchStyle</styleUrl>
        <Polygon><outerBoundaryIs><LinearRing><coordinates>-110.9390625,32.2171875,0 -110.93593750000001,32.2171875,0 -110.93593750000001,32.2190625,0 -110.9390625,32.2190625,0 -110.9390625,32.2171875,0</coordinates></LinearRing></outerBoundaryIs></Polygon>
      </Placemark>
      <Placemark>
        <name>Patch (5,-1)</name>
        <styleUrl>#wastePatchStyle</styleUrl>
        <Polygon><outerBoundaryIs><LinearRing><coordinates>-110.93593750000001,32.2171875,0 -110.9328125,32.2171875,0 -110.9328125,32.2190625,0 -110.93593750000001,32.2190625,0 -110.93593750000001,32.2171875,0</coordinates></LinearRing></outerBoundaryIs></Polygon>
      </Placemark>
      <Placemark>
        <name>Patch (6,-1)</name>
        <styleUrl>#newPatchStyle</styleUrl>
        <Polygon><outerBoundaryIs><LinearRing><coordinates>-110.9328125,32.2171875,0 -110.9296875,32.2171875,0 -110.9296875,32.2190625,0 -110.9328125,32.2190625,0 -110.9328125,32.2171875,0</coordinates></LinearRing></outerBoundaryIs></Polygon>
      </Placemark>
      <Placemark>
        <name>Patch (7,-1)</name>
        <styleUrl>#newPatchStyle</styleUrl>
        <Polygon><outerBoundaryIs><LinearRing><coordinates>-110.9296875,32.2171875,0 -110.9265625,32.2171875,0 -110.9265625,32.2190625,0 -110.9296875,32.2190625,0 -110.9296875,32.2171875,0</coordinates></LinearRing></outerBoundaryIs></Polygon>
      </Placemark>
      <Placemark>
        <name>Patch (8,-1)</name>
        <styleUrl>#newPatchStyle</styleUrl>
        <Polygon><outerBoundaryIs><LinearRing><coordinates>-110.9265625,32.2171875,0 -110.9234375,32.2171875,0 -110.9234375,32.2190625,0 -110.9265625,32.2190625,0 -110.9265625,32.2171875,0</coordinates></LinearRing></outerBoundaryIs></Polygon>
      </Placemark>
      <Placemark>
        <name>Patch (9,-1)</name>
        <styleUrl>#newPatchStyle</styleUrl>
        <Polygon><outerBoundaryIs><LinearRing><coordinates>-110.9234375,32.2171875,0 -110.92031250000001,32.2171875,0 -110.92031250000001,32.2190625,0 -110.9234375,32.2190625,0 -110.9234375,32.2171875,0</coordinates></LinearRing></outerBoundaryIs></Polygon>
      </Placemark>
      <Placemark>
        <name>Patch (10,-1)</name>
        <styleUrl>#newPatchStyle</styleUrl>
        <Polygon><outerBoundaryIs><LinearRing><coordinates>-110.92031250000001,32.2171875,0 -110.91718750000001,32.2171875,0 -110.91718750000001,32.2190625,0 -110.92031250000001,32.2190625,0 -110.92031250000001,32.2171875,0</coordinates></LinearRing></outerBoundaryIs></Polygon>
      </Placemark>
      <Placemark>
        <name>Patch (11,-1)</name>
        <styleUrl>#newPatchStyle</styleUrl>
        <Polygon><outerBoundaryIs><LinearRing><coordinates>-110.91718750000001,32.2171875,0 -110.9140625,32.2171875,0 -110.9140625,32.2190625,0 -110.91718750000001,32.2190625,0 -110.91718750000001,32.2171875,0</coordinates></LinearRing></outerBoundaryIs></Polygon>
      </Placemark>
      <Placemark>
        <name>Patch (12,-1)</name>
        <styleUrl>#wastePatchStyle</styleUrl>
        <Polygon><outerBoundaryIs><LinearRing><coordinates>-110.9140625,32.2171875,0 -110.9109375,32.2171875,0 -110.9109375,32.2190625,0 -110.9140625,32.2190625,0 -110.9140625,32.2171875,0</coordinates></LinearRing></outerBoundaryIs></Polygon>
      </Placemark>
      <Placemark>
        <name>Patch (13,-1)</name>
        <styleUrl>#newPatchStyle</styleUrl>
        <Polygon><outerBoundaryIs><LinearRing><coordinates>-110.9109375,32.2171875,0 -110.9078125,32.2171875,0 -110.9078125,32.2190625,0 -110.9109375,32.2190625,0 -110.9109375,32.2171875,0</coordinates></LinearRing></outerBoundaryIs></Polygon>
      </Placemark>
      <Placemark>
        <name>Patch (14,-1)</name>
        <styleUrl>#wastePatchStyle</styleUrl>
        <Polygon><outerBoundaryIs><LinearRing><coordinates>-110.9078125,32.2171875,0 -110.90468750000001,32.2171875,0 -110.90468750000001,32.2190625,0 -110.9078125,32.2190625,0 -110.9078125,32.2171875,0</coordinates></LinearRing></outerBoundaryIs></Polygon>
      </Placemark>
      <Placemark>
        <name>Patch (15,-1)</name>
        <styleUrl>#wastePatchStyle</styleUrl>
        <Polygon><outerBoundaryIs><LinearRing><coordinates>-110.90468750000001,32.2171875,0 -110.90156250000001,32.2171875,0 -110.90156250000001,32.2190625,0 -110.90468750000001,32.2190625,0 -110.90468750000001,32.2171875,0</coordinates></LinearRing></outerBoundaryIs></Polygon>
      </Placemark>
      <Placemark>
        <name>Patch (16,-1)</name>
        <styleUrl>#wastePatchStyle</styleUrl>
        <Polygon><outerBoundaryIs><LinearRing><coordinates>-110.90156250000001,32.2171875,0 -110.8984375,32.2171875,0 -110.8984375,32.2190625,0 -110.90156250000001,32.2190625,0 -110.90156250000001,32.2171875,0</coordinates></LinearRing></outerBoundaryIs></Polygon>
      </Placemark>
      <Placemark>
        <name>Patch (-16,0)</name>
        <styleUrl>#wastePatchStyle</styleUrl>
        <Polygon><outerBoundaryIs><LinearRing><coordinates>-111.0015625,32.2190625,0 -110.9984375,32.2190625,0 -110.9984375,32.2209375,0 -111.0015625,32.2209375,0 -111.0015625,32.2190625,0</coordinates></LinearRing></outerBoundaryIs></Polygon>
      </Placemark>
      <Placemark>
        <name>Patch (-15,0)</name>
        <styleUrl>#wastePatchStyle</styleUrl>
        <Polygon><outerBoundaryIs><LinearRing><coordinates>-110.9984375,32.2190625,0 -110.9953125,32.2190625,0 -110.9953125,32.2209375,0 -110.9984375,32.2209375,0 -110.9984375,32.2190625,0</coordinates></LinearRing></outerBoundaryIs></Polygon>
      </Placemark>
      <Placemark>
        <name>Patch (-14,0)</name>
        <styleUrl>#wastePatchStyle</styleUrl>
        <Polygon><outerBoundaryIs><LinearRing><coordinates>-110.9953125,32.2190625,0 -110.9921875,32.2190625,0 -110.9921875,32.2209375,0 -110.9953125,32.2209375,0 -110.9953125,32.2190625,0</coordinates></LinearRing></outerBoundaryIs></Polygon>
      </Placemark>
      <Placemark>
        <name>Patch (-13,0)</name>
        <styleUrl>#newPatchStyle</styleUrl>
        <Polygon><outerBoundaryIs><LinearRing><coordinates>-110.9921875,32.2190625,0 -110.9890625,32.2190625,0 -110.9890625,32.2209375,0 -110.9921875,32.2209375,0 -110.9921875,32.2190625,0</coordinates></LinearRing></outerBoundaryIs></Polygon>
      </Placemark>
      <Placemark>
        <name>Patch (-12,0)</name>
        <styleUrl>#newPatchStyle</styleUrl>
        <Polygon><outerBoundaryIs><LinearRing><coordinates>-110.9890625,32.2190625,0 -110.9859375,32.2190625,0 -110.9859375,32.2209375,0 -110.9890625,32.2209375,0 -110.9890625,32.2190625,0</coordinates></LinearRing></outerBoundaryIs></Polygon>
      </Placemark>
      <Placemark>
        <name>Patch (-11,0)</name>
        <styleUrl>#newPatchStyle</styleUrl>
        <Polygon><outerBoundaryIs><LinearRing><coordinates>-110.9859375,32.2190625,0 -110.9828125,32.2190625,0 -110.9828125,32.2209375,0 -110.9859375,32.2209375,0 -110.9859375,32.2190625,0</coordinates></LinearRing></outerBoundaryIs></Polygon>
      </Placemark>
      <Placemark>
        <name>Patch (-10,0)</name>
        <styleUrl>#newPatchStyle</styleUrl>
        <Polygon><outerBoundaryIs><LinearRing><coordinates>-110.9828125,32.2190625,0 -110.9796875,32.2190625,0 -110.9796875,32.2209375,0 -110.9828125,32.2209375,0 -110.9828125,32.2190625,0</coordinates></LinearRing></outerBoundaryIs></Polygon>
      </Placemark>
      <Placemark>
        <name>Patch (-9,0)</name>
        <styleUrl>#newPatchStyle</styleUrl>
        <Polygon><outerBoundaryIs><LinearRing><coordinates>-110.9796875,32.2190625,0 -110.9765625,32.2190625,0 -110.9765625,32.2209375,0 -110.9796875,32.2209375,0 -110.9796875,32.2190625,0</coordinates></LinearRing></outerBoundaryIs></Polygon>
      </Placemark>
      <Placemark>
        <name>Patch (-8,0)</name>
        <styleUrl>#wastePatchStyle</styleUrl>
        <Polygon><outerBoundaryIs><LinearRing><coordinates>-110.9765625,32.2190625,0 -110.9734375,32.2190625,0 -110.9734375,32.2209375,0 -110.9765625,32.2209375,0 -110.9765625,32.2190625,0</coordinates></LinearRing></outerBoundaryIs></Polygon>
      </Placemark>
      <Placemark>
        <name>Patch (-7,0)</name>
        <styleUrl>#wastePatchStyle</styleUrl>
        <Polygon><outerBoundaryIs><LinearRing><coordinates>-110.9734375,32.2190625,0 -110.9703125,32.2190625,0 -110.9703125,32.2209375,0 -110.9734375,32.2209375,0 -110.9734375,32.2190625,0</coordinates></LinearRing></outerBoundaryIs></Polygon>
      </Placemark>
      <Placemark>
        <name>Patch (-6,0)</name>
        <styleUrl>#wastePatchStyle</styleUrl>
        <Polygon><outerBoundaryIs><LinearRing><coordinates>-110.9703125,32.2190625,0 -110.96718750000001,32.2190625,0 -110.96718750000001,32.2209375,0 -110.9703125,32.2209375,0 -110.9703125,32.2190625,0</coordinates></LinearRing></outerBoundaryIs></Polygon>
      </Placemark>
      <Placemark>
        <name>Patch (-5,0)</name>
        <styleUrl>#wastePatchStyle</styleUrl>
        <Polygon><outerBoundaryIs><LinearRing><coordinates>-110.96718750000001,32.2190625,0 -110.9640625,32.2190625,0 -110.9640625,32.2209375,0 -110.96718750000001,32.2209375,0 -110.96718750000001,32.2190625,0</coordinates></LinearRing></outerBoundaryIs></Polygon>
      </Placemark>
      <Placemark>
        <name>Patch (-4,0)</name>
        <styleUrl>#recycledPatchStyle</styleUrl>
        <Polygon><outerBoundaryIs><LinearRing><coordinates>-110.9640625,32.2190625,0 -110.9609375,32.2190625,0 -110.9609375,32.2209375,0 -110.9640625,32.2209375,0 -110.9640625,32.2190625,0</coordinates></LinearRing></outerBoundaryIs></Polygon>
      </Placemark>
      <Placemark>
        <name>Patch (-3,0)</name>
        <styleUrl>#recycledPatchStyle</styleUrl>
        <Polygon><outerBoundaryIs><LinearRing><coordinates>-110.9609375,32.2190625,0 -110.9578125,32.2190625,0 -110.9578125,32.2209375,0 -110.9609375,32.2209375,0 -110.9609375,32.2190625,0</coordinates></LinearRing></outerBoundaryIs></Polygon>
      </Placemark>
      <Placemark>
        <name>Patch (-2,0)</name>
        <styleUrl>#wastePatchStyle</styleUrl>
        <Polygon><outerBoundaryIs><LinearRing><coordinates>-110.9578125,32.2190625,0 -110.9546875,32.2190625,0 -110.9546875,32.2209375,0 -110.9578125,32.2209375,0 -110.9578125,32.2190625,0</coordinates></LinearRing></outerBoundaryIs></Polygon>
      </Placemark>
      <Placemark>
        <name>Patch (-1,0)</name>
        <styleUrl>#recycledPatchStyle</styleUrl>
        <Polygon><outerBoundaryIs><LinearRing><coordinates>-110.9546875,32.2190625,0 -110.95156250000001,32.2190625,0 -110.95156250000001,32.2209375,0 -110.9546875,32.2209375,0 -110.9546875,32.2190625,0</coordinates></LinearRing></outerBoundaryIs></Polygon>
      </Placemark>
      <Placemark>
        <name>Patch (0,0)</name>
        <styleUrl>#wastePatchStyle</styleUrl>
        <Polygon><outerBoundaryIs><LinearRing><coordinates>-110.95156250000001,32.2190625,0 -110.9484375,32.2190625,0 -110.9484375,32.2209375,0 -110.95156250000001,32.2209375,0 -110.95156250000001,32.2190625,0</coordinates></LinearRing></outerBoundaryIs></Polygon>
      </Placemark>
      <Placemark>
        <name>Patch (1,0)</name>
        <styleUrl>#newPatchStyle</styleUrl>
        <Polygon><outerBoundaryIs><LinearRing><coordinates>-110.9484375,32.2190625,0 -110.9453125,32.2190625,0 -110.9453125,32.2209375,0 -110.9484375,32.2209375,0 -110.9484375,32.2190625,0</coordinates></LinearRing></outerBoundaryIs></Polygon>
      </Placemark>
      <Placemark>
        <name>Patch (2,0)</name>
        <styleUrl>#wastePatchStyle</styleUrl>
        <Polygon><outerBoundaryIs><LinearRing><coordinates>-110.9453125,32.2190625,0 -110.9421875,32.2190625,0 -110.9421875,32.2209375,0 -110.9453125,32.2209375,0 -110.9453125,32.2190625,0</coordinates></LinearRing></outerBoundaryIs></Polygon>
      </Placemark>
      <Placemark>
        <name>Patch (3,0)</name>
        <styleUrl>#newPatchStyle</styleUrl>
        <Polygon><outerBoundaryIs><LinearRing><coordinates>-110.9421875,32.2190625,0 -110.9390625,32.2190625,0 -110.9390625,32.2209375,0 -110.9421875,32.2209375,0 -110.9421875,32.2190625,0</coordinates></LinearRing></outerBoundaryIs></Polygon>
      </Placemark>
      <Placemark>
        <name>Patch (4,0)</name>
        <styleUrl>#newPatchStyle</styleUrl>
        <Polygon><outerBoundaryIs><LinearRing><coordinates>-110.9390625,32.2190625,0 -110.93593750000001,32.2190625,0 -110.93593750000001,32.2209375,0 -110.9390625,32.2209375,0 -110.9390625,32.2190625,0</coordinates></LinearRing></outerBoundaryIs></Polygon>
      </Placemark>
      <Placemark>
        <name>Patch (5,0)</name>
        <styleUrl>#newPatchStyle</styleUrl>
        <Polygon><outerBoundaryIs><LinearRing><coordinates>-110.93593750000001,32.2190625,0 -110.9328125,32.2190625,0 -110.9328125,32.2209375,0 -110.93593750000001,32.2209375,0 -110.93593750000001,32.2190625,0</coordinates></LinearRing></outerBoundaryIs></Polygon>
      </Placemark>
      <Placemark>
        <name>Patch (6,0)</name>
        <styleUrl>#wastePatchStyle</styleUrl>
        <Polygon><outerBoundaryIs><LinearRing><coordinates>-110.9328125,32.2190625,0 -110.9296875,32.2190625,0 -110.9296875,32.2209375,0 -110.9328125,32.2209375,0 -110.9328125,32.2190625,0</coordinates></LinearRing></outerBoundaryIs></Polygon>
      </Placemark>
      <Placemark>
        <name>Patch (7,0)</name>
        <styleUrl>#wastePatchStyle</styleUrl>
        <Polygon><outerBoundaryIs><LinearRing><coordinates>-110.9296875,32.2190625,0 -110.9265625,32.2190625,0 -110.9265625,32.2209375,0 -110.9296875,32.2209375,0 -110.9296875,32.2190625,0</coordinates></LinearRing></outerBoundaryIs></Polygon>
      </Placemark>
      <Placemark>
        <name>Patch (8,0)</name>
        <styleUrl>#wastePatchStyle</styleUrl>
        <Polygon><outerBoundaryIs><LinearRing><coordinates>-110.9265625,32.2190625,0 -110.9234375,32.2190625,0 -110.9234375,32.2209375,0 -110.9265625,32.2209375,0 -110.9265625,32.2190625,0</coordinates></LinearRing></outerBoundaryIs></Polygon>
      </Placemark>
      <Placemark>
        <name>Patch (9,0)</name>
        <styleUrl>#newPatchStyle</styleUrl>
        <Polygon><outerBoundaryIs><LinearRing><coordinates>-110.9234375,32.2190625,0 -110.92031250000001,32.2190625,0 -110.92031250000001,32.2209375,0 -110.9234375,32.2209375,0 -110.9234375,32.2190625,0</coordinates></LinearRing></outerBoundaryIs></Polygon>
      </Placemark>
      <Placemark>
        <name>Patch (10,0)</name>
        <styleUrl>#newPatchStyle</styleUrl>
        <Polygon><outerBoundaryIs><LinearRing><coordinates>-110.92031250000001,32.2190625,0 -110.91718750000001,32.2190625,0 -110.91718750000001,32.2209375,0 -110.92031250000001,32.2209375,0 -110.92031250000001,32.2190625,0</coordinates></LinearRing></outerBoundaryIs></Polygon>
      </Placemark>
      <Placemark>
        <name>Patch (11,0)</name>
        <styleUrl>#newPatchStyle</styleUrl>
        <Polygon><outerBoundaryIs><LinearRing><coordinates>-110.91718750000001,32.2190625,0 -110.9140625,32.2190625,0 -110.9140625,32.2209375,0 -110.91718750000001,32.2209375,0 -110.91718750000001,32.2190625,0</coordinates></LinearRing></outerBoundaryIs></Polygon>
      </Placemark>
      <Placemark>
        <name>Patch (12,0)</name>
        <styleUrl>#newPatchStyle</styleUrl>
        <Polygon><outerBoundaryIs><LinearRing><coordinates>-110.9140625,32.2190625,0 -110.9109375,32.2190625,0 -110.9109375,32.2209375,0 -110.9140625,32.2209375,0 -110.9140625,32.2190625,0</coordinates></LinearRing></outerBoundaryIs></Polygon>
      </Placemark>
      <Placemark>
        <name>Patch (13,0)</name>
        <styleUrl>#newPatchStyle</styleUrl>
        <Polygon><outerBoundaryIs><LinearRing><coordinates>-110.9109375,32.2190625,0 -110.9078125,32.2190625,0 -110.9078125,32.2209375,0 -110.9109375,32.2209375,0 -110.9109375,32.2190625,0</coordinates></LinearRing></outerBoundaryIs></Polygon>
      </Placemark>
      <Placemark>
        <name>Patch (14,0)</name>
        <styleUrl>#wastePatchStyle</styleUrl>
        <Polygon><outerBoundaryIs><LinearRing><coordinates>-110.9078125,32.2190625,0 -110.90468750000001,32.2190625,0 -110.90468750000001,32.2209375,0 -110.9078125,32.2209375,0 -110.9078125,32.2190625,0</coordinates></LinearRing></outerBoundaryIs></Polygon>
      </Placemark>
      <Placemark>
        <name>Patch (15,0)</name>
        <styleUrl>#wastePatchStyle</styleUrl>
        <Polygon><outerBoundaryIs><LinearRing><coordinates>-110.90468750000001,32.2190625,0 -110.90156250000001,32.2190625,0 -110.90156250000001,32.2209375,0 -110.90468750000001,32.2209375,0 -110.90468750000001,32.2190625,0</coordinates></LinearRing></outerBoundaryIs></Polygon>
      </Placemark>
      <Placemark>
        <name>Patch (16,0)</name>
        <styleUrl>#wastePatchStyle</styleUrl>
        <Polygon><outerBoundaryIs><LinearRing><coordinates>-110.90156250000001,32.2190625,0 -110.8984375,32.2190625,0 -110.8984375,32.2209375,0 -110.90156250000001,32.2209375,0 -110.90156250000001,32.2190625,0</coordinates></LinearRing></outerBoundaryIs></Polygon>
      </Placemark>
      <Placemark>
        <name>Patch (-16,1)</name>
        <styleUrl>#wastePatchStyle</styleUrl>
        <Polygon><outerBoundaryIs><LinearRing><coordinates>-111.0015625,32.2209375,0 -110.9984375,32.2209375,0 -110.9984375,32.222812499999996,0 -111.0015625,32.222812499999996,0 -111.0015625,32.2209375,0</coordinates></LinearRing></outerBoundaryIs></Polygon>
      </Placemark>
      <Placemark>
        <name>Patch (-15,1)</name>
        <styleUrl>#newPatchStyle</styleUrl>
        <Polygon><outerBoundaryIs><LinearRing><coordinates>-110.9984375,32.2209375,0 -110.9953125,32.2209375,0 -110.9953125,32.222812499999996,0 -110.9984375,32.222812499999996,0 -110.9984375,32.2209375,0</coordinates></LinearRing></outerBoundaryIs></Polygon>
      </Placemark>
      <Placemark>
        <name>Patch (-14,1)</name>
        <styleUrl>#wastePatchStyle</styleUrl>
        <Polygon><outerBoundaryIs><LinearRing><coordinates>-110.9953125,32.2209375,0 -110.9921875,32.2209375,0 -110.9921875,32.222812499999996,0 -110.9953125,32.222812499999996,0 -110.9953125,32.2209375,0</coordinates></LinearRing></outerBoundaryIs></Polygon>
      </Placemark>
      <Placemark>
        <name>Patch (-13,1)</name>
        <styleUrl>#newPatchStyle</styleUrl>
        <Polygon><outerBoundaryIs><LinearRing><coordinates>-110.9921875,32.2209375,0 -110.9890625,32.2209375,0 -110.9890625,32.222812499999996,0 -110.9921875,32.222812499999996,0 -110.9921875,32.2209375,0</coordinates></LinearRing></outerBoundaryIs></Polygon>
      </Placemark>
      <Placemark>
        <name>Patch (-12,1)</name>
        <styleUrl>#newPatchStyle</styleUrl>
        <Polygon><outerBoundaryIs><LinearRing><coordinates>-110.9890625,32.2209375,0 -110.9859375,32.2209375,0 -110.9859375,32.222812499999996,0 -110.9890625,32.222812499999996,0 -110.9890625,32.2209375,0</coordinates></LinearRing></outerBoundaryIs></Polygon>
      </Placemark>
      <Placemark>
        <name>Patch (-11,1)</name>
        <styleUrl>#newPatchStyle</styleUrl>
        <Polygon><outerBoundaryIs><LinearRing><coordinates>-110.9859375,32.2209375,0 -110.9828125,32.2209375,0 -110.9828125,32.222812499999996,0 -110.9859375,32.222812499999996,0 -110.9859375,32.2209375,0</coordinates></LinearRing></outerBoundaryIs></Polygon>
      </Placemark>
      <Placemark>
        <name>Patch (-10,1)</name>
        <styleUrl>#newPatchStyle</styleUrl>
        <Polygon><outerBoundaryIs><LinearRing><coordinates>-110.9828125,32.2209375,0 -110.9796875,32.2209375,0 -110.9796875,32.222812499999996,0 -110.9828125,32.222812499999996,0 -110.9828125,32.2209375,0</coordinates></LinearRing></outerBoundaryIs></Polygon>
      </Placemark>
      <Placemark>
        <name>Patch (-9,1)</name>
        <styleUrl>#recycledPatchStyle</styleUrl>
        <Polygon><outerBoundaryIs><LinearRing><coordinates>-110.9796875,32.2209375,0 -110.9765625,32.2209375,0 -110.9765625,32.222812499999996,0 -110.9796875,32.222812499999996,0 -110.9796875,32.2209375,0</coordinates></LinearRing></outerBoundaryIs></Polygon>
      </Placemark>
      <Placemark>
        <name>Patch (-8,1)</name>
        <styleUrl>#wastePatchStyle</styleUrl>
        <Polygon><outerBoundaryIs><LinearRing><coordinates>-110.9765625,32.2209375,0 -110.9734375,32.2209375,0 -110.9734375,32.222812499999996,0 -110.9765625,32.222812499999996,0 -110.9765625,32.2209375,0</coordinates></LinearRing></outerBoundaryIs></Polygon>
      </Placemark>
      <Placemark>
        <name>Patch (-7,1)</name>
        <styleUrl>#newPatchStyle</styleUrl>
        <Polygon><outerBoundaryIs><LinearRing><coordinates>-110.9734375,32.2209375,0 -110.9703125,32.2209375,0 -110.9703125,32.222812499999996,0 -110.9734375,32.222812499999996,0 -110.9734375,32.2209375,0</coordinates></LinearRing></outerBoundaryIs></Polygon>
      </Placemark>
      <Placemark>
        <name>Patch (-6,1)</name>
        <styleUrl>#wastePatchStyle</styleUrl>
        <Polygon><outerBoundaryIs><LinearRing><coordinates>-110.9703125,32.2209375,0 -110.96718750000001,32.2209375,0 -110.96718750000001,32.222812499999996,0 -110.9703125,32.222812499999996,0 -110.9703125,32.2209375,0</coordinates></LinearRing></outerBoundaryIs></Polygon>
      </Placemark>
      <Placemark>
        <name>Patch (-5,1)</name>
        <styleUrl>#newPatchStyle</styleUrl>
        <Polygon><outerBoundaryIs><LinearRing><coordinates>-110.96718750000001,32.2209375,0 -110.9640625,32.2209375,0 -110.9640625,32.222812499999996,0 -110.96718750000001,32.222812499999996,0 -110.96718750000001,32.2209375,0</coordinates></LinearRing></outerBoundaryIs></Polygon>
      </Placemark>
      <Placemark>
        <name>Patch (-4,1)</name>
        <styleUrl>#newPatchStyle</styleUrl>
        <Polygon><outerBoundaryIs><LinearRing><coordinates>-110.9640625,32.2209375,0 -110.9609375,32.2209375,0 -110.9609375,32.222812499999996,0 -110.9640625,32.222812499999996,0 -110.9640625,32.2209375,0</coordinates></LinearRing></outerBoundaryIs></Polygon>
      </Placemark>
      <Placemark>
        <name>Patch (-3,1)</name>
        <styleUrl>#newPatchStyle</styleUrl>
        <Polygon><outerBoundaryIs><LinearRing><coordinates>-110.9609375,32.2209375,0 -110.9578125,32.2209375,0 -110.9578125,32.222812499999996,0 -110.9609375,32.222812499999996,0 -110.9609375,32.2209375,0</coordinates></LinearRing></outerBoundaryIs></Polygon>
      </Placemark>
      <Placemark>
        <name>Patch (-2,1)</name>
        <styleUrl>#newPatchStyle</styleUrl>
        <Polygon><outerBoundaryIs><LinearRing><coordinates>-110.9578125,32.2209375,0 -110.9546875,32.2209375,0 -110.9546875,32.222812499999996,0 -110.9578125,32.222812499999996,0 -110.9578125,32.2209375,0</coordinates></LinearRing></outerBoundaryIs></Polygon>
      </Placemark>
      <Placemark>
        <name>Patch (-1,1)</name>
        <styleUrl>#recycledPatchStyle</styleUrl>
        <Polygon><outerBoundaryIs><LinearRing><coordinates>-110.9546875,32.2209375,0 -110.95156250000001,32.2209375,0 -110.95156250000001,32.222812499999996,0 -110.9546875,32.222812499999996,0 -110.9546875,32.2209375,0</coordinates></LinearRing></outerBoundaryIs></Polygon>
      </Placemark>
      <Placemark>
        <name>Patch (0,1)</name>
        <styleUrl>#newPatchStyle</styleUrl>
        <Polygon><outerBoundaryIs><LinearRing><coordinates>-110.95156250000001,32.2209375,0 -110.9484375,32.2209375,0 -110.9484375,32.222812499999996,0 -110.95156250000001,32.222812499999996,0 -110.95156250000001,32.2209375,0</coordinates></LinearRing></outerBoundaryIs></Polygon>
      </Placemark>
      <Placemark>
        <name>Patch (1,1)</name>
        <styleUrl>#recycledPatchStyle</styleUrl>
        <Polygon><outerBoundaryIs><LinearRing><coordinates>-110.9484375,32.2209375,0 -110.9453125,32.2209375,0 -110.9453125,32.222812499999996,0 -110.9484375,32.222812499999996,0 -110.9484375,32.2209375,0</coordinates></LinearRing></outerBoundaryIs></Polygon>
      </Placemark>
      <Placemark>
        <name>Patch (2,1)</name>
        <styleUrl>#recycledPatchStyle</styleUrl>
        <Polygon><outerBoundaryIs><LinearRing><coordinates>-110.9453125,32.2209375,0 -110.9421875,32.2209375,0 -110.9421875,32.222812499999996,0 -110.9453125,32.222812499999996,0 -110.9453125,32.2209375,0</coordinates></LinearRing></outerBoundaryIs></Polygon>
      </Placemark>
      <Placemark>
        <name>Patch (3,1)</name>
        <styleUrl>#wastePatchStyle</styleUrl>
        <Polygon><outerBoundaryIs><LinearRing><coordinates>-110.9421875,32.2209375,0 -110.9390625,32.2209375,0 -110.9390625,32.222812499999996,0 -110.9421875,32.222812499999996,0 -110.9421875,32.2209375,0</coordinates></LinearRing></outerBoundaryIs></Polygon>
      </Placemark>
      <Placemark>
        <name>Patch (4,1)</name>
        <styleUrl>#newPatchStyle</styleUrl>
        <Polygon><outerBoundaryIs><LinearRing><coordinates>-110.9390625,32.2209375,0 -110.93593750000001,32.2209375,0 -110.93593750000001,32.222812499999996,0 -110.9390625,32.222812499999996,0 -110.9390625,32.2209375,0</coordinates></LinearRing></outerBoundaryIs></Polygon>
      </Placemark>
      <Placemark>
        <name>Patch (5,1)</name>
        <styleUrl>#newPatchStyle</styleUrl>
        <Polygon><outerBoundaryIs><LinearRing><coordinates>-110.93593750000001,32.2209375,0 -110.9328125,32.2209375,0 -110.9328125,32.222812499999996,0 -110.93593750000001,32.222812499999996,0 -110.93593750000001,32.2209375,0</coordinates></LinearRing></outerBoundaryIs></Polygon>
      </Placemark>
      <Placemark>
        <name>Patch (6,1)</name>
        <styleUrl>#wastePatchStyle</styleUrl>
        <Polygon><outerBoundaryIs><LinearRing><coordinates>-110.9328125,32.2209375,0 -110.9296875,32.2209375,0 -110.9296875,32.222812499999996,0 -110.9328125,32.222812499999996,0 -110.9328125,32.2209375,0</coordinates></LinearRing></outerBoundaryIs></Polygon>
      </Placemark>
      <Placemark>
        <name>Patch (7,1)</name>
        <styleUrl>#newPatchStyle</styleUrl>
        <Polygon><outerBoundaryIs><LinearRing><coordinates>-110.9296875,32.2209375,0 -110.9265625,32.2209375,0 -110.9265625,32.222812499999996,0 -110.9296875,32.222812499999996,0 -110.9296875,32.2209375,0</coordinates></LinearRing></outerBoundaryIs></Polygon>
      </Placemark>
      <Placemark>
        <name>Patch (8,1)</name>
        <styleUrl>#newPatchStyle</styleUrl>
        <Polygon><outerBoundaryIs><LinearRing><coordinates>-110.9265625,32.2209375,0 -110.9234375,32.2209375,0 -110.9234375,32.222812499999996,0 -110.9265625,32.222812499999996,0 -110.9265625,32.2209375,0</coordinates></LinearRing></outerBoundaryIs></Polygon>
      </Placemark>
      <Placemark>
        <name>Patch (9,1)</name>
        <styleUrl>#newPatchStyle</styleUrl>
        <Polygon><outerBoundaryIs><LinearRing><coordinates>-110.9234375,32.2209375,0 -110.92031250000001,32.2209375,0 -110.92031250000001,32.222812499999996,0 -110.9234375,32.222812499999996,0 -110.9234375,32.2209375,0</coordinates></LinearRing></outerBoundaryIs></Polygon>
      </Placemark>
      <Placemark>
        <name>Patch (10,1)</name>
        <styleUrl>#newPatchStyle</styleUrl>
        <Polygon><outerBoundaryIs><LinearRing><coordinates>-110.92031250000001,32.2209375,0 -110.91718750000001,32.2209375,0 -110.91718750000001,32.222812499999996,0 -110.92031250000001,32.222812499999996,0 -110.92031250000001,32.2209375,0</coordinates></LinearRing></outerBoundaryIs></Polygon>
      </Placemark>
      <Placemark>
        <name>Patch (11,1)</name>
        <styleUrl>#newPatchStyle</styleUrl>
        <Polygon><outerBoundaryIs><LinearRing><coordinates>-110.91718750000001,32.2209375,0 -110.9140625,32.2209375,0 -110.9140625,32.222812499999996,0 -110.91718750000001,32.222812499999996,0 -110.91718750000001,32.2209375,0</coordinates></LinearRing></outerBoundaryIs></Polygon>
      </Placemark>
      <Placemark>
        <name>Patch (12,1)</name>
        <styleUrl>#newPatchStyle</styleUrl>
        <Polygon><outerBoundaryIs><LinearRing><coordinates>-110.9140625,32.2209375,0 -110.9109375,32.2209375,0 -110.9109375,32.222812499999996,0 -110.9140625,32.222812499999996,0 -110.9140625,32.2209375,0</coordinates></LinearRing></outerBoundaryIs></Polygon>
      </Placemark>
      <Placemark>
        <name>Patch (13,1)</name>
        <styleUrl>#wastePatchStyle</styleUrl>
        <Polygon><outerBoundaryIs><LinearRing><coordinates>-110.9109375,32.2209375,0 -110.9078125,32.2209375,0 -110.9078125,32.222812499999996,0 -110.9109375,32.222812499999996,0 -110.9109375,32.2209375,0</coordinates></LinearRing></outerBoundaryIs></Polygon>
      </Placemark>
      <Placemark>
        <name>Patch (14,1)</name>
        <styleUrl>#newPatchStyle</styleUrl>
        <Polygon><outerBoundaryIs><LinearRing><coordinates>-110.9078125,32.2209375,0 -110.90468750000001,32.2209375,0 -110.90468750000001,32.222812499999996,0 -110.9078125,32.222812499999996,0 -110.9078125,32.2209375,0</coordinates></LinearRing></outerBoundaryIs></Polygon>
      </Placemark>
      <Placemark>
        <name>Patch (15,1)</name>
        <styleUrl>#newPatchStyle</styleUrl>
        <Polygon><outerBoundaryIs><LinearRing><coordinates>-110.90468750000001,32.2209375,0 -110.90156250000001,32.2209375,0 -110.90156250000001,32.222812499999996,0 -110.90468750000001,32.222812499999996,0 -110.90468750000001,32.2209375,0</coordinates></LinearRing></outerBoundaryIs></Polygon>
      </Placemark>
      <Placemark>
        <name>Patch (16,1)</name>
        <styleUrl>#wastePatchStyle</styleUrl>
        <Polygon><outerBoundaryIs><LinearRing><coordinates>-110.90156250000001,32.2209375,0 -110.8984375,32.2209375,0 -110.8984375,32.222812499999996,0 -110.90156250000001,32.222812499999996,0 -110.90156250000001,32.2209375,0</coordinates></LinearRing></outerBoundaryIs></Polygon>
      </Placemark>
      <Placemark>
        <name>Patch (-16,2)</name>
        <styleUrl>#newPatchStyle</styleUrl>
        <Polygon><outerBoundaryIs><LinearRing><coordinates>-111.0015625,32.222812499999996,0 -110.9984375,32.222812499999996,0 -110.9984375,32.2246875,0 -111.0015625,32.2246875,0 -111.0015625,32.222812499999996,0</coordinates></LinearRing></outerBoundaryIs></Polygon>
      </Placemark>
      <Placemark>
        <name>Patch (-15,2)</name>
        <styleUrl>#newPatchStyle</styleUrl>
        <Polygon><outerBoundaryIs><LinearRing><coordinates>-110.9984375,32.222812499999996,0 -110.9953125,32.222812499999996,0 -110.9953125,32.2246875,0 -110.9984375,32.2246875,0 -110.9984375,32.222812499999996,0</coordinates></LinearRing></outerBoundaryIs></Polygon>
      </Placemark>
      <Placemark>
        <name>Patch (-14,2)</name>
        <styleUrl>#newPatchStyle</styleUrl>
        <Polygon><outerBoundaryIs><LinearRing><coordinates>-110.9953125,32.222812499999996,0 -110.9921875,32.222812499999996,0 -110.9921875,32.2246875,0 -110.9953125,32.2246875,0 -110.9953125,32.222812499999996,0</coordinates></LinearRing></outerBoundaryIs></Polygon>
      </Placemark>
      <Placemark>
        <name>Patch (-13,2)</name>
        <styleUrl>#newPatchStyle</styleUrl>
        <Polygon><outerBoundaryIs><LinearRing><coordinates>-110.9921875,32.222812499999996,0 -110.9890625,32.222812499999996,0 -110.9890625,32.2246875,0 -110.9921875,32.2246875,0 -110.9921875,32.222812499999996,0</coordinates></LinearRing></outerBoundaryIs></Polygon>
      </Placemark>
      <Placemark>
        <name>Patch (-12,2)</name>
        <styleUrl>#newPatchStyle</styleUrl>
        <Polygon><outerBoundaryIs><LinearRing><coordinates>-110.9890625,32.222812499999996,0 -110.9859375,32.222812499999996,0 -110.9859375,32.2246875,0 -110.9890625,32.2246875,0 -110.9890625,32.222812499999996,0</coordinates></LinearRing></outerBoundaryIs></Polygon>
      </Placemark>
      <Placemark>
        <name>Patch (-11,2)</name>
        <styleUrl>#newPatchStyle</styleUrl>
        <Polygon><outerBoundaryIs><LinearRing><coordinates>-110.9859375,32.222812499999996,0 -110.9828125,32.222812499999996,0 -110.9828125,32.2246875,0 -110.9859375,32.2246875,0 -110.9859375,32.222812499999996,0</coordinates></LinearRing></outerBoundaryIs></Polygon>
      </Placemark>
      <Placemark>
        <name>Patch (-10,2)</name>
        <styleUrl>#newPatchStyle</styleUrl>
        <Polygon><outerBoundaryIs><LinearRing><coordinates>-110.9828125,32.222812499999996,0 -110.9796875,32.222812499999996,0 -110.9796875,32.2246875,0 -110.9828125,32.2246875,0 -110.9828125,32.222812499999996,0</coordinates></LinearRing></outerBoundaryIs></Polygon>
      </Placemark>
      <Placemark>
        <name>Patch (-9,2)</name>
        <styleUrl>#wastePatchStyle</styleUrl>
        <Polygon><outerBoundaryIs><LinearRing><coordinates>-110.9796875,32.222812499999996,0 -110.9765625,32.222812499999996,0 -110.9765625,32.2246875,0 -110.9796875,32.2246875,0 -110.9796875,32.222812499999996,0</coordinates></LinearRing></outerBoundaryIs></Polygon>
      </Placemark>
      <Placemark>
        <name>Patch (-8,2)</name>
        <styleUrl>#newPatchStyle</styleUrl>
        <Polygon><outerBoundaryIs><LinearRing><coordinates>-110.9765625,32.222812499999996,0 -110.9734375,32.222812499999996,0 -110.9734375,32.2246875,0 -110.9765625,32.2246875,0 -110.9765625,32.222812499999996,0</coordinates></LinearRing></outerBoundaryIs></Polygon>
      </Placemark>
      <Placemark>
        <name>Patch (-7,2)</name>
        <styleUrl>#wastePatchStyle</styleUrl>
        <Polygon><outerBoundaryIs><LinearRing><coordinates>-110.9734375,32.222812499999996,0 -110.9703125,32.222812499999996,0 -110.9703125,32.2246875,0 -110.9734375,32.2246875,0 -110.9734375,32.222812499999996,0</coordinates></LinearRing></outerBoundaryIs></Polygon>
      </Placemark>
      <Placemark>
        <name>Patch (-6,2)</name>
        <styleUrl>#newPatchStyle</styleUrl>
        <Polygon><outerBoundaryIs><LinearRing><coordinates>-110.9703125,32.222812499999996,0 -110.96718750000001,32.222812499999996,0 -110.96718750000001,32.2246875,0 -110.9703125,32.2246875,0 -110.9703125,32.222812499999996,0</coordinates></LinearRing></outerBoundaryIs></Polygon>
      </Placemark>
      <Placemark>
        <name>Patch (-5,2)</name>
        <styleUrl>#newPatchStyle</styleUrl>
        <Polygon><outerBoundaryIs><LinearRing><coordinates>-110.96718750000001,32.222812499999996,0 -110.9640625,32.222812499999996,0 -110.9640625,32.2246875,0 -110.96718750000001,32.2246875,0 -110.96718750000001,32.222812499999996,0</coordinates></LinearRing></outerBoundaryIs></Polygon>
      </Placemark>
      <Placemark>
        <name>Patch (-4,2)</name>
        <styleUrl>#recycledPatchStyle</styleUrl>
        <Polygon><outerBoundaryIs><LinearRing><coordinates>-110.9640625,32.222812499999996,0 -110.9609375,32.222812499999996,0 -110.9609375,32.2246875,0 -110.9640625,32.2246875,0 -110.9640625,32.222812499999996,0</coordinates></LinearRing></outerBoundaryIs></Polygon>
      </Placemark>
      <Placemark>
        <name>Patch (-3,2)</name>
        <styleUrl>#newPatchStyle</styleUrl>
        <Polygon><outerBoundaryIs><LinearRing><coordinates>-110.9609375,32.222812499999996,0 -110.9578125,32.222812499999996,0 -110.9578125,32.2246875,0 -110.9609375,32.2246875,0 -110.9609375,32.222812499999996,0</coordinates></LinearRing></outerBoundaryIs></Polygon>
      </Placemark>
      <Placemark>
        <name>Patch (-2,2)</name>
        <styleUrl>#wastePatchStyle</styleUrl>
        <Polygon><outerBoundaryIs><LinearRing><coordinates>-110.9578125,32.222812499999996,0 -110.9546875,32.222812499999996,0 -110.9546875,32.2246875,0 -110.9578125,32.2246875,0 -110.9578125,32.222812499999996,0</coordinates></LinearRing></outerBoundaryIs></Polygon>
      </Placemark>
      <Placemark>
        <name>Patch (-1,2)</name>
        <styleUrl>#wastePatchStyle</styleUrl>
        <Polygon><outerBoundaryIs><LinearRing><coordinates>-110.9546875,32.222812499999996,0 -110.95156250000001,32.222812499999996,0 -110.95156250000001,32.2246875,0 -110.9546875,32.2246875,0 -110.9546875,32.222812499999996,0</coordinates></LinearRing></outerBoundaryIs></Polygon>
      </Placemark>
      <Placemark>
        <name>Patch (0,2)</name>
        <styleUrl>#wastePatchStyle</styleUrl>
        <Polygon><outerBoundaryIs><LinearRing><coordinates>-110.95156250000001,32.222812499999996,0 -110.9484375,32.222812499999996,0 -110.9484375,32.2246875,0 -110.95156250000001,32.2246875,0 -110.95156250000001,32.222812499999996,0</coordinates></LinearRing></outerBoundaryIs></Polygon>
      </Placemark>
      <Placemark>
        <name>Patch (1,2)</name>
        <styleUrl>#recycledPatchStyle</styleUrl>
        <Polygon><outerBoundaryIs><LinearRing><coordinates>-110.9484375,32.222812499999996,0 -110.9453125,32.222812499999996,0 -110.9453125,32.2246875,0 -110.9484375,32.2246875,0 -110.9484375,32.222812499999996,0</coordinates></LinearRing></outerBoundaryIs></Polygon>
      </Placemark>
      <Placemark>
        <name>Patch (2,2)</name>
        <styleUrl>#wastePatchStyle</styleUrl>
        <Polygon><outerBoundaryIs><LinearRing><coordinates>-110.9453125,32.222812499999996,0 -110.9421875,32.222812499999996,0 -110.9421875,32.2246875,0 -110.9453125,32.2246875,0 -110.9453125,32.222812499999996,0</coordinates></LinearRing></outerBoundaryIs></Polygon>
      </Placemark>
      <Placemark>
        <name>Patch (3,2)</name>
        <styleUrl>#newPatchStyle</styleUrl>
        <Polygon><outerBoundaryIs><LinearRing><coordinates>-110.9421875,32.222812499999996,0 -110.9390625,32.222812499999996,0 -110.9390625,32.2246875,0 -110.9421875,32.2246875,0 -110.9421875,32.222812499999996,0</coordinates></LinearRing></outerBoundaryIs></Polygon>
      </Placemark>
      <Placemark>
        <name>Patch (4,2)</name>
        <styleUrl>#newPatchStyle</styleUrl>
        <Polygon><outerBoundaryIs><LinearRing><coordinates>-110.9390625,32.222812499999996,0 -110.93593750000001,32.222812499999996,0 -110.93593750000001,32.2246875,0 -110.9390625,32.2246875,0 -110.9390625,32.222812499999996,0</coordinates></LinearRing></outerBoundaryIs></Polygon>
      </Placemark>
      <Placemark>
        <name>Patch (5,2)</name>
        <styleUrl>#wastePatchStyle</styleUrl>
        <Polygon><outerBoundaryIs><LinearRing><coordinates>-110.93593750000001,32.222812499999996,0 -110.9328125,32.222812499999996,0 -110.9328125,32.2246875,0 -110.93593750000001,32.2246875,0 -110.93593750000001,32.222812499999996,0</coordinates></LinearRing></outerBoundaryIs></Polygon>
      </Placemark>
      <Placemark>
        <name>Patch (6,2)</name>
        <styleUrl>#newPatchStyle</styleUrl>
        <Polygon><outerBoundaryIs><LinearRing><coordinates>-110.9328125,32.222812499999996,0 -110.9296875,32.222812499999996,0 -110.9296875,32.2246875,0 -110.9328125,32.2246875,0 -110.9328125,32.222812499999996,0</coordinates></LinearRing></outerBoundaryIs></Polygon>
      </Placemark>
      <Placemark>
        <name>Patch (7,2)</name>
        <styleUrl>#wastePatchStyle</styleUrl>
        <Polygon><outerBoundaryIs><LinearRing><coordinates>-110.9296875,32.222812499999996,0 -110.9265625,32.222812499999996,0 -110.9265625,32.2246875,0 -110.9296875,32.2246875,0 -110.9296875,32.222812499999996,0</coordinates></LinearRing></outerBoundaryIs></Polygon>
      </Placemark>
      <Placemark>
        <name>Patch (8,2)</name>
        <styleUrl>#wastePatchStyle</styleUrl>
        <Polygon><outerBoundaryIs><LinearRing><coordinates>-110.9265625,32.222812499999996,0 -110.9234375,32.222812499999996,0 -110.9234375,32.2246875,0 -110.9265625,32.2246875,0 -110.9265625,32.222812499999996,0</coordinates></LinearRing></outerBoundaryIs></Polygon>
      </Placemark>
      <Placemark>
        <name>Patch (9,2)</name>
        <styleUrl>#wastePatchStyle</styleUrl>
        <Polygon><outerBoundaryIs><LinearRing><coordinates>-110.9234375,32.222812499999996,0 -110.92031250000001,32.222812499999996,0 -110.92031250000001,32.2246875,0 -110.9234375,32.2246875,0 -110.9234375,32.222812499999996,0</coordinates></LinearRing></outerBoundaryIs></Polygon>
      </Placemark>
      <Placemark>
        <name>Patch (10,2)</name>
        <styleUrl>#wastePatchStyle</styleUrl>
        <Polygon><outerBoundaryIs><LinearRing><coordinates>-110.92031250000001,32.222812499999996,0 -110.91718750000001,32.222812499999996,0 -110.91718750000001,32.2246875,0 -110.92031250000001,32.2246875,0 -110.92031250000001,32.222812499999996,0</coordinates></LinearRing></outerBoundaryIs></Polygon>
      </Placemark>
      <Placemark>
        <name>Patch (11,2)</name>
        <styleUrl>#newPatchStyle</styleUrl>
        <Polygon><outerBoundaryIs><LinearRing><coordinates>-110.91718750000001,32.222812499999996,0 -110.9140625,32.222812499999996,0 -110.9140625,32.2246875,0 -110.91718750000001,32.2246875,0 -110.91718750000001,32.222812499999996,0</coordinates></LinearRing></outerBoundaryIs></Polygon>
      </Placemark>
      <Placemark>
        <name>Patch (12,2)</name>
        <styleUrl>#newPatchStyle</styleUrl>
        <Polygon><outerBoundaryIs><LinearRing><coordinates>-110.9140625,32.222812499999996,0 -110.9109375,32.222812499999996,0 -110.9109375,32.2246875,0 -110.9140625,32.2246875,0 -110.9140625,32.222812499999996,0</coordinates></LinearRing></outerBoundaryIs></Polygon>
      </Placemark>
      <Placemark>
        <name>Patch (13,2)</name>
        <styleUrl>#wastePatchStyle</styleUrl>
        <Polygon><outerBoundaryIs><LinearRing><coordinates>-110.9109375,32.222812499999996,0 -110.9078125,32.222812499999996,0 -110.9078125,32.2246875,0 -110.9109375,32.2246875,0 -110.9109375,32.222812499999996,0</coordinates></LinearRing></outerBoundaryIs></Polygon>
      </Placemark>
      <Placemark>
        <name>Patch (14,2)</name>
        <styleUrl>#newPatchStyle</styleUrl>
        <Polygon><outerBoundaryIs><LinearRing><coordinates>-110.9078125,32.222812499999996,0 -110.90468750000001,32.222812499999996,0 -110.90468750000001,32.2246875,0 -110.9078125,32.2246875,0 -110.9078125,32.222812499999996,0</coordinates></LinearRing></outerBoundaryIs></Polygon>
      </Placemark>
      <Placemark>
        <name>Patch (15,2)</name>
        <styleUrl>#newPatchStyle</styleUrl>
        <Polygon><outerBoundaryIs><LinearRing><coordinates>-110.90468750000001,32.222812499999996,0 -110.90156250000001,32.222812499999996,0 -110.90156250000001,32.2246875,0 -110.90468750000001,32.2246875,0 -110.90468750000001,32.222812499999996,0</coordinates></LinearRing></outerBoundaryIs></Polygon>
      </Placemark>
      <Placemark>
        <name>Patch (16,2)</name>
        <styleUrl>#newPatchStyle</styleUrl>
        <Polygon><outerBoundaryIs><LinearRing><coordinates>-110.90156250000001,32.222812499999996,0 -110.8984375,32.222812499999996,0 -110.8984375,32.2246875,0 -110.90156250000001,32.2246875,0 -110.90156250000001,32.222812499999996,0</coordinates></LinearRing></outerBoundaryIs></Polygon>
      </Placemark>
      <Placemark>
        <name>Patch (-16,3)</name>
        <styleUrl>#newPatchStyle</styleUrl>
        <Polygon><outerBoundaryIs><LinearRing><coordinates>-111.0015625,32.2246875,0 -110.9984375,32.2246875,0 -110.9984375,32.2265625,0 -111.0015625,32.2265625,0 -111.0015625,32.2246875,0</coordinates></LinearRing></outerBoundaryIs></Polygon>
      </Placemark>
      <Placemark>
        <name>Patch (-15,3)</name>
        <styleUrl>#newPatchStyle</styleUrl>
        <Polygon><outerBoundaryIs><LinearRing><coordinates>-110.9984375,32.2246875,0 -110.9953125,32.2246875,0 -110.9953125,32.2265625,0 -110.9984375,32.2265625,0 -110.9984375,32.2246875,0</coordinates></LinearRing></outerBoundaryIs></Polygon>
      </Placemark>
      <Placemark>
        <name>Patch (-14,3)</name>
        <styleUrl>#newPatchStyle</styleUrl>
        <Polygon><outerBoundaryIs><LinearRing><coordinates>-110.9953125,32.2246875,0 -110.9921875,32.2246875,0 -110.9921875,32.2265625,0 -110.9953125,32.2265625,0 -110.9953125,32.2246875,0</coordinates></LinearRing></outerBoundaryIs></Polygon>
      </Placemark>
      <Placemark>
        <name>Patch (-13,3)</name>
        <styleUrl>#newPatchStyle</styleUrl>
        <Polygon><outerBoundaryIs><LinearRing><coordinates>-110.9921875,32.2246875,0 -110.9890625,32.2246875,0 -110.9890625,32.2265625,0 -110.9921875,32.2265625,0 -110.9921875,32.2246875,0</coordinates></LinearRing></outerBoundaryIs></Polygon>
      </Placemark>
      <Placemark>
        <name>Patch (-12,3)</name>
        <styleUrl>#newPatchStyle</styleUrl>
        <Polygon><outerBoundaryIs><LinearRing><coordinates>-110.9890625,32.2246875,0 -110.9859375,32.2246875,0 -110.9859375,32.2265625,0 -110.9890625,32.2265625,0 -110.9890625,32.2246875,0</coordinates></LinearRing></outerBoundaryIs></Polygon>
      </Placemark>
      <Placemark>
        <name>Patch (-11,3)</name>
        <styleUrl>#newPatchStyle</styleUrl>
        <Polygon><outerBoundaryIs><LinearRing><coordinates>-110.9859375,32.2246875,0 -110.9828125,32.2246875,0 -110.9828125,32.2265625,0 -110.9859375,32.2265625,0 -110.9859375,32.2246875,0</coordinates></LinearRing></outerBoundaryIs></Polygon>
      </Placemark>
      <Placemark>
        <name>Patch (-10,3)</name>
        <styleUrl>#newPatchStyle</styleUrl>
        <Polygon><outerBoundaryIs><LinearRing><coordinates>-110.9828125,32.2246875,0 -110.9796875,32.2246875,0 -110.9796875,32.2265625,0 -110.9828125,32.2265625,0 -110.9828125,32.2246875,0</coordinates></LinearRing></outerBoundaryIs></Polygon>
      </Placemark>
      <Placemark>
        <name>Patch (-9,3)</name>
        <styleUrl>#newPatchStyle</styleUrl>
        <Polygon><outerBoundaryIs><LinearRing><coordinates>-110.9796875,32.2246875,0 -110.9765625,32.2246875,0 -110.9765625,32.2265625,0 -110.9796875,32.2265625,0 -110.9796875,32.2246875,0</coordinates></LinearRing></outerBoundaryIs></Polygon>
      </Placemark>
      <Placemark>
        <name>Patch (-8,3)</name>
        <styleUrl>#newPatchStyle</styleUrl>
        <Polygon><outerBoundaryIs><LinearRing><coordinates>-110.9765625,32.2246875,0 -110.9734375,32.2246875,0 -110.9734375,32.2265625,0 -110.9765625,32.2265625,0 -110.9765625,32.2246875,0</coordinates></LinearRing></outerBoundaryIs></Polygon>
      </Placemark>
      <Placemark>
        <name>Patch (-7,3)</name>
        <styleUrl>#newPatchStyle</styleUrl>
        <Polygon><outerBoundaryIs><LinearRing><coordinates>-110.9734375,32.2246875,0 -110.9703125,32.2246875,0 -110.9703125,32.2265625,0 -110.9734375,32.2265625,0 -110.9734375,32.2246875,0</coordinates></LinearRing></outerBoundaryIs></Polygon>
      </Placemark>
      <Placemark>
        <name>Patch (-6,3)</name>
        <styleUrl>#newPatchStyle</styleUrl>
        <Polygon><outerBoundaryIs><LinearRing><coordinates>-110.9703125,32.2246875,0 -110.96718750000001,32.2246875,0 -110.96718750000001,32.2265625,0 -110.9703125,32.2265625,0 -110.9703125,32.2246875,0</coordinates></LinearRing></outerBoundaryIs></Polygon>
      </Placemark>
      <Placemark>
        <name>Patch (-5,3)</name>
        <styleUrl>#newPatchStyle</styleUrl>
        <Polygon><outerBoundaryIs><LinearRing><coordinates>-110.96718750000001,32.2246875,0 -110.9640625,32.2246875,0 -110.9640625,32.2265625,0 -110.96718750000001,32.2265625,0 -110.96718750000001,32.2246875,0</coordinates></LinearRing></outerBoundaryIs></Polygon>
      </Placemark>
      <Placemark>
        <name>Patch (-4,3)</name>
        <styleUrl>#newPatchStyle</styleUrl>
        <Polygon><outerBoundaryIs><LinearRing><coordinates>-110.9640625,32.2246875,0 -110.9609375,32.2246875,0 -110.9609375,32.2265625,0 -110.9640625,32.2265625,0 -110.9640625,32.2246875,0</coordinates></LinearRing></outerBoundaryIs></Polygon>
      </Placemark>
      <Placemark>
        <name>Patch (-3,3)</name>
        <styleUrl>#recycledPatchStyle</styleUrl>
        <Polygon><outerBoundaryIs><LinearRing><coordinates>-110.9609375,32.2246875,0 -110.9578125,32.2246875,0 -110.9578125,32.2265625,0 -110.9609375,32.2265625,0 -110.9609375,32.2246875,0</coordinates></LinearRing></outerBoundaryIs></Polygon>
      </Placemark>
      <Placemark>
        <name>Patch (-2,3)</name>
        <styleUrl>#wastePatchStyle</styleUrl>
        <Polygon><outerBoundaryIs><LinearRing><coordinates>-110.9578125,32.2246875,0 -110.9546875,32.2246875,0 -110.9546875,32.2265625,0 -110.9578125,32.2265625,0 -110.9578125,32.2246875,0</coordinates></LinearRing></outerBoundaryIs></Polygon>
      </Placemark>
      <Placemark>
        <name>Patch (-1,3)</name>
        <styleUrl>#wastePatchStyle</styleUrl>
        <Polygon><outerBoundaryIs><LinearRing><coordinates>-110.9546875,32.2246875,0 -110.95156250000001,32.2246875,0 -110.95156250000001,32.2265625,0 -110.9546875,32.2265625,0 -110.9546875,32.2246875,0</coordinates></LinearRing></outerBoundaryIs></Polygon>
      </Placemark>
      <Placemark>
        <name>Patch (0,3)</name>
        <styleUrl>#wastePatchStyle</styleUrl>
        <Polygon><outerBoundaryIs><LinearRing><coordinates>-110.95156250000001,32.2246875,0 -110.9484375,32.2246875,0 -110.9484375,32.2265625,0 -110.95156250000001,32.2265625,0 -110.95156250000001,32.2246875,0</coordinates></LinearRing></outerBoundaryIs></Polygon>
      </Placemark>
      <Placemark>
        <name>Patch (1,3)</name>
        <styleUrl>#wastePatchStyle</styleUrl>
        <Polygon><outerBoundaryIs><LinearRing><coordinates>-110.9484375,32.2246875,0 -110.9453125,32.2246875,0 -110.9453125,32.2265625,0 -110.9484375,32.2265625,0 -110.9484375,32.2246875,0</coordinates></LinearRing></outerBoundaryIs></Polygon>
      </Placemark>
      <Placemark>
        <name>Patch (2,3)</name>
        <styleUrl>#wastePatchStyle</styleUrl>
        <Polygon><outerBoundaryIs><LinearRing><coordinates>-110.9453125,32.2246875,0 -110.9421875,32.2246875,0 -110.9421875,32.2265625,0 -110.9453125,32.2265625,0 -110.9453125,32.2246875,0</coordinates></LinearRing></outerBoundaryIs></Polygon>
      </Placemark>
      <Placemark>
        <name>Patch (3,3)</name>
        <styleUrl>#newPatchStyle</styleUrl>
        <Polygon><outerBoundaryIs><LinearRing><coordinates>-110.9421875,32.2246875,0 -110.9390625,32.2246875,0 -110.9390625,32.2265625,0 -110.9421875,32.2265625,0 -110.9421875,32.2246875,0</coordinates></LinearRing></outerBoundaryIs></Polygon>
      </Placemark>
      <Placemark>
        <name>Patch (4,3)</name>
        <styleUrl>#newPatchStyle</styleUrl>
        <Polygon><outerBoundaryIs><LinearRing><coordinates>-110.9390625,32.2246875,0 -110.93593750000001,32.2246875,0 -110.93593750000001,32.2265625,0 -110.9390625,32.2265625,0 -110.9390625,32.2246875,0</coordinates></LinearRing></outerBoundaryIs></Polygon>
      </Placemark>
      <Placemark>
        <name>Patch (5,3)</name>
        <styleUrl>#wastePatchStyle</styleUrl>
        <Polygon><outerBoundaryIs><LinearRing><coordinates>-110.93593750000001,32.2246875,0 -110.9328125,32.2246875,0 -110.9328125,32.2265625,0 -110.93593750000001,32.2265625,0 -110.93593750000001,32.2246875,0</coordinates></LinearRing></outerBoundaryIs></Polygon>
      </Placemark>
      <Placemark>
        <name>Patch (6,3)</name>
        <styleUrl>#wastePatchStyle</styleUrl>
        <Polygon><outerBoundaryIs><LinearRing><coordinates>-110.9328125,32.2246875,0 -110.9296875,32.2246875,0 -110.9296875,32.2265625,0 -110.9328125,32.2265625,0 -110.9328125,32.2246875,0</coordinates></LinearRing></outerBoundaryIs></Polygon>
      </Placemark>
      <Placemark>
        <name>Patch (7,3)</name>
        <styleUrl>#newPatchStyle</styleUrl>
        <Polygon><outerBoundaryIs><LinearRing><coordinates>-110.9296875,32.2246875,0 -110.9265625,32.2246875,0 -110.9265625,32.2265625,0 -110.9296875,32.2265625,0 -110.9296875,32.2246875,0</coordinates></LinearRing></outerBoundaryIs></Polygon>
      </Placemark>
      <Placemark>
        <name>Patch (8,3)</name>
        <styleUrl>#newPatchStyle</styleUrl>
        <Polygon><outerBoundaryIs><LinearRing><coordinates>-110.9265625,32.2246875,0 -110.9234375,32.2246875,0 -110.9234375,32.2265625,0 -110.9265625,32.2265625,0 -110.9265625,32.2246875,0</coordinates></LinearRing></outerBoundaryIs></Polygon>
      </Placemark>
      <Placemark>
        <name>Patch (9,3)</name>
        <styleUrl>#wastePatchStyle</styleUrl>
        <Polygon><outerBoundaryIs><LinearRing><coordinates>-110.9234375,32.2246875,0 -110.92031250000001,32.2246875,0 -110.92031250000001,32.2265625,0 -110.9234375,32.2265625,0 -110.9234375,32.2246875,0</coordinates></LinearRing></outerBoundaryIs></Polygon>
      </Placemark>
      <Placemark>
        <name>Patch (10,3)</name>
        <styleUrl>#newPatchStyle</styleUrl>
        <Polygon><outerBoundaryIs><LinearRing><coordinates>-110.92031250000001,32.2246875,0 -110.91718750000001,32.2246875,0 -110.91718750000001,32.2265625,0 -110.92031250000001,32.2265625,0 -110.92031250000001,32.2246875,0</coordinates></LinearRing></outerBoundaryIs></Polygon>
      </Placemark>
      <Placemark>
        <name>Patch (11,3)</name>
        <styleUrl>#newPatchStyle</styleUrl>
        <Polygon><outerBoundaryIs><LinearRing><coordinates>-110.91718750000001,32.2246875,0 -110.9140625,32.2246875,0 -110.9140625,32.2265625,0 -110.91718750000001,32.2265625,0 -110.91718750000001,32.2246875,0</coordinates></LinearRing></outerBoundaryIs></Polygon>
      </Placemark>
      <Placemark>
        <name>Patch (12,3)</name>
        <styleUrl>#newPatchStyle</styleUrl>
        <Polygon><outerBoundaryIs><LinearRing><coordinates>-110.9140625,32.2246875,0 -110.9109375,32.2246875,0 -110.9109375,32.2265625,0 -110.9140625,32.2265625,0 -110.9140625,32.2246875,0</coordinates></LinearRing></outerBoundaryIs></Polygon>
      </Placemark>
      <Placemark>
        <name>Patch (13,3)</name>
        <styleUrl>#newPatchStyle</styleUrl>
        <Polygon><outerBoundaryIs><LinearRing><coordinates>-110.9109375,32.2246875,0 -110.9078125,32.2246875,0 -110.9078125,32.2265625,0 -110.9109375,32.2265625,0 -110.9109375,32.2246875,0</coordinates></LinearRing></outerBoundaryIs></Polygon>
      </Placemark>
      <Placemark>
        <name>Patch (14,3)</name>
        <styleUrl>#newPatchStyle</styleUrl>
        <Polygon><outerBoundaryIs><LinearRing><coordinates>-110.9078125,32.2246875,0 -110.90468750000001,32.2246875,0 -110.90468750000001,32.2265625,0 -110.9078125,32.2265625,0 -110.9078125,32.2246875,0</coordinates></LinearRing></outerBoundaryIs></Polygon>
      </Placemark>
      <Placemark>
        <name>Patch (15,3)</name>
        <styleUrl>#wastePatchStyle</styleUrl>
        <Polygon><outerBoundaryIs><LinearRing><coordinates>-110.90468750000001,32.2246875,0 -110.90156250000001,32.2246875,0 -110.90156250000001,32.2265625,0 -110.90468750000001,32.2265625,0 -110.90468750000001,32.2246875,0</coordinates></LinearRing></outerBoundaryIs></Polygon>
      </Placemark>
      <Placemark>
        <name>Patch (16,3)</name>
        <styleUrl>#newPatchStyle</styleUrl>
        <Polygon><outerBoundaryIs><LinearRing><coordinates>-110.90156250000001,32.2246875,0 -110.8984375,32.2246875,0 -110.8984375,32.2265625,0 -110.90156250000001,32.2265625,0 -110.90156250000001,32.2246875,0</coordinates></LinearRing></outerBoundaryIs></Polygon>
      </Placemark>
      <Placemark>
        <name>Patch (-16,4)</name>
        <styleUrl>#newPatchStyle</styleUrl>
        <Polygon><outerBoundaryIs><LinearRing><coordinates>-111.0015625,32.2265625,0 -110.9984375,32.2265625,0 -110.9984375,32.2284375,0 -111.0015625,32.2284375,0 -111.0015625,32.2265625,0</coordinates></LinearRing></outerBoundaryIs></Polygon>
      </Placemark>
      <Placemark>
        <name>Patch (-15,4)</name>
        <styleUrl>#newPatchStyle</styleUrl>
        <Polygon><outerBoundaryIs><LinearRing><coordinates>-110.9984375,32.2265625,0 -110.9953125,32.2265625,0 -110.9953125,32.2284375,0 -110.9984375,32.2284375,0 -110.9984375,32.2265625,0</coordinates></LinearRing></outerBoundaryIs></Polygon>
      </Placemark>
      <Placemark>
        <name>Patch (-14,4)</name>
        <styleUrl>#newPatchStyle</styleUrl>
        <Polygon><outerBoundaryIs><LinearRing><coordinates>-110.9953125,32.2265625,0 -110.9921875,32.2265625,0 -110.9921875,32.2284375,0 -110.9953125,32.2284375,0 -110.9953125,32.2265625,0</coordinates></LinearRing></outerBoundaryIs></Polygon>
      </Placemark>
      <Placemark>
        <name>Patch (-13,4)</name>
        <styleUrl>#newPatchStyle</styleUrl>
        <Polygon><outerBoundaryIs><LinearRing><coordinates>-110.9921875,32.2265625,0 -110.9890625,32.2265625,0 -110.9890625,32.2284375,0 -110.9921875,32.2284375,0 -110.9921875,32.2265625,0</coordinates></LinearRing></outerBoundaryIs></Polygon>
      </Placemark>
      <Placemark>
        <name>Patch (-12,4)</name>
        <styleUrl>#newPatchStyle</styleUrl>
        <Polygon><outerBoundaryIs><LinearRing><coordinates>-110.9890625,32.2265625,0 -110.9859375,32.2265625,0 -110.9859375,32.2284375,0 -110.9890625,32.2284375,0 -110.9890625,32.2265625,0</coordinates></LinearRing></outerBoundaryIs></Polygon>
      </Placemark>
      <Placemark>
        <name>Patch (-11,4)</name>
        <styleUrl>#newPatchStyle</styleUrl>
        <Polygon><outerBoundaryIs><LinearRing><coordinates>-110.9859375,32.2265625,0 -110.9828125,32.2265625,0 -110.9828125,32.2284375,0 -110.9859375,32.2284375,0 -110.9859375,32.2265625,0</coordinates></LinearRing></outerBoundaryIs></Polygon>
      </Placemark>
      <Placemark>
        <name>Patch (-10,4)</name>
        <styleUrl>#newPatchStyle</styleUrl>
        <Polygon><outerBoundaryIs><LinearRing><coordinates>-110.9828125,32.2265625,0 -110.9796875,32.2265625,0 -110.9796875,32.2284375,0 -110.9828125,32.2284375,0 -110.9828125,32.2265625,0</coordinates></LinearRing></outerBoundaryIs></Polygon>
      </Placemark>
      <Placemark>
        <name>Patch (-9,4)</name>
        <styleUrl>#newPatchStyle</styleUrl>
        <Polygon><outerBoundaryIs><LinearRing><coordinates>-110.9796875,32.2265625,0 -110.9765625,32.2265625,0 -110.9765625,32.2284375,0 -110.9796875,32.2284375,0 -110.9796875,32.2265625,0</coordinates></LinearRing></outerBoundaryIs></Polygon>
      </Placemark>
      <Placemark>
        <name>Patch (-8,4)</name>
        <styleUrl>#newPatchStyle</styleUrl>
        <Polygon><outerBoundaryIs><LinearRing><coordinates>-110.9765625,32.2265625,0 -110.9734375,32.2265625,0 -110.9734375,32.2284375,0 -110.9765625,32.2284375,0 -110.9765625,32.2265625,0</coordinates></LinearRing></outerBoundaryIs></Polygon>
      </Placemark>
      <Placemark>
        <name>Patch (-7,4)</name>
        <styleUrl>#newPatchStyle</styleUrl>
        <Polygon><outerBoundaryIs><LinearRing><coordinates>-110.9734375,32.2265625,0 -110.9703125,32.2265625,0 -110.9703125,32.2284375,0 -110.9734375,32.2284375,0 -110.9734375,32.2265625,0</coordinates></LinearRing></outerBoundaryIs></Polygon>
      </Placemark>
      <Placemark>
        <name>Patch (-6,4)</name>
        <styleUrl>#newPatchStyle</styleUrl>
        <Polygon><outerBoundaryIs><LinearRing><coordinates>-110.9703125,32.2265625,0 -110.96718750000001,32.2265625,0 -110.96718750000001,32.2284375,0 -110.9703125,32.2284375,0 -110.9703125,32.2265625,0</coordinates></LinearRing></outerBoundaryIs></Polygon>
      </Placemark>
      <Placemark>
        <name>Patch (-5,4)</name>
        <styleUrl>#newPatchStyle</styleUrl>
        <Polygon><outerBoundaryIs><LinearRing><coordinates>-110.96718750000001,32.2265625,0 -110.9640625,32.2265625,0 -110.9640625,32.2284375,0 -110.96718750000001,32.2284375,0 -110.96718750000001,32.2265625,0</coordinates></LinearRing></outerBoundaryIs></Polygon>
      </Placemark>
      <Placemark>
        <name>Patch (-4,4)</name>
        <styleUrl>#newPatchStyle</styleUrl>
        <Polygon><outerBoundaryIs><LinearRing><coordinates>-110.9640625,32.2265625,0 -110.9609375,32.2265625,0 -110.9609375,32.2284375,0 -110.9640625,32.2284375,0 -110.9640625,32.2265625,0</coordinates></LinearRing></outerBoundaryIs></Polygon>
      </Placemark>
      <Placemark>
        <name>Patch (-3,4)</name>
        <styleUrl>#recycledPatchStyle</styleUrl>
        <Polygon><outerBoundaryIs><LinearRing><coordinates>-110.9609375,32.2265625,0 -110.9578125,32.2265625,0 -110.9578125,32.2284375,0 -110.9609375,32.2284375,0 -110.9609375,32.2265625,0</coordinates></LinearRing></outerBoundaryIs></Polygon>
      </Placemark>
      <Placemark>
        <name>Patch (-2,4)</name>
        <styleUrl>#recycledPatchStyle</styleUrl>
        <Polygon><outerBoundaryIs><LinearRing><coordinates>-110.9578125,32.2265625,0 -110.9546875,32.2265625,0 -110.9546875,32.2284375,0 -110.9578125,32.2284375,0 -110.9578125,32.2265625,0</coordinates></LinearRing></outerBoundaryIs></Polygon>
      </Placemark>
      <Placemark>
        <name>Patch (-1,4)</name>
        <styleUrl>#recycledPatchStyle</styleUrl>
        <Polygon><outerBoundaryIs><LinearRing><coordinates>-110.9546875,32.2265625,0 -110.95156250000001,32.2265625,0 -110.95156250000001,32.2284375,0 -110.9546875,32.2284375,0 -110.9546875,32.2265625,0</coordinates></LinearRing></outerBoundaryIs></Polygon>
      </Placemark>
      <Placemark>
        <name>Patch (0,4)</name>
        <styleUrl>#wastePatchStyle</styleUrl>
        <Polygon><outerBoundaryIs><LinearRing><coordinates>-110.95156250000001,32.2265625,0 -110.9484375,32.2265625,0 -110.9484375,32.2284375,0 -110.95156250000001,32.2284375,0 -110.95156250000001,32.2265625,0</coordinates></LinearRing></outerBoundaryIs></Polygon>
      </Placemark>
      <Placemark>
        <name>Patch (1,4)</name>
        <styleUrl>#wastePatchStyle</styleUrl>
        <Polygon><outerBoundaryIs><LinearRing><coordinates>-110.9484375,32.2265625,0 -110.9453125,32.2265625,0 -110.9453125,32.2284375,0 -110.9484375,32.2284375,0 -110.9484375,32.2265625,0</coordinates></LinearRing></outerBoundaryIs></Polygon>
      </Placemark>
      <Placemark>
        <name>Patch (2,4)</name>
        <styleUrl>#wastePatchStyle</styleUrl>
        <Polygon><outerBoundaryIs><LinearRing><coordinates>-110.9453125,32.2265625,0 -110.9421875,32.2265625,0 -110.9421875,32.2284375,0 -110.9453125,32.2284375,0 -110.9453125,32.2265625,0</coordinates></LinearRing></outerBoundaryIs></Polygon>
      </Placemark>
      <Placemark>
        <name>Patch (3,4)</name>
        <styleUrl>#wastePatchStyle</styleUrl>
        <Polygon><outerBoundaryIs><LinearRing><coordinates>-110.9421875,32.2265625,0 -110.9390625,32.2265625,0 -110.9390625,32.2284375,0 -110.9421875,32.2284375,0 -110.9421875,32.2265625,0</coordinates></LinearRing></outerBoundaryIs></Polygon>
      </Placemark>
      <Placemark>
        <name>Patch (4,4)</name>
        <styleUrl>#newPatchStyle</styleUrl>
        <Polygon><outerBoundaryIs><LinearRing><coordinates>-110.9390625,32.2265625,0 -110.93593750000001,32.2265625,0 -110.93593750000001,32.2284375,0 -110.9390625,32.2284375,0 -110.9390625,32.2265625,0</coordinates></LinearRing></outerBoundaryIs></Polygon>
      </Placemark>
      <Placemark>
        <name>Patch (5,4)</name>
        <styleUrl>#newPatchStyle</styleUrl>
        <Polygon><outerBoundaryIs><LinearRing><coordinates>-110.93593750000001,32.2265625,0 -110.9328125,32.2265625,0 -110.9328125,32.2284375,0 -110.93593750000001,32.2284375,0 -110.93593750000001,32.2265625,0</coordinates></LinearRing></outerBoundaryIs></Polygon>
      </Placemark>
      <Placemark>
        <name>Patch (6,4)</name>
        <styleUrl>#wastePatchStyle</styleUrl>
        <Polygon><outerBoundaryIs><LinearRing><coordinates>-110.9328125,32.2265625,0 -110.9296875,32.2265625,0 -110.9296875,32.2284375,0 -110.9328125,32.2284375,0 -110.9328125,32.2265625,0</coordinates></LinearRing></outerBoundaryIs></Polygon>
      </Placemark>
      <Placemark>
        <name>Patch (7,4)</name>
        <styleUrl>#newPatchStyle</styleUrl>
        <Polygon><outerBoundaryIs><LinearRing><coordinates>-110.9296875,32.2265625,0 -110.9265625,32.2265625,0 -110.9265625,32.2284375,0 -110.9296875,32.2284375,0 -110.9296875,32.2265625,0</coordinates></LinearRing></outerBoundaryIs></Polygon>
      </Placemark>
      <Placemark>
        <name>Patch (8,4)</name>
        <styleUrl>#newPatchStyle</styleUrl>
        <Polygon><outerBoundaryIs><LinearRing><coordinates>-110.9265625,32.2265625,0 -110.9234375,32.2265625,0 -110.9234375,32.2284375,0 -110.9265625,32.2284375,0 -110.9265625,32.2265625,0</coordinates></LinearRing></outerBoundaryIs></Polygon>
      </Placemark>
      <Placemark>
        <name>Patch (9,4)</name>
        <styleUrl>#newPatchStyle</styleUrl>
        <Polygon><outerBoundaryIs><LinearRing><coordinates>-110.9234375,32.2265625,0 -110.92031250000001,32.2265625,0 -110.92031250000001,32.2284375,0 -110.9234375,32.2284375,0 -110.9234375,32.2265625,0</coordinates></LinearRing></outerBoundaryIs></Polygon>
      </Placemark>
      <Placemark>
        <name>Patch (10,4)</name>
        <styleUrl>#newPatchStyle</styleUrl>
        <Polygon><outerBoundaryIs><LinearRing><coordinates>-110.92031250000001,32.2265625,0 -110.91718750000001,32.2265625,0 -110.91718750000001,32.2284375,0 -110.92031250000001,32.2284375,0 -110.92031250000001,32.2265625,0</coordinates></LinearRing></outerBoundaryIs></Polygon>
      </Placemark>
      <Placemark>
        <name>Patch (11,4)</name>
        <styleUrl>#newPatchStyle</styleUrl>
        <Polygon><outerBoundaryIs><LinearRing><coordinates>-110.91718750000001,32.2265625,0 -110.9140625,32.2265625,0 -110.9140625,32.2284375,0 -110.91718750000001,32.2284375,0 -110.91718750000001,32.2265625,0</coordinates></LinearRing></outerBoundaryIs></Polygon>
      </Placemark>
      <Placemark>
        <name>Patch (12,4)</name>
        <styleUrl>#newPatchStyle</styleUrl>
        <Polygon><outerBoundaryIs><LinearRing><coordinates>-110.9140625,32.2265625,0 -110.9109375,32.2265625,0 -110.9109375,32.2284375,0 -110.9140625,32.2284375,0 -110.9140625,32.2265625,0</coordinates></LinearRing></outerBoundaryIs></Polygon>
      </Placemark>
      <Placemark>
        <name>Patch (13,4)</name>
        <styleUrl>#newPatchStyle</styleUrl>
        <Polygon><outerBoundaryIs><LinearRing><coordinates>-110.9109375,32.2265625,0 -110.9078125,32.2265625,0 -110.9078125,32.2284375,0 -110.9109375,32.2284375,0 -110.9109375,32.2265625,0</coordinates></LinearRing></outerBoundaryIs></Polygon>
      </Placemark>
      <Placemark>
        <name>Patch (14,4)</name>
        <styleUrl>#newPatchStyle</styleUrl>
        <Polygon><outerBoundaryIs><LinearRing><coordinates>-110.9078125,32.2265625,0 -110.90468750000001,32.2265625,0 -110.90468750000001,32.2284375,0 -110.9078125,32.2284375,0 -110.9078125,32.2265625,0</coordinates></LinearRing></outerBoundaryIs></Polygon>
      </Placemark>
      <Placemark>
        <name>Patch (15,4)</name>
        <styleUrl>#newPatchStyle</styleUrl>
        <Polygon><outerBoundaryIs><LinearRing><coordinates>-110.90468750000001,32.2265625,0 -110.90156250000001,32.2265625,0 -110.90156250000001,32.2284375,0 -110.90468750000001,32.2284375,0 -110.90468750000001,32.2265625,0</coordinates></LinearRing></outerBoundaryIs></Polygon>
      </Placemark>
      <Placemark>
        <name>Patch (16,4)</name>
        <styleUrl>#newPatchStyle</styleUrl>
        <Polygon><outerBoundaryIs><LinearRing><coordinates>-110.90156250000001,32.2265625,0 -110.8984375,32.2265625,0 -110.8984375,32.2284375,0 -110.90156250000001,32.2284375,0 -110.90156250000001,32.2265625,0</coordinates></LinearRing></outerBoundaryIs></Polygon>
      </Placemark>
      <Placemark>
        <name>Patch (-16,5)</name>
        <styleUrl>#newPatchStyle</styleUrl>
        <Polygon><outerBoundaryIs><LinearRing><coordinates>-111.0015625,32.2284375,0 -110.9984375,32.2284375,0 -110.9984375,32.2303125,0 -111.0015625,32.2303125,0 -111.0015625,32.2284375,0</coordinates></LinearRing></outerBoundaryIs></Polygon>
      </Placemark>
      <Placemark>
        <name>Patch (-15,5)</name>
        <styleUrl>#newPatchStyle</styleUrl>
        <Polygon><outerBoundaryIs><LinearRing><coordinates>-110.9984375,32.2284375,0 -110.9953125,32.2284375,0 -110.9953125,32.2303125,0 -110.9984375,32.2303125,0 -110.9984375,32.2284375,0</coordinates></LinearRing></outerBoundaryIs></Polygon>
      </Placemark>
      <Placemark>
        <name>Patch (-14,5)</name>
        <styleUrl>#newPatchStyle</styleUrl>
        <Polygon><outerBoundaryIs><LinearRing><coordinates>-110.9953125,32.2284375,0 -110.9921875,32.2284375,0 -110.9921875,32.2303125,0 -110.9953125,32.2303125,0 -110.9953125,32.2284375,0</coordinates></LinearRing></outerBoundaryIs></Polygon>
      </Placemark>
      <Placemark>
        <name>Patch (-13,5)</name>
        <styleUrl>#newPatchStyle</styleUrl>
        <Polygon><outerBoundaryIs><LinearRing><coordinates>-110.9921875,32.2284375,0 -110.9890625,32.2284375,0 -110.9890625,32.2303125,0 -110.9921875,32.2303125,0 -110.9921875,32.2284375,0</coordinates></LinearRing></outerBoundaryIs></Polygon>
      </Placemark>
      <Placemark>
        <name>Patch (-12,5)</name>
        <styleUrl>#newPatchStyle</styleUrl>
        <Polygon><outerBoundaryIs><LinearRing><coordinates>-110.9890625,32.2284375,0 -110.9859375,32.2284375,0 -110.9859375,32.2303125,0 -110.9890625,32.2303125,0 -110.9890625,32.2284375,0</coordinates></LinearRing></outerBoundaryIs></Polygon>
      </Placemark>
      <Placemark>
        <name>Patch (-11,5)</name>
        <styleUrl>#newPatchStyle</styleUrl>
        <Polygon><outerBoundaryIs><LinearRing><coordinates>-110.9859375,32.2284375,0 -110.9828125,32.2284375,0 -110.9828125,32.2303125,0 -110.9859375,32.2303125,0 -110.9859375,32.2284375,0</coordinates></LinearRing></outerBoundaryIs></Polygon>
      </Placemark>
      <Placemark>
        <name>Patch (-10,5)</name>
        <styleUrl>#newPatchStyle</styleUrl>
        <Polygon><outerBoundaryIs><LinearRing><coordinates>-110.9828125,32.2284375,0 -110.9796875,32.2284375,0 -110.9796875,32.2303125,0 -110.9828125,32.2303125,0 -110.9828125,32.2284375,0</coordinates></LinearRing></outerBoundaryIs></Polygon>
      </Placemark>
      <Placemark>
        <name>Patch (-9,5)</name>
        <styleUrl>#newPatchStyle</styleUrl>
        <Polygon><outerBoundaryIs><LinearRing><coordinates>-110.9796875,32.2284375,0 -110.9765625,32.2284375,0 -110.9765625,32.2303125,0 -110.9796875,32.2303125,0 -110.9796875,32.2284375,0</coordinates></LinearRing></outerBoundaryIs></Polygon>
      </Placemark>
      <Placemark>
        <name>Patch (-8,5)</name>
        <styleUrl>#wastePatchStyle</styleUrl>
        <Polygon><outerBoundaryIs><LinearRing><coordinates>-110.9765625,32.2284375,0 -110.9734375,32.2284375,0 -110.9734375,32.2303125,0 -110.9765625,32.2303125,0 -110.9765625,32.2284375,0</coordinates></LinearRing></outerBoundaryIs></Polygon>
      </Placemark>
      <Placemark>
        <name>Patch (-7,5)</name>
        <styleUrl>#newPatchStyle</styleUrl>
        <Polygon><outerBoundaryIs><LinearRing><coordinates>-110.9734375,32.2284375,0 -110.9703125,32.2284375,0 -110.9703125,32.2303125,0 -110.9734375,32.2303125,0 -110.9734375,32.2284375,0</coordinates></LinearRing></outerBoundaryIs></Polygon>
      </Placemark>
      <Placemark>
        <name>Patch (-6,5)</name>
        <styleUrl>#newPatchStyle</styleUrl>
        <Polygon><outerBoundaryIs><LinearRing><coordinates>-110.9703125,32.2284375,0 -110.96718750000001,32.2284375,0 -110.96718750000001,32.2303125,0 -110.9703125,32.2303125,0 -110.9703125,32.2284375,0</coordinates></LinearRing></outerBoundaryIs></Polygon>
      </Placemark>
      <Placemark>
        <name>Patch (-5,5)</name>
        <styleUrl>#newPatchStyle</styleUrl>
        <Polygon><outerBoundaryIs><LinearRing><coordinates>-110.96718750000001,32.2284375,0 -110.9640625,32.2284375,0 -110.9640625,32.2303125,0 -110.96718750000001,32.2303125,0 -110.96718750000001,32.2284375,0</coordinates></LinearRing></outerBoundaryIs></Polygon>
      </Placemark>
      <Placemark>
        <name>Patch (-4,5)</name>
        <styleUrl>#newPatchStyle</styleUrl>
        <Polygon><outerBoundaryIs><LinearRing><coordinates>-110.9640625,32.2284375,0 -110.9609375,32.2284375,0 -110.9609375,32.2303125,0 -110.9640625,32.2303125,0 -110.9640625,32.2284375,0</coordinates></LinearRing></outerBoundaryIs></Polygon>
      </Placemark>
      <Placemark>
        <name>Patch (-3,5)</name>
        <styleUrl>#newPatchStyle</styleUrl>
        <Polygon><outerBoundaryIs><LinearRing><coordinates>-110.9609375,32.2284375,0 -110.9578125,32.2284375,0 -110.9578125,32.2303125,0 -110.9609375,32.2303125,0 -110.9609375,32.2284375,0</coordinates></LinearRing></outerBoundaryIs></Polygon>
      </Placemark>
      <Placemark>
        <name>Patch (-2,5)</name>
        <styleUrl>#newPatchStyle</styleUrl>
        <Polygon><outerBoundaryIs><LinearRing><coordinates>-110.9578125,32.2284375,0 -110.9546875,32.2284375,0 -110.9546875,32.2303125,0 -110.9578125,32.2303125,0 -110.9578125,32.2284375,0</coordinates></LinearRing></outerBoundaryIs></Polygon>
      </Placemark>
      <Placemark>
        <name>Patch (-1,5)</name>
        <styleUrl>#wastePatchStyle</styleUrl>
        <Polygon><outerBoundaryIs><LinearRing><coordinates>-110.9546875,32.2284375,0 -110.95156250000001,32.2284375,0 -110.95156250000001,32.2303125,0 -110.9546875,32.2303125,0 -110.9546875,32.2284375,0</coordinates></LinearRing></outerBoundaryIs></Polygon>
      </Placemark>
      <Placemark>
        <name>Patch (0,5)</name>
        <styleUrl>#wastePatchStyle</styleUrl>
        <Polygon><outerBoundaryIs><LinearRing><coordinates>-110.95156250000001,32.2284375,0 -110.9484375,32.2284375,0 -110.9484375,32.2303125,0 -110.95156250000001,32.2303125,0 -110.95156250000001,32.2284375,0</coordinates></LinearRing></outerBoundaryIs></Polygon>
      </Placemark>
      <Placemark>
        <name>Patch (1,5)</name>
        <styleUrl>#wastePatchStyle</styleUrl>
        <Polygon><outerBoundaryIs><LinearRing><coordinates>-110.9484375,32.2284375,0 -110.9453125,32.2284375,0 -110.9453125,32.2303125,0 -110.9484375,32.2303125,0 -110.9484375,32.2284375,0</coordinates></LinearRing></outerBoundaryIs></Polygon>
      </Placemark>
      <Placemark>
        <name>Patch (2,5)</name>
        <styleUrl>#wastePatchStyle</styleUrl>
        <Polygon><outerBoundaryIs><LinearRing><coordinates>-110.9453125,32.2284375,0 -110.9421875,32.2284375,0 -110.9421875,32.2303125,0 -110.9453125,32.2303125,0 -110.9453125,32.2284375,0</coordinates></LinearRing></outerBoundaryIs></Polygon>
      </Placemark>
      <Placemark>
        <name>Patch (3,5)</name>
        <styleUrl>#newPatchStyle</styleUrl>
        <Polygon><outerBoundaryIs><LinearRing><coordinates>-110.9421875,32.2284375,0 -110.9390625,32.2284375,0 -110.9390625,32.2303125,0 -110.9421875,32.2303125,0 -110.9421875,32.2284375,0</coordinates></LinearRing></outerBoundaryIs></Polygon>
      </Placemark>
      <Placemark>
        <name>Patch (4,5)</name>
        <styleUrl>#newPatchStyle</styleUrl>
        <Polygon><outerBoundaryIs><LinearRing><coordinates>-110.9390625,32.2284375,0 -110.93593750000001,32.2284375,0 -110.93593750000001,32.2303125,0 -110.9390625,32.2303125,0 -110.9390625,32.2284375,0</coordinates></LinearRing></outerBoundaryIs></Polygon>
      </Placemark>
      <Placemark>
        <name>Patch (5,5)</name>
        <styleUrl>#newPatchStyle</styleUrl>
        <Polygon><outerBoundaryIs><LinearRing><coordinates>-110.93593750000001,32.2284375,0 -110.9328125,32.2284375,0 -110.9328125,32.2303125,0 -110.93593750000001,32.2303125,0 -110.93593750000001,32.2284375,0</coordinates></LinearRing></outerBoundaryIs></Polygon>
      </Placemark>
      <Placemark>
        <name>Patch (6,5)</name>
        <styleUrl>#newPatchStyle</styleUrl>
        <Polygon><outerBoundaryIs><LinearRing><coordinates>-110.9328125,32.2284375,0 -110.9296875,32.2284375,0 -110.9296875,32.2303125,0 -110.9328125,32.2303125,0 -110.9328125,32.2284375,0</coordinates></LinearRing></outerBoundaryIs></Polygon>
      </Placemark>
      <Placemark>
        <name>Patch (7,5)</name>
        <styleUrl>#newPatchStyle</styleUrl>
        <Polygon><outerBoundaryIs><LinearRing><coordinates>-110.9296875,32.2284375,0 -110.9265625,32.2284375,0 -110.9265625,32.2303125,0 -110.9296875,32.2303125,0 -110.9296875,32.2284375,0</coordinates></LinearRing></outerBoundaryIs></Polygon>
      </Placemark>
      <Placemark>
        <name>Patch (8,5)</name>
        <styleUrl>#newPatchStyle</styleUrl>
        <Polygon><outerBoundaryIs><LinearRing><coordinates>-110.9265625,32.2284375,0 -110.9234375,32.2284375,0 -110.9234375,32.2303125,0 -110.9265625,32.2303125,0 -110.9265625,32.2284375,0</coordinates></LinearRing></outerBoundaryIs></Polygon>
      </Placemark>
      <Placemark>
        <name>Patch (9,5)</name>
        <styleUrl>#newPatchStyle</styleUrl>
        <Polygon><outerBoundaryIs><LinearRing><coordinates>-110.9234375,32.2284375,0 -110.92031250000001,32.2284375,0 -110.92031250000001,32.2303125,0 -110.9234375,32.2303125,0 -110.9234375,32.2284375,0</coordinates></LinearRing></outerBoundaryIs></Polygon>
      </Placemark>
      <Placemark>
        <name>Patch (10,5)</name>
        <styleUrl>#newPatchStyle</styleUrl>
        <Polygon><outerBoundaryIs><LinearRing><coordinates>-110.92031250000001,32.2284375,0 -110.91718750000001,32.2284375,0 -110.91718750000001,32.2303125,0 -110.92031250000001,32.2303125,0 -110.92031250000001,32.2284375,0</coordinates></LinearRing></outerBoundaryIs></Polygon>
      </Placemark>
      <Placemark>
        <name>Patch (11,5)</name>
        <styleUrl>#newPatchStyle</styleUrl>
        <Polygon><outerBoundaryIs><LinearRing><coordinates>-110.91718750000001,32.2284375,0 -110.9140625,32.2284375,0 -110.9140625,32.2303125,0 -110.91718750000001,32.2303125,0 -110.91718750000001,32.2284375,0</coordinates></LinearRing></outerBoundaryIs></Polygon>
      </Placemark>
      <Placemark>
        <name>Patch (12,5)</name>
        <styleUrl>#newPatchStyle</styleUrl>
        <Polygon><outerBoundaryIs><LinearRing><coordinates>-110.9140625,32.2284375,0 -110.9109375,32.2284375,0 -110.9109375,32.2303125,0 -110.9140625,32.2303125,0 -110.9140625,32.2284375,0</coordinates></LinearRing></outerBoundaryIs></Polygon>
      </Placemark>
      <Placemark>
        <name>Patch (13,5)</name>
        <styleUrl>#newPatchStyle</styleUrl>
        <Polygon><outerBoundaryIs><LinearRing><coordinates>-110.9109375,32.2284375,0 -110.9078125,32.2284375,0 -110.9078125,32.2303125,0 -110.9109375,32.2303125,0 -110.9109375,32.2284375,0</coordinates></LinearRing></outerBoundaryIs></Polygon>
      </Placemark>
      <Placemark>
        <name>Patch (14,5)</name>
        <styleUrl>#newPatchStyle</styleUrl>
        <Polygon><outerBoundaryIs><LinearRing><coordinates>-110.9078125,32.2284375,0 -110.90468750000001,32.2284375,0 -110.90468750000001,32.2303125,0 -110.9078125,32.2303125,0 -110.9078125,32.2284375,0</coordinates></LinearRing></outerBoundaryIs></Polygon>
      </Placemark>
      <Placemark>
        <name>Patch (15,5)</name>
        <styleUrl>#newPatchStyle</styleUrl>
        <Polygon><outerBoundaryIs><LinearRing><coordinates>-110.90468750000001,32.2284375,0 -110.90156250000001,32.2284375,0 -110.90156250000001,32.2303125,0 -110.90468750000001,32.2303125,0 -110.90468750000001,32.2284375,0</coordinates></LinearRing></outerBoundaryIs></Polygon>
      </Placemark>
      <Placemark>
        <name>Patch (16,5)</name>
        <styleUrl>#newPatchStyle</styleUrl>
        <Polygon><outerBoundaryIs><LinearRing><coordinates>-110.90156250000001,32.2284375,0 -110.8984375,32.2284375,0 -110.8984375,32.2303125,0 -110.90156250000001,32.2303125,0 -110.90156250000001,32.2284375,0</coordinates></LinearRing></outerBoundaryIs></Polygon>
      </Placemark>
      <Placemark>
        <name>Patch (-16,6)</name>
        <styleUrl>#newPatchStyle</styleUrl>
        <Polygon><outerBoundaryIs><LinearRing><coordinates>-111.0015625,32.2303125,0 -110.9984375,32.2303125,0 -110.9984375,32.2321875,0 -111.0015625,32.2321875,0 -111.0015625,32.2303125,0</coordinates></LinearRing></outerBoundaryIs></Polygon>
      </Placemark>
      <Placemark>
        <name>Patch (-15,6)</name>
        <styleUrl>#newPatchStyle</styleUrl>
        <Polygon><outerBoundaryIs><LinearRing><coordinates>-110.9984375,32.2303125,0 -110.9953125,32.2303125,0 -110.9953125,32.2321875,0 -110.9984375,32.2321875,0 -110.9984375,32.2303125,0</coordinates></LinearRing></outerBoundaryIs></Polygon>
      </Placemark>
      <Placemark>
        <name>Patch (-14,6)</name>
        <styleUrl>#newPatchStyle</styleUrl>
        <Polygon><outerBoundaryIs><LinearRing><coordinates>-110.9953125,32.2303125,0 -110.9921875,32.2303125,0 -110.9921875,32.2321875,0 -110.9953125,32.2321875,0 -110.9953125,32.2303125,0</coordinates></LinearRing></outerBoundaryIs></Polygon>
      </Placemark>
      <Placemark>
        <name>Patch (-13,6)</name>
        <styleUrl>#newPatchStyle</styleUrl>
        <Polygon><outerBoundaryIs><LinearRing><coordinates>-110.9921875,32.2303125,0 -110.9890625,32.2303125,0 -110.9890625,32.2321875,0 -110.9921875,32.2321875,0 -110.9921875,32.2303125,0</coordinates></LinearRing></outerBoundaryIs></Polygon>
      </Placemark>
      <Placemark>
        <name>Patch (-12,6)</name>
        <styleUrl>#newPatchStyle</styleUrl>
        <Polygon><outerBoundaryIs><LinearRing><coordinates>-110.9890625,32.2303125,0 -110.9859375,32.2303125,0 -110.9859375,32.2321875,0 -110.9890625,32.2321875,0 -110.9890625,32.2303125,0</coordinates></LinearRing></outerBoundaryIs></Polygon>
      </Placemark>
      <Placemark>
        <name>Patch (-11,6)</name>
        <styleUrl>#newPatchStyle</styleUrl>
        <Polygon><outerBoundaryIs><LinearRing><coordinates>-110.9859375,32.2303125,0 -110.9828125,32.2303125,0 -110.9828125,32.2321875,0 -110.9859375,32.2321875,0 -110.9859375,32.2303125,0</coordinates></LinearRing></outerBoundaryIs></Polygon>
      </Placemark>
      <Placemark>
        <name>Patch (-10,6)</name>
        <styleUrl>#newPatchStyle</styleUrl>
        <Polygon><outerBoundaryIs><LinearRing><coordinates>-110.9828125,32.2303125,0 -110.9796875,32.2303125,0 -110.9796875,32.2321875,0 -110.9828125,32.2321875,0 -110.9828125,32.2303125,0</coordinates></LinearRing></outerBoundaryIs></Polygon>
      </Placemark>
      <Placemark>
        <name>Patch (-9,6)</name>
        <styleUrl>#newPatchStyle</styleUrl>
        <Polygon><outerBoundaryIs><LinearRing><coordinates>-110.9796875,32.2303125,0 -110.9765625,32.2303125,0 -110.9765625,32.2321875,0 -110.9796875,32.2321875,0 -110.9796875,32.2303125,0</coordinates></LinearRing></outerBoundaryIs></Polygon>
      </Placemark>
      <Placemark>
        <name>Patch (-8,6)</name>
        <styleUrl>#newPatchStyle</styleUrl>
        <Polygon><outerBoundaryIs><LinearRing><coordinates>-110.9765625,32.2303125,0 -110.9734375,32.2303125,0 -110.9734375,32.2321875,0 -110.9765625,32.2321875,0 -110.9765625,32.2303125,0</coordinates></LinearRing></outerBoundaryIs></Polygon>
      </Placemark>
      <Placemark>
        <name>Patch (-7,6)</name>
        <styleUrl>#newPatchStyle</styleUrl>
        <Polygon><outerBoundaryIs><LinearRing><coordinates>-110.9734375,32.2303125,0 -110.9703125,32.2303125,0 -110.9703125,32.2321875,0 -110.9734375,32.2321875,0 -110.9734375,32.2303125,0</coordinates></LinearRing></outerBoundaryIs></Polygon>
      </Placemark>
      <Placemark>
        <name>Patch (-6,6)</name>
        <styleUrl>#newPatchStyle</styleUrl>
        <Polygon><outerBoundaryIs><LinearRing><coordinates>-110.9703125,32.2303125,0 -110.96718750000001,32.2303125,0 -110.96718750000001,32.2321875,0 -110.9703125,32.2321875,0 -110.9703125,32.2303125,0</coordinates></LinearRing></outerBoundaryIs></Polygon>
      </Placemark>
      <Placemark>
        <name>Patch (-5,6)</name>
        <styleUrl>#newPatchStyle</styleUrl>
        <Polygon><outerBoundaryIs><LinearRing><coordinates>-110.96718750000001,32.2303125,0 -110.9640625,32.2303125,0 -110.9640625,32.2321875,0 -110.96718750000001,32.2321875,0 -110.96718750000001,32.2303125,0</coordinates></LinearRing></outerBoundaryIs></Polygon>
      </Placemark>
      <Placemark>
        <name>Patch (-4,6)</name>
        <styleUrl>#newPatchStyle</styleUrl>
        <Polygon><outerBoundaryIs><LinearRing><coordinates>-110.9640625,32.2303125,0 -110.9609375,32.2303125,0 -110.9609375,32.2321875,0 -110.9640625,32.2321875,0 -110.9640625,32.2303125,0</coordinates></LinearRing></outerBoundaryIs></Polygon>
      </Placemark>
      <Placemark>
        <name>Patch (-3,6)</name>
        <styleUrl>#newPatchStyle</styleUrl>
        <Polygon><outerBoundaryIs><LinearRing><coordinates>-110.9609375,32.2303125,0 -110.9578125,32.2303125,0 -110.9578125,32.2321875,0 -110.9609375,32.2321875,0 -110.9609375,32.2303125,0</coordinates></LinearRing></outerBoundaryIs></Polygon>
      </Placemark>
      <Placemark>
        <name>Patch (-2,6)</name>
        <styleUrl>#recycledPatchStyle</styleUrl>
        <Polygon><outerBoundaryIs><LinearRing><coordinates>-110.9578125,32.2303125,0 -110.9546875,32.2303125,0 -110.9546875,32.2321875,0 -110.9578125,32.2321875,0 -110.9578125,32.2303125,0</coordinates></LinearRing></outerBoundaryIs></Polygon>
      </Placemark>
      <Placemark>
        <name>Patch (-1,6)</name>
        <styleUrl>#wastePatchStyle</styleUrl>
        <Polygon><outerBoundaryIs><LinearRing><coordinates>-110.9546875,32.2303125,0 -110.95156250000001,32.2303125,0 -110.95156250000001,32.2321875,0 -110.9546875,32.2321875,0 -110.9546875,32.2303125,0</coordinates></LinearRing></outerBoundaryIs></Polygon>
      </Placemark>
      <Placemark>
        <name>Patch (0,6)</name>
        <styleUrl>#newPatchStyle</styleUrl>
        <Polygon><outerBoundaryIs><LinearRing><coordinates>-110.95156250000001,32.2303125,0 -110.9484375,32.2303125,0 -110.9484375,32.2321875,0 -110.95156250000001,32.2321875,0 -110.95156250000001,32.2303125,0</coordinates></LinearRing></outerBoundaryIs></Polygon>
      </Placemark>
      <Placemark>
        <name>Patch (1,6)</name>
        <styleUrl>#newPatchStyle</styleUrl>
        <Polygon><outerBoundaryIs><LinearRing><coordinates>-110.9484375,32.2303125,0 -110.9453125,32.2303125,0 -110.9453125,32.2321875,0 -110.9484375,32.2321875,0 -110.9484375,32.2303125,0</coordinates></LinearRing></outerBoundaryIs></Polygon>
      </Placemark>
      <Placemark>
        <name>Patch (2,6)</name>
        <styleUrl>#newPatchStyle</styleUrl>
        <Polygon><outerBoundaryIs><LinearRing><coordinates>-110.9453125,32.2303125,0 -110.9421875,32.2303125,0 -110.9421875,32.2321875,0 -110.9453125,32.2321875,0 -110.9453125,32.2303125,0</coordinates></LinearRing></outerBoundaryIs></Polygon>
      </Placemark>
      <Placemark>
        <name>Patch (3,6)</name>
        <styleUrl>#newPatchStyle</styleUrl>
        <Polygon><outerBoundaryIs><LinearRing><coordinates>-110.9421875,32.2303125,0 -110.9390625,32.2303125,0 -110.9390625,32.2321875,0 -110.9421875,32.2321875,0 -110.9421875,32.2303125,0</coordinates></LinearRing></outerBoundaryIs></Polygon>
      </Placemark>
      <Placemark>
        <name>Patch (4,6)</name>
        <styleUrl>#newPatchStyle</styleUrl>
        <Polygon><outerBoundaryIs><LinearRing><coordinates>-110.9390625,32.2303125,0 -110.93593750000001,32.2303125,0 -110.93593750000001,32.2321875,0 -110.9390625,32.2321875,0 -110.9390625,32.2303125,0</coordinates></LinearRing></outerBoundaryIs></Polygon>
      </Placemark>
      <Placemark>
        <name>Patch (5,6)</name>
        <styleUrl>#newPatchStyle</styleUrl>
        <Polygon><outerBoundaryIs><LinearRing><coordinates>-110.93593750000001,32.2303125,0 -110.9328125,32.2303125,0 -110.9328125,32.2321875,0 -110.93593750000001,32.2321875,0 -110.93593750000001,32.2303125,0</coordinates></LinearRing></outerBoundaryIs></Polygon>
      </Placemark>
      <Placemark>
        <name>Patch (6,6)</name>
        <styleUrl>#newPatchStyle</styleUrl>
        <Polygon><outerBoundaryIs><LinearRing><coordinates>-110.9328125,32.2303125,0 -110.9296875,32.2303125,0 -110.9296875,32.2321875,0 -110.9328125,32.2321875,0 -110.9328125,32.2303125,0</coordinates></LinearRing></outerBoundaryIs></Polygon>
      </Placemark>
      <Placemark>
        <name>Patch (7,6)</name>
        <styleUrl>#newPatchStyle</styleUrl>
        <Polygon><outerBoundaryIs><LinearRing><coordinates>-110.9296875,32.2303125,0 -110.9265625,32.2303125,0 -110.9265625,32.2321875,0 -110.9296875,32.2321875,0 -110.9296875,32.2303125,0</coordinates></LinearRing></outerBoundaryIs></Polygon>
      </Placemark>
      <Placemark>
        <name>Patch (8,6)</name>
        <styleUrl>#newPatchStyle</styleUrl>
        <Polygon><outerBoundaryIs><LinearRing><coordinates>-110.9265625,32.2303125,0 -110.9234375,32.2303125,0 -110.9234375,32.2321875,0 -110.9265625,32.2321875,0 -110.9265625,32.2303125,0</coordinates></LinearRing></outerBoundaryIs></Polygon>
      </Placemark>
      <Placemark>
        <name>Patch (9,6)</name>
        <styleUrl>#newPatchStyle</styleUrl>
        <Polygon><outerBoundaryIs><LinearRing><coordinates>-110.9234375,32.2303125,0 -110.92031250000001,32.2303125,0 -110.92031250000001,32.2321875,0 -110.9234375,32.2321875,0 -110.9234375,32.2303125,0</coordinates></LinearRing></outerBoundaryIs></Polygon>
      </Placemark>
      <Placemark>
        <name>Patch (10,6)</name>
        <styleUrl>#newPatchStyle</styleUrl>
        <Polygon><outerBoundaryIs><LinearRing><coordinates>-110.92031250000001,32.2303125,0 -110.91718750000001,32.2303125,0 -110.91718750000001,32.2321875,0 -110.92031250000001,32.2321875,0 -110.92031250000001,32.2303125,0</coordinates></LinearRing></outerBoundaryIs></Polygon>
      </Placemark>
      <Placemark>
        <name>Patch (11,6)</name>
        <styleUrl>#newPatchStyle</styleUrl>
        <Polygon><outerBoundaryIs><LinearRing><coordinates>-110.91718750000001,32.2303125,0 -110.9140625,32.2303125,0 -110.9140625,32.2321875,0 -110.91718750000001,32.2321875,0 -110.91718750000001,32.2303125,0</coordinates></LinearRing></outerBoundaryIs></Polygon>
      </Placemark>
      <Placemark>
        <name>Patch (12,6)</name>
        <styleUrl>#newPatchStyle</styleUrl>
        <Polygon><outerBoundaryIs><LinearRing><coordinates>-110.9140625,32.2303125,0 -110.9109375,32.2303125,0 -110.9109375,32.2321875,0 -110.9140625,32.2321875,0 -110.9140625,32.2303125,0</coordinates></LinearRing></outerBoundaryIs></Polygon>
      </Placemark>
      <Placemark>
        <name>Patch (13,6)</name>
        <styleUrl>#newPatchStyle</styleUrl>
        <Polygon><outerBoundaryIs><LinearRing><coordinates>-110.9109375,32.2303125,0 -110.9078125,32.2303125,0 -110.9078125,32.2321875,0 -110.9109375,32.2321875,0 -110.9109375,32.2303125,0</coordinates></LinearRing></outerBoundaryIs></Polygon>
      </Placemark>
      <Placemark>
        <name>Patch (14,6)</name>
        <styleUrl>#newPatchStyle</styleUrl>
        <Polygon><outerBoundaryIs><LinearRing><coordinates>-110.9078125,32.2303125,0 -110.90468750000001,32.2303125,0 -110.90468750000001,32.2321875,0 -110.9078125,32.2321875,0 -110.9078125,32.2303125,0</coordinates></LinearRing></outerBoundaryIs></Polygon>
      </Placemark>
      <Placemark>
        <name>Patch (15,6)</name>
        <styleUrl>#newPatchStyle</styleUrl>
        <Polygon><outerBoundaryIs><LinearRing><coordinates>-110.90468750000001,32.2303125,0 -110.90156250000001,32.2303125,0 -110.90156250000001,32.2321875,0 -110.90468750000001,32.2321875,0 -110.90468750000001,32.2303125,0</coordinates></LinearRing></outerBoundaryIs></Polygon>
      </Placemark>
      <Placemark>
        <name>Patch (16,6)</name>
        <styleUrl>#newPatchStyle</styleUrl>
        <Polygon><outerBoundaryIs><LinearRing><coordinates>-110.90156250000001,32.2303125,0 -110.8984375,32.2303125,0 -110.8984375,32.2321875,0 -110.90156250000001,32.2321875,0 -110.90156250000001,32.2303125,0</coordinates></LinearRing></outerBoundaryIs></Polygon>
      </Placemark>
      <Placemark>
        <name>Patch (-16,7)</name>
        <styleUrl>#newPatchStyle</styleUrl>
        <Polygon><outerBoundaryIs><LinearRing><coordinates>-111.0015625,32.2321875,0 -110.9984375,32.2321875,0 -110.9984375,32.2340625,0 -111.0015625,32.2340625,0 -111.0015625,32.2321875,0</coordinates></LinearRing></outerBoundaryIs></Polygon>
      </Placemark>
      <Placemark>
        <name>Patch (-15,7)</name>
        <styleUrl>#newPatchStyle</styleUrl>
        <Polygon><outerBoundaryIs><LinearRing><coordinates>-110.9984375,32.2321875,0 -110.9953125,32.2321875,0 -110.9953125,32.2340625,0 -110.9984375,32.2340625,0 -110.9984375,32.2321875,0</coordinates></LinearRing></outerBoundaryIs></Polygon>
      </Placemark>
      <Placemark>
        <name>Patch (-14,7)</name>
        <styleUrl>#newPatchStyle</styleUrl>
        <Polygon><outerBoundaryIs><LinearRing><coordinates>-110.9953125,32.2321875,0 -110.9921875,32.2321875,0 -110.9921875,32.2340625,0 -110.9953125,32.2340625,0 -110.9953125,32.2321875,0</coordinates></LinearRing></outerBoundaryIs></Polygon>
      </Placemark>
      <Placemark>
        <name>Patch (-13,7)</name>
        <styleUrl>#newPatchStyle</styleUrl>
        <Polygon><outerBoundaryIs><LinearRing><coordinates>-110.9921875,32.2321875,0 -110.9890625,32.2321875,0 -110.9890625,32.2340625,0 -110.9921875,32.2340625,0 -110.9921875,32.2321875,0</coordinates></LinearRing></outerBoundaryIs></Polygon>
      </Placemark>
      <Placemark>
        <name>Patch (-12,7)</name>
        <styleUrl>#newPatchStyle</styleUrl>
        <Polygon><outerBoundaryIs><LinearRing><coordinates>-110.9890625,32.2321875,0 -110.9859375,32.2321875,0 -110.9859375,32.2340625,0 -110.9890625,32.2340625,0 -110.9890625,32.2321875,0</coordinates></LinearRing></outerBoundaryIs></Polygon>
      </Placemark>
      <Placemark>
        <name>Patch (-11,7)</name>
        <styleUrl>#newPatchStyle</styleUrl>
        <Polygon><outerBoundaryIs><LinearRing><coordinates>-110.9859375,32.2321875,0 -110.9828125,32.2321875,0 -110.9828125,32.2340625,0 -110.9859375,32.2340625,0 -110.9859375,32.2321875,0</coordinates></LinearRing></outerBoundaryIs></Polygon>
      </Placemark>
      <Placemark>
        <name>Patch (-10,7)</name>
        <styleUrl>#newPatchStyle</styleUrl>
        <Polygon><outerBoundaryIs><LinearRing><coordinates>-110.9828125,32.2321875,0 -110.9796875,32.2321875,0 -110.9796875,32.2340625,0 -110.9828125,32.2340625,0 -110.9828125,32.2321875,0</coordinates></LinearRing></outerBoundaryIs></Polygon>
      </Placemark>
      <Placemark>
        <name>Patch (-9,7)</name>
        <styleUrl>#newPatchStyle</styleUrl>
        <Polygon><outerBoundaryIs><LinearRing><coordinates>-110.9796875,32.2321875,0 -110.9765625,32.2321875,0 -110.9765625,32.2340625,0 -110.9796875,32.2340625,0 -110.9796875,32.2321875,0</coordinates></LinearRing></outerBoundaryIs></Polygon>
      </Placemark>
      <Placemark>
        <name>Patch (-8,7)</name>
        <styleUrl>#newPatchStyle</styleUrl>
        <Polygon><outerBoundaryIs><LinearRing><coordinates>-110.9765625,32.2321875,0 -110.9734375,32.2321875,0 -110.9734375,32.2340625,0 -110.9765625,32.2340625,0 -110.9765625,32.2321875,0</coordinates></LinearRing></outerBoundaryIs></Polygon>
      </Placemark>
      <Placemark>
        <name>Patch (-7,7)</name>
        <styleUrl>#newPatchStyle</styleUrl>
        <Polygon><outerBoundaryIs><LinearRing><coordinates>-110.9734375,32.2321875,0 -110.9703125,32.2321875,0 -110.9703125,32.2340625,0 -110.9734375,32.2340625,0 -110.9734375,32.2321875,0</coordinates></LinearRing></outerBoundaryIs></Polygon>
      </Placemark>
      <Placemark>
        <name>Patch (-6,7)</name>
        <styleUrl>#newPatchStyle</styleUrl>
        <Polygon><outerBoundaryIs><LinearRing><coordinates>-110.9703125,32.2321875,0 -110.96718750000001,32.2321875,0 -110.96718750000001,32.2340625,0 -110.9703125,32.2340625,0 -110.9703125,32.2321875,0</coordinates></LinearRing></outerBoundaryIs></Polygon>
      </Placemark>
      <Placemark>
        <name>Patch (-5,7)</name>
        <styleUrl>#newPatchStyle</styleUrl>
        <Polygon><outerBoundaryIs><LinearRing><coordinates>-110.96718750000001,32.2321875,0 -110.9640625,32.2321875,0 -110.9640625,32.2340625,0 -110.96718750000001,32.2340625,0 -110.96718750000001,32.2321875,0</coordinates></LinearRing></outerBoundaryIs></Polygon>
      </Placemark>
      <Placemark>
        <name>Patch (-4,7)</name>
        <styleUrl>#newPatchStyle</styleUrl>
        <Polygon><outerBoundaryIs><LinearRing><coordinates>-110.9640625,32.2321875,0 -110.9609375,32.2321875,0 -110.9609375,32.2340625,0 -110.9640625,32.2340625,0 -110.9640625,32.2321875,0</coordinates></LinearRing></outerBoundaryIs></Polygon>
      </Placemark>
      <Placemark>
        <name>Patch (-3,7)</name>
        <styleUrl>#recycledPatchStyle</styleUrl>
        <Polygon><outerBoundaryIs><LinearRing><coordinates>-110.9609375,32.2321875,0 -110.9578125,32.2321875,0 -110.9578125,32.2340625,0 -110.9609375,32.2340625,0 -110.9609375,32.2321875,0</coordinates></LinearRing></outerBoundaryIs></Polygon>
      </Placemark>
      <Placemark>
        <name>Patch (-2,7)</name>
        <styleUrl>#newPatchStyle</styleUrl>
        <Polygon><outerBoundaryIs><LinearRing><coordinates>-110.9578125,32.2321875,0 -110.9546875,32.2321875,0 -110.9546875,32.2340625,0 -110.9578125,32.2340625,0 -110.9578125,32.2321875,0</coordinates></LinearRing></outerBoundaryIs></Polygon>
      </Placemark>
      <Placemark>
        <name>Patch (-1,7)</name>
        <styleUrl>#wastePatchStyle</styleUrl>
        <Polygon><outerBoundaryIs><LinearRing><coordinates>-110.9546875,32.2321875,0 -110.95156250000001,32.2321875,0 -110.95156250000001,32.2340625,0 -110.9546875,32.2340625,0 -110.9546875,32.2321875,0</coordinates></LinearRing></outerBoundaryIs></Polygon>
      </Placemark>
      <Placemark>
        <name>Patch (0,7)</name>
        <styleUrl>#newPatchStyle</styleUrl>
        <Polygon><outerBoundaryIs><LinearRing><coordinates>-110.95156250000001,32.2321875,0 -110.9484375,32.2321875,0 -110.9484375,32.2340625,0 -110.95156250000001,32.2340625,0 -110.95156250000001,32.2321875,0</coordinates></LinearRing></outerBoundaryIs></Polygon>
      </Placemark>
      <Placemark>
        <name>Patch (1,7)</name>
        <styleUrl>#newPatchStyle</styleUrl>
        <Polygon><outerBoundaryIs><LinearRing><coordinates>-110.9484375,32.2321875,0 -110.9453125,32.2321875,0 -110.9453125,32.2340625,0 -110.9484375,32.2340625,0 -110.9484375,32.2321875,0</coordinates></LinearRing></outerBoundaryIs></Polygon>
      </Placemark>
      <Placemark>
        <name>Patch (2,7)</name>
        <styleUrl>#newPatchStyle</styleUrl>
        <Polygon><outerBoundaryIs><LinearRing><coordinates>-110.9453125,32.2321875,0 -110.9421875,32.2321875,0 -110.9421875,32.2340625,0 -110.9453125,32.2340625,0 -110.9453125,32.2321875,0</coordinates></LinearRing></outerBoundaryIs></Polygon>
      </Placemark>
      <Placemark>
        <name>Patch (3,7)</name>
        <styleUrl>#newPatchStyle</styleUrl>
        <Polygon><outerBoundaryIs><LinearRing><coordinates>-110.9421875,32.2321875,0 -110.9390625,32.2321875,0 -110.9390625,32.2340625,0 -110.9421875,32.2340625,0 -110.9421875,32.2321875,0</coordinates></LinearRing></outerBoundaryIs></Polygon>
      </Placemark>
      <Placemark>
        <name>Patch (4,7)</name>
        <styleUrl>#newPatchStyle</styleUrl>
        <Polygon><outerBoundaryIs><LinearRing><coordinates>-110.9390625,32.2321875,0 -110.93593750000001,32.2321875,0 -110.93593750000001,32.2340625,0 -110.9390625,32.2340625,0 -110.9390625,32.2321875,0</coordinates></LinearRing></outerBoundaryIs></Polygon>
      </Placemark>
      <Placemark>
        <name>Patch (5,7)</name>
        <styleUrl>#newPatchStyle</styleUrl>
        <Polygon><outerBoundaryIs><LinearRing><coordinates>-110.93593750000001,32.2321875,0 -110.9328125,32.2321875,0 -110.9328125,32.2340625,0 -110.93593750000001,32.2340625,0 -110.93593750000001,32.2321875,0</coordinates></LinearRing></outerBoundaryIs></Polygon>
      </Placemark>
      <Placemark>
        <name>Patch (6,7)</name>
        <styleUrl>#newPatchStyle</styleUrl>
        <Polygon><outerBoundaryIs><LinearRing><coordinates>-110.9328125,32.2321875,0 -110.9296875,32.2321875,0 -110.9296875,32.2340625,0 -110.9328125,32.2340625,0 -110.9328125,32.2321875,0</coordinates></LinearRing></outerBoundaryIs></Polygon>
      </Placemark>
      <Placemark>
        <name>Patch (7,7)</name>
        <styleUrl>#newPatchStyle</styleUrl>
        <Polygon><outerBoundaryIs><LinearRing><coordinates>-110.9296875,32.2321875,0 -110.9265625,32.2321875,0 -110.9265625,32.2340625,0 -110.9296875,32.2340625,0 -110.9296875,32.2321875,0</coordinates></LinearRing></outerBoundaryIs></Polygon>
      </Placemark>
      <Placemark>
        <name>Patch (8,7)</name>
        <styleUrl>#newPatchStyle</styleUrl>
        <Polygon><outerBoundaryIs><LinearRing><coordinates>-110.9265625,32.2321875,0 -110.9234375,32.2321875,0 -110.9234375,32.2340625,0 -110.9265625,32.2340625,0 -110.9265625,32.2321875,0</coordinates></LinearRing></outerBoundaryIs></Polygon>
      </Placemark>
      <Placemark>
        <name>Patch (9,7)</name>
        <styleUrl>#newPatchStyle</styleUrl>
        <Polygon><outerBoundaryIs><LinearRing><coordinates>-110.9234375,32.2321875,0 -110.92031250000001,32.2321875,0 -110.92031250000001,32.2340625,0 -110.9234375,32.2340625,0 -110.9234375,32.2321875,0</coordinates></LinearRing></outerBoundaryIs></Polygon>
      </Placemark>
      <Placemark>
        <name>Patch (10,7)</name>
        <styleUrl>#newPatchStyle</styleUrl>
        <Polygon><outerBoundaryIs><LinearRing><coordinates>-110.92031250000001,32.2321875,0 -110.91718750000001,32.2321875,0 -110.91718750000001,32.2340625,0 -110.92031250000001,32.2340625,0 -110.92031250000001,32.2321875,0</coordinates></LinearRing></outerBoundaryIs></Polygon>
      </Placemark>
      <Placemark>
        <name>Patch (11,7)</name>
        <styleUrl>#newPatchStyle</styleUrl>
        <Polygon><outerBoundaryIs><LinearRing><coordinates>-110.91718750000001,32.2321875,0 -110.9140625,32.2321875,0 -110.9140625,32.2340625,0 -110.91718750000001,32.2340625,0 -110.91718750000001,32.2321875,0</coordinates></LinearRing></outerBoundaryIs></Polygon>
      </Placemark>
      <Placemark>
        <name>Patch (12,7)</name>
        <styleUrl>#newPatchStyle</styleUrl>
        <Polygon><outerBoundaryIs><LinearRing><coordinates>-110.9140625,32.2321875,0 -110.9109375,32.2321875,0 -110.9109375,32.2340625,0 -110.9140625,32.2340625,0 -110.9140625,32.2321875,0</coordinates></LinearRing></outerBoundaryIs></Polygon>
      </Placemark>
      <Placemark>
        <name>Patch (13,7)</name>
        <styleUrl>#newPatchStyle</styleUrl>
        <Polygon><outerBoundaryIs><LinearRing><coordinates>-110.9109375,32.2321875,0 -110.9078125,32.2321875,0 -110.9078125,32.2340625,0 -110.9109375,32.2340625,0 -110.9109375,32.2321875,0</coordinates></LinearRing></outerBoundaryIs></Polygon>
      </Placemark>
      <Placemark>
        <name>Patch (14,7)</name>
        <styleUrl>#newPatchStyle</styleUrl>
        <Polygon><outerBoundaryIs><LinearRing><coordinates>-110.9078125,32.2321875,0 -110.90468750000001,32.2321875,0 -110.90468750000001,32.2340625,0 -110.9078125,32.2340625,0 -110.9078125,32.2321875,0</coordinates></LinearRing></outerBoundaryIs></Polygon>
      </Placemark>
      <Placemark>
        <name>Patch (15,7)</name>
        <styleUrl>#newPatchStyle</styleUrl>
        <Polygon><outerBoundaryIs><LinearRing><coordinates>-110.90468750000001,32.2321875,0 -110.90156250000001,32.2321875,0 -110.90156250000001,32.2340625,0 -110.90468750000001,32.2340625,0 -110.90468750000001,32.2321875,0</coordinates></LinearRing></outerBoundaryIs></Polygon>
      </Placemark>
      <Placemark>
        <name>Patch (16,7)</name>
        <styleUrl>#newPatchStyle</styleUrl>
        <Polygon><outerBoundaryIs><LinearRing><coordinates>-110.90156250000001,32.2321875,0 -110.8984375,32.2321875,0 -110.8984375,32.2340625,0 -110.90156250000001,32.2340625,0 -110.90156250000001,32.2321875,0</coordinates></LinearRing></outerBoundaryIs></Polygon>
      </Placemark>
      <Placemark>
        <name>Patch (-16,8)</name>
        <styleUrl>#newPatchStyle</styleUrl>
        <Polygon><outerBoundaryIs><LinearRing><coordinates>-111.0015625,32.2340625,0 -110.9984375,32.2340625,0 -110.9984375,32.2359375,0 -111.0015625,32.2359375,0 -111.0015625,32.2340625,0</coordinates></LinearRing></outerBoundaryIs></Polygon>
      </Placemark>
      <Placemark>
        <name>Patch (-15,8)</name>
        <styleUrl>#newPatchStyle</styleUrl>
        <Polygon><outerBoundaryIs><LinearRing><coordinates>-110.9984375,32.2340625,0 -110.9953125,32.2340625,0 -110.9953125,32.2359375,0 -110.9984375,32.2359375,0 -110.9984375,32.2340625,0</coordinates></LinearRing></outerBoundaryIs></Polygon>
      </Placemark>
      <Placemark>
        <name>Patch (-14,8)</name>
        <styleUrl>#newPatchStyle</styleUrl>
        <Polygon><outerBoundaryIs><LinearRing><coordinates>-110.9953125,32.2340625,0 -110.9921875,32.2340625,0 -110.9921875,32.2359375,0 -110.9953125,32.2359375,0 -110.9953125,32.2340625,0</coordinates></LinearRing></outerBoundaryIs></Polygon>
      </Placemark>
      <Placemark>
        <name>Patch (-13,8)</name>
        <styleUrl>#newPatchStyle</styleUrl>
        <Polygon><outerBoundaryIs><LinearRing><coordinates>-110.9921875,32.2340625,0 -110.9890625,32.2340625,0 -110.9890625,32.2359375,0 -110.9921875,32.2359375,0 -110.9921875,32.2340625,0</coordinates></LinearRing></outerBoundaryIs></Polygon>
      </Placemark>
      <Placemark>
        <name>Patch (-12,8)</name>
        <styleUrl>#newPatchStyle</styleUrl>
        <Polygon><outerBoundaryIs><LinearRing><coordinates>-110.9890625,32.2340625,0 -110.9859375,32.2340625,0 -110.9859375,32.2359375,0 -110.9890625,32.2359375,0 -110.9890625,32.2340625,0</coordinates></LinearRing></outerBoundaryIs></Polygon>
      </Placemark>
      <Placemark>
        <name>Patch (-11,8)</name>
        <styleUrl>#newPatchStyle</styleUrl>
        <Polygon><outerBoundaryIs><LinearRing><coordinates>-110.9859375,32.2340625,0 -110.9828125,32.2340625,0 -110.9828125,32.2359375,0 -110.9859375,32.2359375,0 -110.9859375,32.2340625,0</coordinates></LinearRing></outerBoundaryIs></Polygon>
      </Placemark>
      <Placemark>
        <name>Patch (-10,8)</name>
        <styleUrl>#newPatchStyle</styleUrl>
        <Polygon><outerBoundaryIs><LinearRing><coordinates>-110.9828125,32.2340625,0 -110.9796875,32.2340625,0 -110.9796875,32.2359375,0 -110.9828125,32.2359375,0 -110.9828125,32.2340625,0</coordinates></LinearRing></outerBoundaryIs></Polygon>
      </Placemark>
      <Placemark>
        <name>Patch (-9,8)</name>
        <styleUrl>#newPatchStyle</styleUrl>
        <Polygon><outerBoundaryIs><LinearRing><coordinates>-110.9796875,32.2340625,0 -110.9765625,32.2340625,0 -110.9765625,32.2359375,0 -110.9796875,32.2359375,0 -110.9796875,32.2340625,0</coordinates></LinearRing></outerBoundaryIs></Polygon>
      </Placemark>
      <Placemark>
        <name>Patch (-8,8)</name>
        <styleUrl>#newPatchStyle</styleUrl>
        <Polygon><outerBoundaryIs><LinearRing><coordinates>-110.9765625,32.2340625,0 -110.9734375,32.2340625,0 -110.9734375,32.2359375,0 -110.9765625,32.2359375,0 -110.9765625,32.2340625,0</coordinates></LinearRing></outerBoundaryIs></Polygon>
      </Placemark>
      <Placemark>
        <name>Patch (-7,8)</name>
        <styleUrl>#newPatchStyle</styleUrl>
        <Polygon><outerBoundaryIs><LinearRing><coordinates>-110.9734375,32.2340625,0 -110.9703125,32.2340625,0 -110.9703125,32.2359375,0 -110.9734375,32.2359375,0 -110.9734375,32.2340625,0</coordinates></LinearRing></outerBoundaryIs></Polygon>
      </Placemark>
      <Placemark>
        <name>Patch (-6,8)</name>
        <styleUrl>#newPatchStyle</styleUrl>
        <Polygon><outerBoundaryIs><LinearRing><coordinates>-110.9703125,32.2340625,0 -110.96718750000001,32.2340625,0 -110.96718750000001,32.2359375,0 -110.9703125,32.2359375,0 -110.9703125,32.2340625,0</coordinates></LinearRing></outerBoundaryIs></Polygon>
      </Placemark>
      <Placemark>
        <name>Patch (-5,8)</name>
        <styleUrl>#newPatchStyle</styleUrl>
        <Polygon><outerBoundaryIs><LinearRing><coordinates>-110.96718750000001,32.2340625,0 -110.9640625,32.2340625,0 -110.9640625,32.2359375,0 -110.96718750000001,32.2359375,0 -110.96718750000001,32.2340625,0</coordinates></LinearRing></outerBoundaryIs></Polygon>
      </Placemark>
      <Placemark>
        <name>Patch (-4,8)</name>
        <styleUrl>#newPatchStyle</styleUrl>
        <Polygon><outerBoundaryIs><LinearRing><coordinates>-110.9640625,32.2340625,0 -110.9609375,32.2340625,0 -110.9609375,32.2359375,0 -110.9640625,32.2359375,0 -110.9640625,32.2340625,0</coordinates></LinearRing></outerBoundaryIs></Polygon>
      </Placemark>
      <Placemark>
        <name>Patch (-3,8)</name>
        <styleUrl>#newPatchStyle</styleUrl>
        <Polygon><outerBoundaryIs><LinearRing><coordinates>-110.9609375,32.2340625,0 -110.9578125,32.2340625,0 -110.9578125,32.2359375,0 -110.9609375,32.2359375,0 -110.9609375,32.2340625,0</coordinates></LinearRing></outerBoundaryIs></Polygon>
      </Placemark>
      <Placemark>
        <name>Patch (-2,8)</name>
        <styleUrl>#newPatchStyle</styleUrl>
        <Polygon><outerBoundaryIs><LinearRing><coordinates>-110.9578125,32.2340625,0 -110.9546875,32.2340625,0 -110.9546875,32.2359375,0 -110.9578125,32.2359375,0 -110.9578125,32.2340625,0</coordinates></LinearRing></outerBoundaryIs></Polygon>
      </Placemark>
      <Placemark>
        <name>Patch (-1,8)</name>
        <styleUrl>#wastePatchStyle</styleUrl>
        <Polygon><outerBoundaryIs><LinearRing><coordinates>-110.9546875,32.2340625,0 -110.95156250000001,32.2340625,0 -110.95156250000001,32.2359375,0 -110.9546875,32.2359375,0 -110.9546875,32.2340625,0</coordinates></LinearRing></outerBoundaryIs></Polygon>
      </Placemark>
      <Placemark>
        <name>Patch (0,8)</name>
        <styleUrl>#newPatchStyle</styleUrl>
        <Polygon><outerBoundaryIs><LinearRing><coordinates>-110.95156250000001,32.2340625,0 -110.9484375,32.2340625,0 -110.9484375,32.2359375,0 -110.95156250000001,32.2359375,0 -110.95156250000001,32.2340625,0</coordinates></LinearRing></outerBoundaryIs></Polygon>
      </Placemark>
      <Placemark>
        <name>Patch (1,8)</name>
        <styleUrl>#newPatchStyle</styleUrl>
        <Polygon><outerBoundaryIs><LinearRing><coordinates>-110.9484375,32.2340625,0 -110.9453125,32.2340625,0 -110.9453125,32.2359375,0 -110.9484375,32.2359375,0 -110.9484375,32.2340625,0</coordinates></LinearRing></outerBoundaryIs></Polygon>
      </Placemark>
      <Placemark>
        <name>Patch (2,8)</name>
        <styleUrl>#newPatchStyle</styleUrl>
        <Polygon><outerBoundaryIs><LinearRing><coordinates>-110.9453125,32.2340625,0 -110.9421875,32.2340625,0 -110.9421875,32.2359375,0 -110.9453125,32.2359375,0 -110.9453125,32.2340625,0</coordinates></LinearRing></outerBoundaryIs></Polygon>
      </Placemark>
      <Placemark>
        <name>Patch (3,8)</name>
        <styleUrl>#newPatchStyle</styleUrl>
        <Polygon><outerBoundaryIs><LinearRing><coordinates>-110.9421875,32.2340625,0 -110.9390625,32.2340625,0 -110.9390625,32.2359375,0 -110.9421875,32.2359375,0 -110.9421875,32.2340625,0</coordinates></LinearRing></outerBoundaryIs></Polygon>
      </Placemark>
      <Placemark>
        <name>Patch (4,8)</name>
        <styleUrl>#newPatchStyle</styleUrl>
        <Polygon><outerBoundaryIs><LinearRing><coordinates>-110.9390625,32.2340625,0 -110.93593750000001,32.2340625,0 -110.93593750000001,32.2359375,0 -110.9390625,32.2359375,0 -110.9390625,32.2340625,0</coordinates></LinearRing></outerBoundaryIs></Polygon>
      </Placemark>
      <Placemark>
        <name>Patch (5,8)</name>
        <styleUrl>#newPatchStyle</styleUrl>
        <Polygon><outerBoundaryIs><LinearRing><coordinates>-110.93593750000001,32.2340625,0 -110.9328125,32.2340625,0 -110.9328125,32.2359375,0 -110.93593750000001,32.2359375,0 -110.93593750000001,32.2340625,0</coordinates></LinearRing></outerBoundaryIs></Polygon>
      </Placemark>
      <Placemark>
        <name>Patch (6,8)</name>
        <styleUrl>#newPatchStyle</styleUrl>
        <Polygon><outerBoundaryIs><LinearRing><coordinates>-110.9328125,32.2340625,0 -110.9296875,32.2340625,0 -110.9296875,32.2359375,0 -110.9328125,32.2359375,0 -110.9328125,32.2340625,0</coordinates></LinearRing></outerBoundaryIs></Polygon>
      </Placemark>
      <Placemark>
        <name>Patch (7,8)</name>
        <styleUrl>#wastePatchStyle</styleUrl>
        <Polygon><outerBoundaryIs><LinearRing><coordinates>-110.9296875,32.2340625,0 -110.9265625,32.2340625,0 -110.9265625,32.2359375,0 -110.9296875,32.2359375,0 -110.9296875,32.2340625,0</coordinates></LinearRing></outerBoundaryIs></Polygon>
      </Placemark>
      <Placemark>
        <name>Patch (8,8)</name>
        <styleUrl>#newPatchStyle</styleUrl>
        <Polygon><outerBoundaryIs><LinearRing><coordinates>-110.9265625,32.2340625,0 -110.9234375,32.2340625,0 -110.9234375,32.2359375,0 -110.9265625,32.2359375,0 -110.9265625,32.2340625,0</coordinates></LinearRing></outerBoundaryIs></Polygon>
      </Placemark>
      <Placemark>
        <name>Patch (9,8)</name>
        <styleUrl>#newPatchStyle</styleUrl>
        <Polygon><outerBoundaryIs><LinearRing><coordinates>-110.9234375,32.2340625,0 -110.92031250000001,32.2340625,0 -110.92031250000001,32.2359375,0 -110.9234375,32.2359375,0 -110.9234375,32.2340625,0</coordinates></LinearRing></outerBoundaryIs></Polygon>
      </Placemark>
      <Placemark>
        <name>Patch (10,8)</name>
        <styleUrl>#newPatchStyle</styleUrl>
        <Polygon><outerBoundaryIs><LinearRing><coordinates>-110.92031250000001,32.2340625,0 -110.91718750000001,32.2340625,0 -110.91718750000001,32.2359375,0 -110.92031250000001,32.2359375,0 -110.92031250000001,32.2340625,0</coordinates></LinearRing></outerBoundaryIs></Polygon>
      </Placemark>
      <Placemark>
        <name>Patch (11,8)</name>
        <styleUrl>#newPatchStyle</styleUrl>
        <Polygon><outerBoundaryIs><LinearRing><coordinates>-110.91718750000001,32.2340625,0 -110.9140625,32.2340625,0 -110.9140625,32.2359375,0 -110.91718750000001,32.2359375,0 -110.91718750000001,32.2340625,0</coordinates></LinearRing></outerBoundaryIs></Polygon>
      </Placemark>
      <Placemark>
        <name>Patch (12,8)</name>
        <styleUrl>#newPatchStyle</styleUrl>
        <Polygon><outerBoundaryIs><LinearRing><coordinates>-110.9140625,32.2340625,0 -110.9109375,32.2340625,0 -110.9109375,32.2359375,0 -110.9140625,32.2359375,0 -110.9140625,32.2340625,0</coordinates></LinearRing></outerBoundaryIs></Polygon>
      </Placemark>
      <Placemark>
        <name>Patch (13,8)</name>
        <styleUrl>#newPatchStyle</styleUrl>
        <Polygon><outerBoundaryIs><LinearRing><coordinates>-110.9109375,32.2340625,0 -110.9078125,32.2340625,0 -110.9078125,32.2359375,0 -110.9109375,32.2359375,0 -110.9109375,32.2340625,0</coordinates></LinearRing></outerBoundaryIs></Polygon>
      </Placemark>
      <Placemark>
        <name>Patch (14,8)</name>
        <styleUrl>#newPatchStyle</styleUrl>
        <Polygon><outerBoundaryIs><LinearRing><coordinates>-110.9078125,32.2340625,0 -110.90468750000001,32.2340625,0 -110.90468750000001,32.2359375,0 -110.9078125,32.2359375,0 -110.9078125,32.2340625,0</coordinates></LinearRing></outerBoundaryIs></Polygon>
      </Placemark>
      <Placemark>
        <name>Patch (15,8)</name>
        <styleUrl>#newPatchStyle</styleUrl>
        <Polygon><outerBoundaryIs><LinearRing><coordinates>-110.90468750000001,32.2340625,0 -110.90156250000001,32.2340625,0 -110.90156250000001,32.2359375,0 -110.90468750000001,32.2359375,0 -110.90468750000001,32.2340625,0</coordinates></LinearRing></outerBoundaryIs></Polygon>
      </Placemark>
      <Placemark>
        <name>Patch (16,8)</name>
        <styleUrl>#newPatchStyle</styleUrl>
        <Polygon><outerBoundaryIs><LinearRing><coordinates>-110.90156250000001,32.2340625,0 -110.8984375,32.2340625,0 -110.8984375,32.2359375,0 -110.90156250000001,32.2359375,0 -110.90156250000001,32.2340625,0</coordinates></LinearRing></outerBoundaryIs></Polygon>
      </Placemark>
      <Placemark>
        <name>Patch (-16,9)</name>
        <styleUrl>#newPatchStyle</styleUrl>
        <Polygon><outerBoundaryIs><LinearRing><coordinates>-111.0015625,32.2359375,0 -110.9984375,32.2359375,0 -110.9984375,32.2378125,0 -111.0015625,32.2378125,0 -111.0015625,32.2359375,0</coordinates></LinearRing></outerBoundaryIs></Polygon>
      </Placemark>
      <Placemark>
        <name>Patch (-15,9)</name>
        <styleUrl>#newPatchStyle</styleUrl>
        <Polygon><outerBoundaryIs><LinearRing><coordinates>-110.9984375,32.2359375,0 -110.9953125,32.2359375,0 -110.9953125,32.2378125,0 -110.9984375,32.2378125,0 -110.9984375,32.2359375,0</coordinates></LinearRing></outerBoundaryIs></Polygon>
      </Placemark>
      <Placemark>
        <name>Patch (-14,9)</name>
        <styleUrl>#newPatchStyle</styleUrl>
        <Polygon><outerBoundaryIs><LinearRing><coordinates>-110.9953125,32.2359375,0 -110.9921875,32.2359375,0 -110.9921875,32.2378125,0 -110.9953125,32.2378125,0 -110.9953125,32.2359375,0</coordinates></LinearRing></outerBoundaryIs></Polygon>
      </Placemark>
      <Placemark>
        <name>Patch (-13,9)</name>
        <styleUrl>#newPatchStyle</styleUrl>
        <Polygon><outerBoundaryIs><LinearRing><coordinates>-110.9921875,32.2359375,0 -110.9890625,32.2359375,0 -110.9890625,32.2378125,0 -110.9921875,32.2378125,0 -110.9921875,32.2359375,0</coordinates></LinearRing></outerBoundaryIs></Polygon>
      </Placemark>
      <Placemark>
        <name>Patch (-12,9)</name>
        <styleUrl>#newPatchStyle</styleUrl>
        <Polygon><outerBoundaryIs><LinearRing><coordinates>-110.9890625,32.2359375,0 -110.9859375,32.2359375,0 -110.9859375,32.2378125,0 -110.9890625,32.2378125,0 -110.9890625,32.2359375,0</coordinates></LinearRing></outerBoundaryIs></Polygon>
      </Placemark>
      <Placemark>
        <name>Patch (-11,9)</name>
        <styleUrl>#newPatchStyle</styleUrl>
        <Polygon><outerBoundaryIs><LinearRing><coordinates>-110.9859375,32.2359375,0 -110.9828125,32.2359375,0 -110.9828125,32.2378125,0 -110.9859375,32.2378125,0 -110.9859375,32.2359375,0</coordinates></LinearRing></outerBoundaryIs></Polygon>
      </Placemark>
      <Placemark>
        <name>Patch (-10,9)</name>
        <styleUrl>#newPatchStyle</styleUrl>
        <Polygon><outerBoundaryIs><LinearRing><coordinates>-110.9828125,32.2359375,0 -110.9796875,32.2359375,0 -110.9796875,32.2378125,0 -110.9828125,32.2378125,0 -110.9828125,32.2359375,0</coordinates></LinearRing></outerBoundaryIs></Polygon>
      </Placemark>
      <Placemark>
        <name>Patch (-9,9)</name>
        <styleUrl>#newPatchStyle</styleUrl>
        <Polygon><outerBoundaryIs><LinearRing><coordinates>-110.9796875,32.2359375,0 -110.9765625,32.2359375,0 -110.9765625,32.2378125,0 -110.9796875,32.2378125,0 -110.9796875,32.2359375,0</coordinates></LinearRing></outerBoundaryIs></Polygon>
      </Placemark>
      <Placemark>
        <name>Patch (-8,9)</name>
        <styleUrl>#newPatchStyle</styleUrl>
        <Polygon><outerBoundaryIs><LinearRing><coordinates>-110.9765625,32.2359375,0 -110.9734375,32.2359375,0 -110.9734375,32.2378125,0 -110.9765625,32.2378125,0 -110.9765625,32.2359375,0</coordinates></LinearRing></outerBoundaryIs></Polygon>
      </Placemark>
      <Placemark>
        <name>Patch (-7,9)</name>
        <styleUrl>#newPatchStyle</styleUrl>
        <Polygon><outerBoundaryIs><LinearRing><coordinates>-110.9734375,32.2359375,0 -110.9703125,32.2359375,0 -110.9703125,32.2378125,0 -110.9734375,32.2378125,0 -110.9734375,32.2359375,0</coordinates></LinearRing></outerBoundaryIs></Polygon>
      </Placemark>
      <Placemark>
        <name>Patch (-6,9)</name>
        <styleUrl>#newPatchStyle</styleUrl>
        <Polygon><outerBoundaryIs><LinearRing><coordinates>-110.9703125,32.2359375,0 -110.96718750000001,32.2359375,0 -110.96718750000001,32.2378125,0 -110.9703125,32.2378125,0 -110.9703125,32.2359375,0</coordinates></LinearRing></outerBoundaryIs></Polygon>
      </Placemark>
      <Placemark>
        <name>Patch (-5,9)</name>
        <styleUrl>#newPatchStyle</styleUrl>
        <Polygon><outerBoundaryIs><LinearRing><coordinates>-110.96718750000001,32.2359375,0 -110.9640625,32.2359375,0 -110.9640625,32.2378125,0 -110.96718750000001,32.2378125,0 -110.96718750000001,32.2359375,0</coordinates></LinearRing></outerBoundaryIs></Polygon>
      </Placemark>
      <Placemark>
        <name>Patch (-4,9)</name>
        <styleUrl>#newPatchStyle</styleUrl>
        <Polygon><outerBoundaryIs><LinearRing><coordinates>-110.9640625,32.2359375,0 -110.9609375,32.2359375,0 -110.9609375,32.2378125,0 -110.9640625,32.2378125,0 -110.9640625,32.2359375,0</coordinates></LinearRing></outerBoundaryIs></Polygon>
      </Placemark>
      <Placemark>
        <name>Patch (-3,9)</name>
        <styleUrl>#newPatchStyle</styleUrl>
        <Polygon><outerBoundaryIs><LinearRing><coordinates>-110.9609375,32.2359375,0 -110.9578125,32.2359375,0 -110.9578125,32.2378125,0 -110.9609375,32.2378125,0 -110.9609375,32.2359375,0</coordinates></LinearRing></outerBoundaryIs></Polygon>
      </Placemark>
      <Placemark>
        <name>Patch (-2,9)</name>
        <styleUrl>#newPatchStyle</styleUrl>
        <Polygon><outerBoundaryIs><LinearRing><coordinates>-110.9578125,32.2359375,0 -110.9546875,32.2359375,0 -110.9546875,32.2378125,0 -110.9578125,32.2378125,0 -110.9578125,32.2359375,0</coordinates></LinearRing></outerBoundaryIs></Polygon>
      </Placemark>
      <Placemark>
        <name>Patch (-1,9)</name>
        <styleUrl>#newPatchStyle</styleUrl>
        <Polygon><outerBoundaryIs><LinearRing><coordinates>-110.9546875,32.2359375,0 -110.95156250000001,32.2359375,0 -110.95156250000001,32.2378125,0 -110.9546875,32.2378125,0 -110.9546875,32.2359375,0</coordinates></LinearRing></outerBoundaryIs></Polygon>
      </Placemark>
      <Placemark>
        <name>Patch (0,9)</name>
        <styleUrl>#newPatchStyle</styleUrl>
        <Polygon><outerBoundaryIs><LinearRing><coordinates>-110.95156250000001,32.2359375,0 -110.9484375,32.2359375,0 -110.9484375,32.2378125,0 -110.95156250000001,32.2378125,0 -110.95156250000001,32.2359375,0</coordinates></LinearRing></outerBoundaryIs></Polygon>
      </Placemark>
      <Placemark>
        <name>Patch (1,9)</name>
        <styleUrl>#newPatchStyle</styleUrl>
        <Polygon><outerBoundaryIs><LinearRing><coordinates>-110.9484375,32.2359375,0 -110.9453125,32.2359375,0 -110.9453125,32.2378125,0 -110.9484375,32.2378125,0 -110.9484375,32.2359375,0</coordinates></LinearRing></outerBoundaryIs></Polygon>
      </Placemark>
      <Placemark>
        <name>Patch (2,9)</name>
        <styleUrl>#newPatchStyle</styleUrl>
        <Polygon><outerBoundaryIs><LinearRing><coordinates>-110.9453125,32.2359375,0 -110.9421875,32.2359375,0 -110.9421875,32.2378125,0 -110.9453125,32.2378125,0 -110.9453125,32.2359375,0</coordinates></LinearRing></outerBoundaryIs></Polygon>
      </Placemark>
      <Placemark>
        <name>Patch (3,9)</name>
        <styleUrl>#newPatchStyle</styleUrl>
        <Polygon><outerBoundaryIs><LinearRing><coordinates>-110.9421875,32.2359375,0 -110.9390625,32.2359375,0 -110.9390625,32.2378125,0 -110.9421875,32.2378125,0 -110.9421875,32.2359375,0</coordinates></LinearRing></outerBoundaryIs></Polygon>
      </Placemark>
      <Placemark>
        <name>Patch (4,9)</name>
        <styleUrl>#newPatchStyle</styleUrl>
        <Polygon><outerBoundaryIs><LinearRing><coordinates>-110.9390625,32.2359375,0 -110.93593750000001,32.2359375,0 -110.93593750000001,32.2378125,0 -110.9390625,32.2378125,0 -110.9390625,32.2359375,0</coordinates></LinearRing></outerBoundaryIs></Polygon>
      </Placemark>
      <Placemark>
        <name>Patch (5,9)</name>
        <styleUrl>#newPatchStyle</styleUrl>
        <Polygon><outerBoundaryIs><LinearRing><coordinates>-110.93593750000001,32.2359375,0 -110.9328125,32.2359375,0 -110.9328125,32.2378125,0 -110.93593750000001,32.2378125,0 -110.93593750000001,32.2359375,0</coordinates></LinearRing></outerBoundaryIs></Polygon>
      </Placemark>
      <Placemark>
        <name>Patch (6,9)</name>
        <styleUrl>#newPatchStyle</styleUrl>
        <Polygon><outerBoundaryIs><LinearRing><coordinates>-110.9328125,32.2359375,0 -110.9296875,32.2359375,0 -110.9296875,32.2378125,0 -110.9328125,32.2378125,0 -110.9328125,32.2359375,0</coordinates></LinearRing></outerBoundaryIs></Polygon>
      </Placemark>
      <Placemark>
        <name>Patch (7,9)</name>
        <styleUrl>#wastePatchStyle</styleUrl>
        <Polygon><outerBoundaryIs><LinearRing><coordinates>-110.9296875,32.2359375,0 -110.9265625,32.2359375,0 -110.9265625,32.2378125,0 -110.9296875,32.2378125,0 -110.9296875,32.2359375,0</coordinates></LinearRing></outerBoundaryIs></Polygon>
      </Placemark>
      <Placemark>
        <name>Patch (8,9)</name>
        <styleUrl>#wastePatchStyle</styleUrl>
        <Polygon><outerBoundaryIs><LinearRing><coordinates>-110.9265625,32.2359375,0 -110.9234375,32.2359375,0 -110.9234375,32.2378125,0 -110.9265625,32.2378125,0 -110.9265625,32.2359375,0</coordinates></LinearRing></outerBoundaryIs></Polygon>
      </Placemark>
      <Placemark>
        <name>Patch (9,9)</name>
        <styleUrl>#newPatchStyle</styleUrl>
        <Polygon><outerBoundaryIs><LinearRing><coordinates>-110.9234375,32.2359375,0 -110.92031250000001,32.2359375,0 -110.92031250000001,32.2378125,0 -110.9234375,32.2378125,0 -110.9234375,32.2359375,0</coordinates></LinearRing></outerBoundaryIs></Polygon>
      </Placemark>
      <Placemark>
        <name>Patch (10,9)</name>
        <styleUrl>#newPatchStyle</styleUrl>
        <Polygon><outerBoundaryIs><LinearRing><coordinates>-110.92031250000001,32.2359375,0 -110.91718750000001,32.2359375,0 -110.91718750000001,32.2378125,0 -110.92031250000001,32.2378125,0 -110.92031250000001,32.2359375,0</coordinates></LinearRing></outerBoundaryIs></Polygon>
      </Placemark>
      <Placemark>
        <name>Patch (11,9)</name>
        <styleUrl>#newPatchStyle</styleUrl>
        <Polygon><outerBoundaryIs><LinearRing><coordinates>-110.91718750000001,32.2359375,0 -110.9140625,32.2359375,0 -110.9140625,32.2378125,0 -110.91718750000001,32.2378125,0 -110.91718750000001,32.2359375,0</coordinates></LinearRing></outerBoundaryIs></Polygon>
      </Placemark>
      <Placemark>
        <name>Patch (12,9)</name>
        <styleUrl>#newPatchStyle</styleUrl>
        <Polygon><outerBoundaryIs><LinearRing><coordinates>-110.9140625,32.2359375,0 -110.9109375,32.2359375,0 -110.9109375,32.2378125,0 -110.9140625,32.2378125,0 -110.9140625,32.2359375,0</coordinates></LinearRing></outerBoundaryIs></Polygon>
      </Placemark>
      <Placemark>
        <name>Patch (13,9)</name>
        <styleUrl>#newPatchStyle</styleUrl>
        <Polygon><outerBoundaryIs><LinearRing><coordinates>-110.9109375,32.2359375,0 -110.9078125,32.2359375,0 -110.9078125,32.2378125,0 -110.9109375,32.2378125,0 -110.9109375,32.2359375,0</coordinates></LinearRing></outerBoundaryIs></Polygon>
      </Placemark>
      <Placemark>
        <name>Patch (14,9)</name>
        <styleUrl>#newPatchStyle</styleUrl>
        <Polygon><outerBoundaryIs><LinearRing><coordinates>-110.9078125,32.2359375,0 -110.90468750000001,32.2359375,0 -110.90468750000001,32.2378125,0 -110.9078125,32.2378125,0 -110.9078125,32.2359375,0</coordinates></LinearRing></outerBoundaryIs></Polygon>
      </Placemark>
      <Placemark>
        <name>Patch (15,9)</name>
        <styleUrl>#newPatchStyle</styleUrl>
        <Polygon><outerBoundaryIs><LinearRing><coordinates>-110.90468750000001,32.2359375,0 -110.90156250000001,32.2359375,0 -110.90156250000001,32.2378125,0 -110.90468750000001,32.2378125,0 -110.90468750000001,32.2359375,0</coordinates></LinearRing></outerBoundaryIs></Polygon>
      </Placemark>
      <Placemark>
        <name>Patch (16,9)</name>
        <styleUrl>#newPatchStyle</styleUrl>
        <Polygon><outerBoundaryIs><LinearRing><coordinates>-110.90156250000001,32.2359375,0 -110.8984375,32.2359375,0 -110.8984375,32.2378125,0 -110.90156250000001,32.2378125,0 -110.90156250000001,32.2359375,0</coordinates></LinearRing></outerBoundaryIs></Polygon>
      </Placemark>
      <Placemark>
        <name>Patch (-16,10)</name>
        <styleUrl>#newPatchStyle</styleUrl>
        <Polygon><outerBoundaryIs><LinearRing><coordinates>-111.0015625,32.2378125,0 -110.9984375,32.2378125,0 -110.9984375,32.2396875,0 -111.0015625,32.2396875,0 -111.0015625,32.2378125,0</coordinates></LinearRing></outerBoundaryIs></Polygon>
      </Placemark>
      <Placemark>
        <name>Patch (-15,10)</name>
        <styleUrl>#newPatchStyle</styleUrl>
        <Polygon><outerBoundaryIs><LinearRing><coordinates>-110.9984375,32.2378125,0 -110.9953125,32.2378125,0 -110.9953125,32.2396875,0 -110.9984375,32.2396875,0 -110.9984375,32.2378125,0</coordinates></LinearRing></outerBoundaryIs></Polygon>
      </Placemark>
      <Placemark>
        <name>Patch (-14,10)</name>
        <styleUrl>#newPatchStyle</styleUrl>
        <Polygon><outerBoundaryIs><LinearRing><coordinates>-110.9953125,32.2378125,0 -110.9921875,32.2378125,0 -110.9921875,32.2396875,0 -110.9953125,32.2396875,0 -110.9953125,32.2378125,0</coordinates></LinearRing></outerBoundaryIs></Polygon>
      </Placemark>
      <Placemark>
        <name>Patch (-13,10)</name>
        <styleUrl>#newPatchStyle</styleUrl>
        <Polygon><outerBoundaryIs><LinearRing><coordinates>-110.9921875,32.2378125,0 -110.9890625,32.2378125,0 -110.9890625,32.2396875,0 -110.9921875,32.2396875,0 -110.9921875,32.2378125,0</coordinates></LinearRing></outerBoundaryIs></Polygon>
      </Placemark>
      <Placemark>
        <name>Patch (-12,10)</name>
        <styleUrl>#newPatchStyle</styleUrl>
        <Polygon><outerBoundaryIs><LinearRing><coordinates>-110.9890625,32.2378125,0 -110.9859375,32.2378125,0 -110.9859375,32.2396875,0 -110.9890625,32.2396875,0 -110.9890625,32.2378125,0</coordinates></LinearRing></outerBoundaryIs></Polygon>
      </Placemark>
      <Placemark>
        <name>Patch (-11,10)</name>
        <styleUrl>#newPatchStyle</styleUrl>
        <Polygon><outerBoundaryIs><LinearRing><coordinates>-110.9859375,32.2378125,0 -110.9828125,32.2378125,0 -110.9828125,32.2396875,0 -110.9859375,32.2396875,0 -110.9859375,32.2378125,0</coordinates></LinearRing></outerBoundaryIs></Polygon>
      </Placemark>
      <Placemark>
        <name>Patch (-10,10)</name>
        <styleUrl>#newPatchStyle</styleUrl>
        <Polygon><outerBoundaryIs><LinearRing><coordinates>-110.9828125,32.2378125,0 -110.9796875,32.2378125,0 -110.9796875,32.2396875,0 -110.9828125,32.2396875,0 -110.9828125,32.2378125,0</coordinates></LinearRing></outerBoundaryIs></Polygon>
      </Placemark>
      <Placemark>
        <name>Patch (-9,10)</name>
        <styleUrl>#newPatchStyle</styleUrl>
        <Polygon><outerBoundaryIs><LinearRing><coordinates>-110.9796875,32.2378125,0 -110.9765625,32.2378125,0 -110.9765625,32.2396875,0 -110.9796875,32.2396875,0 -110.9796875,32.2378125,0</coordinates></LinearRing></outerBoundaryIs></Polygon>
      </Placemark>
      <Placemark>
        <name>Patch (-8,10)</name>
        <styleUrl>#newPatchStyle</styleUrl>
        <Polygon><outerBoundaryIs><LinearRing><coordinates>-110.9765625,32.2378125,0 -110.9734375,32.2378125,0 -110.9734375,32.2396875,0 -110.9765625,32.2396875,0 -110.9765625,32.2378125,0</coordinates></LinearRing></outerBoundaryIs></Polygon>
      </Placemark>
      <Placemark>
        <name>Patch (-7,10)</name>
        <styleUrl>#recycledPatchStyle</styleUrl>
        <Polygon><outerBoundaryIs><LinearRing><coordinates>-110.9734375,32.2378125,0 -110.9703125,32.2378125,0 -110.9703125,32.2396875,0 -110.9734375,32.2396875,0 -110.9734375,32.2378125,0</coordinates></LinearRing></outerBoundaryIs></Polygon>
      </Placemark>
      <Placemark>
        <name>Patch (-6,10)</name>
        <styleUrl>#newPatchStyle</styleUrl>
        <Polygon><outerBoundaryIs><LinearRing><coordinates>-110.9703125,32.2378125,0 -110.96718750000001,32.2378125,0 -110.96718750000001,32.2396875,0 -110.9703125,32.2396875,0 -110.9703125,32.2378125,0</coordinates></LinearRing></outerBoundaryIs></Polygon>
      </Placemark>
      <Placemark>
        <name>Patch (-5,10)</name>
        <styleUrl>#recycledPatchStyle</styleUrl>
        <Polygon><outerBoundaryIs><LinearRing><coordinates>-110.96718750000001,32.2378125,0 -110.9640625,32.2378125,0 -110.9640625,32.2396875,0 -110.96718750000001,32.2396875,0 -110.96718750000001,32.2378125,0</coordinates></LinearRing></outerBoundaryIs></Polygon>
      </Placemark>
      <Placemark>
        <name>Patch (-4,10)</name>
        <styleUrl>#wastePatchStyle</styleUrl>
        <Polygon><outerBoundaryIs><LinearRing><coordinates>-110.9640625,32.2378125,0 -110.9609375,32.2378125,0 -110.9609375,32.2396875,0 -110.9640625,32.2396875,0 -110.9640625,32.2378125,0</coordinates></LinearRing></outerBoundaryIs></Polygon>
      </Placemark>
      <Placemark>
        <name>Patch (-3,10)</name>
        <styleUrl>#newPatchStyle</styleUrl>
        <Polygon><outerBoundaryIs><LinearRing><coordinates>-110.9609375,32.2378125,0 -110.9578125,32.2378125,0 -110.9578125,32.2396875,0 -110.9609375,32.2396875,0 -110.9609375,32.2378125,0</coordinates></LinearRing></outerBoundaryIs></Polygon>
      </Placemark>
      <Placemark>
        <name>Patch (-2,10)</name>
        <styleUrl>#newPatchStyle</styleUrl>
        <Polygon><outerBoundaryIs><LinearRing><coordinates>-110.9578125,32.2378125,0 -110.9546875,32.2378125,0 -110.9546875,32.2396875,0 -110.9578125,32.2396875,0 -110.9578125,32.2378125,0</coordinates></LinearRing></outerBoundaryIs></Polygon>
      </Placemark>
      <Placemark>
        <name>Patch (-1,10)</name>
        <styleUrl>#newPatchStyle</styleUrl>
        <Polygon><outerBoundaryIs><LinearRing><coordinates>-110.9546875,32.2378125,0 -110.95156250000001,32.2378125,0 -110.95156250000001,32.2396875,0 -110.9546875,32.2396875,0 -110.9546875,32.2378125,0</coordinates></LinearRing></outerBoundaryIs></Polygon>
      </Placemark>
      <Placemark>
        <name>Patch (0,10)</name>
        <styleUrl>#newPatchStyle</styleUrl>
        <Polygon><outerBoundaryIs><LinearRing><coordinates>-110.95156250000001,32.2378125,0 -110.9484375,32.2378125,0 -110.9484375,32.2396875,0 -110.95156250000001,32.2396875,0 -110.95156250000001,32.2378125,0</coordinates></LinearRing></outerBoundaryIs></Polygon>
      </Placemark>
      <Placemark>
        <name>Patch (1,10)</name>
        <styleUrl>#newPatchStyle</styleUrl>
        <Polygon><outerBoundaryIs><LinearRing><coordinates>-110.9484375,32.2378125,0 -110.9453125,32.2378125,0 -110.9453125,32.2396875,0 -110.9484375,32.2396875,0 -110.9484375,32.2378125,0</coordinates></LinearRing></outerBoundaryIs></Polygon>
      </Placemark>
      <Placemark>
        <name>Patch (2,10)</name>
        <styleUrl>#newPatchStyle</styleUrl>
        <Polygon><outerBoundaryIs><LinearRing><coordinates>-110.9453125,32.2378125,0 -110.9421875,32.2378125,0 -110.9421875,32.2396875,0 -110.9453125,32.2396875,0 -110.9453125,32.2378125,0</coordinates></LinearRing></outerBoundaryIs></Polygon>
      </Placemark>
      <Placemark>
        <name>Patch (3,10)</name>
        <styleUrl>#newPatchStyle</styleUrl>
        <Polygon><outerBoundaryIs><LinearRing><coordinates>-110.9421875,32.2378125,0 -110.9390625,32.2378125,0 -110.9390625,32.2396875,0 -110.9421875,32.2396875,0 -110.9421875,32.2378125,0</coordinates></LinearRing></outerBoundaryIs></Polygon>
      </Placemark>
      <Placemark>
        <name>Patch (4,10)</name>
        <styleUrl>#newPatchStyle</styleUrl>
        <Polygon><outerBoundaryIs><LinearRing><coordinates>-110.9390625,32.2378125,0 -110.93593750000001,32.2378125,0 -110.93593750000001,32.2396875,0 -110.9390625,32.2396875,0 -110.9390625,32.2378125,0</coordinates></LinearRing></outerBoundaryIs></Polygon>
      </Placemark>
      <Placemark>
        <name>Patch (5,10)</name>
        <styleUrl>#newPatchStyle</styleUrl>
        <Polygon><outerBoundaryIs><LinearRing><coordinates>-110.93593750000001,32.2378125,0 -110.9328125,32.2378125,0 -110.9328125,32.2396875,0 -110.93593750000001,32.2396875,0 -110.93593750000001,32.2378125,0</coordinates></LinearRing></outerBoundaryIs></Polygon>
      </Placemark>
      <Placemark>
        <name>Patch (6,10)</name>
        <styleUrl>#newPatchStyle</styleUrl>
        <Polygon><outerBoundaryIs><LinearRing><coordinates>-110.9328125,32.2378125,0 -110.9296875,32.2378125,0 -110.9296875,32.2396875,0 -110.9328125,32.2396875,0 -110.9328125,32.2378125,0</coordinates></LinearRing></outerBoundaryIs></Polygon>
      </Placemark>
      <Placemark>
        <name>Patch (7,10)</name>
        <styleUrl>#wastePatchStyle</styleUrl>
        <Polygon><outerBoundaryIs><LinearRing><coordinates>-110.9296875,32.2378125,0 -110.9265625,32.2378125,0 -110.9265625,32.2396875,0 -110.9296875,32.2396875,0 -110.9296875,32.2378125,0</coordinates></LinearRing></outerBoundaryIs></Polygon>
      </Placemark>
      <Placemark>
        <name>Patch (8,10)</name>
        <styleUrl>#wastePatchStyle</styleUrl>
        <Polygon><outerBoundaryIs><LinearRing><coordinates>-110.9265625,32.2378125,0 -110.9234375,32.2378125,0 -110.9234375,32.2396875,0 -110.9265625,32.2396875,0 -110.9265625,32.2378125,0</coordinates></LinearRing></outerBoundaryIs></Polygon>
      </Placemark>
      <Placemark>
        <name>Patch (9,10)</name>
        <styleUrl>#wastePatchStyle</styleUrl>
        <Polygon><outerBoundaryIs><LinearRing><coordinates>-110.9234375,32.2378125,0 -110.92031250000001,32.2378125,0 -110.92031250000001,32.2396875,0 -110.9234375,32.2396875,0 -110.9234375,32.2378125,0</coordinates></LinearRing></outerBoundaryIs></Polygon>
      </Placemark>
      <Placemark>
        <name>Patch (10,10)</name>
        <styleUrl>#newPatchStyle</styleUrl>
        <Polygon><outerBoundaryIs><LinearRing><coordinates>-110.92031250000001,32.2378125,0 -110.91718750000001,32.2378125,0 -110.91718750000001,32.2396875,0 -110.92031250000001,32.2396875,0 -110.92031250000001,32.2378125,0</coordinates></LinearRing></outerBoundaryIs></Polygon>
      </Placemark>
      <Placemark>
        <name>Patch (11,10)</name>
        <styleUrl>#newPatchStyle</styleUrl>
        <Polygon><outerBoundaryIs><LinearRing><coordinates>-110.91718750000001,32.2378125,0 -110.9140625,32.2378125,0 -110.9140625,32.2396875,0 -110.91718750000001,32.2396875,0 -110.91718750000001,32.2378125,0</coordinates></LinearRing></outerBoundaryIs></Polygon>
      </Placemark>
      <Placemark>
        <name>Patch (12,10)</name>
        <styleUrl>#newPatchStyle</styleUrl>
        <Polygon><outerBoundaryIs><LinearRing><coordinates>-110.9140625,32.2378125,0 -110.9109375,32.2378125,0 -110.9109375,32.2396875,0 -110.9140625,32.2396875,0 -110.9140625,32.2378125,0</coordinates></LinearRing></outerBoundaryIs></Polygon>
      </Placemark>
      <Placemark>
        <name>Patch (13,10)</name>
        <styleUrl>#newPatchStyle</styleUrl>
        <Polygon><outerBoundaryIs><LinearRing><coordinates>-110.9109375,32.2378125,0 -110.9078125,32.2378125,0 -110.9078125,32.2396875,0 -110.9109375,32.2396875,0 -110.9109375,32.2378125,0</coordinates></LinearRing></outerBoundaryIs></Polygon>
      </Placemark>
      <Placemark>
        <name>Patch (14,10)</name>
        <styleUrl>#newPatchStyle</styleUrl>
        <Polygon><outerBoundaryIs><LinearRing><coordinates>-110.9078125,32.2378125,0 -110.90468750000001,32.2378125,0 -110.90468750000001,32.2396875,0 -110.9078125,32.2396875,0 -110.9078125,32.2378125,0</coordinates></LinearRing></outerBoundaryIs></Polygon>
      </Placemark>
      <Placemark>
        <name>Patch (15,10)</name>
        <styleUrl>#newPatchStyle</styleUrl>
        <Polygon><outerBoundaryIs><LinearRing><coordinates>-110.90468750000001,32.2378125,0 -110.90156250000001,32.2378125,0 -110.90156250000001,32.2396875,0 -110.90468750000001,32.2396875,0 -110.90468750000001,32.2378125,0</coordinates></LinearRing></outerBoundaryIs></Polygon>
      </Placemark>
      <Placemark>
        <name>Patch (16,10)</name>
        <styleUrl>#newPatchStyle</styleUrl>
        <Polygon><outerBoundaryIs><LinearRing><coordinates>-110.90156250000001,32.2378125,0 -110.8984375,32.2378125,0 -110.8984375,32.2396875,0 -110.90156250000001,32.2396875,0 -110.90156250000001,32.2378125,0</coordinates></LinearRing></outerBoundaryIs></Polygon>
      </Placemark>
      <Placemark>
        <name>Patch (-16,11)</name>
        <styleUrl>#newPatchStyle</styleUrl>
        <Polygon><outerBoundaryIs><LinearRing><coordinates>-111.0015625,32.2396875,0 -110.9984375,32.2396875,0 -110.9984375,32.2415625,0 -111.0015625,32.2415625,0 -111.0015625,32.2396875,0</coordinates></LinearRing></outerBoundaryIs></Polygon>
      </Placemark>
      <Placemark>
        <name>Patch (-15,11)</name>
        <styleUrl>#newPatchStyle</styleUrl>
        <Polygon><outerBoundaryIs><LinearRing><coordinates>-110.9984375,32.2396875,0 -110.9953125,32.2396875,0 -110.9953125,32.2415625,0 -110.9984375,32.2415625,0 -110.9984375,32.2396875,0</coordinates></LinearRing></outerBoundaryIs></Polygon>
      </Placemark>
      <Placemark>
        <name>Patch (-14,11)</name>
        <styleUrl>#newPatchStyle</styleUrl>
        <Polygon><outerBoundaryIs><LinearRing><coordinates>-110.9953125,32.2396875,0 -110.9921875,32.2396875,0 -110.9921875,32.2415625,0 -110.9953125,32.2415625,0 -110.9953125,32.2396875,0</coordinates></LinearRing></outerBoundaryIs></Polygon>
      </Placemark>
      <Placemark>
        <name>Patch (-13,11)</name>
        <styleUrl>#newPatchStyle</styleUrl>
        <Polygon><outerBoundaryIs><LinearRing><coordinates>-110.9921875,32.2396875,0 -110.9890625,32.2396875,0 -110.9890625,32.2415625,0 -110.9921875,32.2415625,0 -110.9921875,32.2396875,0</coordinates></LinearRing></outerBoundaryIs></Polygon>
      </Placemark>
      <Placemark>
        <name>Patch (-12,11)</name>
        <styleUrl>#newPatchStyle</styleUrl>
        <Polygon><outerBoundaryIs><LinearRing><coordinates>-110.9890625,32.2396875,0 -110.9859375,32.2396875,0 -110.9859375,32.2415625,0 -110.9890625,32.2415625,0 -110.9890625,32.2396875,0</coordinates></LinearRing></outerBoundaryIs></Polygon>
      </Placemark>
      <Placemark>
        <name>Patch (-11,11)</name>
        <styleUrl>#newPatchStyle</styleUrl>
        <Polygon><outerBoundaryIs><LinearRing><coordinates>-110.9859375,32.2396875,0 -110.9828125,32.2396875,0 -110.9828125,32.2415625,0 -110.9859375,32.2415625,0 -110.9859375,32.2396875,0</coordinates></LinearRing></outerBoundaryIs></Polygon>
      </Placemark>
      <Placemark>
        <name>Patch (-10,11)</name>
        <styleUrl>#newPatchStyle</styleUrl>
        <Polygon><outerBoundaryIs><LinearRing><coordinates>-110.9828125,32.2396875,0 -110.9796875,32.2396875,0 -110.9796875,32.2415625,0 -110.9828125,32.2415625,0 -110.9828125,32.2396875,0</coordinates></LinearRing></outerBoundaryIs></Polygon>
      </Placemark>
      <Placemark>
        <name>Patch (-9,11)</name>
        <styleUrl>#newPatchStyle</styleUrl>
        <Polygon><outerBoundaryIs><LinearRing><coordinates>-110.9796875,32.2396875,0 -110.9765625,32.2396875,0 -110.9765625,32.2415625,0 -110.9796875,32.2415625,0 -110.9796875,32.2396875,0</coordinates></LinearRing></outerBoundaryIs></Polygon>
      </Placemark>
      <Placemark>
        <name>Patch (-8,11)</name>
        <styleUrl>#newPatchStyle</styleUrl>
        <Polygon><outerBoundaryIs><LinearRing><coordinates>-110.9765625,32.2396875,0 -110.9734375,32.2396875,0 -110.9734375,32.2415625,0 -110.9765625,32.2415625,0 -110.9765625,32.2396875,0</coordinates></LinearRing></outerBoundaryIs></Polygon>
      </Placemark>
      <Placemark>
        <name>Patch (-7,11)</name>
        <styleUrl>#wastePatchStyle</styleUrl>
        <Polygon><outerBoundaryIs><LinearRing><coordinates>-110.9734375,32.2396875,0 -110.9703125,32.2396875,0 -110.9703125,32.2415625,0 -110.9734375,32.2415625,0 -110.9734375,32.2396875,0</coordinates></LinearRing></outerBoundaryIs></Polygon>
      </Placemark>
      <Placemark>
        <name>Patch (-6,11)</name>
        <styleUrl>#newPatchStyle</styleUrl>
        <Polygon><outerBoundaryIs><LinearRing><coordinates>-110.9703125,32.2396875,0 -110.96718750000001,32.2396875,0 -110.96718750000001,32.2415625,0 -110.9703125,32.2415625,0 -110.9703125,32.2396875,0</coordinates></LinearRing></outerBoundaryIs></Polygon>
      </Placemark>
      <Placemark>
        <name>Patch (-5,11)</name>
        <styleUrl>#newPatchStyle</styleUrl>
        <Polygon><outerBoundaryIs><LinearRing><coordinates>-110.96718750000001,32.2396875,0 -110.9640625,32.2396875,0 -110.9640625,32.2415625,0 -110.96718750000001,32.2415625,0 -110.96718750000001,32.2396875,0</coordinates></LinearRing></outerBoundaryIs></Polygon>
      </Placemark>
      <Placemark>
        <name>Patch (-4,11)</name>
        <styleUrl>#newPatchStyle</styleUrl>
        <Polygon><outerBoundaryIs><LinearRing><coordinates>-110.9640625,32.2396875,0 -110.9609375,32.2396875,0 -110.9609375,32.2415625,0 -110.9640625,32.2415625,0 -110.9640625,32.2396875,0</coordinates></LinearRing></outerBoundaryIs></Polygon>
      </Placemark>
      <Placemark>
        <name>Patch (-3,11)</name>
        <styleUrl>#newPatchStyle</styleUrl>
        <Polygon><outerBoundaryIs><LinearRing><coordinates>-110.9609375,32.2396875,0 -110.9578125,32.2396875,0 -110.9578125,32.2415625,0 -110.9609375,32.2415625,0 -110.9609375,32.2396875,0</coordinates></LinearRing></outerBoundaryIs></Polygon>
      </Placemark>
      <Placemark>
        <name>Patch (-2,11)</name>
        <styleUrl>#recycledPatchStyle</styleUrl>
        <Polygon><outerBoundaryIs><LinearRing><coordinates>-110.9578125,32.2396875,0 -110.9546875,32.2396875,0 -110.9546875,32.2415625,0 -110.9578125,32.2415625,0 -110.9578125,32.2396875,0</coordinates></LinearRing></outerBoundaryIs></Polygon>
      </Placemark>
      <Placemark>
        <name>Patch (-1,11)</name>
        <styleUrl>#newPatchStyle</styleUrl>
        <Polygon><outerBoundaryIs><LinearRing><coordinates>-110.9546875,32.2396875,0 -110.95156250000001,32.2396875,0 -110.95156250000001,32.2415625,0 -110.9546875,32.2415625,0 -110.9546875,32.2396875,0</coordinates></LinearRing></outerBoundaryIs></Polygon>
      </Placemark>
      <Placemark>
        <name>Patch (0,11)</name>
        <styleUrl>#newPatchStyle</styleUrl>
        <Polygon><outerBoundaryIs><LinearRing><coordinates>-110.95156250000001,32.2396875,0 -110.9484375,32.2396875,0 -110.9484375,32.2415625,0 -110.95156250000001,32.2415625,0 -110.95156250000001,32.2396875,0</coordinates></LinearRing></outerBoundaryIs></Polygon>
      </Placemark>
      <Placemark>
        <name>Patch (1,11)</name>
        <styleUrl>#newPatchStyle</styleUrl>
        <Polygon><outerBoundaryIs><LinearRing><coordinates>-110.9484375,32.2396875,0 -110.9453125,32.2396875,0 -110.9453125,32.2415625,0 -110.9484375,32.2415625,0 -110.9484375,32.2396875,0</coordinates></LinearRing></outerBoundaryIs></Polygon>
      </Placemark>
      <Placemark>
        <name>Patch (2,11)</name>
        <styleUrl>#newPatchStyle</styleUrl>
        <Polygon><outerBoundaryIs><LinearRing><coordinates>-110.9453125,32.2396875,0 -110.9421875,32.2396875,0 -110.9421875,32.2415625,0 -110.9453125,32.2415625,0 -110.9453125,32.2396875,0</coordinates></LinearRing></outerBoundaryIs></Polygon>
      </Placemark>
      <Placemark>
        <name>Patch (3,11)</name>
        <styleUrl>#newPatchStyle</styleUrl>
        <Polygon><outerBoundaryIs><LinearRing><coordinates>-110.9421875,32.2396875,0 -110.9390625,32.2396875,0 -110.9390625,32.2415625,0 -110.9421875,32.2415625,0 -110.9421875,32.2396875,0</coordinates></LinearRing></outerBoundaryIs></Polygon>
      </Placemark>
      <Placemark>
        <name>Patch (4,11)</name>
        <styleUrl>#newPatchStyle</styleUrl>
        <Polygon><outerBoundaryIs><LinearRing><coordinates>-110.9390625,32.2396875,0 -110.93593750000001,32.2396875,0 -110.93593750000001,32.2415625,0 -110.9390625,32.2415625,0 -110.9390625,32.2396875,0</coordinates></LinearRing></outerBoundaryIs></Polygon>
      </Placemark>
      <Placemark>
        <name>Patch (5,11)</name>
        <styleUrl>#wastePatchStyle</styleUrl>
        <Polygon><outerBoundaryIs><LinearRing><coordinates>-110.93593750000001,32.2396875,0 -110.9328125,32.2396875,0 -110.9328125,32.2415625,0 -110.93593750000001,32.2415625,0 -110.93593750000001,32.2396875,0</coordinates></LinearRing></outerBoundaryIs></Polygon>
      </Placemark>
      <Placemark>
        <name>Patch (6,11)</name>
        <styleUrl>#wastePatchStyle</styleUrl>
        <Polygon><outerBoundaryIs><LinearRing><coordinates>-110.9328125,32.2396875,0 -110.9296875,32.2396875,0 -110.9296875,32.2415625,0 -110.9328125,32.2415625,0 -110.9328125,32.2396875,0</coordinates></LinearRing></outerBoundaryIs></Polygon>
      </Placemark>
      <Placemark>
        <name>Patch (7,11)</name>
        <styleUrl>#wastePatchStyle</styleUrl>
        <Polygon><outerBoundaryIs><LinearRing><coordinates>-110.9296875,32.2396875,0 -110.9265625,32.2396875,0 -110.9265625,32.2415625,0 -110.9296875,32.2415625,0 -110.9296875,32.2396875,0</coordinates></LinearRing></outerBoundaryIs></Polygon>
      </Placemark>
      <Placemark>
        <name>Patch (8,11)</name>
        <styleUrl>#newPatchStyle</styleUrl>
        <Polygon><outerBoundaryIs><LinearRing><coordinates>-110.9265625,32.2396875,0 -110.9234375,32.2396875,0 -110.9234375,32.2415625,0 -110.9265625,32.2415625,0 -110.9265625,32.2396875,0</coordinates></LinearRing></outerBoundaryIs></Polygon>
      </Placemark>
      <Placemark>
        <name>Patch (9,11)</name>
        <styleUrl>#newPatchStyle</styleUrl>
        <Polygon><outerBoundaryIs><LinearRing><coordinates>-110.9234375,32.2396875,0 -110.92031250000001,32.2396875,0 -110.92031250000001,32.2415625,0 -110.9234375,32.2415625,0 -110.9234375,32.2396875,0</coordinates></LinearRing></outerBoundaryIs></Polygon>
      </Placemark>
      <Placemark>
        <name>Patch (10,11)</name>
        <styleUrl>#newPatchStyle</styleUrl>
        <Polygon><outerBoundaryIs><LinearRing><coordinates>-110.92031250000001,32.2396875,0 -110.91718750000001,32.2396875,0 -110.91718750000001,32.2415625,0 -110.92031250000001,32.2415625,0 -110.92031250000001,32.2396875,0</coordinates></LinearRing></outerBoundaryIs></Polygon>
      </Placemark>
      <Placemark>
        <name>Patch (11,11)</name>
        <styleUrl>#newPatchStyle</styleUrl>
        <Polygon><outerBoundaryIs><LinearRing><coordinates>-110.91718750000001,32.2396875,0 -110.9140625,32.2396875,0 -110.9140625,32.2415625,0 -110.91718750000001,32.2415625,0 -110.91718750000001,32.2396875,0</coordinates></LinearRing></outerBoundaryIs></Polygon>
      </Placemark>
      <Placemark>
        <name>Patch (12,11)</name>
        <styleUrl>#newPatchStyle</styleUrl>
        <Polygon><outerBoundaryIs><LinearRing><coordinates>-110.9140625,32.2396875,0 -110.9109375,32.2396875,0 -110.9109375,32.2415625,0 -110.9140625,32.2415625,0 -110.9140625,32.2396875,0</coordinates></LinearRing></outerBoundaryIs></Polygon>
      </Placemark>
      <Placemark>
        <name>Patch (13,11)</name>
        <styleUrl>#newPatchStyle</styleUrl>
        <Polygon><outerBoundaryIs><LinearRing><coordinates>-110.9109375,32.2396875,0 -110.9078125,32.2396875,0 -110.9078125,32.2415625,0 -110.9109375,32.2415625,0 -110.9109375,32.2396875,0</coordinates></LinearRing></outerBoundaryIs></Polygon>
      </Placemark>
      <Placemark>
        <name>Patch (14,11)</name>
        <styleUrl>#wastePatchStyle</styleUrl>
        <Polygon><outerBoundaryIs><LinearRing><coordinates>-110.9078125,32.2396875,0 -110.90468750000001,32.2396875,0 -110.90468750000001,32.2415625,0 -110.9078125,32.2415625,0 -110.9078125,32.2396875,0</coordinates></LinearRing></outerBoundaryIs></Polygon>
      </Placemark>
      <Placemark>
        <name>Patch (15,11)</name>
        <styleUrl>#newPatchStyle</styleUrl>
        <Polygon><outerBoundaryIs><LinearRing><coordinates>-110.90468750000001,32.2396875,0 -110.90156250000001,32.2396875,0 -110.90156250000001,32.2415625,0 -110.90468750000001,32.2415625,0 -110.90468750000001,32.2396875,0</coordinates></LinearRing></outerBoundaryIs></Polygon>
      </Placemark>
      <Placemark>
        <name>Patch (16,11)</name>
        <styleUrl>#recycledPatchStyle</styleUrl>
        <Polygon><outerBoundaryIs><LinearRing><coordinates>-110.90156250000001,32.2396875,0 -110.8984375,32.2396875,0 -110.8984375,32.2415625,0 -110.90156250000001,32.2415625,0 -110.90156250000001,32.2396875,0</coordinates></LinearRing></outerBoundaryIs></Polygon>
      </Placemark>
      <Placemark>
        <name>Patch (-16,12)</name>
        <styleUrl>#newPatchStyle</styleUrl>
        <Polygon><outerBoundaryIs><LinearRing><coordinates>-111.0015625,32.2415625,0 -110.9984375,32.2415625,0 -110.9984375,32.2434375,0 -111.0015625,32.2434375,0 -111.0015625,32.2415625,0</coordinates></LinearRing></outerBoundaryIs></Polygon>
      </Placemark>
      <Placemark>
        <name>Patch (-15,12)</name>
        <styleUrl>#newPatchStyle</styleUrl>
        <Polygon><outerBoundaryIs><LinearRing><coordinates>-110.9984375,32.2415625,0 -110.9953125,32.2415625,0 -110.9953125,32.2434375,0 -110.9984375,32.2434375,0 -110.9984375,32.2415625,0</coordinates></LinearRing></outerBoundaryIs></Polygon>
      </Placemark>
      <Placemark>
        <name>Patch (-14,12)</name>
        <styleUrl>#newPatchStyle</styleUrl>
        <Polygon><outerBoundaryIs><LinearRing><coordinates>-110.9953125,32.2415625,0 -110.9921875,32.2415625,0 -110.9921875,32.2434375,0 -110.9953125,32.2434375,0 -110.9953125,32.2415625,0</coordinates></LinearRing></outerBoundaryIs></Polygon>
      </Placemark>
      <Placemark>
        <name>Patch (-13,12)</name>
        <styleUrl>#newPatchStyle</styleUrl>
        <Polygon><outerBoundaryIs><LinearRing><coordinates>-110.9921875,32.2415625,0 -110.9890625,32.2415625,0 -110.9890625,32.2434375,0 -110.9921875,32.2434375,0 -110.9921875,32.2415625,0</coordinates></LinearRing></outerBoundaryIs></Polygon>
      </Placemark>
      <Placemark>
        <name>Patch (-12,12)</name>
        <styleUrl>#newPatchStyle</styleUrl>
        <Polygon><outerBoundaryIs><LinearRing><coordinates>-110.9890625,32.2415625,0 -110.9859375,32.2415625,0 -110.9859375,32.2434375,0 -110.9890625,32.2434375,0 -110.9890625,32.2415625,0</coordinates></LinearRing></outerBoundaryIs></Polygon>
      </Placemark>
      <Placemark>
        <name>Patch (-11,12)</name>
        <styleUrl>#newPatchStyle</styleUrl>
        <Polygon><outerBoundaryIs><LinearRing><coordinates>-110.9859375,32.2415625,0 -110.9828125,32.2415625,0 -110.9828125,32.2434375,0 -110.9859375,32.2434375,0 -110.9859375,32.2415625,0</coordinates></LinearRing></outerBoundaryIs></Polygon>
      </Placemark>
      <Placemark>
        <name>Patch (-10,12)</name>
        <styleUrl>#newPatchStyle</styleUrl>
        <Polygon><outerBoundaryIs><LinearRing><coordinates>-110.9828125,32.2415625,0 -110.9796875,32.2415625,0 -110.9796875,32.2434375,0 -110.9828125,32.2434375,0 -110.9828125,32.2415625,0</coordinates></LinearRing></outerBoundaryIs></Polygon>
      </Placemark>
      <Placemark>
        <name>Patch (-9,12)</name>
        <styleUrl>#newPatchStyle</styleUrl>
        <Polygon><outerBoundaryIs><LinearRing><coordinates>-110.9796875,32.2415625,0 -110.9765625,32.2415625,0 -110.9765625,32.2434375,0 -110.9796875,32.2434375,0 -110.9796875,32.2415625,0</coordinates></LinearRing></outerBoundaryIs></Polygon>
      </Placemark>
      <Placemark>
        <name>Patch (-8,12)</name>
        <styleUrl>#newPatchStyle</styleUrl>
        <Polygon><outerBoundaryIs><LinearRing><coordinates>-110.9765625,32.2415625,0 -110.9734375,32.2415625,0 -110.9734375,32.2434375,0 -110.9765625,32.2434375,0 -110.9765625,32.2415625,0</coordinates></LinearRing></outerBoundaryIs></Polygon>
      </Placemark>
      <Placemark>
        <name>Patch (-7,12)</name>
        <styleUrl>#newPatchStyle</styleUrl>
        <Polygon><outerBoundaryIs><LinearRing><coordinates>-110.9734375,32.2415625,0 -110.9703125,32.2415625,0 -110.9703125,32.2434375,0 -110.9734375,32.2434375,0 -110.9734375,32.2415625,0</coordinates></LinearRing></outerBoundaryIs></Polygon>
      </Placemark>
      <Placemark>
        <name>Patch (-6,12)</name>
        <styleUrl>#recycledPatchStyle</styleUrl>
        <Polygon><outerBoundaryIs><LinearRing><coordinates>-110.9703125,32.2415625,0 -110.96718750000001,32.2415625,0 -110.96718750000001,32.2434375,0 -110.9703125,32.2434375,0 -110.9703125,32.2415625,0</coordinates></LinearRing></outerBoundaryIs></Polygon>
      </Placemark>
      <Placemark>
        <name>Patch (-5,12)</name>
        <styleUrl>#newPatchStyle</styleUrl>
        <Polygon><outerBoundaryIs><LinearRing><coordinates>-110.96718750000001,32.2415625,0 -110.9640625,32.2415625,0 -110.9640625,32.2434375,0 -110.96718750000001,32.2434375,0 -110.96718750000001,32.2415625,0</coordinates></LinearRing></outerBoundaryIs></Polygon>
      </Placemark>
      <Placemark>
        <name>Patch (-4,12)</name>
        <styleUrl>#wastePatchStyle</styleUrl>
        <Polygon><outerBoundaryIs><LinearRing><coordinates>-110.9640625,32.2415625,0 -110.9609375,32.2415625,0 -110.9609375,32.2434375,0 -110.9640625,32.2434375,0 -110.9640625,32.2415625,0</coordinates></LinearRing></outerBoundaryIs></Polygon>
      </Placemark>
      <Placemark>
        <name>Patch (-3,12)</name>
        <styleUrl>#recycledPatchStyle</styleUrl>
        <Polygon><outerBoundaryIs><LinearRing><coordinates>-110.9609375,32.2415625,0 -110.9578125,32.2415625,0 -110.9578125,32.2434375,0 -110.9609375,32.2434375,0 -110.9609375,32.2415625,0</coordinates></LinearRing></outerBoundaryIs></Polygon>
      </Placemark>
      <Placemark>
        <name>Patch (-2,12)</name>
        <styleUrl>#newPatchStyle</styleUrl>
        <Polygon><outerBoundaryIs><LinearRing><coordinates>-110.9578125,32.2415625,0 -110.9546875,32.2415625,0 -110.9546875,32.2434375,0 -110.9578125,32.2434375,0 -110.9578125,32.2415625,0</coordinates></LinearRing></outerBoundaryIs></Polygon>
      </Placemark>
      <Placemark>
        <name>Patch (-1,12)</name>
        <styleUrl>#newPatchStyle</styleUrl>
        <Polygon><outerBoundaryIs><LinearRing><coordinates>-110.9546875,32.2415625,0 -110.95156250000001,32.2415625,0 -110.95156250000001,32.2434375,0 -110.9546875,32.2434375,0 -110.9546875,32.2415625,0</coordinates></LinearRing></outerBoundaryIs></Polygon>
      </Placemark>
      <Placemark>
        <name>Patch (0,12)</name>
        <styleUrl>#newPatchStyle</styleUrl>
        <Polygon><outerBoundaryIs><LinearRing><coordinates>-110.95156250000001,32.2415625,0 -110.9484375,32.2415625,0 -110.9484375,32.2434375,0 -110.95156250000001,32.2434375,0 -110.95156250000001,32.2415625,0</coordinates></LinearRing></outerBoundaryIs></Polygon>
      </Placemark>
      <Placemark>
        <name>Patch (1,12)</name>
        <styleUrl>#newPatchStyle</styleUrl>
        <Polygon><outerBoundaryIs><LinearRing><coordinates>-110.9484375,32.2415625,0 -110.9453125,32.2415625,0 -110.9453125,32.2434375,0 -110.9484375,32.2434375,0 -110.9484375,32.2415625,0</coordinates></LinearRing></outerBoundaryIs></Polygon>
      </Placemark>
      <Placemark>
        <name>Patch (2,12)</name>
        <styleUrl>#newPatchStyle</styleUrl>
        <Polygon><outerBoundaryIs><LinearRing><coordinates>-110.9453125,32.2415625,0 -110.9421875,32.2415625,0 -110.9421875,32.2434375,0 -110.9453125,32.2434375,0 -110.9453125,32.2415625,0</coordinates></LinearRing></outerBoundaryIs></Polygon>
      </Placemark>
      <Placemark>
        <name>Patch (3,12)</name>
        <styleUrl>#newPatchStyle</styleUrl>
        <Polygon><outerBoundaryIs><LinearRing><coordinates>-110.9421875,32.2415625,0 -110.9390625,32.2415625,0 -110.9390625,32.2434375,0 -110.9421875,32.2434375,0 -110.9421875,32.2415625,0</coordinates></LinearRing></outerBoundaryIs></Polygon>
      </Placemark>
      <Placemark>
        <name>Patch (4,12)</name>
        <styleUrl>#wastePatchStyle</styleUrl>
        <Polygon><outerBoundaryIs><LinearRing><coordinates>-110.9390625,32.2415625,0 -110.93593750000001,32.2415625,0 -110.93593750000001,32.2434375,0 -110.9390625,32.2434375,0 -110.9390625,32.2415625,0</coordinates></LinearRing></outerBoundaryIs></Polygon>
      </Placemark>
      <Placemark>
        <name>Patch (5,12)</name>
        <styleUrl>#wastePatchStyle</styleUrl>
        <Polygon><outerBoundaryIs><LinearRing><coordinates>-110.93593750000001,32.2415625,0 -110.9328125,32.2415625,0 -110.9328125,32.2434375,0 -110.93593750000001,32.2434375,0 -110.93593750000001,32.2415625,0</coordinates></LinearRing></outerBoundaryIs></Polygon>
      </Placemark>
      <Placemark>
        <name>Patch (6,12)</name>
        <styleUrl>#wastePatchStyle</styleUrl>
        <Polygon><outerBoundaryIs><LinearRing><coordinates>-110.9328125,32.2415625,0 -110.9296875,32.2415625,0 -110.9296875,32.2434375,0 -110.9328125,32.2434375,0 -110.9328125,32.2415625,0</coordinates></LinearRing></outerBoundaryIs></Polygon>
      </Placemark>
      <Placemark>
        <name>Patch (7,12)</name>
        <styleUrl>#newPatchStyle</styleUrl>
        <Polygon><outerBoundaryIs><LinearRing><coordinates>-110.9296875,32.2415625,0 -110.9265625,32.2415625,0 -110.9265625,32.2434375,0 -110.9296875,32.2434375,0 -110.9296875,32.2415625,0</coordinates></LinearRing></outerBoundaryIs></Polygon>
      </Placemark>
      <Placemark>
        <name>Patch (8,12)</name>
        <styleUrl>#newPatchStyle</styleUrl>
        <Polygon><outerBoundaryIs><LinearRing><coordinates>-110.9265625,32.2415625,0 -110.9234375,32.2415625,0 -110.9234375,32.2434375,0 -110.9265625,32.2434375,0 -110.9265625,32.2415625,0</coordinates></LinearRing></outerBoundaryIs></Polygon>
      </Placemark>
      <Placemark>
        <name>Patch (9,12)</name>
        <styleUrl>#newPatchStyle</styleUrl>
        <Polygon><outerBoundaryIs><LinearRing><coordinates>-110.9234375,32.2415625,0 -110.92031250000001,32.2415625,0 -110.92031250000001,32.2434375,0 -110.9234375,32.2434375,0 -110.9234375,32.2415625,0</coordinates></LinearRing></outerBoundaryIs></Polygon>
      </Placemark>
      <Placemark>
        <name>Patch (10,12)</name>
        <styleUrl>#newPatchStyle</styleUrl>
        <Polygon><outerBoundaryIs><LinearRing><coordinates>-110.92031250000001,32.2415625,0 -110.91718750000001,32.2415625,0 -110.91718750000001,32.2434375,0 -110.92031250000001,32.2434375,0 -110.92031250000001,32.2415625,0</coordinates></LinearRing></outerBoundaryIs></Polygon>
      </Placemark>
      <Placemark>
        <name>Patch (11,12)</name>
        <styleUrl>#newPatchStyle</styleUrl>
        <Polygon><outerBoundaryIs><LinearRing><coordinates>-110.91718750000001,32.2415625,0 -110.9140625,32.2415625,0 -110.9140625,32.2434375,0 -110.91718750000001,32.2434375,0 -110.91718750000001,32.2415625,0</coordinates></LinearRing></outerBoundaryIs></Polygon>
      </Placemark>
      <Placemark>
        <name>Patch (12,12)</name>
        <styleUrl>#newPatchStyle</styleUrl>
        <Polygon><outerBoundaryIs><LinearRing><coordinates>-110.9140625,32.2415625,0 -110.9109375,32.2415625,0 -110.9109375,32.2434375,0 -110.9140625,32.2434375,0 -110.9140625,32.2415625,0</coordinates></LinearRing></outerBoundaryIs></Polygon>
      </Placemark>
      <Placemark>
        <name>Patch (13,12)</name>
        <styleUrl>#newPatchStyle</styleUrl>
        <Polygon><outerBoundaryIs><LinearRing><coordinates>-110.9109375,32.2415625,0 -110.9078125,32.2415625,0 -110.9078125,32.2434375,0 -110.9109375,32.2434375,0 -110.9109375,32.2415625,0</coordinates></LinearRing></outerBoundaryIs></Polygon>
      </Placemark>
      <Placemark>
        <name>Patch (14,12)</name>
        <styleUrl>#newPatchStyle</styleUrl>
        <Polygon><outerBoundaryIs><LinearRing><coordinates>-110.9078125,32.2415625,0 -110.90468750000001,32.2415625,0 -110.90468750000001,32.2434375,0 -110.9078125,32.2434375,0 -110.9078125,32.2415625,0</coordinates></LinearRing></outerBoundaryIs></Polygon>
      </Placemark>
      <Placemark>
        <name>Patch (15,12)</name>
        <styleUrl>#newPatchStyle</styleUrl>
        <Polygon><outerBoundaryIs><LinearRing><coordinates>-110.90468750000001,32.2415625,0 -110.90156250000001,32.2415625,0 -110.90156250000001,32.2434375,0 -110.90468750000001,32.2434375,0 -110.90468750000001,32.2415625,0</coordinates></LinearRing></outerBoundaryIs></Polygon>
      </Placemark>
      <Placemark>
        <name>Patch (16,12)</name>
        <styleUrl>#newPatchStyle</styleUrl>
        <Polygon><outerBoundaryIs><LinearRing><coordinates>-110.90156250000001,32.2415625,0 -110.8984375,32.2415625,0 -110.8984375,32.2434375,0 -110.90156250000001,32.2434375,0 -110.90156250000001,32.2415625,0</coordinates></LinearRing></outerBoundaryIs></Polygon>
      </Placemark>
      <Placemark>
        <name>Patch (-16,13)</name>
        <styleUrl>#wastePatchStyle</styleUrl>
        <Polygon><outerBoundaryIs><LinearRing><coordinates>-111.0015625,32.2434375,0 -110.9984375,32.2434375,0 -110.9984375,32.2453125,0 -111.0015625,32.2453125,0 -111.0015625,32.2434375,0</coordinates></LinearRing></outerBoundaryIs></Polygon>
      </Placemark>
      <Placemark>
        <name>Patch (-15,13)</name>
        <styleUrl>#newPatchStyle</styleUrl>
        <Polygon><outerBoundaryIs><LinearRing><coordinates>-110.9984375,32.2434375,0 -110.9953125,32.2434375,0 -110.9953125,32.2453125,0 -110.9984375,32.2453125,0 -110.9984375,32.2434375,0</coordinates></LinearRing></outerBoundaryIs></Polygon>
      </Placemark>
      <Placemark>
        <name>Patch (-14,13)</name>
        <styleUrl>#newPatchStyle</styleUrl>
        <Polygon><outerBoundaryIs><LinearRing><coordinates>-110.9953125,32.2434375,0 -110.9921875,32.2434375,0 -110.9921875,32.2453125,0 -110.9953125,32.2453125,0 -110.9953125,32.2434375,0</coordinates></LinearRing></outerBoundaryIs></Polygon>
      </Placemark>
      <Placemark>
        <name>Patch (-13,13)</name>
        <styleUrl>#newPatchStyle</styleUrl>
        <Polygon><outerBoundaryIs><LinearRing><coordinates>-110.9921875,32.2434375,0 -110.9890625,32.2434375,0 -110.9890625,32.2453125,0 -110.9921875,32.2453125,0 -110.9921875,32.2434375,0</coordinates></LinearRing></outerBoundaryIs></Polygon>
      </Placemark>
      <Placemark>
        <name>Patch (-12,13)</name>
        <styleUrl>#newPatchStyle</styleUrl>
        <Polygon><outerBoundaryIs><LinearRing><coordinates>-110.9890625,32.2434375,0 -110.9859375,32.2434375,0 -110.9859375,32.2453125,0 -110.9890625,32.2453125,0 -110.9890625,32.2434375,0</coordinates></LinearRing></outerBoundaryIs></Polygon>
      </Placemark>
      <Placemark>
        <name>Patch (-11,13)</name>
        <styleUrl>#newPatchStyle</styleUrl>
        <Polygon><outerBoundaryIs><LinearRing><coordinates>-110.9859375,32.2434375,0 -110.9828125,32.2434375,0 -110.9828125,32.2453125,0 -110.9859375,32.2453125,0 -110.9859375,32.2434375,0</coordinates></LinearRing></outerBoundaryIs></Polygon>
      </Placemark>
      <Placemark>
        <name>Patch (-10,13)</name>
        <styleUrl>#newPatchStyle</styleUrl>
        <Polygon><outerBoundaryIs><LinearRing><coordinates>-110.9828125,32.2434375,0 -110.9796875,32.2434375,0 -110.9796875,32.2453125,0 -110.9828125,32.2453125,0 -110.9828125,32.2434375,0</coordinates></LinearRing></outerBoundaryIs></Polygon>
      </Placemark>
      <Placemark>
        <name>Patch (-9,13)</name>
        <styleUrl>#newPatchStyle</styleUrl>
        <Polygon><outerBoundaryIs><LinearRing><coordinates>-110.9796875,32.2434375,0 -110.9765625,32.2434375,0 -110.9765625,32.2453125,0 -110.9796875,32.2453125,0 -110.9796875,32.2434375,0</coordinates></LinearRing></outerBoundaryIs></Polygon>
      </Placemark>
      <Placemark>
        <name>Patch (-8,13)</name>
        <styleUrl>#newPatchStyle</styleUrl>
        <Polygon><outerBoundaryIs><LinearRing><coordinates>-110.9765625,32.2434375,0 -110.9734375,32.2434375,0 -110.9734375,32.2453125,0 -110.9765625,32.2453125,0 -110.9765625,32.2434375,0</coordinates></LinearRing></outerBoundaryIs></Polygon>
      </Placemark>
      <Placemark>
        <name>Patch (-7,13)</name>
        <styleUrl>#newPatchStyle</styleUrl>
        <Polygon><outerBoundaryIs><LinearRing><coordinates>-110.9734375,32.2434375,0 -110.9703125,32.2434375,0 -110.9703125,32.2453125,0 -110.9734375,32.2453125,0 -110.9734375,32.2434375,0</coordinates></LinearRing></outerBoundaryIs></Polygon>
      </Placemark>
      <Placemark>
        <name>Patch (-6,13)</name>
        <styleUrl>#wastePatchStyle</styleUrl>
        <Polygon><outerBoundaryIs><LinearRing><coordinates>-110.9703125,32.2434375,0 -110.96718750000001,32.2434375,0 -110.96718750000001,32.2453125,0 -110.9703125,32.2453125,0 -110.9703125,32.2434375,0</coordinates></LinearRing></outerBoundaryIs></Polygon>
      </Placemark>
      <Placemark>
        <name>Patch (-5,13)</name>
        <styleUrl>#newPatchStyle</styleUrl>
        <Polygon><outerBoundaryIs><LinearRing><coordinates>-110.96718750000001,32.2434375,0 -110.9640625,32.2434375,0 -110.9640625,32.2453125,0 -110.96718750000001,32.2453125,0 -110.96718750000001,32.2434375,0</coordinates></LinearRing></outerBoundaryIs></Polygon>
      </Placemark>
      <Placemark>
        <name>Patch (-4,13)</name>
        <styleUrl>#wastePatchStyle</styleUrl>
        <Polygon><outerBoundaryIs><LinearRing><coordinates>-110.9640625,32.2434375,0 -110.9609375,32.2434375,0 -110.9609375,32.2453125,0 -110.9640625,32.2453125,0 -110.9640625,32.2434375,0</coordinates></LinearRing></outerBoundaryIs></Polygon>
      </Placemark>
      <Placemark>
        <name>Patch (-3,13)</name>
        <styleUrl>#newPatchStyle</styleUrl>
        <Polygon><outerBoundaryIs><LinearRing><coordinates>-110.9609375,32.2434375,0 -110.9578125,32.2434375,0 -110.9578125,32.2453125,0 -110.9609375,32.2453125,0 -110.9609375,32.2434375,0</coordinates></LinearRing></outerBoundaryIs></Polygon>
      </Placemark>
      <Placemark>
        <name>Patch (-2,13)</name>
        <styleUrl>#newPatchStyle</styleUrl>
        <Polygon><outerBoundaryIs><LinearRing><coordinates>-110.9578125,32.2434375,0 -110.9546875,32.2434375,0 -110.9546875,32.2453125,0 -110.9578125,32.2453125,0 -110.9578125,32.2434375,0</coordinates></LinearRing></outerBoundaryIs></Polygon>
      </Placemark>
      <Placemark>
        <name>Patch (-1,13)</name>
        <styleUrl>#newPatchStyle</styleUrl>
        <Polygon><outerBoundaryIs><LinearRing><coordinates>-110.9546875,32.2434375,0 -110.95156250000001,32.2434375,0 -110.95156250000001,32.2453125,0 -110.9546875,32.2453125,0 -110.9546875,32.2434375,0</coordinates></LinearRing></outerBoundaryIs></Polygon>
      </Placemark>
      <Placemark>
        <name>Patch (0,13)</name>
        <styleUrl>#wastePatchStyle</styleUrl>
        <Polygon><outerBoundaryIs><LinearRing><coordinates>-110.95156250000001,32.2434375,0 -110.9484375,32.2434375,0 -110.9484375,32.2453125,0 -110.95156250000001,32.2453125,0 -110.95156250000001,32.2434375,0</coordinates></LinearRing></outerBoundaryIs></Polygon>
      </Placemark>
      <Placemark>
        <name>Patch (1,13)</name>
        <styleUrl>#wastePatchStyle</styleUrl>
        <Polygon><outerBoundaryIs><LinearRing><coordinates>-110.9484375,32.2434375,0 -110.9453125,32.2434375,0 -110.9453125,32.2453125,0 -110.9484375,32.2453125,0 -110.9484375,32.2434375,0</coordinates></LinearRing></outerBoundaryIs></Polygon>
      </Placemark>
      <Placemark>
        <name>Patch (2,13)</name>
        <styleUrl>#newPatchStyle</styleUrl>
        <Polygon><outerBoundaryIs><LinearRing><coordinates>-110.9453125,32.2434375,0 -110.9421875,32.2434375,0 -110.9421875,32.2453125,0 -110.9453125,32.2453125,0 -110.9453125,32.2434375,0</coordinates></LinearRing></outerBoundaryIs></Polygon>
      </Placemark>
      <Placemark>
        <name>Patch (3,13)</name>
        <styleUrl>#newPatchStyle</styleUrl>
        <Polygon><outerBoundaryIs><LinearRing><coordinates>-110.9421875,32.2434375,0 -110.9390625,32.2434375,0 -110.9390625,32.2453125,0 -110.9421875,32.2453125,0 -110.9421875,32.2434375,0</coordinates></LinearRing></outerBoundaryIs></Polygon>
      </Placemark>
      <Placemark>
        <name>Patch (4,13)</name>
        <styleUrl>#wastePatchStyle</styleUrl>
        <Polygon><outerBoundaryIs><LinearRing><coordinates>-110.9390625,32.2434375,0 -110.93593750000001,32.2434375,0 -110.93593750000001,32.2453125,0 -110.9390625,32.2453125,0 -110.9390625,32.2434375,0</coordinates></LinearRing></outerBoundaryIs></Polygon>
      </Placemark>
      <Placemark>
        <name>Patch (5,13)</name>
        <styleUrl>#newPatchStyle</styleUrl>
        <Polygon><outerBoundaryIs><LinearRing><coordinates>-110.93593750000001,32.2434375,0 -110.9328125,32.2434375,0 -110.9328125,32.2453125,0 -110.93593750000001,32.2453125,0 -110.93593750000001,32.2434375,0</coordinates></LinearRing></outerBoundaryIs></Polygon>
      </Placemark>
      <Placemark>
        <name>Patch (6,13)</name>
        <styleUrl>#newPatchStyle</styleUrl>
        <Polygon><outerBoundaryIs><LinearRing><coordinates>-110.9328125,32.2434375,0 -110.9296875,32.2434375,0 -110.9296875,32.2453125,0 -110.9328125,32.2453125,0 -110.9328125,32.2434375,0</coordinates></LinearRing></outerBoundaryIs></Polygon>
      </Placemark>
      <Placemark>
        <name>Patch (7,13)</name>
        <styleUrl>#recycledPatchStyle</styleUrl>
        <Polygon><outerBoundaryIs><LinearRing><coordinates>-110.9296875,32.2434375,0 -110.9265625,32.2434375,0 -110.9265625,32.2453125,0 -110.9296875,32.2453125,0 -110.9296875,32.2434375,0</coordinates></LinearRing></outerBoundaryIs></Polygon>
      </Placemark>
      <Placemark>
        <name>Patch (8,13)</name>
        <styleUrl>#newPatchStyle</styleUrl>
        <Polygon><outerBoundaryIs><LinearRing><coordinates>-110.9265625,32.2434375,0 -110.9234375,32.2434375,0 -110.9234375,32.2453125,0 -110.9265625,32.2453125,0 -110.9265625,32.2434375,0</coordinates></LinearRing></outerBoundaryIs></Polygon>
      </Placemark>
      <Placemark>
        <name>Patch (9,13)</name>
        <styleUrl>#newPatchStyle</styleUrl>
        <Polygon><outerBoundaryIs><LinearRing><coordinates>-110.9234375,32.2434375,0 -110.92031250000001,32.2434375,0 -110.92031250000001,32.2453125,0 -110.9234375,32.2453125,0 -110.9234375,32.2434375,0</coordinates></LinearRing></outerBoundaryIs></Polygon>
      </Placemark>
      <Placemark>
        <name>Patch (10,13)</name>
        <styleUrl>#wastePatchStyle</styleUrl>
        <Polygon><outerBoundaryIs><LinearRing><coordinates>-110.92031250000001,32.2434375,0 -110.91718750000001,32.2434375,0 -110.91718750000001,32.2453125,0 -110.92031250000001,32.2453125,0 -110.92031250000001,32.2434375,0</coordinates></LinearRing></outerBoundaryIs></Polygon>
      </Placemark>
      <Placemark>
        <name>Patch (11,13)</name>
        <styleUrl>#newPatchStyle</styleUrl>
        <Polygon><outerBoundaryIs><LinearRing><coordinates>-110.91718750000001,32.2434375,0 -110.9140625,32.2434375,0 -110.9140625,32.2453125,0 -110.91718750000001,32.2453125,0 -110.91718750000001,32.2434375,0</coordinates></LinearRing></outerBoundaryIs></Polygon>
      </Placemark>
      <Placemark>
        <name>Patch (12,13)</name>
        <styleUrl>#newPatchStyle</styleUrl>
        <Polygon><outerBoundaryIs><LinearRing><coordinates>-110.9140625,32.2434375,0 -110.9109375,32.2434375,0 -110.9109375,32.2453125,0 -110.9140625,32.2453125,0 -110.9140625,32.2434375,0</coordinates></LinearRing></outerBoundaryIs></Polygon>
      </Placemark>
      <Placemark>
        <name>Patch (13,13)</name>
        <styleUrl>#newPatchStyle</styleUrl>
        <Polygon><outerBoundaryIs><LinearRing><coordinates>-110.9109375,32.2434375,0 -110.9078125,32.2434375,0 -110.9078125,32.2453125,0 -110.9109375,32.2453125,0 -110.9109375,32.2434375,0</coordinates></LinearRing></outerBoundaryIs></Polygon>
      </Placemark>
      <Placemark>
        <name>Patch (14,13)</name>
        <styleUrl>#newPatchStyle</styleUrl>
        <Polygon><outerBoundaryIs><LinearRing><coordinates>-110.9078125,32.2434375,0 -110.90468750000001,32.2434375,0 -110.90468750000001,32.2453125,0 -110.9078125,32.2453125,0 -110.9078125,32.2434375,0</coordinates></LinearRing></outerBoundaryIs></Polygon>
      </Placemark>
      <Placemark>
        <name>Patch (15,13)</name>
        <styleUrl>#newPatchStyle</styleUrl>
        <Polygon><outerBoundaryIs><LinearRing><coordinates>-110.90468750000001,32.2434375,0 -110.90156250000001,32.2434375,0 -110.90156250000001,32.2453125,0 -110.90468750000001,32.2453125,0 -110.90468750000001,32.2434375,0</coordinates></LinearRing></outerBoundaryIs></Polygon>
      </Placemark>
      <Placemark>
        <name>Patch (16,13)</name>
        <styleUrl>#newPatchStyle</styleUrl>
        <Polygon><outerBoundaryIs><LinearRing><coordinates>-110.90156250000001,32.2434375,0 -110.8984375,32.2434375,0 -110.8984375,32.2453125,0 -110.90156250000001,32.2453125,0 -110.90156250000001,32.2434375,0</coordinates></LinearRing></outerBoundaryIs></Polygon>
      </Placemark>
      <Placemark>
        <name>Patch (-16,14)</name>
        <styleUrl>#wastePatchStyle</styleUrl>
        <Polygon><outerBoundaryIs><LinearRing><coordinates>-111.0015625,32.2453125,0 -110.9984375,32.2453125,0 -110.9984375,32.2471875,0 -111.0015625,32.2471875,0 -111.0015625,32.2453125,0</coordinates></LinearRing></outerBoundaryIs></Polygon>
      </Placemark>
      <Placemark>
        <name>Patch (-15,14)</name>
        <styleUrl>#newPatchStyle</styleUrl>
        <Polygon><outerBoundaryIs><LinearRing><coordinates>-110.9984375,32.2453125,0 -110.9953125,32.2453125,0 -110.9953125,32.2471875,0 -110.9984375,32.2471875,0 -110.9984375,32.2453125,0</coordinates></LinearRing></outerBoundaryIs></Polygon>
      </Placemark>
      <Placemark>
        <name>Patch (-14,14)</name>
        <styleUrl>#newPatchStyle</styleUrl>
        <Polygon><outerBoundaryIs><LinearRing><coordinates>-110.9953125,32.2453125,0 -110.9921875,32.2453125,0 -110.9921875,32.2471875,0 -110.9953125,32.2471875,0 -110.9953125,32.2453125,0</coordinates></LinearRing></outerBoundaryIs></Polygon>
      </Placemark>
      <Placemark>
        <name>Patch (-13,14)</name>
        <styleUrl>#newPatchStyle</styleUrl>
        <Polygon><outerBoundaryIs><LinearRing><coordinates>-110.9921875,32.2453125,0 -110.9890625,32.2453125,0 -110.9890625,32.2471875,0 -110.9921875,32.2471875,0 -110.9921875,32.2453125,0</coordinates></LinearRing></outerBoundaryIs></Polygon>
      </Placemark>
      <Placemark>
        <name>Patch (-12,14)</name>
        <styleUrl>#newPatchStyle</styleUrl>
        <Polygon><outerBoundaryIs><LinearRing><coordinates>-110.9890625,32.2453125,0 -110.9859375,32.2453125,0 -110.9859375,32.2471875,0 -110.9890625,32.2471875,0 -110.9890625,32.2453125,0</coordinates></LinearRing></outerBoundaryIs></Polygon>
      </Placemark>
      <Placemark>
        <name>Patch (-11,14)</name>
        <styleUrl>#newPatchStyle</styleUrl>
        <Polygon><outerBoundaryIs><LinearRing><coordinates>-110.9859375,32.2453125,0 -110.9828125,32.2453125,0 -110.9828125,32.2471875,0 -110.9859375,32.2471875,0 -110.9859375,32.2453125,0</coordinates></LinearRing></outerBoundaryIs></Polygon>
      </Placemark>
      <Placemark>
        <name>Patch (-10,14)</name>
        <styleUrl>#newPatchStyle</styleUrl>
        <Polygon><outerBoundaryIs><LinearRing><coordinates>-110.9828125,32.2453125,0 -110.9796875,32.2453125,0 -110.9796875,32.2471875,0 -110.9828125,32.2471875,0 -110.9828125,32.2453125,0</coordinates></LinearRing></outerBoundaryIs></Polygon>
      </Placemark>
      <Placemark>
        <name>Patch (-9,14)</name>
        <styleUrl>#newPatchStyle</styleUrl>
        <Polygon><outerBoundaryIs><LinearRing><coordinates>-110.9796875,32.2453125,0 -110.9765625,32.2453125,0 -110.9765625,32.2471875,0 -110.9796875,32.2471875,0 -110.9796875,32.2453125,0</coordinates></LinearRing></outerBoundaryIs></Polygon>
      </Placemark>
      <Placemark>
        <name>Patch (-8,14)</name>
        <styleUrl>#newPatchStyle</styleUrl>
        <Polygon><outerBoundaryIs><LinearRing><coordinates>-110.9765625,32.2453125,0 -110.9734375,32.2453125,0 -110.9734375,32.2471875,0 -110.9765625,32.2471875,0 -110.9765625,32.2453125,0</coordinates></LinearRing></outerBoundaryIs></Polygon>
      </Placemark>
      <Placemark>
        <name>Patch (-7,14)</name>
        <styleUrl>#newPatchStyle</styleUrl>
        <Polygon><outerBoundaryIs><LinearRing><coordinates>-110.9734375,32.2453125,0 -110.9703125,32.2453125,0 -110.9703125,32.2471875,0 -110.9734375,32.2471875,0 -110.9734375,32.2453125,0</coordinates></LinearRing></outerBoundaryIs></Polygon>
      </Placemark>
      <Placemark>
        <name>Patch (-6,14)</name>
        <styleUrl>#wastePatchStyle</styleUrl>
        <Polygon><outerBoundaryIs><LinearRing><coordinates>-110.9703125,32.2453125,0 -110.96718750000001,32.2453125,0 -110.96718750000001,32.2471875,0 -110.9703125,32.2471875,0 -110.9703125,32.2453125,0</coordinates></LinearRing></outerBoundaryIs></Polygon>
      </Placemark>
      <Placemark>
        <name>Patch (-5,14)</name>
        <styleUrl>#newPatchStyle</styleUrl>
        <Polygon><outerBoundaryIs><LinearRing><coordinates>-110.96718750000001,32.2453125,0 -110.9640625,32.2453125,0 -110.9640625,32.2471875,0 -110.96718750000001,32.2471875,0 -110.96718750000001,32.2453125,0</coordinates></LinearRing></outerBoundaryIs></Polygon>
      </Placemark>
      <Placemark>
        <name>Patch (-4,14)</name>
        <styleUrl>#newPatchStyle</styleUrl>
        <Polygon><outerBoundaryIs><LinearRing><coordinates>-110.9640625,32.2453125,0 -110.9609375,32.2453125,0 -110.9609375,32.2471875,0 -110.9640625,32.2471875,0 -110.9640625,32.2453125,0</coordinates></LinearRing></outerBoundaryIs></Polygon>
      </Placemark>
      <Placemark>
        <name>Patch (-3,14)</name>
        <styleUrl>#wastePatchStyle</styleUrl>
        <Polygon><outerBoundaryIs><LinearRing><coordinates>-110.9609375,32.2453125,0 -110.9578125,32.2453125,0 -110.9578125,32.2471875,0 -110.9609375,32.2471875,0 -110.9609375,32.2453125,0</coordinates></LinearRing></outerBoundaryIs></Polygon>
      </Placemark>
      <Placemark>
        <name>Patch (-2,14)</name>
        <styleUrl>#newPatchStyle</styleUrl>
        <Polygon><outerBoundaryIs><LinearRing><coordinates>-110.9578125,32.2453125,0 -110.9546875,32.2453125,0 -110.9546875,32.2471875,0 -110.9578125,32.2471875,0 -110.9578125,32.2453125,0</coordinates></LinearRing></outerBoundaryIs></Polygon>
      </Placemark>
      <Placemark>
        <name>Patch (-1,14)</name>
        <styleUrl>#wastePatchStyle</styleUrl>
        <Polygon><outerBoundaryIs><LinearRing><coordinates>-110.9546875,32.2453125,0 -110.95156250000001,32.2453125,0 -110.95156250000001,32.2471875,0 -110.9546875,32.2471875,0 -110.9546875,32.2453125,0</coordinates></LinearRing></outerBoundaryIs></Polygon>
      </Placemark>
      <Placemark>
        <name>Patch (0,14)</name>
        <styleUrl>#wastePatchStyle</styleUrl>
        <Polygon><outerBoundaryIs><LinearRing><coordinates>-110.95156250000001,32.2453125,0 -110.9484375,32.2453125,0 -110.9484375,32.2471875,0 -110.95156250000001,32.2471875,0 -110.95156250000001,32.2453125,0</coordinates></LinearRing></outerBoundaryIs></Polygon>
      </Placemark>
      <Placemark>
        <name>Patch (1,14)</name>
        <styleUrl>#newPatchStyle</styleUrl>
        <Polygon><outerBoundaryIs><LinearRing><coordinates>-110.9484375,32.2453125,0 -110.9453125,32.2453125,0 -110.9453125,32.2471875,0 -110.9484375,32.2471875,0 -110.9484375,32.2453125,0</coordinates></LinearRing></outerBoundaryIs></Polygon>
      </Placemark>
      <Placemark>
        <name>Patch (2,14)</name>
        <styleUrl>#recycledPatchStyle</styleUrl>
        <Polygon><outerBoundaryIs><LinearRing><coordinates>-110.9453125,32.2453125,0 -110.9421875,32.2453125,0 -110.9421875,32.2471875,0 -110.9453125,32.2471875,0 -110.9453125,32.2453125,0</coordinates></LinearRing></outerBoundaryIs></Polygon>
      </Placemark>
      <Placemark>
        <name>Patch (3,14)</name>
        <styleUrl>#recycledPatchStyle</styleUrl>
        <Polygon><outerBoundaryIs><LinearRing><coordinates>-110.9421875,32.2453125,0 -110.9390625,32.2453125,0 -110.9390625,32.2471875,0 -110.9421875,32.2471875,0 -110.9421875,32.2453125,0</coordinates></LinearRing></outerBoundaryIs></Polygon>
      </Placemark>
      <Placemark>
        <name>Patch (4,14)</name>
        <styleUrl>#newPatchStyle</styleUrl>
        <Polygon><outerBoundaryIs><LinearRing><coordinates>-110.9390625,32.2453125,0 -110.93593750000001,32.2453125,0 -110.93593750000001,32.2471875,0 -110.9390625,32.2471875,0 -110.9390625,32.2453125,0</coordinates></LinearRing></outerBoundaryIs></Polygon>
      </Placemark>
      <Placemark>
        <name>Patch (5,14)</name>
        <styleUrl>#newPatchStyle</styleUrl>
        <Polygon><outerBoundaryIs><LinearRing><coordinates>-110.93593750000001,32.2453125,0 -110.9328125,32.2453125,0 -110.9328125,32.2471875,0 -110.93593750000001,32.2471875,0 -110.93593750000001,32.2453125,0</coordinates></LinearRing></outerBoundaryIs></Polygon>
      </Placemark>
      <Placemark>
        <name>Patch (6,14)</name>
        <styleUrl>#newPatchStyle</styleUrl>
        <Polygon><outerBoundaryIs><LinearRing><coordinates>-110.9328125,32.2453125,0 -110.9296875,32.2453125,0 -110.9296875,32.2471875,0 -110.9328125,32.2471875,0 -110.9328125,32.2453125,0</coordinates></LinearRing></outerBoundaryIs></Polygon>
      </Placemark>
      <Placemark>
        <name>Patch (7,14)</name>
        <styleUrl>#newPatchStyle</styleUrl>
        <Polygon><outerBoundaryIs><LinearRing><coordinates>-110.9296875,32.2453125,0 -110.9265625,32.2453125,0 -110.9265625,32.2471875,0 -110.9296875,32.2471875,0 -110.9296875,32.2453125,0</coordinates></LinearRing></outerBoundaryIs></Polygon>
      </Placemark>
      <Placemark>
        <name>Patch (8,14)</name>
        <styleUrl>#newPatchStyle</styleUrl>
        <Polygon><outerBoundaryIs><LinearRing><coordinates>-110.9265625,32.2453125,0 -110.9234375,32.2453125,0 -110.9234375,32.2471875,0 -110.9265625,32.2471875,0 -110.9265625,32.2453125,0</coordinates></LinearRing></outerBoundaryIs></Polygon>
      </Placemark>
      <Placemark>
        <name>Patch (9,14)</name>
        <styleUrl>#newPatchStyle</styleUrl>
        <Polygon><outerBoundaryIs><LinearRing><coordinates>-110.9234375,32.2453125,0 -110.92031250000001,32.2453125,0 -110.92031250000001,32.2471875,0 -110.9234375,32.2471875,0 -110.9234375,32.2453125,0</coordinates></LinearRing></outerBoundaryIs></Polygon>
      </Placemark>
      <Placemark>
        <name>Patch (10,14)</name>
        <styleUrl>#newPatchStyle</styleUrl>
        <Polygon><outerBoundaryIs><LinearRing><coordinates>-110.92031250000001,32.2453125,0 -110.91718750000001,32.2453125,0 -110.91718750000001,32.2471875,0 -110.92031250000001,32.2471875,0 -110.92031250000001,32.2453125,0</coordinates></LinearRing></outerBoundaryIs></Polygon>
      </Placemark>
      <Placemark>
        <name>Patch (11,14)</name>
        <styleUrl>#newPatchStyle</styleUrl>
        <Polygon><outerBoundaryIs><LinearRing><coordinates>-110.91718750000001,32.2453125,0 -110.9140625,32.2453125,0 -110.9140625,32.2471875,0 -110.91718750000001,32.2471875,0 -110.91718750000001,32.2453125,0</coordinates></LinearRing></outerBoundaryIs></Polygon>
      </Placemark>
      <Placemark>
        <name>Patch (12,14)</name>
        <styleUrl>#newPatchStyle</styleUrl>
        <Polygon><outerBoundaryIs><LinearRing><coordinates>-110.9140625,32.2453125,0 -110.9109375,32.2453125,0 -110.9109375,32.2471875,0 -110.9140625,32.2471875,0 -110.9140625,32.2453125,0</coordinates></LinearRing></outerBoundaryIs></Polygon>
      </Placemark>
      <Placemark>
        <name>Patch (13,14)</name>
        <styleUrl>#newPatchStyle</styleUrl>
        <Polygon><outerBoundaryIs><LinearRing><coordinates>-110.9109375,32.2453125,0 -110.9078125,32.2453125,0 -110.9078125,32.2471875,0 -110.9109375,32.2471875,0 -110.9109375,32.2453125,0</coordinates></LinearRing></outerBoundaryIs></Polygon>
      </Placemark>
      <Placemark>
        <name>Patch (14,14)</name>
        <styleUrl>#wastePatchStyle</styleUrl>
        <Polygon><outerBoundaryIs><LinearRing><coordinates>-110.9078125,32.2453125,0 -110.90468750000001,32.2453125,0 -110.90468750000001,32.2471875,0 -110.9078125,32.2471875,0 -110.9078125,32.2453125,0</coordinates></LinearRing></outerBoundaryIs></Polygon>
      </Placemark>
      <Placemark>
        <name>Patch (15,14)</name>
        <styleUrl>#newPatchStyle</styleUrl>
        <Polygon><outerBoundaryIs><LinearRing><coordinates>-110.90468750000001,32.2453125,0 -110.90156250000001,32.2453125,0 -110.90156250000001,32.2471875,0 -110.90468750000001,32.2471875,0 -110.90468750000001,32.2453125,0</coordinates></LinearRing></outerBoundaryIs></Polygon>
      </Placemark>
      <Placemark>
        <name>Patch (16,14)</name>
        <styleUrl>#wastePatchStyle</styleUrl>
        <Polygon><outerBoundaryIs><LinearRing><coordinates>-110.90156250000001,32.2453125,0 -110.8984375,32.2453125,0 -110.8984375,32.2471875,0 -110.90156250000001,32.2471875,0 -110.90156250000001,32.2453125,0</coordinates></LinearRing></outerBoundaryIs></Polygon>
      </Placemark>
      <Placemark>
        <name>Patch (-16,15)</name>
        <styleUrl>#wastePatchStyle</styleUrl>
        <Polygon><outerBoundaryIs><LinearRing><coordinates>-111.0015625,32.2471875,0 -110.9984375,32.2471875,0 -110.9984375,32.2490625,0 -111.0015625,32.2490625,0 -111.0015625,32.2471875,0</coordinates></LinearRing></outerBoundaryIs></Polygon>
      </Placemark>
      <Placemark>
        <name>Patch (-15,15)</name>
        <styleUrl>#newPatchStyle</styleUrl>
        <Polygon><outerBoundaryIs><LinearRing><coordinates>-110.9984375,32.2471875,0 -110.9953125,32.2471875,0 -110.9953125,32.2490625,0 -110.9984375,32.2490625,0 -110.9984375,32.2471875,0</coordinates></LinearRing></outerBoundaryIs></Polygon>
      </Placemark>
      <Placemark>
        <name>Patch (-14,15)</name>
        <styleUrl>#wastePatchStyle</styleUrl>
        <Polygon><outerBoundaryIs><LinearRing><coordinates>-110.9953125,32.2471875,0 -110.9921875,32.2471875,0 -110.9921875,32.2490625,0 -110.9953125,32.2490625,0 -110.9953125,32.2471875,0</coordinates></LinearRing></outerBoundaryIs></Polygon>
      </Placemark>
      <Placemark>
        <name>Patch (-13,15)</name>
        <styleUrl>#newPatchStyle</styleUrl>
        <Polygon><outerBoundaryIs><LinearRing><coordinates>-110.9921875,32.2471875,0 -110.9890625,32.2471875,0 -110.9890625,32.2490625,0 -110.9921875,32.2490625,0 -110.9921875,32.2471875,0</coordinates></LinearRing></outerBoundaryIs></Polygon>
      </Placemark>
      <Placemark>
        <name>Patch (-12,15)</name>
        <styleUrl>#newPatchStyle</styleUrl>
        <Polygon><outerBoundaryIs><LinearRing><coordinates>-110.9890625,32.2471875,0 -110.9859375,32.2471875,0 -110.9859375,32.2490625,0 -110.9890625,32.2490625,0 -110.9890625,32.2471875,0</coordinates></LinearRing></outerBoundaryIs></Polygon>
      </Placemark>
      <Placemark>
        <name>Patch (-11,15)</name>
        <styleUrl>#newPatchStyle</styleUrl>
        <Polygon><outerBoundaryIs><LinearRing><coordinates>-110.9859375,32.2471875,0 -110.9828125,32.2471875,0 -110.9828125,32.2490625,0 -110.9859375,32.2490625,0 -110.9859375,32.2471875,0</coordinates></LinearRing></outerBoundaryIs></Polygon>
      </Placemark>
      <Placemark>
        <name>Patch (-10,15)</name>
        <styleUrl>#newPatchStyle</styleUrl>
        <Polygon><outerBoundaryIs><LinearRing><coordinates>-110.9828125,32.2471875,0 -110.9796875,32.2471875,0 -110.9796875,32.2490625,0 -110.9828125,32.2490625,0 -110.9828125,32.2471875,0</coordinates></LinearRing></outerBoundaryIs></Polygon>
      </Placemark>
      <Placemark>
        <name>Patch (-9,15)</name>
        <styleUrl>#newPatchStyle</styleUrl>
        <Polygon><outerBoundaryIs><LinearRing><coordinates>-110.9796875,32.2471875,0 -110.9765625,32.2471875,0 -110.9765625,32.2490625,0 -110.9796875,32.2490625,0 -110.9796875,32.2471875,0</coordinates></LinearRing></outerBoundaryIs></Polygon>
      </Placemark>
      <Placemark>
        <name>Patch (-8,15)</name>
        <styleUrl>#recycledPatchStyle</styleUrl>
        <Polygon><outerBoundaryIs><LinearRing><coordinates>-110.9765625,32.2471875,0 -110.9734375,32.2471875,0 -110.9734375,32.2490625,0 -110.9765625,32.2490625,0 -110.9765625,32.2471875,0</coordinates></LinearRing></outerBoundaryIs></Polygon>
      </Placemark>
      <Placemark>
        <name>Patch (-7,15)</name>
        <styleUrl>#wastePatchStyle</styleUrl>
        <Polygon><outerBoundaryIs><LinearRing><coordinates>-110.9734375,32.2471875,0 -110.9703125,32.2471875,0 -110.9703125,32.2490625,0 -110.9734375,32.2490625,0 -110.9734375,32.2471875,0</coordinates></LinearRing></outerBoundaryIs></Polygon>
      </Placemark>
      <Placemark>
        <name>Patch (-6,15)</name>
        <styleUrl>#wastePatchStyle</styleUrl>
        <Polygon><outerBoundaryIs><LinearRing><coordinates>-110.9703125,32.2471875,0 -110.96718750000001,32.2471875,0 -110.96718750000001,32.2490625,0 -110.9703125,32.2490625,0 -110.9703125,32.2471875,0</coordinates></LinearRing></outerBoundaryIs></Polygon>
      </Placemark>
      <Placemark>
        <name>Patch (-5,15)</name>
        <styleUrl>#wastePatchStyle</styleUrl>
        <Polygon><outerBoundaryIs><LinearRing><coordinates>-110.96718750000001,32.2471875,0 -110.9640625,32.2471875,0 -110.9640625,32.2490625,0 -110.96718750000001,32.2490625,0 -110.96718750000001,32.2471875,0</coordinates></LinearRing></outerBoundaryIs></Polygon>
      </Placemark>
      <Placemark>
        <name>Patch (-4,15)</name>
        <styleUrl>#newPatchStyle</styleUrl>
        <Polygon><outerBoundaryIs><LinearRing><coordinates>-110.9640625,32.2471875,0 -110.9609375,32.2471875,0 -110.9609375,32.2490625,0 -110.9640625,32.2490625,0 -110.9640625,32.2471875,0</coordinates></LinearRing></outerBoundaryIs></Polygon>
      </Placemark>
      <Placemark>
        <name>Patch (-3,15)</name>
        <styleUrl>#newPatchStyle</styleUrl>
        <Polygon><outerBoundaryIs><LinearRing><coordinates>-110.9609375,32.2471875,0 -110.9578125,32.2471875,0 -110.9578125,32.2490625,0 -110.9609375,32.2490625,0 -110.9609375,32.2471875,0</coordinates></LinearRing></outerBoundaryIs></Polygon>
      </Placemark>
      <Placemark>
        <name>Patch (-2,15)</name>
        <styleUrl>#newPatchStyle</styleUrl>
        <Polygon><outerBoundaryIs><LinearRing><coordinates>-110.9578125,32.2471875,0 -110.9546875,32.2471875,0 -110.9546875,32.2490625,0 -110.9578125,32.2490625,0 -110.9578125,32.2471875,0</coordinates></LinearRing></outerBoundaryIs></Polygon>
      </Placemark>
      <Placemark>
        <name>Patch (-1,15)</name>
        <styleUrl>#wastePatchStyle</styleUrl>
        <Polygon><outerBoundaryIs><LinearRing><coordinates>-110.9546875,32.2471875,0 -110.95156250000001,32.2471875,0 -110.95156250000001,32.2490625,0 -110.9546875,32.2490625,0 -110.9546875,32.2471875,0</coordinates></LinearRing></outerBoundaryIs></Polygon>
      </Placemark>
      <Placemark>
        <name>Patch (0,15)</name>
        <styleUrl>#wastePatchStyle</styleUrl>
        <Polygon><outerBoundaryIs><LinearRing><coordinates>-110.95156250000001,32.2471875,0 -110.9484375,32.2471875,0 -110.9484375,32.2490625,0 -110.95156250000001,32.2490625,0 -110.95156250000001,32.2471875,0</coordinates></LinearRing></outerBoundaryIs></Polygon>
      </Placemark>
      <Placemark>
        <name>Patch (1,15)</name>
        <styleUrl>#newPatchStyle</styleUrl>
        <Polygon><outerBoundaryIs><LinearRing><coordinates>-110.9484375,32.2471875,0 -110.9453125,32.2471875,0 -110.9453125,32.2490625,0 -110.9484375,32.2490625,0 -110.9484375,32.2471875,0</coordinates></LinearRing></outerBoundaryIs></Polygon>
      </Placemark>
      <Placemark>
        <name>Patch (2,15)</name>
        <styleUrl>#recycledPatchStyle</styleUrl>
        <Polygon><outerBoundaryIs><LinearRing><coordinates>-110.9453125,32.2471875,0 -110.9421875,32.2471875,0 -110.9421875,32.2490625,0 -110.9453125,32.2490625,0 -110.9453125,32.2471875,0</coordinates></LinearRing></outerBoundaryIs></Polygon>
      </Placemark>
      <Placemark>
        <name>Patch (3,15)</name>
        <styleUrl>#newPatchStyle</styleUrl>
        <Polygon><outerBoundaryIs><LinearRing><coordinates>-110.9421875,32.2471875,0 -110.9390625,32.2471875,0 -110.9390625,32.2490625,0 -110.9421875,32.2490625,0 -110.9421875,32.2471875,0</coordinates></LinearRing></outerBoundaryIs></Polygon>
      </Placemark>
      <Placemark>
        <name>Patch (4,15)</name>
        <styleUrl>#newPatchStyle</styleUrl>
        <Polygon><outerBoundaryIs><LinearRing><coordinates>-110.9390625,32.2471875,0 -110.93593750000001,32.2471875,0 -110.93593750000001,32.2490625,0 -110.9390625,32.2490625,0 -110.9390625,32.2471875,0</coordinates></LinearRing></outerBoundaryIs></Polygon>
      </Placemark>
      <Placemark>
        <name>Patch (5,15)</name>
        <styleUrl>#wastePatchStyle</styleUrl>
        <Polygon><outerBoundaryIs><LinearRing><coordinates>-110.93593750000001,32.2471875,0 -110.9328125,32.2471875,0 -110.9328125,32.2490625,0 -110.93593750000001,32.2490625,0 -110.93593750000001,32.2471875,0</coordinates></LinearRing></outerBoundaryIs></Polygon>
      </Placemark>
      <Placemark>
        <name>Patch (6,15)</name>
        <styleUrl>#newPatchStyle</styleUrl>
        <Polygon><outerBoundaryIs><LinearRing><coordinates>-110.9328125,32.2471875,0 -110.9296875,32.2471875,0 -110.9296875,32.2490625,0 -110.9328125,32.2490625,0 -110.9328125,32.2471875,0</coordinates></LinearRing></outerBoundaryIs></Polygon>
      </Placemark>
      <Placemark>
        <name>Patch (7,15)</name>
        <styleUrl>#newPatchStyle</styleUrl>
        <Polygon><outerBoundaryIs><LinearRing><coordinates>-110.9296875,32.2471875,0 -110.9265625,32.2471875,0 -110.9265625,32.2490625,0 -110.9296875,32.2490625,0 -110.9296875,32.2471875,0</coordinates></LinearRing></outerBoundaryIs></Polygon>
      </Placemark>
      <Placemark>
        <name>Patch (8,15)</name>
        <styleUrl>#newPatchStyle</styleUrl>
        <Polygon><outerBoundaryIs><LinearRing><coordinates>-110.9265625,32.2471875,0 -110.9234375,32.2471875,0 -110.9234375,32.2490625,0 -110.9265625,32.2490625,0 -110.9265625,32.2471875,0</coordinates></LinearRing></outerBoundaryIs></Polygon>
      </Placemark>
      <Placemark>
        <name>Patch (9,15)</name>
        <styleUrl>#newPatchStyle</styleUrl>
        <Polygon><outerBoundaryIs><LinearRing><coordinates>-110.9234375,32.2471875,0 -110.92031250000001,32.2471875,0 -110.92031250000001,32.2490625,0 -110.9234375,32.2490625,0 -110.9234375,32.2471875,0</coordinates></LinearRing></outerBoundaryIs></Polygon>
      </Placemark>
      <Placemark>
        <name>Patch (10,15)</name>
        <styleUrl>#newPatchStyle</styleUrl>
        <Polygon><outerBoundaryIs><LinearRing><coordinates>-110.92031250000001,32.2471875,0 -110.91718750000001,32.2471875,0 -110.91718750000001,32.2490625,0 -110.92031250000001,32.2490625,0 -110.92031250000001,32.2471875,0</coordinates></LinearRing></outerBoundaryIs></Polygon>
      </Placemark>
      <Placemark>
        <name>Patch (11,15)</name>
        <styleUrl>#newPatchStyle</styleUrl>
        <Polygon><outerBoundaryIs><LinearRing><coordinates>-110.91718750000001,32.2471875,0 -110.9140625,32.2471875,0 -110.9140625,32.2490625,0 -110.91718750000001,32.2490625,0 -110.91718750000001,32.2471875,0</coordinates></LinearRing></outerBoundaryIs></Polygon>
      </Placemark>
      <Placemark>
        <name>Patch (12,15)</name>
        <styleUrl>#newPatchStyle</styleUrl>
        <Polygon><outerBoundaryIs><LinearRing><coordinates>-110.9140625,32.2471875,0 -110.9109375,32.2471875,0 -110.9109375,32.2490625,0 -110.9140625,32.2490625,0 -110.9140625,32.2471875,0</coordinates></LinearRing></outerBoundaryIs></Polygon>
      </Placemark>
      <Placemark>
        <name>Patch (13,15)</name>
        <styleUrl>#wastePatchStyle</styleUrl>
        <Polygon><outerBoundaryIs><LinearRing><coordinates>-110.9109375,32.2471875,0 -110.9078125,32.2471875,0 -110.9078125,32.2490625,0 -110.9109375,32.2490625,0 -110.9109375,32.2471875,0</coordinates></LinearRing></outerBoundaryIs></Polygon>
      </Placemark>
      <Placemark>
        <name>Patch (14,15)</name>
        <styleUrl>#newPatchStyle</styleUrl>
        <Polygon><outerBoundaryIs><LinearRing><coordinates>-110.9078125,32.2471875,0 -110.90468750000001,32.2471875,0 -110.90468750000001,32.2490625,0 -110.9078125,32.2490625,0 -110.9078125,32.2471875,0</coordinates></LinearRing></outerBoundaryIs></Polygon>
      </Placemark>
      <Placemark>
        <name>Patch (15,15)</name>
        <styleUrl>#newPatchStyle</styleUrl>
        <Polygon><outerBoundaryIs><LinearRing><coordinates>-110.90468750000001,32.2471875,0 -110.90156250000001,32.2471875,0 -110.90156250000001,32.2490625,0 -110.90468750000001,32.2490625,0 -110.90468750000001,32.2471875,0</coordinates></LinearRing></outerBoundaryIs></Polygon>
      </Placemark>
      <Placemark>
        <name>Patch (16,15)</name>
        <styleUrl>#newPatchStyle</styleUrl>
        <Polygon><outerBoundaryIs><LinearRing><coordinates>-110.90156250000001,32.2471875,0 -110.8984375,32.2471875,0 -110.8984375,32.2490625,0 -110.90156250000001,32.2490625,0 -110.90156250000001,32.2471875,0</coordinates></LinearRing></outerBoundaryIs></Polygon>
      </Placemark>
      <Placemark>
        <name>Patch (-16,16)</name>
        <styleUrl>#newPatchStyle</styleUrl>
        <Polygon><outerBoundaryIs><LinearRing><coordinates>-111.0015625,32.2490625,0 -110.9984375,32.2490625,0 -110.9984375,32.2509375,0 -111.0015625,32.2509375,0 -111.0015625,32.2490625,0</coordinates></LinearRing></outerBoundaryIs></Polygon>
      </Placemark>
      <Placemark>
        <name>Patch (-15,16)</name>
        <styleUrl>#wastePatchStyle</styleUrl>
        <Polygon><outerBoundaryIs><LinearRing><coordinates>-110.9984375,32.2490625,0 -110.9953125,32.2490625,0 -110.9953125,32.2509375,0 -110.9984375,32.2509375,0 -110.9984375,32.2490625,0</coordinates></LinearRing></outerBoundaryIs></Polygon>
      </Placemark>
      <Placemark>
        <name>Patch (-14,16)</name>
        <styleUrl>#newPatchStyle</styleUrl>
        <Polygon><outerBoundaryIs><LinearRing><coordinates>-110.9953125,32.2490625,0 -110.9921875,32.2490625,0 -110.9921875,32.2509375,0 -110.9953125,32.2509375,0 -110.9953125,32.2490625,0</coordinates></LinearRing></outerBoundaryIs></Polygon>
      </Placemark>
      <Placemark>
        <name>Patch (-13,16)</name>
        <styleUrl>#newPatchStyle</styleUrl>
        <Polygon><outerBoundaryIs><LinearRing><coordinates>-110.9921875,32.2490625,0 -110.9890625,32.2490625,0 -110.9890625,32.2509375,0 -110.9921875,32.2509375,0 -110.9921875,32.2490625,0</coordinates></LinearRing></outerBoundaryIs></Polygon>
      </Placemark>
      <Placemark>
        <name>Patch (-12,16)</name>
        <styleUrl>#newPatchStyle</styleUrl>
        <Polygon><outerBoundaryIs><LinearRing><coordinates>-110.9890625,32.2490625,0 -110.9859375,32.2490625,0 -110.9859375,32.2509375,0 -110.9890625,32.2509375,0 -110.9890625,32.2490625,0</coordinates></LinearRing></outerBoundaryIs></Polygon>
      </Placemark>
      <Placemark>
        <name>Patch (-11,16)</name>
        <styleUrl>#newPatchStyle</styleUrl>
        <Polygon><outerBoundaryIs><LinearRing><coordinates>-110.9859375,32.2490625,0 -110.9828125,32.2490625,0 -110.9828125,32.2509375,0 -110.9859375,32.2509375,0 -110.9859375,32.2490625,0</coordinates></LinearRing></outerBoundaryIs></Polygon>
      </Placemark>
      <Placemark>
        <name>Patch (-10,16)</name>
        <styleUrl>#newPatchStyle</styleUrl>
        <Polygon><outerBoundaryIs><LinearRing><coordinates>-110.9828125,32.2490625,0 -110.9796875,32.2490625,0 -110.9796875,32.2509375,0 -110.9828125,32.2509375,0 -110.9828125,32.2490625,0</coordinates></LinearRing></outerBoundaryIs></Polygon>
      </Placemark>
      <Placemark>
        <name>Patch (-9,16)</name>
        <styleUrl>#newPatchStyle</styleUrl>
        <Polygon><outerBoundaryIs><LinearRing><coordinates>-110.9796875,32.2490625,0 -110.9765625,32.2490625,0 -110.9765625,32.2509375,0 -110.9796875,32.2509375,0 -110.9796875,32.2490625,0</coordinates></LinearRing></outerBoundaryIs></Polygon>
      </Placemark>
      <Placemark>
        <name>Patch (-8,16)</name>
        <styleUrl>#newPatchStyle</styleUrl>
        <Polygon><outerBoundaryIs><LinearRing><coordinates>-110.9765625,32.2490625,0 -110.9734375,32.2490625,0 -110.9734375,32.2509375,0 -110.9765625,32.2509375,0 -110.9765625,32.2490625,0</coordinates></LinearRing></outerBoundaryIs></Polygon>
      </Placemark>
      <Placemark>
        <name>Patch (-7,16)</name>
        <styleUrl>#wastePatchStyle</styleUrl>
        <Polygon><outerBoundaryIs><LinearRing><coordinates>-110.9734375,32.2490625,0 -110.9703125,32.2490625,0 -110.9703125,32.2509375,0 -110.9734375,32.2509375,0 -110.9734375,32.2490625,0</coordinates></LinearRing></outerBoundaryIs></Polygon>
      </Placemark>
      <Placemark>
        <name>Patch (-6,16)</name>
        <styleUrl>#wastePatchStyle</styleUrl>
        <Polygon><outerBoundaryIs><LinearRing><coordinates>-110.9703125,32.2490625,0 -110.96718750000001,32.2490625,0 -110.96718750000001,32.2509375,0 -110.9703125,32.2509375,0 -110.9703125,32.2490625,0</coordinates></LinearRing></outerBoundaryIs></Polygon>
      </Placemark>
      <Placemark>
        <name>Patch (-5,16)</name>
        <styleUrl>#newPatchStyle</styleUrl>
        <Polygon><outerBoundaryIs><LinearRing><coordinates>-110.96718750000001,32.2490625,0 -110.9640625,32.2490625,0 -110.9640625,32.2509375,0 -110.96718750000001,32.2509375,0 -110.96718750000001,32.2490625,0</coordinates></LinearRing></outerBoundaryIs></Polygon>
      </Placemark>
      <Placemark>
        <name>Patch (-4,16)</name>
        <styleUrl>#newPatchStyle</styleUrl>
        <Polygon><outerBoundaryIs><LinearRing><coordinates>-110.9640625,32.2490625,0 -110.9609375,32.2490625,0 -110.9609375,32.2509375,0 -110.9640625,32.2509375,0 -110.9640625,32.2490625,0</coordinates></LinearRing></outerBoundaryIs></Polygon>
      </Placemark>
      <Placemark>
        <name>Patch (-3,16)</name>
        <styleUrl>#newPatchStyle</styleUrl>
        <Polygon><outerBoundaryIs><LinearRing><coordinates>-110.9609375,32.2490625,0 -110.9578125,32.2490625,0 -110.9578125,32.2509375,0 -110.9609375,32.2509375,0 -110.9609375,32.2490625,0</coordinates></LinearRing></outerBoundaryIs></Polygon>
      </Placemark>
      <Placemark>
        <name>Patch (-2,16)</name>
        <styleUrl>#newPatchStyle</styleUrl>
        <Polygon><outerBoundaryIs><LinearRing><coordinates>-110.9578125,32.2490625,0 -110.9546875,32.2490625,0 -110.9546875,32.2509375,0 -110.9578125,32.2509375,0 -110.9578125,32.2490625,0</coordinates></LinearRing></outerBoundaryIs></Polygon>
      </Placemark>
      <Placemark>
        <name>Patch (-1,16)</name>
        <styleUrl>#newPatchStyle</styleUrl>
        <Polygon><outerBoundaryIs><LinearRing><coordinates>-110.9546875,32.2490625,0 -110.95156250000001,32.2490625,0 -110.95156250000001,32.2509375,0 -110.9546875,32.2509375,0 -110.9546875,32.2490625,0</coordinates></LinearRing></outerBoundaryIs></Polygon>
      </Placemark>
      <Placemark>
        <name>Patch (0,16)</name>
        <styleUrl>#newPatchStyle</styleUrl>
        <Polygon><outerBoundaryIs><LinearRing><coordinates>-110.95156250000001,32.2490625,0 -110.9484375,32.2490625,0 -110.9484375,32.2509375,0 -110.95156250000001,32.2509375,0 -110.95156250000001,32.2490625,0</coordinates></LinearRing></outerBoundaryIs></Polygon>
      </Placemark>
      <Placemark>
        <name>Patch (1,16)</name>
        <styleUrl>#newPatchStyle</styleUrl>
        <Polygon><outerBoundaryIs><LinearRing><coordinates>-110.9484375,32.2490625,0 -110.9453125,32.2490625,0 -110.9453125,32.2509375,0 -110.9484375,32.2509375,0 -110.9484375,32.2490625,0</coordinates></LinearRing></outerBoundaryIs></Polygon>
      </Placemark>
      <Placemark>
        <name>Patch (2,16)</name>
        <styleUrl>#wastePatchStyle</styleUrl>
        <Polygon><outerBoundaryIs><LinearRing><coordinates>-110.9453125,32.2490625,0 -110.9421875,32.2490625,0 -110.9421875,32.2509375,0 -110.9453125,32.2509375,0 -110.9453125,32.2490625,0</coordinates></LinearRing></outerBoundaryIs></Polygon>
      </Placemark>
      <Placemark>
        <name>Patch (3,16)</name>
        <styleUrl>#newPatchStyle</styleUrl>
        <Polygon><outerBoundaryIs><LinearRing><coordinates>-110.9421875,32.2490625,0 -110.9390625,32.2490625,0 -110.9390625,32.2509375,0 -110.9421875,32.2509375,0 -110.9421875,32.2490625,0</coordinates></LinearRing></outerBoundaryIs></Polygon>
      </Placemark>
      <Placemark>
        <name>Patch (4,16)</name>
        <styleUrl>#recycledPatchStyle</styleUrl>
        <Polygon><outerBoundaryIs><LinearRing><coordinates>-110.9390625,32.2490625,0 -110.93593750000001,32.2490625,0 -110.93593750000001,32.2509375,0 -110.9390625,32.2509375,0 -110.9390625,32.2490625,0</coordinates></LinearRing></outerBoundaryIs></Polygon>
      </Placemark>
      <Placemark>
        <name>Patch (5,16)</name>
        <styleUrl>#recycledPatchStyle</styleUrl>
        <Polygon><outerBoundaryIs><LinearRing><coordinates>-110.93593750000001,32.2490625,0 -110.9328125,32.2490625,0 -110.9328125,32.2509375,0 -110.93593750000001,32.2509375,0 -110.93593750000001,32.2490625,0</coordinates></LinearRing></outerBoundaryIs></Polygon>
      </Placemark>
      <Placemark>
        <name>Patch (6,16)</name>
        <styleUrl>#newPatchStyle</styleUrl>
        <Polygon><outerBoundaryIs><LinearRing><coordinates>-110.9328125,32.2490625,0 -110.9296875,32.2490625,0 -110.9296875,32.2509375,0 -110.9328125,32.2509375,0 -110.9328125,32.2490625,0</coordinates></LinearRing></outerBoundaryIs></Polygon>
      </Placemark>
      <Placemark>
        <name>Patch (7,16)</name>
        <styleUrl>#newPatchStyle</styleUrl>
        <Polygon><outerBoundaryIs><LinearRing><coordinates>-110.9296875,32.2490625,0 -110.9265625,32.2490625,0 -110.9265625,32.2509375,0 -110.9296875,32.2509375,0 -110.9296875,32.2490625,0</coordinates></LinearRing></outerBoundaryIs></Polygon>
      </Placemark>
      <Placemark>
        <name>Patch (8,16)</name>
        <styleUrl>#newPatchStyle</styleUrl>
        <Polygon><outerBoundaryIs><LinearRing><coordinates>-110.9265625,32.2490625,0 -110.9234375,32.2490625,0 -110.9234375,32.2509375,0 -110.9265625,32.2509375,0 -110.9265625,32.2490625,0</coordinates></LinearRing></outerBoundaryIs></Polygon>
      </Placemark>
      <Placemark>
        <name>Patch (9,16)</name>
        <styleUrl>#newPatchStyle</styleUrl>
        <Polygon><outerBoundaryIs><LinearRing><coordinates>-110.9234375,32.2490625,0 -110.92031250000001,32.2490625,0 -110.92031250000001,32.2509375,0 -110.9234375,32.2509375,0 -110.9234375,32.2490625,0</coordinates></LinearRing></outerBoundaryIs></Polygon>
      </Placemark>
      <Placemark>
        <name>Patch (10,16)</name>
        <styleUrl>#newPatchStyle</styleUrl>
        <Polygon><outerBoundaryIs><LinearRing><coordinates>-110.92031250000001,32.2490625,0 -110.91718750000001,32.2490625,0 -110.91718750000001,32.2509375,0 -110.92031250000001,32.2509375,0 -110.92031250000001,32.2490625,0</coordinates></LinearRing></outerBoundaryIs></Polygon>
      </Placemark>
      <Placemark>
        <name>Patch (11,16)</name>
        <styleUrl>#newPatchStyle</styleUrl>
        <Polygon><outerBoundaryIs><LinearRing><coordinates>-110.91718750000001,32.2490625,0 -110.9140625,32.2490625,0 -110.9140625,32.2509375,0 -110.91718750000001,32.2509375,0 -110.91718750000001,32.2490625,0</coordinates></LinearRing></outerBoundaryIs></Polygon>
      </Placemark>
      <Placemark>
        <name>Patch (12,16)</name>
        <styleUrl>#newPatchStyle</styleUrl>
        <Polygon><outerBoundaryIs><LinearRing><coordinates>-110.9140625,32.2490625,0 -110.9109375,32.2490625,0 -110.9109375,32.2509375,0 -110.9140625,32.2509375,0 -110.9140625,32.2490625,0</coordinates></LinearRing></outerBoundaryIs></Polygon>
      </Placemark>
      <Placemark>
        <name>Patch (13,16)</name>
        <styleUrl>#newPatchStyle</styleUrl>
        <Polygon><outerBoundaryIs><LinearRing><coordinates>-110.9109375,32.2490625,0 -110.9078125,32.2490625,0 -110.9078125,32.2509375,0 -110.9109375,32.2509375,0 -110.9109375,32.2490625,0</coordinates></LinearRing></outerBoundaryIs></Polygon>
      </Placemark>
      <Placemark>
        <name>Patch (14,16)</name>
        <styleUrl>#newPatchStyle</styleUrl>
        <Polygon><outerBoundaryIs><LinearRing><coordinates>-110.9078125,32.2490625,0 -110.90468750000001,32.2490625,0 -110.90468750000001,32.2509375,0 -110.9078125,32.2509375,0 -110.9078125,32.2490625,0</coordinates></LinearRing></outerBoundaryIs></Polygon>
      </Placemark>
      <Placemark>
        <name>Patch (15,16)</name>
        <styleUrl>#wastePatchStyle</styleUrl>
        <Polygon><outerBoundaryIs><LinearRing><coordinates>-110.90468750000001,32.2490625,0 -110.90156250000001,32.2490625,0 -110.90156250000001,32.2509375,0 -110.90468750000001,32.2509375,0 -110.90468750000001,32.2490625,0</coordinates></LinearRing></outerBoundaryIs></Polygon>
      </Placemark>
      <Placemark>
        <name>Patch (16,16)</name>
        <styleUrl>#newPatchStyle</styleUrl>
        <Polygon><outerBoundaryIs><LinearRing><coordinates>-110.90156250000001,32.2490625,0 -110.8984375,32.2490625,0 -110.8984375,32.2509375,0 -110.90156250000001,32.2509375,0 -110.90156250000001,32.2490625,0</coordinates></LinearRing></outerBoundaryIs></Polygon>
      </Placemark>
    </Folder>
    <Folder><name>Agents</name>
      <Placemark>
        <name>Recycler</name>
        <description>Energy: 94</description>
        <styleUrl>#recyclerStyle</styleUrl>
        <Point><coordinates>-110.93125,32.206875,0</coordinates></Point>
      </Placemark>
      <Placemark>
        <name>Recycler</name>
        <description>Energy: 99</description>
        <styleUrl>#recyclerStyle</styleUrl>
        <Point><coordinates>-110.921875,32.19,0</coordinates></Point>
      </Placemark>
      <Placemark>
        <name>Recycler</name>
        <description>Energy: 58</description>
        <styleUrl>#recyclerStyle</styleUrl>
        <Point><coordinates>-110.95937500000001,32.221875,0</coordinates></Point>
      </Placemark>
      <Placemark>
        <name>Recycler</name>
        <description>Energy: 98</description>
        <styleUrl>#recyclerStyle</styleUrl>
        <Point><coordinates>-110.9875,32.223749999999995,0</coordinates></Point>
      </Placemark>
      <Placemark>
        <name>Recycler</name>
        <description>Energy: 93</description>
        <styleUrl>#recyclerStyle</styleUrl>
        <Point><coordinates>-110.9375,32.19,0</coordinates></Point>
      </Placemark>
      <Placemark>
        <name>Recycler</name>
        <description>Energy: 94</description>
        <styleUrl>#recyclerStyle</styleUrl>
        <Point><coordinates>-110.934375,32.218125,0</coordinates></Point>
      </Placemark>
      <Placemark>
        <name>Recycler</name>
        <description>Energy: 99</description>
        <styleUrl>#recyclerStyle</styleUrl>
        <Point><coordinates>-110.95,32.233125,0</coordinates></Point>
      </Placemark>
      <Placemark>
        <name>Recycler</name>
        <description>Energy: 99</description>
        <styleUrl>#recyclerStyle</styleUrl>
        <Point><coordinates>-110.90625,32.225625,0</coordinates></Point>
      </Placemark>
      <Placemark>
        <name>Recycler</name>
        <description>Energy: 93</description>
        <styleUrl>#recyclerStyle</styleUrl>
        <Point><coordinates>-110.98125,32.221875,0</coordinates></Point>
      </Placemark>
      <Placemark>
        <name>Recycler</name>
        <description>Energy: 98</description>
        <styleUrl>#recyclerStyle</styleUrl>
        <Point><coordinates>-110.971875,32.238749999999996,0</coordinates></Point>
      </Placemark>
      <Placemark>
        <name>Recycler</name>
        <description>Energy: 94</description>
        <styleUrl>#recyclerStyle</styleUrl>
        <Point><coordinates>-110.94375000000001,32.221875,0</coordinates></Point>
      </Placemark>
      <Placemark>
        <name>Recycler</name>
        <description>Energy: 95</description>
        <styleUrl>#recyclerStyle</styleUrl>
        <Point><coordinates>-110.978125,32.205,0</coordinates></Point>
      </Placemark>
      <Placemark>
        <name>Recycler</name>
        <description>Energy: 72</description>
        <styleUrl>#recyclerStyle</styleUrl>
        <Point><coordinates>-110.95937500000001,32.221875,0</coordinates></Point>
      </Placemark>
      <Placemark>
        <name>Recycler</name>
        <description>Energy: 94</description>
        <styleUrl>#recyclerStyle</styleUrl>
        <Point><coordinates>-110.9375,32.193749999999994,0</coordinates></Point>
      </Placemark>
      <Placemark>
        <name>Recycler</name>
        <description>Energy: 98</description>
        <styleUrl>#recyclerStyle</styleUrl>
        <Point><coordinates>-110.996875,32.1975,0</coordinates></Point>
      </Placemark>
      <Placemark>
        <name>Recycler</name>
        <description>Energy: 98</description>
        <styleUrl>#recyclerStyle</styleUrl>
        <Point><coordinates>-110.9625,32.238749999999996,0</coordinates></Point>
      </Placemark>
      <Placemark>
        <name>Recycler</name>
        <description>Energy: 96</description>
        <styleUrl>#recyclerStyle</styleUrl>
        <Point><coordinates>-110.975,32.24625,0</coordinates></Point>
      </Placemark>
      <Placemark>
        <name>Recycler</name>
        <description>Energy: 99</description>
        <styleUrl>#recyclerStyle</styleUrl>
        <Point><coordinates>-110.915625,32.235,0</coordinates></Point>
      </Placemark>
      <Placemark>
        <name>Recycler</name>
        <description>Energy: 97</description>
        <styleUrl>#recyclerStyle</styleUrl>
        <Point><coordinates>-110.9625,32.244375,0</coordinates></Point>
      </Placemark>
      <Placemark>
        <name>Recycler</name>
        <description>Energy: 99</description>
        <styleUrl>#recyclerStyle</styleUrl>
        <Point><coordinates>-110.903125,32.233125,0</coordinates></Point>
      </Placemark>
      <Placemark>
        <name>Wasteful</name>
        <description>Energy: 98</description>
        <styleUrl>#wastefulStyle</styleUrl>
        <Point><coordinates>-110.953125,32.22,0</coordinates></Point>
      </Placemark>
      <Placemark>
        <name>Wasteful</name>
        <description>Energy: 98</description>
        <styleUrl>#wastefulStyle</styleUrl>
        <Point><coordinates>-110.96875,32.24625,0</coordinates></Point>
      </Placemark>
      <Placemark>
        <name>Wasteful</name>
        <description>Energy: 92</description>
        <styleUrl>#wastefulStyle</styleUrl>
        <Point><coordinates>-110.978125,32.203125,0</coordinates></Point>
      </Placemark>
      <Placemark>
        <name>Wasteful</name>
        <description>Energy: 98</description>
        <styleUrl>#wastefulStyle</styleUrl>
        <Point><coordinates>-110.90625,32.238749999999996,0</coordinates></Point>
      </Placemark>
      <Placemark>
        <name>Wasteful</name>
        <description>Energy: 78</description>
        <styleUrl>#wastefulStyle</styleUrl>
        <Point><coordinates>-111.0,32.218125,0</coordinates></Point>
      </Placemark>
      <Placemark>
        <name>Wasteful</name>
        <description>Energy: 96</description>
        <styleUrl>#wastefulStyle</styleUrl>
        <Point><coordinates>-110.915625,32.2125,0</coordinates></Point>
      </Placemark>
      <Placemark>
        <name>Wasteful</name>
        <description>Energy: 98</description>
        <styleUrl>#wastefulStyle</styleUrl>
        <Point><coordinates>-110.90937500000001,32.221875,0</coordinates></Point>
      </Placemark>
      <Placemark>
        <name>Wasteful</name>
        <description>Energy: 98</description>
        <styleUrl>#wastefulStyle</styleUrl>
        <Point><coordinates>-110.965625,32.2425,0</coordinates></Point>
      </Placemark>
      <Placemark>
        <name>Wasteful</name>
        <description>Energy: 98</description>
        <styleUrl>#wastefulStyle</styleUrl>
        <Point><coordinates>-110.940625,32.205,0</coordinates></Point>
      </Placemark>
      <Placemark>
        <name>Wasteful</name>
        <description>Energy: 96</description>
        <styleUrl>#wastefulStyle</styleUrl>
        <Point><coordinates>-110.953125,32.206875,0</coordinates></Point>
      </Placemark>
      <Placemark>
        <name>Wasteful</name>
        <description>Energy: 98</description>
        <styleUrl>#wastefulStyle</styleUrl>
        <Point><coordinates>-110.94375000000001,32.191874999999996,0</coordinates></Point>
      </Placemark>
      <Placemark>
        <name>Wasteful</name>
        <description>Energy: 96</description>
        <styleUrl>#wastefulStyle</styleUrl>
        <Point><coordinates>-110.921875,32.244375,0</coordinates></Point>
      </Placemark>
      <Placemark>
        <name>Wasteful</name>
        <description>Energy: 96</description>
        <styleUrl>#wastefulStyle</styleUrl>
        <Point><coordinates>-110.90625,32.248125,0</coordinates></Point>
      </Placemark>
      <Placemark>
        <name>Wasteful</name>
        <description>Energy: 96</description>
        <styleUrl>#wastefulStyle</styleUrl>
        <Point><coordinates>-110.965625,32.24625,0</coordinates></Point>
      </Placemark>
      <Placemark>
        <name>Wasteful</name>
        <description>Energy: 96</description>
        <styleUrl>#wastefulStyle</styleUrl>
        <Point><coordinates>-110.965625,32.223749999999995,0</coordinates></Point>
      </Placemark>
      <Placemark>
        <name>Wasteful</name>
        <description>Energy: 98</description>
        <styleUrl>#wastefulStyle</styleUrl>
        <Point><coordinates>-110.98125,32.221875,0</coordinates></Point>
      </Placemark>
      <Placemark>
        <name>Wasteful</name>
        <description>Energy: 98</description>
        <styleUrl>#wastefulStyle</styleUrl>
        <Point><coordinates>-110.934375,32.2425,0</coordinates></Point>
      </Placemark>
      <Placemark>
        <name>Wasteful</name>
        <description>Energy: 98</description>
        <styleUrl>#wastefulStyle</styleUrl>
        <Point><coordinates>-110.9,32.195625,0</coordinates></Point>
      </Placemark>
      <Placemark>
        <name>Wasteful</name>
        <description>Energy: 98</description>
        <styleUrl>#wastefulStyle</styleUrl>
        <Point><coordinates>-110.95625,32.223749999999995,0</coordinates></Point>
      </Placemark>
      <Placemark>
        <name>Wasteful</name>
        <description>Energy: 98</description>
        <styleUrl>#wastefulStyle</styleUrl>
        <Point><coordinates>-110.946875,32.225625,0</coordinates></Point>
      </Placemark>
    </Folder>
  </Document>
</kml>
